hg_stock_id,video_id
HGFABDC1B2AA6BAF4BDE92A16C0287594BBE,OJ3z6dUHq-U
HGFA3258691994BD4DECB36023DC64C31DB6,SDiV8IVHzl0
HGFA09D054C87D7B4435BBC392EC7AF6DB37,Kno4xZoxURg
HGFA39DAF9DC2BE24A09963CC1054E1B04F8,Mwfa0M-Yz4c
HGFA14FB6CC1C8D940FF899187E39EF1F81A,X7WV6W2t5z8
HGFAC12D4BB8BF41459A8CA15457DE946598,C8sL2Vo3scU
HGFAA7A3D7CAD41E4BFE9C246CB559DBD453,6_czzovM3Sw
HGFAF1FEF74307C644CDA4185480A2C4B906,3Fmwh8qEI1M
HGFAC7E5EBDCE859486683B03F6395E8501F,3kuAUy10aNI
HGFAD91DA0432E6340EDB1A11C98BB10C976,3GdF39_EiyE
HGFA89D13029CD6244DAAF10634E09A9D226,33NyuHD_Kbk
HGFA79636A50422D4D3CAB0A102231A5AB81,8xiARYJ9m8Q
HGFA3258691994BD4DECB36023DC64C31DB6,GUFec6qDwMk
HGFA84355867F7E74256AF1503E238729656,NH0BSLeIhD8
HGFA5A7E0E8994CF4CCD8689A3775F966121,4LtIoeCzabs
HGFAFDF4BFC36AF94241BF084CFFEDB6921E,J9qeUaEcdXs
HGFAFE365EC59BD24F1BA30A2A59CDA7B3E6,Hgv7XNob2VE
HGFAF86B892A636E4C9AB94ADBF0D6768BB0,RSAIKy362MY
HGFA35059C4A13C5439F9742A0E65B275ACF,VGbA8fhXRIk
HGFA7DF3D2C643B444C1AF3E805ABB210E57,BJuXi77jQpc
HGFA9CFEF8A442CA49C4BCB07CFC511A692D,K3UfwvAFn84
HGFA5AD0FE24AA6E4B6785377EC4DBDEF8CE,GQ0Y7ToOrDo
HGFAE872E38B65614C09B6646E63D2A252D8,SVVlyLEguO4
HGFAEFD0C90219714783A1F2E51AD7CAFD97,UU98LOmKopw
HGFA4A5A7D1679E4440E9DAABDCF148727B3,L7CDem9iMZM
HGFACA9F16FC1BE245C787A2EE343D019F79,InRw8soN668
HGFA3831B9554B3148349328853CDE6BE441,6PIpx_ZMEv4
HGFA58528D3B5FE146DA8B4D0ED651D14978,O07D8nZrNy0
HGFA67104C533F4044C59135959D8F8A752E,PZjvARhu2Rc
HGFA93CF2BABF6434FF29A71B0085B6E8230,LDcRZI_jMIM
HGFA6BE8B7024C634D83BC20F960E034631B,RWL_K_yc4Tc
HGFA389BB36E61A44BEE874F5B0474423350,LIJMlLi5ID8
HGFA9CFEF8A442CA49C4BCB07CFC511A692D,Vw32WmOoEAU
HGFAF3D1528B0AE140E996BD9039EE45FB31,6ZwMvN6AvJo
HGFA5EBB496A835349E69BC608BB8ED5ED31,Wid6I9peD30
HGFA43F295A4B6FB44E994B2AC9D4E2B5F53,K1UIme1X88c
HGFA81445C19DBA642F3A66D735234E4386C,HpoWxqj5iYE
HGFA2AC8D6BF77274E77A3B624E2497B3783,ECHlsTF4D2A
HGFA7779E3B19DE34C97A667202BE60E0E69,TD8m3cXqB6w
HGFAD4ADD0A62FD24427A1A1196D5FEDA512,W-HnnXHDXBs
HGFA3AE1FF382562487991403D448D410411,IclF3zX4b10
HGFA5AD0FE24AA6E4B6785377EC4DBDEF8CE,WRVzpis8ED8
HGFA6E59E749C5094FE3B71D082AA39E24EA,TGe2vQfsHl8
HGFA52A13F625D0941198E4DDC6F0C23F334,ChR0hadtgvk
HGFA36001FC6D38747C6B95DE3640B6C3CBB,9hPlJAVHfh0
HGFAA58A03CF52F74FAF8F37DE16C1AEB156,9MgK0nbU1Js
HGFAC7E5EBDCE859486683B03F6395E8501F,P_f9JHywqh0
HGFAFEA6D21438B048D69744ABC63C8ADEB1,Ddrglrc-wvY
HGFA9CD1D267047A4F999DDA67DEEEB24CC6,P8n1JivFJ3A
HGFA98296BDBD93143BE90ADF7802F3ED6E7,IRJqm9LwzJc
HGFAC7DBCD59F63A440AA8405F3902AE0191,BVgE8SRp3gY
HGFA04714260478849C5932ABE6ADAEC767E,UbX2570UNFA
HGFA2AF984BB27F64857B313E1E783D6E9BE,L0TtEYSliho
HGFAC72580228D17449F9F679879C6403900,95lhdb0QVqE
HGFA9CFEF8A442CA49C4BCB07CFC511A692D,PoMTyD1d6ZI
HGFA60CA3987EBF84325888B7B012AF09301,7DMzrK5jXoo
HGFA99530A045AF94A0099080C7275662305,VwUpQcktcVU
HGFA2F6F7049627949E585AFB3F3785525D5,Si152gp6cAU
HGFA5C13F7A2EE094DA8ABBD5A4FAB2F1EF3,HE3FHQab7xc
HGFAF096910C0CE04B0488D042E93F66C90B,6fEHzEqCxMg
HGFAAE38412F1F9E4390AB2887A946D0B699,EWORnoPcXUE
HGFA646C8FA92FCA4AB48FAE4E43CA518FD1,6MjU5W1ptj0
HGFAFE365EC59BD24F1BA30A2A59CDA7B3E6,LAV3YYnALaM
HGFA89D13029CD6244DAAF10634E09A9D226,OA0OqxnxIq8
HGFADF337D4EE1464EC09563E3886D6401AD,PZKwMrjhvxI
HGFA6225DBA536E74B4B9858726D9C366B2A,EIntjX8cX8E
HGFABA0A5ADA016A4E20ADD290ECCB8B923B,7fpxBky1wRE
HGFA6E5276E57F10447F925A452F1C8612D9,Va8g6H9DzeU
HGFA9CFEF8A442CA49C4BCB07CFC511A692D,1o3FrIsdIsQ
HGFAC7E5EBDCE859486683B03F6395E8501F,NcmTWl6tKfw
HGFA5C13F7A2EE094DA8ABBD5A4FAB2F1EF3,37JlcnZ0QFo
HGFAC792E8DD87A44244A0D35DEE5E1FE205,EQCCkhqHQ3M
HGFA6E5276E57F10447F925A452F1C8612D9,MwfaSIpxJ88
HGFA812529B18F724CB0947BFFBC34872F9F,ErmJAbTGhJo
HGFA4345D1383F794145BEA908BC3D41BDE5,B7EAF18nT1E
HGFA66D3DACB915B4F0FBA7563523ADB9E36,5ICAKEM73CQ
HGFADD336D43B32E4373824749574EAC13AF,4PNicUQ46U8
HGFAD8C6A653696B4A0A83E5E7C8624E932B,9kpUnTL5ecw
HGFA84355867F7E74256AF1503E238729656,LMWUaCjF5uI
HGFA9CD1D267047A4F999DDA67DEEEB24CC6,38sn11pKc8w
HGFA694CCF06BA5B4B86923625204044B0C1,X8mN59QgAvM
HGFA34F0B8A6128E4497BF4CF9229B5F90D2,39BLjsgsQCo
HGFA60CA3987EBF84325888B7B012AF09301,B50fnvGkjWI
HGFA89D13029CD6244DAAF10634E09A9D226,FgYpk6G-asg
HGFAD8C6A653696B4A0A83E5E7C8624E932B,SVVlyLEguO4
HGFA58528D3B5FE146DA8B4D0ED651D14978,7fSpulV_0Y0
HGFA4A952CDB3D804C43808460D2DC81E976,Ua7UBOrgoKU
HGFA7611899ACC074213BA3E5DEEB138B162,LuGZFckd_Gw
HGFAF86B892A636E4C9AB94ADBF0D6768BB0,9BQDOJq3b68
HGFAAC5FA615AA8046A690F54E87350AD03E,21bGSNcU31Q
HGFA3258691994BD4DECB36023DC64C31DB6,GHYwHIAkhRU
HGFA6225DBA536E74B4B9858726D9C366B2A,Ff1znM1lUNQ
HGFAE2DA46E619524EFBB04FE35078B40136,VUjzwPBm6ro
HGFA5AD0FE24AA6E4B6785377EC4DBDEF8CE,LIJMlLi5ID8
HGFA9415BADAA955456DA92D91D282C67E09,Vn7-y38jA3U
HGFA5F8BE26FF32941268BDE5FAF0F080618,LCMgbNTL_-4
HGFACECB984131144C7FBBD7F427961C73D6,7h-5vKoAgl4
HGFA2069FFD97F864CBAA0FE8B847C97BE80,DLAbWzj0CEg
HGFA15141CC071F14022A5D8368D951C4391,GjJ7YjQKZEQ
HGFA39DAF9DC2BE24A09963CC1054E1B04F8,Qyz_2xcbW0I
HGFAA82B23C68A264703A9BF988DD00285B7,H5JaOL8CswY
HGFA7AE949E474D74451BFCB09D688FC72F2,5ZDRG7XuFQ8
HGFAA6423FF6F6F649549F8C94E95AEE5591,SC-Sj3OuymE
HGFA2F6F7049627949E585AFB3F3785525D5,PStFqyAIDA8
HGFA16B80070328246F5AC2A2DA8D4086B61,9EI1hSgTGTk
HGFAB3200FC0F68D467C9C49A060F77AF567,HFxYuVLYSF4
HGFAA67DA9C3DAC74CC0B57CCC207AFACBF1,IIRDKq51nR8
HGFAE5C5DC8E6DF540E39624D63AAA11DB8B,DIcPmqIo0R8
HGFA616F6DAAEC09458D855DBA22C11CAACB,R80_jAFhk98
HGFA9E62D452CE9147DBA30F92AFD7B588A8,4RXpx6MP9kE
HGFAFE365EC59BD24F1BA30A2A59CDA7B3E6,I-lufjqIgpM
HGFA2009A9D985C24C7398FAA7879C97E017,8rU29siggfY
HGFA3258691994BD4DECB36023DC64C31DB6,WuUpxpVlEYA
HGFA6A224846BE8C42638D20767AC7EAF74F,M9W-kjxBZG8
HGFAD7AFB54B56F74132ADC8E6DE01705E55,TiVI7oSGm-I
HGFAE3B3D25A76AD494F863B504C2512F4CD,Fyy49J0cu3I
HGFABA0A5ADA016A4E20ADD290ECCB8B923B,8GdbcJ_5VVQ
HGFA781266A2BD7A4A99915D908808FC495E,Rmd36gkUcZI
HGFA956EBF468F5F4219B512CAC3DD76B0CF,97CCArcEvRE
HGFA286305B50EA44AAD90B3533C25C80F7C,6syvzU3U6vE
HGFA71BDBA3742F844E9B8917055F6636E8E,HhI_qVLWIVU
HGFA9E62D452CE9147DBA30F92AFD7B588A8,9xTGX40yY8U
HGFAA6EDC1B7A6654C479EE219816BA26B03,IN_wyYB-t0U
HGFA3922D113E1364B348F9CCAF86B581601,H_Fu-jHxxqM
HGFA58932211521745B189FF41DA99F13FF3,GM9qxjlvV00
HGFA4A952CDB3D804C43808460D2DC81E976,9xBT5pdlafg
HGFAA9061FC75A954C69894331811239E077,EApf60ke7q0
HGFA520682EFDA4C4A5287C12BAF6B1E8264,N-BzUcsAWX8
HGFA436FE36DA97849BDB646C3927B9AAFB0,BVZnVzup1C4
HGFAFE365EC59BD24F1BA30A2A59CDA7B3E6,4UmsumCkBTE
HGFA06D280B09BAB45F6BF810AA72DA0C436,FfsXehNfeRQ
HGFA6225DBA536E74B4B9858726D9C366B2A,6lF1MaBOSlM
HGFA3F68707B3EAC4DA88A103BE5E10D459D,BXcucvo3Lh8
HGFAFE365EC59BD24F1BA30A2A59CDA7B3E6,DwY-0ym2csw
HGFAC0FA0DEAD7A54986BF945F16D5013B62,PsUa24vFg50
HGFA6DC8969456C1406FA665D87C153F0E70,PZKwMrjhvxI
HGFAA7A3D7CAD41E4BFE9C246CB559DBD453,FkfIIQUsa_0
HGFA520682EFDA4C4A5287C12BAF6B1E8264,KNfiNuPOco0
HGFA0929BB2F7901488DA20FC60F0EF90208,GJ2Z3qs4Gzo
HGFA5C0C36AE8A28466BB90518714B58461E,DKlsi9NPjoo
HGFA5F8BE26FF32941268BDE5FAF0F080618,NDRNnrn9aFE
HGFA2EED78F852364C8BA05C1F76D37928AB,23ATKcSfWoA
HGFAFEA6D21438B048D69744ABC63C8ADEB1,V8O1rszjzJo
HGFA40CA42735E8F4C4AA6B497F0753CD5A1,Tut1c9VoSjU
HGFA52B71676DD2B442EBDB3A141311A7CE8,Lslw62_0Zp0
HGFA56C132D3F225471FAD62F1BA961AB438,23ATKcSfWoA
HGFAD69445B1D3B74B379CC27B72D5B10663,VoHW2sYqM0k
HGFA2F6F7049627949E585AFB3F3785525D5,KjMoSk5tO8k
HGFACA9F16FC1BE245C787A2EE343D019F79,7wH-_Vlgm6s
HGFAF1772E93D8A343E1A0053486A35623EC,UJzl9wbnxjg
HGFA694CCF06BA5B4B86923625204044B0C1,IRgVnQ0w9YA
HGFA3B1B745A1E40432085F7523679E205DF,82Lpe9wMPX8
HGFAC7ABF0EDE81048B5B1CFB020D2DCB831,WuO8soa6wqI
HGFA694CCF06BA5B4B86923625204044B0C1,SDnrMQGWTAs
HGFA83EB95A87F8D48C9A9E5FC5488C79A27,TfEXCso3e20
HGFAA6423FF6F6F649549F8C94E95AEE5591,QnSc0vAPmh0
HGFA7296E0DA10134C3BA3C41DD8D4C4757A,Fyy49J0cu3I
HGFAB0DE9A9A30944C54963C96583EFB65DE,LdFecDNWjNE
HGFA8D07AD827CCB4DE38198640E582B7664,FVEQBwTBh68
HGFA520682EFDA4C4A5287C12BAF6B1E8264,Gt8o9azpjpU
HGFA7611899ACC074213BA3E5DEEB138B162,DF3Y7-bXF50
HGFAA71E84183AF04D3C9341DF3EB1EAD992,JkYP9qRxzs8
HGFAF89221E1DA2242C3BC23E309EB61E281,AOX73CxHmU8
HGFA04714260478849C5932ABE6ADAEC767E,OMPMOvWvVAI
HGFA881395E9CE194D2E89E61FEC38DC3422,TF3WgsqTLLo
HGFA1DB4B9BD16A74180B1719E3515283533,DIcPmqIo0R8
HGFA389BB36E61A44BEE874F5B0474423350,P3jVEm7_zhI
HGFA0929BB2F7901488DA20FC60F0EF90208,QsQJtrU6XQE
HGFA64BC0C8AC2054ABCB791189713958596,PUy5qoO-mm8
HGFA9CFEF8A442CA49C4BCB07CFC511A692D,HVqvpNgKQhA
HGFA9CFEF8A442CA49C4BCB07CFC511A692D,AIfY8DK1mfY
HGFA99530A045AF94A0099080C7275662305,UQF3z088INY
HGFA67104C533F4044C59135959D8F8A752E,G3zNkkPd4tM
HGFA2F6F7049627949E585AFB3F3785525D5,SS3feOVhGgM
HGFA25C60D18B3C34C46BABE883C4026BCFE,5WQCKRqpIFk
HGFA436FE36DA97849BDB646C3927B9AAFB0,5xzWQZtA0rI
HGFA25C60D18B3C34C46BABE883C4026BCFE,MMfiPccblJo
HGFAFFB79D89E9B94A278BF36320F254CABD,GhkXhljIW58
HGFAD8C6A653696B4A0A83E5E7C8624E932B,874cENperLg
HGFA8D07AD827CCB4DE38198640E582B7664,AluLLGTfmHA
HGFADC11FEB225EB4F3BA3F7744403F3CDBE,LYeaKKP35ew
HGFAB0DE9A9A30944C54963C96583EFB65DE,30fh78OJZgU
HGFA1E6EACD4DB914CC19A4C2B705571BCC6,6Pe7i7CSM5I
HGFA04714260478849C5932ABE6ADAEC767E,PPAHjy8JTck
HGFA9DC8D67B817045F0B81AE7B9593552E3,UGx59kN9COk
HGFA694CCF06BA5B4B86923625204044B0C1,QPJGINKAD_E
HGFAB72E99ACB38B48C88C9589B5ECF966C3,KcH_Pw9Evj4
HGFAC5CDC1787E8B440A95C73D331B6AA0B5,JpplyIOjsrU
HGFA3B94DD800B9645D5A68CD4F2F9FBCC58,Wwm9CEXMrRY
HGFAB72E99ACB38B48C88C9589B5ECF966C3,CLD73NrLeno
HGFA04991993F9BA49AAA5EB5527B93DFAA0,EWZhBjLv4vw
HGFAFE365EC59BD24F1BA30A2A59CDA7B3E6,A4-SvZk17FA
HGFAFBF4D1D1C78E440298A9AF398D27041F,4QV3U7jKz7E
HGFA418C8EE7B4AC4A1A8BA1B5173A5C79D1,9L5jgGMWVkk
HGFAEF8E97C25B254BDC9EA67C9F035150A1,A4I7-EIgGW0
HGFA523D278819DA4FD4831233BA1E729807,NJmnk1H9EmE
HGFAA6DAF99B7FEF4DA898C00080220C1651,VeD93TDICgs
HGFA66D3DACB915B4F0FBA7563523ADB9E36,RmOxcoKB3GE
HGFA7238D1B65BCC466287C69603E2F042D4,O433bCdsUxE
HGFA8F9404C5F8C24181B8F9B01D413DFA0E,5Pj80dvDfiw
HGFA7076F6DA4BAE4D59BDE01E6266E52EB5,4xLvbyEvzOw
HGFAC6973760EC9D45CC8C93CED475D91DD3,74Ta4XUuFAs
HGFAC2DD8D5B9E5A4A1EBEFE80637790F4AB,NDRNnrn9aFE
HGFAACFD01B855A54599BD7B7F1A9316BD53,Lki8_WhKBPs
HGFAA71FC7AF6FB342AFA41006ED73CB83A9,Ga5VvtVjJJY
HGFA7AE949E474D74451BFCB09D688FC72F2,JpplyIOjsrU
HGFAE7B763A9AC46492FB92F21B98D2F1534,V404AGk5AwI
HGFAC2DD8D5B9E5A4A1EBEFE80637790F4AB,6CYMmVumlRg
HGFA99530A045AF94A0099080C7275662305,824w8SMTYWg
HGFA9F4D33E3660943DFA29940F493E2D77E,4LGuiktO8e4
HGFAE1740F4FF4EE4954895837E51D87C747,7-bTIE5VjL4
HGFAC7ABF0EDE81048B5B1CFB020D2DCB831,WCDv_ZXNs7Q
HGFA0D736AF6BC0A498B8797F9816B932BD5,LIe2kAmDOgM
HGFA7076F6DA4BAE4D59BDE01E6266E52EB5,LnYJEXJ5iQ0
HGFAC2DD8D5B9E5A4A1EBEFE80637790F4AB,72VBgBT40cg
HGFAE872E38B65614C09B6646E63D2A252D8,RWTZtVpyM8E
HGFA5AD0FE24AA6E4B6785377EC4DBDEF8CE,P774i23tUBM
HGFA4345D1383F794145BEA908BC3D41BDE5,TyO5nSF1Rg8
HGFA1094A6CE5DC74A1799812A53E29092AD,K21cXY4gId8
HGFA6225DBA536E74B4B9858726D9C366B2A,CZPdW3F9Y34
HGFAC52329C9C2484A81BE35CD4F33DA55E0,Kq-k455mpLc
HGFA98296BDBD93143BE90ADF7802F3ED6E7,Jr7JKpbMWoA
HGFAB0DE9A9A30944C54963C96583EFB65DE,FWBl42SkCzU
HGFA5C13F7A2EE094DA8ABBD5A4FAB2F1EF3,5YqZKRggtXA
HGFA8D07AD827CCB4DE38198640E582B7664,MPbKVLYviq4
HGFAA67DA9C3DAC74CC0B57CCC207AFACBF1,5ldmhuTAOXI
HGFAEF9BC48ADF1A4EA597D79E0A2818C738,U1dpauoanng
HGFAA7A3D7CAD41E4BFE9C246CB559DBD453,Da-_-D489rw
HGFAF78020B1BAC04079B5FA73FF6EADF7D9,4nEZXoNpg3s
HGFA3E60C4A52E19411389FE3CA1F5CE5B80,3NHpb0QyIC8
HGFAF96E7377E267423EA2C1421999EAF2CD,CLD73NrLeno
HGFA5EBB496A835349E69BC608BB8ED5ED31,2i9DfutpKZQ
HGFA34F0B8A6128E4497BF4CF9229B5F90D2,OYCVelxSdH4
HGFAD64E9C9905F24EA2A7F6BFE0E9F74F25,DZMYFoxvgGo
HGFA938B69D345164E2780070994BD26733B,1ua46fiRtqk
HGFAD69445B1D3B74B379CC27B72D5B10663,WtJHrs6BDkc
HGFAFDF4BFC36AF94241BF084CFFEDB6921E,Kefp4nRfdM0
HGFADC11FEB225EB4F3BA3F7744403F3CDBE,3mpVctE1lZE
HGFA34ED9AD19F6244F38E85026A11E27445,DXD2UAIjntA
HGFAD8C6A653696B4A0A83E5E7C8624E932B,64Gn9lgjXFs
HGFA7076F6DA4BAE4D59BDE01E6266E52EB5,Wwm9CEXMrRY
HGFAC12D4BB8BF41459A8CA15457DE946598,9oV6yFg0SAU
HGFA60CA3987EBF84325888B7B012AF09301,SKtxSA9f35U
HGFA14F20A0C584A43B796264B3F3B757D0F,TQUdCzYvqxA
HGFA9CD1D267047A4F999DDA67DEEEB24CC6,Wn3Z3tUbu9s
HGFA8936EEECB66E4443A6B62A2AE392085C,8ZGhsWtQFkA
HGFA7CBC27BF4A3147F89F32DF80EB0150B1,4_WA4qEozio
HGFADDDCC25C7A1F48A29109A2C4CE6F2ACA,TmwJyMAIJiM
HGFA5C13F7A2EE094DA8ABBD5A4FAB2F1EF3,Qd_Xemd_v4o
HGFA9CFEF8A442CA49C4BCB07CFC511A692D,PEmwzJaWPcw
HGFA3A9F63A9615E4A148C700B5353078308,JjnEuUPNyP0
HGFA436FE36DA97849BDB646C3927B9AAFB0,UfKzedTWH_c
HGFA956EBF468F5F4219B512CAC3DD76B0CF,O0gZVUCKhak
HGFA7611899ACC074213BA3E5DEEB138B162,370ktir-qGU
HGFA89D13029CD6244DAAF10634E09A9D226,5CX9q3DnPZI
HGFA04714260478849C5932ABE6ADAEC767E,P8GmSNtVkDA
HGFA1D3996353DDA440BACF9EF10B8643413,RbLbKNPedY8
HGFAD9DF33FF7A07403CBB9FC8107FBBA087,3vhcZoAVCUs
HGFA5010CAC5F5354E39A7CD6AF25A64C288,Ak-VZcB88q8
HGFA89D13029CD6244DAAF10634E09A9D226,CsrgbAmTfb4
HGFA147035EBE4FA4DFA853756A5007DE7F1,Q_tpyZuOQLo
HGFA74C622DB14474AFDA6B27BAA3F8E1BFA,HZ424Sq56Co
HGFA3922D113E1364B348F9CCAF86B581601,WOdeBkkurio
HGFA4C3EF4D4E27E42D5B31572015E65C1C2,Vwlrb-gSXyo
HGFA881395E9CE194D2E89E61FEC38DC3422,6_mgdiZamD0
HGFA941E9BCD75864EA3A788662C03B741E0,WONzOd5PbMg
HGFA06D280B09BAB45F6BF810AA72DA0C436,ARnNSzeeX7g
HGFA5A7E0E8994CF4CCD8689A3775F966121,LcoQiv716o0
HGFA99530A045AF94A0099080C7275662305,DFpRZVswUxw
HGFA06D280B09BAB45F6BF810AA72DA0C436,SxEPk3sZDQo
HGFAFE365EC59BD24F1BA30A2A59CDA7B3E6,EeYNnJEa7Hw
HGFAD8C6A653696B4A0A83E5E7C8624E932B,9_LNKR0yTac
HGFA956EBF468F5F4219B512CAC3DD76B0CF,NnaaKgmMsNk
HGFA99530A045AF94A0099080C7275662305,FQUlXjv97Yc
HGFACECB984131144C7FBBD7F427961C73D6,ThO0QjHhoDo
HGFACECB984131144C7FBBD7F427961C73D6,64Gn9lgjXFs
HGFA8D07AD827CCB4DE38198640E582B7664,OBOjHPxGnDY
HGFA2E3485CD2967463382438E48B9B8B9A6,4OS2W4lgYl4
HGFA66D3DACB915B4F0FBA7563523ADB9E36,LXk2-AN0iTo
HGFA6225DBA536E74B4B9858726D9C366B2A,Q-7aJX1VFdE
HGFAB4CD238BB5094C51B88E3251D741311A,RClcAqI5BnA
HGFA0493EC5DC2AB43188AFB220A2F9CE1E3,I-usSboGawM
HGFAC2DD8D5B9E5A4A1EBEFE80637790F4AB,PHIll5BeTMc
HGFA52133E24ADBE4426B6D346714348AB91,64Gn9lgjXFs
HGFA5F8BE26FF32941268BDE5FAF0F080618,Al4LC2MLv2c
HGFAC2DD8D5B9E5A4A1EBEFE80637790F4AB,SX0_Iw_Yxuo
HGFAD8C6A653696B4A0A83E5E7C8624E932B,LKnGjTRV354
HGFA5C13F7A2EE094DA8ABBD5A4FAB2F1EF3,A3Ov8BvAy_k
HGFA2246CA00078047CD8A87288D2B44F68C,3EAMzH0o_2Y
HGFA1F33BC05A8044E51B1633DC4DDB70BF1,Nt_fa6IJcv4
HGFADC11FEB225EB4F3BA3F7744403F3CDBE,DLABFF2cLAk
HGFA1EC61088C1DA4147AF153FA9C8F5B593,9j8X94YFtB4
HGFA418C8EE7B4AC4A1A8BA1B5173A5C79D1,NhrsD3ArR1Q
HGFA89D13029CD6244DAAF10634E09A9D226,8rPK7mopCp8
HGFA71BDBA3742F844E9B8917055F6636E8E,LzZQgeC5bAU
HGFA1094A6CE5DC74A1799812A53E29092AD,UeP3klm7lFs
HGFABA0593B3FFE84AF6AB8E022595EC8DF6,6pH3DsKEOX8
HGFA28C208E9FB6A4FE682F8A814FE0FD8F0,PG-7yvQwi78
HGFAEF9BC48ADF1A4EA597D79E0A2818C738,IQsv9uAPLYo
HGFA39DAF9DC2BE24A09963CC1054E1B04F8,9A-2ny64tnk
HGFAD8C6A653696B4A0A83E5E7C8624E932B,IIRDKq51nR8
HGFA04714260478849C5932ABE6ADAEC767E,Q0vbEpE3p7o
HGFA436FE36DA97849BDB646C3927B9AAFB0,HfRU7IWU4n0
HGFA5C13F7A2EE094DA8ABBD5A4FAB2F1EF3,PKDU5a_VW2o
HGFAA71E84183AF04D3C9341DF3EB1EAD992,2wU4w6ZF8nM
HGFA19706D150D964363AF1C74ABBED90BC6,DbaeKnT2zv0
HGFAF1772E93D8A343E1A0053486A35623EC,IGQl_SdE2vs
HGFAFE436EDC09B34E0C8828AEEDC61FD669,Hq9n4jHgITI
HGFA84355867F7E74256AF1503E238729656,GvPxcbAyaxw
HGFAC52329C9C2484A81BE35CD4F33DA55E0,6NNQsmxX4UA
HGFAF78020B1BAC04079B5FA73FF6EADF7D9,MqFobbxv8PQ
HGFA35059C4A13C5439F9742A0E65B275ACF,WgmkZPUOdGw
HGFA4C3EF4D4E27E42D5B31572015E65C1C2,5nKiVwqgO38
HGFA8D07AD827CCB4DE38198640E582B7664,LLMK-SC7JaU
HGFA147035EBE4FA4DFA853756A5007DE7F1,PsUa24vFg50
HGFA0E5FA2DA1C5B4177A8690111328E35D2,6MjU5W1ptj0
HGFAFFEC0D65997E4E7FB00A824DEAEC5A4D,VS_hE73yMPI
HGFA6E59E749C5094FE3B71D082AA39E24EA,7BUMVhd5Rnw
HGFAC2DD8D5B9E5A4A1EBEFE80637790F4AB,8Xnn-qDh96k
HGFAD28CBDA4AFE940B4B4D7AA272FAD19CB,TQUdCzYvqxA
HGFA6A224846BE8C42638D20767AC7EAF74F,25zO2FNdiLs
HGFA71BDBA3742F844E9B8917055F6636E8E,WKc4svsxXBo
HGFA89D13029CD6244DAAF10634E09A9D226,N0euRoJIeFU
HGFABB07ABBBA0324DFBAD038156EF0E69D6,S8h1kwy2LU0
HGFADC9806F09DCA49C2A5D56FC694B9443A,Tzcm4-GB2VI
HGFA44BD3D7936B54AAEA21968189FEA6792,ODhKey-PqBM
HGFABDC1B2AA6BAF4BDE92A16C0287594BBE,P-Pgxsgq0Vw
HGFA2822846A24274A4CA6EBDC030E4F8F3E,EPdu2qyPhHU
HGFA2ADAA6E21BB04EA5B820CD46BEC92858,HDXGCRi5v9g
HGFA215F0BF2B83B4E86ADDBC37FE801FD00,TOfJgJuI12k
HGFAC7E5EBDCE859486683B03F6395E8501F,HXdBPcjm47Q
HGFAC7ABF0EDE81048B5B1CFB020D2DCB831,Rwl6ESnDHAM
HGFAA67DA9C3DAC74CC0B57CCC207AFACBF1,Inc4U25dqFM
HGFAEEFF623705104E18BBD1836691FF669E,4hp3YsCrYkk
HGFA6330119E695443169B1D5F3F27FAE3CA,LERIqbabbBA
HGFA97E79CE2CBB44CC7A8B37D4E07AFB6E5,WONzOd5PbMg
HGFA2AF984BB27F64857B313E1E783D6E9BE,LUnhcqIDOOE
HGFAC7E5EBDCE859486683B03F6395E8501F,N765CKoyzYc
HGFA9ACFFB1C3D4D465E80B94DA567126A59,JhfnJZNk4M8
HGFA781266A2BD7A4A99915D908808FC495E,DrBoIpFuwI0
HGFA9A66F4E9B202443898624A9C1835A537,RYQYdXmgpEU
HGFAD5578CCD516F47F29CFDCF26363878D8,MDRZZqADmZA
HGFA8D07AD827CCB4DE38198640E582B7664,VxLwItza6PQ
HGFA39DAF9DC2BE24A09963CC1054E1B04F8,GaN4eVRlmMA
HGFAA6EDC1B7A6654C479EE219816BA26B03,HqcY1UIICz4
HGFA6E59E749C5094FE3B71D082AA39E24EA,MHjrvA6chkk
HGFA520682EFDA4C4A5287C12BAF6B1E8264,2gpYqgkRORI
HGFAD69445B1D3B74B379CC27B72D5B10663,3OZhBVztW0o
HGFA6AD153B97FE54CCB84C176EFAADD70BE,Vl7QcstcJ18
HGFA0E5FA2DA1C5B4177A8690111328E35D2,6HWNNaVkRKE
HGFA938B69D345164E2780070994BD26733B,Fa4VAbLTbxs
HGFA7238D1B65BCC466287C69603E2F042D4,C84vaAo7q8E
HGFAE98D194BF7EF4F918ADA59DC79A1C76D,A0EBmoyRgCA
HGFA520682EFDA4C4A5287C12BAF6B1E8264,5AQDuAaCXPk
HGFA8E8A8A24E26D49D8971D5545728E32E5,KzxhAt9UdoY
HGFA4C3EF4D4E27E42D5B31572015E65C1C2,MPbKVLYviq4
HGFA34F0B8A6128E4497BF4CF9229B5F90D2,WauVfscXWpM
HGFA4C3EF4D4E27E42D5B31572015E65C1C2,DeiGEAOwN0U
HGFA2F6F7049627949E585AFB3F3785525D5,Q110JYY5DXc
HGFA9F4D33E3660943DFA29940F493E2D77E,FVEQBwTBh68
HGFA48026749ECFE4E06AC274F050DE11FCE,RClcAqI5BnA
HGFA694CCF06BA5B4B86923625204044B0C1,BuPcawEcwuA
HGFA5A7E0E8994CF4CCD8689A3775F966121,7YYpeToWNTE
HGFA436FE36DA97849BDB646C3927B9AAFB0,9vsDXZxR1xo
HGFA436FE36DA97849BDB646C3927B9AAFB0,Lue57bAbQpc
HGFA5EFE67A464B84CB299F9761B52D5B208,CuWB6RMFLc0
HGFA520682EFDA4C4A5287C12BAF6B1E8264,7Gwfe1ZQmNw
HGFAB0DE9A9A30944C54963C96583EFB65DE,PoM_CIkNZ2g
HGFA8C2D2A678B964501AF564C4CDACB190E,LCLPi3lcpek
HGFA520682EFDA4C4A5287C12BAF6B1E8264,IW4J5CPLiVo
HGFAD5578CCD516F47F29CFDCF26363878D8,QY6I7HB0WL0
HGFA2F6F7049627949E585AFB3F3785525D5,FQUlXjv97Yc
HGFAD393738C68DC48138417F01F0AC78A57,TqZkvwynDGA
HGFAD26D1FECC69744859B7577419BC70D05,NbFC5CiOLcw
HGFA60CA3987EBF84325888B7B012AF09301,J-qTsiyJVHY
HGFA65795A3F5D0B4CBA9CEB58A59CABF611,EbMz3ChMFcE
HGFA2ADAA6E21BB04EA5B820CD46BEC92858,EPdu2qyPhHU
HGFAE98D194BF7EF4F918ADA59DC79A1C76D,7sjlclsWDg0
HGFAC12D4BB8BF41459A8CA15457DE946598,ODOvjqrZQMs
HGFAD69445B1D3B74B379CC27B72D5B10663,IDRZQDWS4AM
HGFA956EBF468F5F4219B512CAC3DD76B0CF,DpJ0eLpVslg
HGFA32A1FF1D578545F88793DB40442C0DE1,Wn3Z3tUbu9s
HGFAB4B90A581448491AB9387212CD1E8B0B,4kVmFsIylCE
HGFAC2FDABA7D299494FABB4F93DB008BCA2,Fmsh9rwDCoc
HGFA156A3391316044FA803F3CFF31B46062,QurTwl2SX-o
HGFA7F8F3B784A65404DAA08E077149B74DE,Q7pJ8M6LHyo
HGFA99530A045AF94A0099080C7275662305,9MUHvdpuOAg
HGFAEFD0C90219714783A1F2E51AD7CAFD97,QsnvPmudT2A
HGFA1E6EACD4DB914CC19A4C2B705571BCC6,U7UDsHvRfEQ
HGFA55E5FEEDD69A4BFF85771903302266EE,S7FmQ0vTre0
HGFAA7A3D7CAD41E4BFE9C246CB559DBD453,7fSpulV_0Y0
HGFA436FE36DA97849BDB646C3927B9AAFB0,VL4E4yz38z0
HGFAD3BD2F4A686246D7A4D4B30C9B9455D9,V0es064nPHA
HGFAF468C291785A48EE84B7338E2DDBFDAE,1uAuhHvQCHM
HGFA47AFA631B603445CB96DA3FE66FEF6AF,QmaNQahOE7w
HGFAC7E5EBDCE859486683B03F6395E8501F,EynzkgQOY6s
HGFA5A7E0E8994CF4CCD8689A3775F966121,9kpUnTL5ecw
HGFA2AF984BB27F64857B313E1E783D6E9BE,NS0rjLjPCC0
HGFA956EBF468F5F4219B512CAC3DD76B0CF,AyFSWECwgN8
HGFA8445BE3D281645E7AF06756410C12005,K9-DUoD3duw
HGFAC7ABF0EDE81048B5B1CFB020D2DCB831,IeFNMaWscug
HGFA6E9CE16C6240437CB1284B134F0C6173,7fxm1L-rZno
HGFA37CA64B927EA487EBBCA18CEB66B7E3B,3UJK6tvi7K8
HGFAC72580228D17449F9F679879C6403900,JjBvfQaUDy8
HGFAFA88B05223634D6597348B5AC64826DB,MqhfM-U3SyM
HGFA09550E89440A42C28580C9BE074EDB43,36Y0K9mUUJE
HGFA4A952CDB3D804C43808460D2DC81E976,NQZ6wxAs6LA
HGFA1EC61088C1DA4147AF153FA9C8F5B593,Mbxj3-iM47k
HGFAFDF4BFC36AF94241BF084CFFEDB6921E,KdJoBs7TC1M
HGFAA82B23C68A264703A9BF988DD00285B7,4XTkC4H_174
HGFAFE365EC59BD24F1BA30A2A59CDA7B3E6,2rxBmoDvkEY
HGFA899151114BD3411CA96160EC2088346D,DIcPmqIo0R8
HGFAFE365EC59BD24F1BA30A2A59CDA7B3E6,6A3PIzyk7kE
HGFA22CAD73CBA1C4EB7A90CFCEC7F598174,2Dj3x7gWWIU
HGFA71BDBA3742F844E9B8917055F6636E8E,WkRBRaMPCZo
HGFA89D13029CD6244DAAF10634E09A9D226,VejzGzwwcoE
HGFAEF9BC48ADF1A4EA597D79E0A2818C738,9Uko2OpXCS8
HGFAEE2BC22C5F4C4018A3AFBB82B584EE44,52nbFVibYKk
HGFA3C3E1C08045B4A72A6B28A4749A78A53,745WlmJttIc
HGFA9CFEF8A442CA49C4BCB07CFC511A692D,9-RQtt5Ou6o
HGFA65964E4EDDC844E5A646685E9F0EB993,WX3U9OLOKsM
HGFA66A9469B2CF443A6AD04CDD79AC4ABCF,EFrLTQVvjls
HGFA39DAF9DC2BE24A09963CC1054E1B04F8,874cENperLg
HGFAA5E6D3019A174B999CB4BCDD037C62B3,ABgAm4jszWg
HGFA0A7A4FC403AD4AD4AB3E640F630E6CFC,LHCXKaoHcOU
HGFA4AE2316C51144FF68B4CC4CC47CFA498,GhOcJpRLo9M
HGFADD99D9A6EDC6482C85682A96B8EEE9AE,BNpThiAG2Ss
HGFA52133E24ADBE4426B6D346714348AB91,42bUYOmGy4w
HGFAF86B892A636E4C9AB94ADBF0D6768BB0,Dt_H0t8NtBQ
HGFA7AE949E474D74451BFCB09D688FC72F2,4EBRNDMzRXI
HGFA10D756CA2A3142768C4A5516CB4059A5,JTbF8FFR4tE
HGFA39DAF9DC2BE24A09963CC1054E1B04F8,CDnUiT9PNWc
HGFA834EDE107F104C868D18945752CBA0F1,RiliLDgG1As
HGFA0CB26771AB154A089E2B69285FE72818,2ca2hGzcX-Y
HGFA58932211521745B189FF41DA99F13FF3,SndJ8qh6KVI
HGFA66D3DACB915B4F0FBA7563523ADB9E36,NVeikH5xDdM
HGFA6F9A2FB211044F8285831A73AC763750,UYsNETYoI7c
HGFA53D7B94D130742FC8FD77586D4A452C1,LkPI6wrhDaw
HGFA694CCF06BA5B4B86923625204044B0C1,5yAZdVdHvec
HGFA7611899ACC074213BA3E5DEEB138B162,4EsDOlBQ4H8
HGFA158D92686DF14E20B90FC6E38CB0EF15,7_nOJ7sm6zM
HGFAC7ABF0EDE81048B5B1CFB020D2DCB831,NmzMfh4W3Go
HGFA9E62D452CE9147DBA30F92AFD7B588A8,TthWC5HNrMk
HGFA89D13029CD6244DAAF10634E09A9D226,R8tECNqVl5w
HGFACECB984131144C7FBBD7F427961C73D6,NHdkKUV0k4k
HGFA65964E4EDDC844E5A646685E9F0EB993,TR9yiqz3c2k
HGFAAAA7940966F04B50827B55CB6B0AB96B,PxWxgQytCE8
HGFA65964E4EDDC844E5A646685E9F0EB993,Kp758C4D0tg
HGFADD336D43B32E4373824749574EAC13AF,2BWMAoUFfg4
HGFA3F21663CB7274887B8E175B6B090DB0B,VQkHriyebNk
HGFAAE38412F1F9E4390AB2887A946D0B699,RodiW4UXWPU
HGFAB72E99ACB38B48C88C9589B5ECF966C3,U1_p3dJ3EcE
HGFAD84FB8D38140471D99F358143559808F,6gCZVC-ObuQ
HGFA71BDBA3742F844E9B8917055F6636E8E,IsdTmWvRN6Q
HGFAE091BBC7C182490683D3A60541FFAEC5,WPQAhKL4ikQ
HGFA520682EFDA4C4A5287C12BAF6B1E8264,N6zwNreqyno
HGFA0A7A4FC403AD4AD4AB3E640F630E6CFC,SJKyk8Ta3Fs
HGFAD7A75CC9950A4D6F9AE5520450C2077A,MqhfM-U3SyM
HGFA99530A045AF94A0099080C7275662305,72VBgBT40cg
HGFAA6423FF6F6F649549F8C94E95AEE5591,4tDbbs9EuDo
HGFA5C13F7A2EE094DA8ABBD5A4FAB2F1EF3,RKa9lpl3Gjw
HGFA44BD3D7936B54AAEA21968189FEA6792,SG2aqqxEpMs
HGFA67104C533F4044C59135959D8F8A752E,Ce0ihh9f1Mg
HGFA22CAD73CBA1C4EB7A90CFCEC7F598174,Fg8QZzDiZjw
HGFA2F6F7049627949E585AFB3F3785525D5,1o3FrIsdIsQ
HGFA0D736AF6BC0A498B8797F9816B932BD5,KxWRLcgLvMQ
HGFA39DAF9DC2BE24A09963CC1054E1B04F8,Q4bn3JYo24s
HGFAA6EDC1B7A6654C479EE219816BA26B03,3xJ1dxznPOU
HGFAB47BFD7C8F8E4E49BBB4BD8F5479C2BF,NiX3LWEKZbE
HGFA938B69D345164E2780070994BD26733B,5m-_rbvYvWY
HGFAF096910C0CE04B0488D042E93F66C90B,A43zfP9yxz4
HGFA2A4E1A6C799F447182A60953A638393C,RYQYdXmgpEU
HGFA301DBA70EB604056A161DC7619598F58,7vnkZJrsDDc
HGFA43F295A4B6FB44E994B2AC9D4E2B5F53,6uS8GPOEHo4
HGFAEC381F5765E84057B10868A1557802CD,VZLD2SZ8rNc
HGFAC2DD8D5B9E5A4A1EBEFE80637790F4AB,7Mrnmha-TDY
HGFA52E5D1630AC44594828389B56323CCFE,MG6bzkmh3_Q
HGFA2AC8D6BF77274E77A3B624E2497B3783,UGx59kN9COk
HGFA89D13029CD6244DAAF10634E09A9D226,EZHMG8pzusU
HGFA0A4608BE344045D08A281655F6369A94,4HO67SpQZ9s
HGFA2F6F7049627949E585AFB3F3785525D5,3vNe3L_dRoc
HGFADFB48C3326A24E2A9FC103704C50AB69,6VXrkhz6p6Q
HGFA06D280B09BAB45F6BF810AA72DA0C436,Jnrj2Hccg0A
HGFA4C3EF4D4E27E42D5B31572015E65C1C2,1c6Q5Cw7790
HGFA09550E89440A42C28580C9BE074EDB43,PcottmUlXUc
HGFA9CFEF8A442CA49C4BCB07CFC511A692D,7qv01qtUjIs
HGFA6225DBA536E74B4B9858726D9C366B2A,WKc4svsxXBo
HGFA6330119E695443169B1D5F3F27FAE3CA,LZTdci7RuJE
HGFAA6423FF6F6F649549F8C94E95AEE5591,2jaCCSweGj8
HGFAD69445B1D3B74B379CC27B72D5B10663,AHGSnkyM36Y
HGFAD5578CCD516F47F29CFDCF26363878D8,QwmSvgD6XOY
HGFAA82B23C68A264703A9BF988DD00285B7,7eq1AKJcxXA
HGFA881395E9CE194D2E89E61FEC38DC3422,J_GyqvZHrX4
HGFABA0593B3FFE84AF6AB8E022595EC8DF6,EWORnoPcXUE
HGFA3F68707B3EAC4DA88A103BE5E10D459D,6uS8GPOEHo4
HGFA0929BB2F7901488DA20FC60F0EF90208,V2_VW9fRIRk
HGFA5EBB496A835349E69BC608BB8ED5ED31,HqQ-4OSronE
HGFAF78020B1BAC04079B5FA73FF6EADF7D9,JTol1TzBYEc
HGFA945FC93F1C9240C3BB2F4D3A81360449,K8Zl8EokU-s
HGFA10943CF8F68E4E2A8B41782AB784CF22,UGx59kN9COk
HGFAC6973760EC9D45CC8C93CED475D91DD3,1tS6TvToD6Y
HGFAC07F488932A14A548E5DF059C51B5C91,I3mXJqb0X6s
HGFA65FCD0007CA94F7387C01CFC613342C4,GsqqK7oNYXQ
HGFA8F9404C5F8C24181B8F9B01D413DFA0E,Ijwes1y4bm8
HGFA436FE36DA97849BDB646C3927B9AAFB0,SDszjmWamjo
HGFAC7E5EBDCE859486683B03F6395E8501F,4tNFoIjy_qQ
HGFAFE365EC59BD24F1BA30A2A59CDA7B3E6,BuPcawEcwuA
HGFAAAA7940966F04B50827B55CB6B0AB96B,WWLNgn8yIEM
HGFA389A8A7471684B81B5F479AFA1CC1846,JgoVAs7vouA
HGFAA79A112746EC445BA3AC72AAEE4F1943,B_ImRHGgiSE
HGFA5EBB496A835349E69BC608BB8ED5ED31,BaGuHeVo3yA
HGFA34ED9AD19F6244F38E85026A11E27445,8inzB3lgBBc
HGFAA7A2D95B7FB54B69947DB8484C7AC091,5uTgdnON7uk
HGFA2F6F7049627949E585AFB3F3785525D5,GFGsT8BCKJE
HGFA938B69D345164E2780070994BD26733B,CwySjc0OElg
HGFAD558C30F35684B4695D505D505CE149F,NisHoR7c6Rs
HGFAE872E38B65614C09B6646E63D2A252D8,C8Z9T998OX4
HGFA166D0883E7444861BB17AC14C2741BE6,6sfVYB8_DHk
HGFAFDF4BFC36AF94241BF084CFFEDB6921E,5ldmhuTAOXI
HGFAB72E99ACB38B48C88C9589B5ECF966C3,3dzhfa7o3T4
HGFAF86B892A636E4C9AB94ADBF0D6768BB0,PxWxgQytCE8
HGFA4A952CDB3D804C43808460D2DC81E976,M-yE8mvGdCE
HGFA66986ACC1FC84257B91CFD7BC002A3D7,EhI7ePKbblY
HGFA28C208E9FB6A4FE682F8A814FE0FD8F0,WjdJJ19rHvU
HGFA34ED9AD19F6244F38E85026A11E27445,7ioFzUaasqY
HGFA4A952CDB3D804C43808460D2DC81E976,SGuGeoIk2WM
HGFA37CA64B927EA487EBBCA18CEB66B7E3B,CcHqdcgjKaQ
HGFA80AEABC4D1B6485B8E67B6D76F8AE2E4,UBHG_dtYd6Y
HGFA5C13F7A2EE094DA8ABBD5A4FAB2F1EF3,EoDHG-6EIQU
HGFA5C13F7A2EE094DA8ABBD5A4FAB2F1EF3,DlgCg7B38GI
HGFABDC1B2AA6BAF4BDE92A16C0287594BBE,Ik_SkMXQWqU
HGFACDD1107D604141E7AD693F3113C184BE,Fu-DBEuo2dk
HGFACA9F16FC1BE245C787A2EE343D019F79,DZL5OMzFjEA
HGFA3E8A98848BCF46F4B044B40EC3D357C3,V9OuJO8A7QA
HGFA37CA64B927EA487EBBCA18CEB66B7E3B,EphAh4vP2aA
HGFA956EBF468F5F4219B512CAC3DD76B0CF,525QbnYTQC4
HGFABA0A5ADA016A4E20ADD290ECCB8B923B,AnT7VOkmYYM
HGFA812529B18F724CB0947BFFBC34872F9F,WjdJJ19rHvU
HGFAE872E38B65614C09B6646E63D2A252D8,O0gZVUCKhak
HGFA992310E8941B4DED96B23108AB8350A9,80tFtHU36HE
HGFA42D51285644C4CF289FAD27EF7CB2626,Wd5avJG5WOs
HGFA43F295A4B6FB44E994B2AC9D4E2B5F53,UnhoPWaIJs8
HGFA2E3485CD2967463382438E48B9B8B9A6,Kp6axGUEG2Y
HGFA5EBB496A835349E69BC608BB8ED5ED31,M7Wdi-HPTPI
HGFAA996182B11FC416693535E8CBDAFB591,OAf4T1N9m14
HGFA3F68707B3EAC4DA88A103BE5E10D459D,WjdJJ19rHvU
HGFA436FE36DA97849BDB646C3927B9AAFB0,M87VFbvhBL4
HGFAD5578CCD516F47F29CFDCF26363878D8,A6S8Pc_01GI
HGFA3F68707B3EAC4DA88A103BE5E10D459D,5zNicbUjnhs
HGFA34F0B8A6128E4497BF4CF9229B5F90D2,IdX-XbeNJUY
HGFAB3578438E70E47CF9A0BDF2885FFA61F,7fxm1L-rZno
HGFAB1DB20893FB74D898D7819C5C350AD65,2cctQhMZNwk
HGFAF86B892A636E4C9AB94ADBF0D6768BB0,85OewaTVLJ0
HGFAD91DA0432E6340EDB1A11C98BB10C976,5rH9jIIO63U
HGFA83ACDC017E7546439C6C5BED6CEC376A,ASao81ZHuts
HGFA4AE2316C51144FF68B4CC4CC47CFA498,B-pKG30Iaoc
HGFAB2AD18F619FA429C9F5FEBE9AB635D74,PA3vKu4hfxE
HGFAFE365EC59BD24F1BA30A2A59CDA7B3E6,Hn3WzvaMX_4
HGFA9E62D452CE9147DBA30F92AFD7B588A8,Cgm_U7MbC6I
HGFADD99D9A6EDC6482C85682A96B8EEE9AE,KP24bfXtNIA
HGFA2AC8D6BF77274E77A3B624E2497B3783,GiTQ11nn3KY
HGFAA9061FC75A954C69894331811239E077,WcLPeC6_OpY
HGFAF221DC4E6A714EB684DB874E6B25C1C5,CIEa8dUrJZU
HGFAFFEC0D65997E4E7FB00A824DEAEC5A4D,9JT6OkUSPLM
HGFA436FE36DA97849BDB646C3927B9AAFB0,6NCNwUrDDMU
HGFA65964E4EDDC844E5A646685E9F0EB993,1eaECXC9wEQ
HGFAD91EDAD8DB334FB2B7490878FF783EDC,EjglBX6zDZs
HGFA42D51285644C4CF289FAD27EF7CB2626,NOZ8QFlJqaE
HGFA3E4570EACA3149E2ADC51D14DE19368A,MNFcDxKlkJQ
HGFA694CCF06BA5B4B86923625204044B0C1,A7Sy9hYoO0Q
HGFA34ED9AD19F6244F38E85026A11E27445,TQ137IqLMRY
HGFA6330119E695443169B1D5F3F27FAE3CA,IFdbPuj99lc
HGFA872950F157AD42C4920E8F376C072D8A,MEDGIFjUKPs
HGFA691848CB3DDC44269E07C146B4ABDBB9,GCJt7wgDVf8
HGFAE70D262AFEE1438DA28756F26551D01D,CKfIaCkxaV8
HGFAE872E38B65614C09B6646E63D2A252D8,QtShyc-GLZ8
HGFA938B69D345164E2780070994BD26733B,Qn2sVkMz5M4
HGFA694CCF06BA5B4B86923625204044B0C1,CDKzzpQOf20
HGFA34ED9AD19F6244F38E85026A11E27445,UnsC7ahxK-g
HGFA96D8F73B19E14F92BA58887BF58A2616,Jd62pJj4BTA
HGFA4C3EF4D4E27E42D5B31572015E65C1C2,624wFccNh4U
HGFA83EB95A87F8D48C9A9E5FC5488C79A27,NiX3LWEKZbE
HGFAC72580228D17449F9F679879C6403900,AuulATUrORg
HGFAFE365EC59BD24F1BA30A2A59CDA7B3E6,Lvk6nr95SlE
HGFA8D07AD827CCB4DE38198640E582B7664,N1GfK8U0foI
HGFA6225DBA536E74B4B9858726D9C366B2A,Mf_PWK9PSj4
HGFADDA53053C39E49DDA811458D86009F40,NSEp5L4nISE
HGFA47FA11A3A2904249B2E03FE5A53EEAB8,C2L7SCqmvoY
HGFA30938C03D96048C588B894B22039A4F0,TQUdCzYvqxA
HGFA34ED9AD19F6244F38E85026A11E27445,5v48myQRkrk
HGFA9CFEF8A442CA49C4BCB07CFC511A692D,39BLjsgsQCo
HGFAA7A3D7CAD41E4BFE9C246CB559DBD453,9FlDcfO6P7w
HGFA156A3391316044FA803F3CFF31B46062,3C9YkkYdyb8
HGFAFBF4D1D1C78E440298A9AF398D27041F,V8O1rszjzJo
HGFAE82C22B3F8E6431AB82E31B354A4D9BD,TqZkvwynDGA
HGFA956EBF468F5F4219B512CAC3DD76B0CF,K-pvYnriAB4
HGFA42D51285644C4CF289FAD27EF7CB2626,D6-acyWCHIo
HGFAB8CF96010768470092094C58996E6062,SndJ8qh6KVI
HGFA5B4EDE07E42042E2AE2EA5FEA68EC60B,4kVmFsIylCE
HGFA9CFEF8A442CA49C4BCB07CFC511A692D,BNpThiAG2Ss
HGFA93CF2BABF6434FF29A71B0085B6E8230,2UvKOremRdc
HGFA9DC8D67B817045F0B81AE7B9593552E3,JwS1rJRvdWU
HGFA6E5276E57F10447F925A452F1C8612D9,9Y6G7NEJOVA
HGFA3258691994BD4DECB36023DC64C31DB6,DBzz-u6M8XM
HGFAD69445B1D3B74B379CC27B72D5B10663,WZcyQ_yp-II
HGFAFE365EC59BD24F1BA30A2A59CDA7B3E6,MV3Sw_v1crA
HGFA436FE36DA97849BDB646C3927B9AAFB0,TPAGeGDIK7E
HGFA568C0B9C4D904A59996E35EA4DA8C5AB,EArGlmgh9FU
HGFA694CCF06BA5B4B86923625204044B0C1,WWCun9tSEJc
HGFA881395E9CE194D2E89E61FEC38DC3422,Ngdr_iOn0Hg
HGFA89D13029CD6244DAAF10634E09A9D226,8q5tHRxjzj8
HGFAA837F58AD8A646E79C2C3EDB66507A58,ICraFIKLZ_Q
HGFA3D1194DAE0824AA4878426BBF063FB7B,Bd_rY5v_m_4
HGFA476CDA8C566C4E4684F1B6983148BEB7,HucabMtMBbs
HGFA42FDDBA127174B15B3304F86D5157125,59TO0kC0b1A
HGFA4FC6827890244EAF9CFDB8306065F7FA,1bS7Abu-u6k
HGFA34ED9AD19F6244F38E85026A11E27445,HnijLBofESs
HGFA99530A045AF94A0099080C7275662305,Lyn9u7poHdA
HGFA37CA64B927EA487EBBCA18CEB66B7E3B,UPB63LHcJe8
HGFAA0DADD6534C14EE69D8BEC91D5FF790E,ECWHxNUh6OU
HGFAE872E38B65614C09B6646E63D2A252D8,TirbHXrXgYg
HGFA8C31207C272E4F209F7C19CDF9502801,OJ_kEEAwI-Y
HGFAFDF4BFC36AF94241BF084CFFEDB6921E,5ICAKEM73CQ
HGFA389A8A7471684B81B5F479AFA1CC1846,5EYyao87BdU
HGFA6E59E749C5094FE3B71D082AA39E24EA,M-yE8mvGdCE
HGFA84355867F7E74256AF1503E238729656,7wH-_Vlgm6s
HGFA35059C4A13C5439F9742A0E65B275ACF,80tFtHU36HE
HGFAA6423FF6F6F649549F8C94E95AEE5591,EisxcDGzUOM
HGFA5C13F7A2EE094DA8ABBD5A4FAB2F1EF3,RD4RCKV67vk
HGFA60CA3987EBF84325888B7B012AF09301,Vwlrb-gSXyo
HGFAC710EB308D9A4452869C490A9D0C773F,9odmvZzsYhk
HGFAE98D194BF7EF4F918ADA59DC79A1C76D,FV0b9NJf9c0
HGFA694CCF06BA5B4B86923625204044B0C1,JYVD6iXwaMI
HGFA8EC8158E50E744D4984230005E604C3A,UYNeotlYYX8
HGFAC52329C9C2484A81BE35CD4F33DA55E0,539vBFEJJww
HGFA520682EFDA4C4A5287C12BAF6B1E8264,7X7qH1NRtCU
HGFA3922D113E1364B348F9CCAF86B581601,49Ttit6_xSU
HGFA938B69D345164E2780070994BD26733B,N4mhIjLWFdA
HGFA09D054C87D7B4435BBC392EC7AF6DB37,JSdXVMBvsMM
HGFAD26D1FECC69744859B7577419BC70D05,IPRwZ7b-7SI
HGFA5AB5B7081AF641CBA550B2561679B0A1,7GTQd1P_wfY
HGFA28C208E9FB6A4FE682F8A814FE0FD8F0,BCaBgmR07hs
HGFAE98D194BF7EF4F918ADA59DC79A1C76D,7vc1qVOhJN8
HGFA1E6EACD4DB914CC19A4C2B705571BCC6,4Y33_pbpz2g
HGFAC12D4BB8BF41459A8CA15457DE946598,A8TfKaAo-Ko
HGFA6E5276E57F10447F925A452F1C8612D9,AA9pSUM_6sE
HGFA5A7E0E8994CF4CCD8689A3775F966121,44fW4gAZ_dY
HGFAB0DE9A9A30944C54963C96583EFB65DE,M_Sb9wmhpjQ
HGFA2F6F7049627949E585AFB3F3785525D5,OtqoxgWiYuM
HGFA7AE08904886D49C99BC6A18BF914AA8A,Kq-k455mpLc
HGFA52133E24ADBE4426B6D346714348AB91,RQG1YJ3GRL8
HGFA44BD3D7936B54AAEA21968189FEA6792,A8zdAe3N60s
HGFA5B56C55E553842FDBBF62DE29F6A7D01,N56TVTkTF5U
HGFA28C208E9FB6A4FE682F8A814FE0FD8F0,PWGrP42_7LY
HGFA52133E24ADBE4426B6D346714348AB91,MDRZZqADmZA
HGFA0D6CCC268CD346CA8383CF3DED5C8EC4,DIcPmqIo0R8
HGFAE2DA46E619524EFBB04FE35078B40136,W_xbpWV3ZT8
HGFAF0893665A11243459EF57EE7550C9CF7,C84vaAo7q8E
HGFA156A3391316044FA803F3CFF31B46062,2Zl3BNV2T1I
HGFAFE365EC59BD24F1BA30A2A59CDA7B3E6,WlFTS7c_UYE
HGFA0CAAD168BA854432B10087BFDE7D00BF,Aj3Nbl12SGs
HGFA89D13029CD6244DAAF10634E09A9D226,WF7s4fljEo0
HGFA42D51285644C4CF289FAD27EF7CB2626,QtShyc-GLZ8
HGFA7E681D5BC4A84393BCD41FC2A0D3F9FC,RoUsDafrSz4
HGFADCE65AA3F709433691C8913F9703333D,BXT3CxQwwWQ
HGFA8D07AD827CCB4DE38198640E582B7664,EisxcDGzUOM
HGFA93CF2BABF6434FF29A71B0085B6E8230,LM10FwJq0LU
HGFAB0DE9A9A30944C54963C96583EFB65DE,N4ABRdFUdYk
HGFA2F6F7049627949E585AFB3F3785525D5,6A3PIzyk7kE
HGFA3922D113E1364B348F9CCAF86B581601,6agJ3YSSGYU
HGFA3E4570EACA3149E2ADC51D14DE19368A,O2DCw7TcsCA
HGFA436FE36DA97849BDB646C3927B9AAFB0,3Uonqv68PQU
HGFA6E5276E57F10447F925A452F1C8612D9,Hn5P4Qp2S94
HGFA9E62D452CE9147DBA30F92AFD7B588A8,9-RQtt5Ou6o
HGFAAAA7940966F04B50827B55CB6B0AB96B,JKYTRD6hKVI
HGFAD69445B1D3B74B379CC27B72D5B10663,DsuUo8k1RhE
HGFA19706D150D964363AF1C74ABBED90BC6,8fHBUCIpHJM
HGFA2AF984BB27F64857B313E1E783D6E9BE,2a4LffER4V8
HGFAA0DADD6534C14EE69D8BEC91D5FF790E,4mbah-WGtX0
HGFA812529B18F724CB0947BFFBC34872F9F,OEpsUvHPE3s
HGFA6E5276E57F10447F925A452F1C8612D9,L9WLxN3ncPg
HGFAFE365EC59BD24F1BA30A2A59CDA7B3E6,3vNe3L_dRoc
HGFA7779E3B19DE34C97A667202BE60E0E69,Jx5cPAyGHM8
HGFA7CDA01EA2E524CAD8CF8501D84FF1ABC,EeYNnJEa7Hw
HGFA34F0B8A6128E4497BF4CF9229B5F90D2,5nKiVwqgO38
HGFA9A66F4E9B202443898624A9C1835A537,PnHeg_h5qww
HGFA53D7B94D130742FC8FD77586D4A452C1,9vFWMqHCg0s
HGFAD83FB0AD9A2247438ECD7BB3010B7F66,T9SYwdqFHxs
HGFA3258691994BD4DECB36023DC64C31DB6,Es21gFKNPkc
HGFAF86B892A636E4C9AB94ADBF0D6768BB0,CwySjc0OElg
HGFA3922D113E1364B348F9CCAF86B581601,UDGd7FmVsG8
HGFAA6EDC1B7A6654C479EE219816BA26B03,VGVIFFRtGNM
HGFA99530A045AF94A0099080C7275662305,CjokFvPSWAA
HGFA881395E9CE194D2E89E61FEC38DC3422,PKio-vUsmvM
HGFA34F0B8A6128E4497BF4CF9229B5F90D2,7ul4VIpzTyE
HGFA89D13029CD6244DAAF10634E09A9D226,33Xh-p5wbFY
HGFA9E62D452CE9147DBA30F92AFD7B588A8,MlE4a5J_w0o
HGFA3E8A98848BCF46F4B044B40EC3D357C3,WBwr-4JnLIw
HGFAC12D4BB8BF41459A8CA15457DE946598,CeaHnOCeD5c
HGFAFBFE82EFB0C146BEB860A978018A5AEA,ABL9-zJXCgU
HGFA890FFFA4F83A4F1F8E04C50587734655,GsFmvyWEN6M
HGFA65FCD0007CA94F7387C01CFC613342C4,IfXC-aBH2Vc
HGFA2F473D95549F46A8ADCED87590C06AE1,GVtphaiLuiw
HGFA74696D0A3EBE4583A9E2D0C970C94636,MNFcDxKlkJQ
HGFA4AE2316C51144FF68B4CC4CC47CFA498,38mvrOms4Xc
HGFA694CCF06BA5B4B86923625204044B0C1,L4h5hUDaFls
HGFA5EBB496A835349E69BC608BB8ED5ED31,Ib9a0S_T7d0
HGFA89D13029CD6244DAAF10634E09A9D226,4m7BclYL97E
HGFA4C3EF4D4E27E42D5B31572015E65C1C2,5gUxRBE2-CI
HGFAFE365EC59BD24F1BA30A2A59CDA7B3E6,6VXrkhz6p6Q
HGFA1D3996353DDA440BACF9EF10B8643413,NDq7pnk1g88
HGFA694CCF06BA5B4B86923625204044B0C1,BWa16_gS-6U
HGFAFE365EC59BD24F1BA30A2A59CDA7B3E6,WxJ9tEvKMgc
HGFA436FE36DA97849BDB646C3927B9AAFB0,WBwr-4JnLIw
HGFAAAA7940966F04B50827B55CB6B0AB96B,MBhmY0v4BmA
HGFAC86AC279DCFC44F6AB3B6C6DBE05F025,FJ5g4yGy2d4
HGFA29B0B66504514360B392E3ED5C105704,E3Mc4ohtFC4
HGFACECB984131144C7FBBD7F427961C73D6,Qyz_2xcbW0I
HGFA93DCE901580B4C37A9C18718C7E56D49,4kVmFsIylCE
HGFA71BDBA3742F844E9B8917055F6636E8E,DpJ0eLpVslg
HGFA7B87519E6BB949FDB036EBAC53A253A9,CarfRf30Xvo
HGFAC5CDC1787E8B440A95C73D331B6AA0B5,7WutA_9IWGM
HGFA34F0B8A6128E4497BF4CF9229B5F90D2,NpGIvljXly0
HGFAFE365EC59BD24F1BA30A2A59CDA7B3E6,89ftfoS1FOo
HGFA017B485B2C54406DB356809455DB9746,U8E2oB-dDT0
HGFAB2AD18F619FA429C9F5FEBE9AB635D74,B_z2EZcaghk
HGFA25B0E8D83FC24278A5A272F9811085D1,9P69-tdW0io
HGFA7DFA1E33C5934D14AD1F90B668F2150E,Oif_YDXYzNM
HGFA590854486F104FA1882FB4646809D175,BVgE8SRp3gY
HGFA28C208E9FB6A4FE682F8A814FE0FD8F0,LPhe4Kt6D6s
HGFAB72E99ACB38B48C88C9589B5ECF966C3,I-usSboGawM
HGFA9E62D452CE9147DBA30F92AFD7B588A8,C0PyvtNPMeI
HGFAB1010AA70B5D4E8984AB798039A9D3BD,RW8veHJWNDY
HGFA52133E24ADBE4426B6D346714348AB91,Vjrbg_2AoLM
HGFAD3BD2F4A686246D7A4D4B30C9B9455D9,UuQYz961sAQ
HGFA99530A045AF94A0099080C7275662305,UH6jjGpJATM
HGFAA71E84183AF04D3C9341DF3EB1EAD992,Pae_jE1K6h0
HGFA327CD4DBFB7F4C8B9D1084D228E23243,FIK4_RBOHDI
HGFA89D13029CD6244DAAF10634E09A9D226,Pxs_wem_awk
HGFA83ACDC017E7546439C6C5BED6CEC376A,8inzB3lgBBc
HGFAF3D1528B0AE140E996BD9039EE45FB31,91z9-svsZ_g
HGFA89D13029CD6244DAAF10634E09A9D226,CjokFvPSWAA
HGFA5E75B53680754CED8437215538C173A7,BWa16_gS-6U
HGFA6E59E749C5094FE3B71D082AA39E24EA,DiZ7S3SYD9Y
HGFAFBFE82EFB0C146BEB860A978018A5AEA,NZp3bF4_FZY
HGFAFFB79D89E9B94A278BF36320F254CABD,UcMr-AXr_V4
HGFA4AE2316C51144FF68B4CC4CC47CFA498,A8TfKaAo-Ko
HGFA99530A045AF94A0099080C7275662305,3QDxIc8zSA4
HGFA52133E24ADBE4426B6D346714348AB91,70txa0wMv6k
HGFAFE365EC59BD24F1BA30A2A59CDA7B3E6,5WKKpH9DEoE
HGFAFE365EC59BD24F1BA30A2A59CDA7B3E6,7X7qH1NRtCU
HGFA394A888094C94BEA83C6AEF3099ADF7A,IclF3zX4b10
HGFA39DAF9DC2BE24A09963CC1054E1B04F8,WKc4svsxXBo
HGFA35059C4A13C5439F9742A0E65B275ACF,IppseIhzhSc
HGFA89D13029CD6244DAAF10634E09A9D226,TzWBuhmIPlw
HGFA07E999B576AB42CB8D289CBAAEF59376,7fxm1L-rZno
HGFA6E5276E57F10447F925A452F1C8612D9,IE82GoxMREA
HGFA89D13029CD6244DAAF10634E09A9D226,HpXgewPrpPc
HGFA89D13029CD6244DAAF10634E09A9D226,OygTJ20p_TY
HGFADC11FEB225EB4F3BA3F7744403F3CDBE,SLV4CEINW4U
HGFA34F0B8A6128E4497BF4CF9229B5F90D2,QPJGINKAD_E
HGFA4345D1383F794145BEA908BC3D41BDE5,5rEkMIR38Ls
HGFA1BC065EDBD694F56A0D3EF84E694AC80,ISZRBGshTts
HGFACA9F16FC1BE245C787A2EE343D019F79,O7YzsrAy_jk
HGFA008924B27F094CD9839EE1B0E6A6AE88,2GRjg20MeGM
HGFA881395E9CE194D2E89E61FEC38DC3422,IUBzCs4Ey1M
HGFA4AE2316C51144FF68B4CC4CC47CFA498,4CA1QfSxZQw
HGFAA6174A2E90CC44DDB95B0C17BFBF4FE6,Js_0IlW6Zco
HGFAA67DA9C3DAC74CC0B57CCC207AFACBF1,RWTZtVpyM8E
HGFACF90742EBF9E4D15B68C68E1707903B6,FsPP-941aWE
HGFACA9F16FC1BE245C787A2EE343D019F79,TM3iXt-ztb0
HGFA5C13F7A2EE094DA8ABBD5A4FAB2F1EF3,1iH9xR9Nr2k
HGFA0447A05C97074B8FA57053CDB06B5336,JljQvoCnrUc
HGFAA4BD28E6B8A443DF91C4FD509D03DAFA,QJXvK6HmhSA
HGFA5C31E9D6428F43598D014CCE8763B74A,51NeCw6-j50
HGFA3922D113E1364B348F9CCAF86B581601,FbnBRprhGtE
HGFA436FE36DA97849BDB646C3927B9AAFB0,1dAJ_ho5oc4
HGFA34F0B8A6128E4497BF4CF9229B5F90D2,TwoZhkOyygI
HGFAAD6D5F5FDE884360A4F4D56A86571164,RyuToHU8Hxw
HGFAC0FA0DEAD7A54986BF945F16D5013B62,PnHeg_h5qww
HGFA956EBF468F5F4219B512CAC3DD76B0CF,86ZeDm6_EkM
HGFA6225DBA536E74B4B9858726D9C366B2A,RQG1YJ3GRL8
HGFAE82C22B3F8E6431AB82E31B354A4D9BD,MANeQTmtCIg
HGFA30A7862607C247C59C86784927DDF5BB,Bv4HpO6-IGg
HGFA81730BC79B564E10B3B3E5D57F6B9519,MA3_QV45fbA
HGFA1094A6CE5DC74A1799812A53E29092AD,Vv2ju8LvWxg
HGFA5EFE67A464B84CB299F9761B52D5B208,PP-AfnHmwlc
HGFA7A8F09BEDAEB4C129B9DDFCDAD9ED5A8,MEDGIFjUKPs
HGFA42D51285644C4CF289FAD27EF7CB2626,Kefp4nRfdM0
HGFA5EBB496A835349E69BC608BB8ED5ED31,BqepPVKeP7Q
HGFA938B69D345164E2780070994BD26733B,8uWf9mZz5Z4
HGFA99530A045AF94A0099080C7275662305,HYAMNXf13Gc
HGFAD7AFB54B56F74132ADC8E6DE01705E55,VxTbuSVd4rQ
HGFAE98D194BF7EF4F918ADA59DC79A1C76D,HnijLBofESs
HGFADAF435DCAC0B4ADFB8E9CCC065972CF4,CIzFjJiIUJo
HGFAD558C30F35684B4695D505D505CE149F,C84vaAo7q8E
HGFAA7A3D7CAD41E4BFE9C246CB559DBD453,TUslUm-CGso
HGFA6DC8969456C1406FA665D87C153F0E70,9UiIcFKl2zk
HGFA608D9E2226EE4F85A0A555CB2EE62E83,6q0MjzqXzSY
HGFA80AEABC4D1B6485B8E67B6D76F8AE2E4,3F3yOYQWP4U
HGFA66D3DACB915B4F0FBA7563523ADB9E36,WEWQZNWKkTs
HGFA9CFEF8A442CA49C4BCB07CFC511A692D,WF7s4fljEo0
HGFA945FC93F1C9240C3BB2F4D3A81360449,LcoQiv716o0
HGFA8E8A8A24E26D49D8971D5545728E32E5,8845Qoby738
HGFA4C3EF4D4E27E42D5B31572015E65C1C2,7ioFzUaasqY
HGFAF096910C0CE04B0488D042E93F66C90B,P-Pgxsgq0Vw
HGFA2F6F7049627949E585AFB3F3785525D5,CEzfDM4tFR4
HGFAEBED7F3CF88F4B8385C754977C431305,BPe1w8l5ByA
HGFA47C4D407C3894CCD828601AA13BCDBDB,6NKS8DIhbS8
HGFAC0A91E525E8144E784112CC7EA8F721D,D_Uv0ZhgiSQ
HGFA956EBF468F5F4219B512CAC3DD76B0CF,NHdkKUV0k4k
HGFA53D7B94D130742FC8FD77586D4A452C1,HygO61hQt30
HGFA9CF5FB6966804EF6B3CC361F72B5BF0C,Em-1490eOyw
HGFA2A4E1A6C799F447182A60953A638393C,AITAgTuN4_E
HGFAD70CA2846D634100B7E003F81F2D452E,Rle09ZGGAsw
HGFA520682EFDA4C4A5287C12BAF6B1E8264,5jinQASomJY
HGFA42D51285644C4CF289FAD27EF7CB2626,K-pvYnriAB4
HGFAF1772E93D8A343E1A0053486A35623EC,UGx59kN9COk
HGFA956EBF468F5F4219B512CAC3DD76B0CF,JGO9R3wuV2Q
HGFA436FE36DA97849BDB646C3927B9AAFB0,TlNXbY6LDFs
HGFA6A224846BE8C42638D20767AC7EAF74F,FiikLX2tuwI
HGFA1E6EACD4DB914CC19A4C2B705571BCC6,EjglBX6zDZs
HGFAEC381F5765E84057B10868A1557802CD,7V3HpgpxZjs
HGFA781266A2BD7A4A99915D908808FC495E,NN5_mK7P50A
HGFADCE65AA3F709433691C8913F9703333D,COFflt5xv10
HGFAF9802E5E67D94B78B30BE32131E4C858,J_LEuQyE2yo
HGFAEF9BC48ADF1A4EA597D79E0A2818C738,1gGzD7sC2EE
HGFAF1772E93D8A343E1A0053486A35623EC,U3rgXEN_HBs
HGFA71BDBA3742F844E9B8917055F6636E8E,OjGq2GV43mg
HGFA2069FFD97F864CBAA0FE8B847C97BE80,WBNeo6JCYcg
HGFA9D2FBDDC2CAC447E8943D5B17ABC9571,EmQHL8A539E
HGFAF096910C0CE04B0488D042E93F66C90B,6Q2O0b-W_3g
HGFA65964E4EDDC844E5A646685E9F0EB993,ATYADS5YnVQ
HGFA0D736AF6BC0A498B8797F9816B932BD5,HtPDOWVdwHU
HGFA84AFC15F7282434EAFE3DEA438686965,FicRVMCZCnk
HGFA4C3EF4D4E27E42D5B31572015E65C1C2,CnAkVsU-1E8
HGFAFE365EC59BD24F1BA30A2A59CDA7B3E6,RrdakmcgvIk
HGFAC7ABF0EDE81048B5B1CFB020D2DCB831,W26SyrTTTtU
HGFAC12D4BB8BF41459A8CA15457DE946598,GAbXQcTdSAw
HGFA2A4E1A6C799F447182A60953A638393C,CRfuN8WW1fw
HGFAB0DE9A9A30944C54963C96583EFB65DE,IRgVnQ0w9YA
HGFA6225DBA536E74B4B9858726D9C366B2A,X8cIGjcOQf8
HGFA14F20A0C584A43B796264B3F3B757D0F,Wn9WKXgU2f8
HGFAD64E9C9905F24EA2A7F6BFE0E9F74F25,CmktAXsj04A
HGFAC0FA0DEAD7A54986BF945F16D5013B62,AITAgTuN4_E
HGFA4A952CDB3D804C43808460D2DC81E976,9oV6yFg0SAU
HGFA945FC93F1C9240C3BB2F4D3A81360449,HhI_qVLWIVU
HGFAB0DE9A9A30944C54963C96583EFB65DE,LHwJGyV3keI
HGFAC12D4BB8BF41459A8CA15457DE946598,OzgaGT8Ehtk
HGFA523D278819DA4FD4831233BA1E729807,3K16Or31gww
HGFA06D280B09BAB45F6BF810AA72DA0C436,2KGiA8HHZig
HGFABA0593B3FFE84AF6AB8E022595EC8DF6,WGq_pnXoei0
HGFA32A1FF1D578545F88793DB40442C0DE1,97CCArcEvRE
HGFACA9F16FC1BE245C787A2EE343D019F79,3qtcTkObkrk
HGFAD91EDAD8DB334FB2B7490878FF783EDC,LI26WZxGIlQ
HGFA8D07AD827CCB4DE38198640E582B7664,AAUetrl9gqE
HGFA865990E2ED0B48CA9B942BBF4821079D,6X2bF0_SRtM
HGFA58528D3B5FE146DA8B4D0ED651D14978,UqqasjoPMXo
HGFA3258691994BD4DECB36023DC64C31DB6,M48xbeLEcmw
HGFAE0AA42A60B554ACA89F5816F4355765B,HpZV-jMbdU0
HGFAA67DA9C3DAC74CC0B57CCC207AFACBF1,3LC9HqdtMM8
HGFA5A7E0E8994CF4CCD8689A3775F966121,N9wgdXZAC-Y
HGFAC7DBCD59F63A440AA8405F3902AE0191,UedM4vvMjms
HGFA9DC8D67B817045F0B81AE7B9593552E3,IGQl_SdE2vs
HGFAF096910C0CE04B0488D042E93F66C90B,HDdBg2Pk9uc
HGFA80AEABC4D1B6485B8E67B6D76F8AE2E4,J_j-nB40TTM
HGFAFE365EC59BD24F1BA30A2A59CDA7B3E6,3RO8d7PTvW8
HGFA6E4F51A4F06A4431ACF29145078D2EAB,B7EAF18nT1E
HGFAF665B46A986C4A25B33FB76334FCDA0F,Bd_rY5v_m_4
HGFAE78B24941A9147B6859A8A06084D5E2E,8xiARYJ9m8Q
HGFA515015446DC54036A2E636343C7BB6A3,DIcPmqIo0R8
HGFA6225DBA536E74B4B9858726D9C366B2A,3OZhBVztW0o
HGFA5EFE67A464B84CB299F9761B52D5B208,8845Qoby738
HGFAD8C6A653696B4A0A83E5E7C8624E932B,VoHW2sYqM0k
HGFA9C4E7AAD434440338A89285782BB0C5F,NUE-AU2QY1I
HGFA389BB36E61A44BEE874F5B0474423350,UuQYz961sAQ
HGFA4C3EF4D4E27E42D5B31572015E65C1C2,AztUr8jSsNU
HGFA88314C0AE83D449399CFDC2EC4BBC2AC,1wHRGzNU86I
HGFA65795A3F5D0B4CBA9CEB58A59CABF611,VAQdEQ89nbU
HGFAC0D51FF346EC4E1D81B20B423955CCCF,Rle09ZGGAsw
HGFA98296BDBD93143BE90ADF7802F3ED6E7,TzIuWTKDt80
HGFA89D13029CD6244DAAF10634E09A9D226,K6ftyBFIalY
HGFA89D13029CD6244DAAF10634E09A9D226,84rS1RT6HkM
HGFA418C8EE7B4AC4A1A8BA1B5173A5C79D1,BTwY9adWJqk
HGFA30FE4E9DECBA4ADFA6F945A487033455,FIDpOR8iys4
HGFADC11FEB225EB4F3BA3F7744403F3CDBE,CEzfDM4tFR4
HGFADC11FEB225EB4F3BA3F7744403F3CDBE,ASao81ZHuts
HGFAA7A2D95B7FB54B69947DB8484C7AC091,OKp9CXsSHU0
HGFA75A51BFFE4F94708AE61D2964E62C79A,51NeCw6-j50
HGFA5C13F7A2EE094DA8ABBD5A4FAB2F1EF3,GCzGI_G-Clw
HGFAB3B9A96B84A2469A90A61757B89DCFF6,KOMXDOSUkYA
HGFA71BDBA3742F844E9B8917055F6636E8E,ARnNSzeeX7g
HGFA52133E24ADBE4426B6D346714348AB91,9rNudLp-os4
HGFABB07ABBBA0324DFBAD038156EF0E69D6,6N79xDUhSxA
HGFA520682EFDA4C4A5287C12BAF6B1E8264,IJ4HVlrBG8Y
HGFAF096910C0CE04B0488D042E93F66C90B,TpK4oXbiWaw
HGFADD99D9A6EDC6482C85682A96B8EEE9AE,STU-iAkz-W4
HGFA694CCF06BA5B4B86923625204044B0C1,JRQEpNsCGUE
HGFA79636A50422D4D3CAB0A102231A5AB81,JpplyIOjsrU
HGFAFE9341475DEF4408A3B8564C03CB2964,WcMhUfZSHMQ
HGFAE0AA42A60B554ACA89F5816F4355765B,NN_EsgJTBr0
HGFAA6EDC1B7A6654C479EE219816BA26B03,42XRJyhhKvk
HGFA98296BDBD93143BE90ADF7802F3ED6E7,E1rJSNuZ2dU
HGFA147035EBE4FA4DFA853756A5007DE7F1,KnlUxufRLCI
HGFA19706D150D964363AF1C74ABBED90BC6,8RLLzwPC64c
HGFAF1772E93D8A343E1A0053486A35623EC,OeH156qNTak
HGFAFE365EC59BD24F1BA30A2A59CDA7B3E6,SQDzKzO8SVk
HGFA7611899ACC074213BA3E5DEEB138B162,AFk5Mgt2u7s
HGFAB6EA8F5408044C978F5B8706A9EEDE74,U6rDombjAa8
HGFA2822846A24274A4CA6EBDC030E4F8F3E,HYbcoYEgd_M
HGFAC7DBCD59F63A440AA8405F3902AE0191,AtymGKnlIYA
HGFA65FCD0007CA94F7387C01CFC613342C4,7gt7cYAmeHo
HGFA572A2F8E25794085A44B77BF2FA02CAD,OAf4T1N9m14
HGFAAAA7940966F04B50827B55CB6B0AB96B,NYbQ2Qi9XdM
HGFABA0593B3FFE84AF6AB8E022595EC8DF6,6WMNSB9CbFo
HGFA7AE949E474D74451BFCB09D688FC72F2,7eq1AKJcxXA
HGFA2F6F7049627949E585AFB3F3785525D5,KlSarw-dbkw
HGFAD69445B1D3B74B379CC27B72D5B10663,IsdTmWvRN6Q
HGFA89D13029CD6244DAAF10634E09A9D226,824w8SMTYWg
HGFAD91DA0432E6340EDB1A11C98BB10C976,2e5iARQEGtE
HGFA34ED9AD19F6244F38E85026A11E27445,X9LwaY0i4Cw
HGFAA057D4B8EA0D4DAD9097BC3E9AF3D3F1,BmW9Khl-HoI
HGFA3ACA352AD29149A4A9DD366CEAC3E7B8,Uia26XTFD7s
HGFA938B69D345164E2780070994BD26733B,DoizAL8wX1c
HGFA7611899ACC074213BA3E5DEEB138B162,FVw_P4L152E
HGFA1094A6CE5DC74A1799812A53E29092AD,E73Nv-VyAB8
HGFA01E69B6B740744B9A279D72EBE656610,AA9pSUM_6sE
HGFA99530A045AF94A0099080C7275662305,9xTGX40yY8U
HGFABA0593B3FFE84AF6AB8E022595EC8DF6,P8GmSNtVkDA
HGFA0CAAD168BA854432B10087BFDE7D00BF,AW492GaNb4Y
HGFAC7ABF0EDE81048B5B1CFB020D2DCB831,IXK4uI-gAV0
HGFAF86B892A636E4C9AB94ADBF0D6768BB0,T7WnTE-zEqI
HGFAAE38412F1F9E4390AB2887A946D0B699,TM3iXt-ztb0
HGFA436FE36DA97849BDB646C3927B9AAFB0,JQkWKgFAXyo
HGFAA13239EA18544F229A7E3EB146D69D0C,IRJqm9LwzJc
HGFA89D13029CD6244DAAF10634E09A9D226,TPAGeGDIK7E
HGFA1094A6CE5DC74A1799812A53E29092AD,WJddlcJzA0Y
HGFA80AEABC4D1B6485B8E67B6D76F8AE2E4,EmY6943WTzo
HGFA8D07AD827CCB4DE38198640E582B7664,S9QH213tgxY
HGFA9BF234EB39114B3982D983FAC735F0B0,GV_l_5T5Zwc
HGFAA67DA9C3DAC74CC0B57CCC207AFACBF1,2gqzcdyyYH8
HGFA881395E9CE194D2E89E61FEC38DC3422,I5b36LV6O7o
HGFAF3D1528B0AE140E996BD9039EE45FB31,I3_f9cJnxgI
HGFAAE38412F1F9E4390AB2887A946D0B699,6pH3DsKEOX8
HGFAFE365EC59BD24F1BA30A2A59CDA7B3E6,VuGWgYlqgy4
HGFA630FBD53A06F4E7CB16DFDECC0A9B15C,Lki8_WhKBPs
HGFA6E6746AC69044292A6B6959F024B87BA,97dpDBsd66w
HGFAC2DD8D5B9E5A4A1EBEFE80637790F4AB,HfRU7IWU4n0
HGFA38EF6914734D49BBA7DF918D45448DF0,E2LNsvHpUFM
HGFAD1D7F0ED32254AF7B50BFF1FC3820E8E,5QkrH-qCeNQ
HGFAD69445B1D3B74B379CC27B72D5B10663,38sn11pKc8w
HGFAD91DA0432E6340EDB1A11C98BB10C976,7dFXlf3xCIE
HGFAC12D4BB8BF41459A8CA15457DE946598,1cun5gPmUGc
HGFA83ACDC017E7546439C6C5BED6CEC376A,VxLwItza6PQ
HGFA2F6F7049627949E585AFB3F3785525D5,TPAGeGDIK7E
HGFAFA9F36AA3AC9440AA0B90B78DBA3BCFE,9Syr8pxO6oU
HGFA7EF5C0A21D3A45FBBBB57439A6A8F958,IAiJd1_XbHw
HGFA0929BB2F7901488DA20FC60F0EF90208,FL4YoaQUvPs
HGFA0D3299778EF74E568E5A0766570093D7,OoZYuTKzIaY
HGFA3A9F63A9615E4A148C700B5353078308,W0sHLcYhbXA
HGFA4A952CDB3D804C43808460D2DC81E976,2i9DfutpKZQ
HGFA65964E4EDDC844E5A646685E9F0EB993,HqQ-4OSronE
HGFA30FE4E9DECBA4ADFA6F945A487033455,O0vSpcYJSrQ
HGFAA700C916A7484F748D0860C102539C28,O8YzCx0mmDY
HGFA523D278819DA4FD4831233BA1E729807,DHDySQ_PhgM
HGFADD99D9A6EDC6482C85682A96B8EEE9AE,TgwjE8mkT0A
HGFA89D13029CD6244DAAF10634E09A9D226,UH6jjGpJATM
HGFADC11FEB225EB4F3BA3F7744403F3CDBE,TwdbksTDHZ4
HGFA6330119E695443169B1D5F3F27FAE3CA,OOhBcMBAR5o
HGFAE98D194BF7EF4F918ADA59DC79A1C76D,GRDl7SbH2lw
HGFAB8CF96010768470092094C58996E6062,CVjnHhIDsLM
HGFAA6EDC1B7A6654C479EE219816BA26B03,38mvrOms4Xc
HGFABA0593B3FFE84AF6AB8E022595EC8DF6,KTbTegLhFys
HGFA0D193AEA2C4B4371B7FAF25022C0DE88,TROhjmLL_88
HGFA6BE8B7024C634D83BC20F960E034631B,Pae_jE1K6h0
HGFAD26D1FECC69744859B7577419BC70D05,V9wWxhyvLjU
HGFA9DC8D67B817045F0B81AE7B9593552E3,5WKKpH9DEoE
HGFAD8C6A653696B4A0A83E5E7C8624E932B,JKrymDT0gT0
HGFA5AD0FE24AA6E4B6785377EC4DBDEF8CE,GXce4w6SrVM
HGFA60CA3987EBF84325888B7B012AF09301,F0MB_mN3UYo
HGFA694CCF06BA5B4B86923625204044B0C1,HoLyHISGKqU
HGFA28C208E9FB6A4FE682F8A814FE0FD8F0,DEN7RQ2y_2Y
HGFA210B0A7CA2BC455E85CDF48CA6962118,O433bCdsUxE
HGFAC2FDABA7D299494FABB4F93DB008BCA2,LT0GHvQK5W4
HGFAC7E5EBDCE859486683B03F6395E8501F,Kp758C4D0tg
HGFA9A66F4E9B202443898624A9C1835A537,CRfuN8WW1fw
HGFAD91EDAD8DB334FB2B7490878FF783EDC,3Ft6gklja8U
HGFA881395E9CE194D2E89E61FEC38DC3422,LjQEi8ERwIM
HGFA2E545EBDA99E48E29F99AC332621FE70,FV2RU7LtGpE
HGFAE78B24941A9147B6859A8A06084D5E2E,UgTGtf1LPmA
HGFA436FE36DA97849BDB646C3927B9AAFB0,2uTkQ-Qqd2E
HGFAF096910C0CE04B0488D042E93F66C90B,Em9uZtpQysA
HGFA15C53CA0184343B0ADFE3BA85900E36A,X-HL1GnFkW0
HGFAC7ABF0EDE81048B5B1CFB020D2DCB831,S8h1kwy2LU0
HGFA2F473D95549F46A8ADCED87590C06AE1,2bUV4dD1YcM
HGFA83EB95A87F8D48C9A9E5FC5488C79A27,MEvZeJRfQss
HGFA694CCF06BA5B4B86923625204044B0C1,6VXrkhz6p6Q
HGFAA82B23C68A264703A9BF988DD00285B7,36Y0K9mUUJE
HGFA55E5FEEDD69A4BFF85771903302266EE,8GdbcJ_5VVQ
HGFADD99D9A6EDC6482C85682A96B8EEE9AE,UparaS376qk
