fact_so_detail_sk,so_detail_id,so_id,repository,song_qty,deadline,expected_score,production_qty,pending_qty
1579779b98ce9edb98dd85606f2c119d,1046,196,395,6,2025-12-31,0.00,6,0
65cc2c8205a05d7379fa3a6386f710e1,1020,187,393,5,2025-12-20,0.00,7,0
ffeed84c7cb1ae7bf4ec4bd78275bb98,1126,218,396,20,,0.00,20,0
2cfd4560539f887a5e420412b370b361,1123,215,412,10,,9.00,10,0
c21002f464c5fc5bee3b98ced83963b8,1125,217,414,10,,0.00,10,0
8b4066554730ddfaa0266346bdc1b202,1090,205,381,20,,0.00,20,0
980ecd059122ce2e50136bda65c25e07,1356,292,370,5,2026-05-23,9.00,5,0
c1e39d912d21c91dce811d6da9929ae8,1271,264,396,10,,9.00,10,0
a4d2f0d23dcc84ce983ff9157f8b7f88,1215,248,396,10,,9.00,10,0
678a1491514b7f1006d605e9161946b1,1127,219,282,19,2026-02-05,0.00,7,12
3948ead63a9f2944218de038d8934305,1216,248,378,10,,9.00,10,0
83adc9225e4deb67d7ce42d58fe5157c,1358,294,370,10,,9.30,10,0
6a61d423d02a1c56250dc23ae7ff12f3,1217,248,430,5,,9.00,5,0
2715518c875999308842e3455eda2fe3,1219,249,339,15,,9.00,15,20
8d3369c4c086f236fabf61d614a32818,1359,295,370,10,2026-06-30,9.30,15,0
3f67fd97162d20e6fe27748b5b372509,1218,249,365,10,,9.00,10,5
3fe78a8acf5fda99de95303940a2420c,1128,219,,30,2026-02-05,0.00,24,6
69a5b5995110b36a9a347898d97a610e,1129,219,334,24,2026-02-05,0.00,15,9
018b59ce1fd616d874afad0f44ba338d,1283,266,416,20,,9.00,20,0
bb04af0f7ecaee4aae62035497da1387,1275,265,339,15,,9.00,15,20
da11e8cd1811acb79ccf0fd62cd58f86,1280,266,380,25,,9.00,0,30
285ab9448d2751ee57ece7f762c39095,1211,247,436,10,2026-03-31,8.50,10,0
c15da1f2b5e5ed6e6837a3802f0d1593,788,176,340,1,2025-11-30,0.00,1,0
e00406144c1e7e35240afed70f34166a,1269,263,,20,2026-03-15,0.00,20,0
c8ba76c279269b1c6bc8a07e38e78fa4,1214,247,437,25,2026-03-31,9.00,25,0
4a213d37242bdcad8e7300e202e7caa4,1130,219,,24,2026-02-05,0.00,4,0
a01610228fe998f515a72dd730294d87,1212,247,421,10,2026-03-31,9.00,10,0
d94e18a8adb4cc0f623f7a83b1ac75b4,1281,266,367,10,,9.00,0,20
242c100dc94f871b6d7215b868a875f8,1284,266,365,20,,9.00,15,5
944bdd9636749a0801c39b6e449dbedc,1285,266,443,10,,9.00,10,0
ab1a4d0dd4d48a2ba1077c4494791306,1278,266,340,10,,9.00,3,7
f7cade80b7cc92b991cf4d2806d6bd78,1210,247,138,10,2026-03-31,9.00,10,0
fe709c654eac84d5239d1a12a4f71877,1131,219,415,1,2026-02-05,0.00,1,0
571e0f7e2d992e738adff8b1bd43a521,1132,219,392,1,2026-02-05,0.00,1,0
33ceb07bf4eeb3da587e268d663aba1a,1213,247,434,20,2026-03-31,8.50,20,0
2cbca44843a864533ec05b321ae1f9d1,1110,208,402,60,,0.00,60,0
43cca4b3de2097b9558efefd0ecc3588,1223,250,430,5,,9.00,5,0
68d13cf26c4b4f4f932e3eff990093ba,1224,250,99,4,,9.00,4,3
7d771e0e8f3633ab54856925ecdefc5d,1178,234,370,20,2026-02-28,9.00,20,0
08b255a5d42b89b0585260b6f2360bdd,590,123,,10,2025-11-30,0.00,10,0
8248a99e81e752cb9b41da3fc43fbe7f,1140,221,417,10,2026-02-28,9.00,10,0
f7f580e11d00a75814d2ded41fe8e8fe,1141,221,419,10,2026-02-28,9.00,10,0
1ecfb463472ec9115b10c292ef8bc986,709,176,340,1,2025-11-30,0.00,1,0
af21d0c97db2e27e13572cbf59eb343d,1105,208,340,10,,0.00,10,0
c9f95a0a5af052bffce5c89917335f67,1106,208,380,30,,0.00,30,0
e58cc5ca94270acaceed13bc82dfedf7,1107,208,381,10,,0.00,10,0
b9d487a30398d42ecff55c228ed5652b,1108,208,367,40,,0.00,40,0
535ab76633d94208236a2e829ea6d888,1310,278,397,9,2026-04-17,0.00,9,0
8f1d43620bc6bb580df6e80b0dc05c48,1109,208,387,20,,0.00,20,0
54a367d629152b720749e187b3eaa11b,985,178,384,20,,9.00,20,0
7f39f8317fbdb1988ef4c628eba02591,61,18,147,2,,8.50,2,0
ec5aa0b7846082a2415f0902f0da88f2,997,182,339,15,,8.50,15,0
093f65e080a295f8076b1c5722a46aa2,59,18,281,4,,8.50,4,0
072b030ba126b2f4b2374f342be9ed44,60,18,138,7,,8.50,7,0
1896a3bf730516dd643ba67b4c447d36,1175,233,378,1,,9.00,1,0
8ce6790cc6a94e65f17f908f462fae85,1142,221,420,10,2026-02-28,9.00,10,0
fb60d411a5c5b72b2e7d3527cfc84fd0,1276,265,338,15,,9.00,15,11
a7d8ae4569120b5bec12e7b6e9648b86,1176,233,429,1,,9.00,1,0
b20bb95ab626d93fd976af958fbc61ba,1191,237,433,10,2026-03-13,9.00,10,0
63dc7ed1010d3c3b8269faf0ba7491d4,217,57,,50,2025-04-30,0.00,50,0
b24d516bb65a5a58079f0f3526c87c57,1220,249,338,15,,9.00,15,11
aa68c75c4a77c87f97fb686b2f068676,1003,183,388,5,,8.50,5,0
3473decccb0509fb264818a7512a8b9b,1174,233,431,5,,9.00,5,0
0829424ffa0d3a2547b6c9622c77de03,1289,267,436,10,2026-04-25,8.00,10,0
c3e0c62ee91db8dc7382bde7419bb573,1138,220,,20,2026-02-20,0.00,0,6
c4851e8e264415c4094e4e85b0baa7cc,1227,251,,10,2026-03-20,0.00,8,14
25df35de87aa441b88f22a6c2a830a17,1225,251,415,5,2026-03-20,0.00,5,0
3a029f04d76d32e79367c4b3255dda4d,1222,250,378,10,,9.00,10,0
3210ddbeaa16948a702b6049b8d9a202,1226,251,392,5,2026-03-20,0.00,5,0
eb86d510361fc23b59f18c1bc9802cc6,1228,251,,20,2026-03-20,0.00,20,3
1d72310edc006dadf2190caad5802983,1221,250,396,10,,9.00,10,0
801c14f07f9724229175b8ef8b4585a8,1137,220,,20,2026-02-20,0.00,20,3
286674e3082feb7e5afb92777e48821f,1297,269,462,10,,0.00,10,0
0e9fa1f3e9e66792401a6972d477dcc3,1288,267,138,10,2026-04-25,9.00,10,0
84438b7aae55a0638073ef798e50b4ef,1294,267,456,30,2026-04-25,9.00,30,0
4122cb13c7a474c1976c9706ae36521d,1230,251,282,40,2026-03-20,0.00,40,11
e22312179bf43e61576081a2f250f845,1156,227,138,15,2026-02-28,9.00,10,0
83f97f4825290be4cb794ec6a234595f,1177,233,430,5,,9.00,5,0
310ce61c90f3a46e340ee8257bc70e93,1229,251,,20,2026-03-20,0.00,12,6
2812e5cf6d8f21d69c91dddeefb792a7,1296,268,459,20,2026-04-26,8.00,20,0
71f6278d140af599e06ad9bf1ba03cb0,1291,267,434,30,2026-04-25,9.00,30,0
459a4ddcb586f24efd9395aa7662bc7c,1292,267,362,50,2026-04-25,9.00,50,0
5f2c22cb4a5380af7ca75622a6426917,720,176,340,1,2025-11-30,0.00,1,0
aba3b6fd5d186d28e06ff97135cade7f,721,176,340,1,2025-11-30,0.00,1,0
184260348236f9554fe9375772ff966e,1139,220,282,30,2026-02-20,0.00,25,12
2df45244f09369e16ea3f9117ca45157,1301,275,463,40,,9.00,40,0
09c6c3783b4a70054da74f2538ed47c6,1149,226,361,50,2026-02-23,8.50,50,0
2b38c2df6a49b97f706ec9148ce48d86,1150,226,422,50,2026-02-23,8.50,50,0
fd06b8ea02fe5b1c2496fe1700e9d16c,1133,220,415,5,2026-02-20,0.00,5,0
144a3f71a03ab7c4f46f9656608efdb2,1206,243,,30,2026-03-15,0.00,30,0
4588e674d3f0faf985047d4c3f13ed0d,1144,222,,20,2026-02-15,0.00,20,0
feab05aa91085b7a8012516bc3533958,1145,222,391,20,2026-02-15,0.00,20,0
208e43f0e45c4c78cafadb83d2888cb6,1143,222,334,20,2026-02-15,0.00,8,9
7c9d0b1f96aebd7b5eca8c3edaa19ebb,1134,220,392,5,2026-02-20,0.00,5,0
fd2c5e4680d9a01dba3aada5ece22270,1135,220,,10,2026-02-20,0.00,10,12
47a658229eb2368a99f1d032c8848542,1136,220,,10,2026-02-20,0.00,10,5
996009f2374006606f4c0b0fda878af1,1302,276,449,4,2026-05-15,9.50,4,0
f197002b9a0853eca5e046d9ca4663d5,1151,226,423,10,2026-02-23,9.00,10,0
45f31d16b1058d586fc3be7207b58053,1152,226,138,15,2026-02-23,9.00,15,0
7c82fab8c8f89124e2ce92984e04fb40,1293,267,152,8,2026-04-25,9.00,8,0
7810ccd41bf26faaa2c4e1f20db70a71,1272,264,457,10,,9.00,10,0
a51fb975227d6640e4fe47854476d133,1298,270,420,2,2026-04-29,9.50,2,0
e53a0a2978c28872a4505bdb51db06dc,1232,252,340,20,,9.00,13,7
70222949cc0db89ab32c9969754d4758,1290,267,421,10,2026-04-25,9.00,10,0
f47330643ae134ca204bf6b2481fec47,1182,235,380,20,,0.00,10,10
6eb6e75fddec0218351dc5c0c8464104,1180,235,340,20,,0.00,17,3
dabd8d2ce74e782c65a973ef76fd540b,1179,235,339,10,,0.00,8,2
8d34201a5b85900908db6cae92723617,548,107,361,50,,8.50,50,0
ccb1d45fb76f7c5a0bf619f979c6cf36,549,107,362,50,,8.50,50,0
5680522b8e2bb01943234bce7bf84534,1185,235,402,40,,0.00,40,0
e7f8a7fb0b77bcb3b283af5be021448f,716,176,340,1,2025-11-30,0.00,1,0
55b1927fdafef39c48e5b73b5d61ea60,1153,227,361,50,2026-02-28,8.50,50,0
2ac2406e835bd49c70469acae337d292,1181,235,338,20,,0.00,16,4
82c2559140b95ccda9c6ca4a8b981f1e,1189,235,402,10,,0.00,10,0
97af4fb322bb5c8973ade16764156bed,1184,235,416,20,,0.00,20,0
e8b1cbd05f6e6a358a81dee52493dd06,1154,227,422,50,2026-02-28,8.50,50,0
9996535e07258a7bbfd8b132435c5962,1235,252,367,10,,9.00,0,20
4f284803bd0966cc24fa8683a34afc6e,1187,235,432,30,,0.00,30,0
df0aab058ce179e4f7ab135ed4e641a9,1148,225,422,80,2026-02-15,9.00,80,0
d282ef263719ab842e05382dc235f69e,1303,276,451,10,2026-05-05,9.00,10,0
285f89b802bcb2651801455c86d78f2a,1155,227,423,10,2026-02-28,9.00,10,0
872488f88d1b2db54d55bc8bba2fad1b,754,176,340,1,2025-11-30,0.00,1,0
335f5352088d7d9bf74191e006d8e24c,240,61,,10,2025-07-31,0.00,10,0
0e095e054ee94774d6a496099eb1cf6a,1183,235,367,30,,0.00,30,0
c44e503833b64e9f27197a484f4257c0,1188,235,365,20,,0.00,15,5
7bccfde7714a1ebadf06c5f4cea752c1,1236,252,387,10,,9.00,0,26
d38901788c533e8286cb6400b40b386d,1238,252,365,20,,9.00,15,5
b3ba8f1bee1238a2f37603d90b58898d,1239,252,380,20,,9.00,0,33
a9078e8653368c9c291ae2f8b74012e7,1240,252,443,10,,9.00,10,0
160c88652d47d0be60bfbfed25111412,1190,236,,8,2026-02-05,0.00,8,0
6e7d2da6d3953058db75714ac400b584,1163,229,338,10,,9.00,10,4
00e26af6ac3b1c1c49d7c3d79c60d000,1164,229,339,15,,9.00,15,2
a3fb4fbf9a6f9cf09166aa9c20cbc1ad,1165,229,365,10,,9.00,10,5
a9eb812238f753132652ae09963a05e9,1237,252,416,20,,9.00,20,0
1c65cef3dfd1e00c0b03923a1c591db4,1241,253,337,30,2026-03-20,8.50,0,30
55a7cf9c71f1c9c495413f934dd1a158,492,89,,20,2025-10-31,0.00,49,0
74db120f0a8e5646ef5a30154e9f6deb,228,59,310,16,2025-06-30,0.00,16,0
ebd9629fc3ae5e9f6611e2ee05a31cef,518,100,,15,2025-09-30,0.00,20,0
2ca65f58e35d9ad45bf7f3ae5cfd08f1,760,176,340,1,2025-11-30,0.00,1,0
7bb060764a818184ebb1cc0d43d382aa,1311,279,430,5,2026-04-30,0.00,5,0
4476b929e30dd0c4e8bdbcc82c6ba23a,1309,278,398,9,2026-05-15,0.00,9,0
a0833c8a1817526ac555f8d67727caf6,1299,270,419,2,2026-04-29,9.50,2,0
0188e8b8b014829e2fa0f430f0a95961,1195,241,99,4,2026-03-15,9.00,4,3
6f3e29a35278d71c7f65495871231324,1300,270,417,2,2026-04-29,9.50,2,0
52292e0c763fd027c6eba6b8f494d2eb,1192,238,422,50,2026-03-15,8.50,50,0
dfd7468ac613286cdbb40872c8ef3b06,1315,280,,30,2026-05-20,0.00,24,6
f3f1b7fc5a8779a9e618e1f23a7b7860,1316,280,,40,2026-05-20,0.00,40,0
9b04d152845ec0a378394003c96da594,231,59,,16,2025-06-30,0.00,16,0
be83ab3ecd0db773eb2dc1b0a17836a1,232,59,,16,2025-06-30,0.00,16,0
491442df5f88c6aa018e86dac21d3606,1203,243,334,20,2026-03-15,0.00,20,2
b571ecea16a9824023ee1af16897a582,1205,243,,30,2026-03-15,0.00,30,0
0f2c9a93eea6f38fabb3acb1c31488c6,1166,230,421,10,,0.00,10,0
e034fb6b66aacc1d48f445ddfb08da98,1233,252,338,60,,9.00,49,11
fb2fcd534b0ff3bbed73cc51df620323,1204,243,,20,2026-03-15,0.00,20,0
838e8afb1ca34354ac209f53d90c3a43,1251,258,,60,2026-03-31,0.00,60,0
c0a271bc0ecb776a094786474322cb82,1286,266,339,20,,9.00,0,20
5eac43aceba42c8757b54003a58277b5,1245,255,449,5,2026-04-06,9.50,5,0
a284df1155ec3e67286080500df36a9a,1252,258,,40,2026-03-31,0.00,40,0
b495ce63ede0f4efc9eec62cb947c162,1253,258,,0,,0.00,0,0
884ce4bb65d328ecb03c598409e2b168,1254,259,453,40,2026-03-31,0.00,40,0
2de5d16682c3c35007e4e92982f1a2ba,1242,254,444,76,2026-03-31,0.00,76,0
e1d5be1c7f2f456670de3d53c7b54f4a,1243,254,445,50,2026-03-31,0.00,50,0
9da187a7a191431db943a9a5a6fec6f4,1167,231,396,10,,0.00,10,0
3bf55bbad370a8fcad1d09b005e278c2,1255,259,452,60,2026-03-31,0.00,60,0
2ba8698b79439589fdd2b0f7218d8b07,1249,257,447,2,2026-04-07,8.50,2,0
81e5f81db77c596492e6f1a5a792ed53,1250,257,447,8,2026-04-07,9.00,8,0
1cecc7a77928ca8133fa24680a88d2f9,1282,266,455,10,,9.00,10,0
0266e33d3f546cb5436a10798e657d97,245,62,,10,2025-06-30,0.00,10,0
2c89109d42178de8a367c0228f169bf8,1244,254,446,74,2026-03-31,0.00,74,0
43dd49b4fdb9bede653e94468ff8df1e,1066,200,,20,2026-01-20,0.00,10,4
93fb9d4b16aa750c7475b6d601c35c2c,1317,281,465,5,2026-05-21,8.50,5,0
76cf99d3614e23eabab16fb27e944bf9,1318,281,465,5,2026-05-21,9.00,5,0
dc4c44f624d600aa568390f1f1104aa0,1262,261,415,5,2026-03-20,0.00,5,0
7eb3c8be3d411e8ebfab08eba5f49632,1263,261,392,5,2026-03-20,0.00,5,0
6c8dba7d0df1c4a79dd07646be9a26c8,1264,261,,20,2026-03-20,0.00,17,3
c3992e9a68c5ae12bd18488bc579b30d,602,128,,2,2025-10-31,0.00,2,0
50905d7b2216bfeccb5b41016357176b,1314,280,,20,2026-05-20,0.00,17,3
1ee3dfcd8a0645a25a35977997223d22,1319,282,,20,2026-05-25,0.00,20,0
2a50e9c2d6b89b95bcb416d6857f8b45,1320,282,,20,2026-05-25,0.00,20,0
f9be311e65d81a9ad8150a60844bb94c,1321,282,307,20,2026-05-25,0.00,17,3
bb7946e7d85c81a9e69fee1cea4a087c,1324,284,457,10,,9.00,10,0
17fafe5f6ce2f1904eb09d2e80a4cbf6,1327,284,466,10,,9.00,10,0
3546ab441e56fa333f8b44b610d95691,1325,284,99,4,,9.00,1,3
c70daf247944fe3add32218f914c75a6,1326,284,462,10,,9.00,10,0
8e2cfdc275761edc592f73a076197c33,1266,261,282,40,2026-03-20,0.00,29,11
0ce2ffd21fc958d9ef0ee9ba5336e357,1265,261,,30,2026-03-20,0.00,24,6
f29b38f160f87ae86df31cee1982066f,1312,280,415,5,2026-05-20,0.00,5,0
e165421110ba03099a1c0393373c5b43,233,59,,16,2025-06-30,0.00,16,0
f09696910bdd874a99cd74c8f05b5c44,1313,280,392,5,2026-05-20,0.00,5,0
fe51510c80bfd6e5d78a164cd5b1f688,1330,285,466,10,,9.00,12,0
4c22bd444899d3b6047a10b20a2f26db,1328,285,457,10,,9.00,10,0
c850371fda6892fbfd1c5a5b457e5777,1270,263,,30,2026-03-15,0.00,30,0
193002e668758ea9762904da1a22337c,1268,263,,20,2026-04-20,0.00,20,0
dc960c46c38bd16e953d97cdeefdbc68,1322,283,447,5,2026-05-21,8.20,5,2
b51a15f382ac914391a58850ab343b00,1267,262,370,10,2026-04-18,9.00,10,0
01e9565cecc4e989123f9620c1d09c09,1329,285,462,10,,9.00,10,0
8edd72158ccd2a879f79cb2538568fdc,1334,286,472,50,2026-05-31,9.00,50,0
ff49cc40a8890e6a60f40ff3026d2730,1333,286,471,10,2026-05-31,9.00,10,0
28e209b61a52482a0ae1cb9f5959c792,1332,286,470,10,2026-05-31,9.00,10,0
4e0928de075538c593fbdabb0c5ef2c3,774,176,340,1,2025-11-30,0.00,1,0
c0f168ce8900fa56e57789e2a2f2c9d0,775,176,340,1,2025-11-30,0.00,1,0
8c6744c9d42ec2cb9e8885b54ff744d0,776,176,340,1,2025-11-30,0.00,1,0
f1c1592588411002af340cbaedd6fc33,777,176,340,1,2025-11-30,0.00,1,0
605ff764c617d3cd28dbbdd72be8f9a2,586,121,370,20,2025-11-30,9.00,10,0
05311655a15b75fab86956663e1819cd,1338,286,469,12,2026-05-31,9.50,12,0
9cb67ffb59554ab1dabb65bcb370ddd9,1335,286,473,20,2026-05-31,9.00,20,0
3d779cae2d46cf6a8a99a35ba4167977,1336,286,467,10,2026-05-31,9.00,10,0
e48e13207341b6bffb7fb1622282247b,1337,286,468,22,2026-05-31,9.00,22,0
97e8527feaf77a97fc38f34216141515,544,106,156,2,,8.50,2,0
b59c67bf196a4758191e42f76670ceba,1111,208,365,30,,0.00,30,0
905056c1ac1dad141560467e0a99e1cf,1246,255,451,10,2026-04-10,9.00,10,0
788d986905533aba051261497ecffcbb,717,176,340,1,2025-11-30,0.00,1,0
50c3d7614917b24303ee6a220679dab3,718,176,340,1,2025-11-30,0.00,1,0
b534ba68236ba543ae44b22bd110a1d6,496,89,307,30,2025-10-31,0.00,30,0
9908279ebbf1f9b250ba689db6a0222b,988,179,99,3,,8.00,3,0
a1140a3d0df1c81e24ae954d935e8926,989,179,100,5,,8.00,5,0
d10ec7c16cbe9de8fbb1c42787c3ec26,1339,287,430,5,,0.00,0,5
82f2b308c3b01637c607ce05f52a2fed,725,176,340,1,2025-11-30,0.00,1,0
4f87658ef0de194413056248a00ce009,1340,288,451,15,2026-06-11,9.00,15,0
33ebd5b07dc7e407752fe773eed20635,1341,289,475,20,,9.00,20,0
b2f627fff19fda463cb386442eac2b3d,601,127,337,88,,0.00,88,0
291597a100aadd814d197af4f4bab3a7,642,164,,10,2025-11-30,0.00,10,0
5e9f92a01c986bafcabbafd145520b13,645,164,334,20,2025-11-30,0.00,26,0
2afe4567e1bf64d32a5527244d104cea,719,176,340,1,2025-11-30,0.00,1,0
6aca97005c68f1206823815f66102863,598,126,138,8,,8.50,8,0
d490d7b4576290fa60eb31b5fc917ad1,600,127,336,61,,0.00,61,0
9b72e31dac81715466cd580a448cf823,540,106,367,30,,8.50,30,0
a5e0ff62be0b08456fc7f1e88812af3d,1098,206,378,5,,0.00,5,0
08d98638c6fcd194a4b1e6992063e944,682,171,207,20,,8.50,20,0
bcc0d400288793e8bdcd7c19a8ac0c2b,1349,291,339,46,,0.00,46,0
861dc9bd7f4e7dd3cccd534d0ae2a2e9,1350,291,340,10,,0.00,10,0
3e313b9badf12632cdae5452d20e1af6,1351,291,474,40,,0.00,40,0
8b0dc65f996f98fd178a9defd0efa077,1352,291,476,40,,0.00,40,0
7dcd340d84f762eba80aa538b0c527f7,542,106,172,10,,8.50,10,0
c8ed21db4f678f3b13b9d5ee16489088,722,176,340,1,2025-11-30,0.00,1,0
08419be897405321542838d77f855226,723,176,340,1,2025-11-30,0.00,1,0
7f24d240521d99071c93af3917215ef7,551,107,205,8,,8.50,8,0
ee8374ec4e4ad797d42350c904d73077,1353,291,340,7,,0.00,7,0
af4732711661056eadbf798ba191272a,1354,291,380,15,,0.00,15,0
b8c27b7a1c450ffdacb31483454e0b54,1355,291,443,10,,0.00,10,0
2f55707d4193dc27118a0f19a1985716,493,89,,20,2025-10-31,0.00,11,0
9ac403da7947a183884c18a67d3aa8de,1042,193,,8,2025-12-25,0.00,0,12
7f1171a78ce0780a2142a6eb7bc4f3c8,724,176,340,1,2025-11-30,0.00,1,0
0d3180d672e08b4c5312dcdafdf6ef36,726,176,340,1,2025-11-30,0.00,1,0
fb89705ae6d743bf1e848c206e16a1d7,727,176,340,1,2025-11-30,0.00,1,0
d4c2e4a3297fe25a71d030b67eb83bfc,728,176,340,1,2025-11-30,0.00,1,0
5e388103a391daabe3de1d76a6739ccd,554,107,152,8,,8.50,8,0
5751ec3e9a4feab575962e78e006250d,729,176,340,1,2025-11-30,0.00,1,0
d5cfead94f5350c12c322b5b664544c1,730,176,340,1,2025-11-30,0.00,1,0
59c33016884a62116be975a9bb8257e3,731,176,340,1,2025-11-30,0.00,1,0
ba3866600c3540f67c1e9575e213be0a,732,176,340,1,2025-11-30,0.00,1,0
9f396fe44e7c05c16873b05ec425cbad,673,169,382,30,,0.00,30,0
b9141aff1412dc76340b3822d9ea6c72,1043,193,,12,2025-12-25,0.00,0,24
a0e2a2c563d57df27213ede1ac4ac780,1045,195,,15,2025-12-31,0.00,15,0
6c29793a140a811d0c45ce03c1c93a28,733,176,340,1,2025-11-30,0.00,1,0
e995f98d56967d946471af29d7bf99f1,734,176,340,1,2025-11-30,0.00,1,0
1019c8091693ef5c5f55970346633f92,1044,194,,1,2025-12-25,0.00,1,0
0d7de1aca9299fe63f3e0041f02638a3,674,169,383,10,,0.00,10,0
03f544613917945245041ea1581df0c2,1089,205,380,20,,0.00,20,0
68b1fbe7f16e4ae3024973f12f3cb313,1093,205,382,50,,0.00,50,0
860320be12a1c050cd7731794e231bd3,992,180,386,30,,0.00,30,0
4b04a686b0ad13dce35fa99fa4161c65,785,176,340,1,2025-11-30,0.00,1,0
61b4a64be663682e8cb037d9719ad8cd,786,176,340,1,2025-11-30,0.00,1,0
7380ad8a673226ae47fce7bff88e9c33,497,89,,15,2025-10-31,0.00,8,0
3621f1454cacf995530ea53652ddf8fb,787,176,340,1,2025-11-30,0.00,1,0
68053af2923e00204c3ca7c6a3150cf7,789,176,340,1,2025-11-30,0.00,1,0
995e1fda4a2b5f55ef0df50868bf2a8f,1032,189,,15,2025-12-31,0.00,15,0
cf67355a3333e6e143439161adc2d82e,520,101,,20,2025-09-30,0.00,23,0
07563a3fe3bbe7e3ba84431ad9d055af,521,101,,30,2025-09-30,0.00,36,0
754dda4b1ba34c6fa89716b85d68532b,1091,205,367,40,,0.00,40,0
05f971b5ec196b8c65b75d2ef8267331,498,89,,29,2025-10-31,0.00,32,0
4e2545f819e67f0615003dd7e04a6087,1096,205,366,20,,0.00,20,0
35051070e572e47d2c26c241ab88307f,495,89,,15,2025-10-31,0.00,15,0
a1519de5b5d44b31a01de013b9b51a80,1072,202,400,15,,0.00,15,0
6a2feef8ed6a9fe76d6b3f30f02150b4,1092,205,387,20,,0.00,20,0
b1d10e7bafa4421218a51b1e1f1b0ba2,209,56,312,50,2025-03-31,0.00,50,0
7eabe3a1649ffa2b3ff8c02ebfd5659f,206,56,,20,2025-03-31,0.00,20,0
69adc1e107f7f7d035d7baf04342e1ca,207,56,,20,2025-03-31,0.00,20,0
2dace78f80bc92e6d7493423d729448e,790,176,340,1,2025-11-30,0.00,1,0
e17184bcb70dcf3942c54e0b537ffc6d,1033,189,,2,2025-12-31,0.00,2,0
bdb106a0560c4e46ccc488ef010af787,1034,190,370,20,2025-12-29,9.00,20,0
df7f28ac89ca37bf1abd2f6c184fe1cf,791,176,340,1,2025-11-30,0.00,1,0
96ea64f3a1aa2fd00c72faacf0cb8ac9,792,176,340,1,2025-11-30,0.00,1,0
8a0e1141fd37fa5b98d5bb769ba1a7cc,697,176,340,1,2025-11-30,0.00,1,0
99bcfcd754a98ce89cb86f73acc04645,698,176,340,1,2025-11-30,0.00,1,0
091d584fced301b442654dd8c23b3fc9,208,56,,30,2025-03-31,0.00,30,0
afd4836712c5e77550897e25711e1d96,699,176,340,1,2025-11-30,0.00,1,0
e5841df2166dd424a57127423d276bbe,700,176,340,1,2025-11-30,0.00,1,0
443cb001c138b2561a0d90720d6ce111,648,165,,20,2025-11-30,0.00,20,0
72b32a1f754ba1c09b3695e0cb6cde7f,57,17,207,6,,8.50,6,0
41bfd20a38bb1b0bec75acf0845530a7,1094,205,389,25,,0.00,25,0
45fbc6d3e05ebd93369ce542e8f2322d,216,57,312,100,2025-04-30,0.00,100,0
c410003ef13d451727aeff9082c29a5c,490,88,,16,2025-10-31,0.00,16,0
6f3ef77ac0e3619e98159e9b6febf557,210,56,,50,2025-03-31,0.00,50,0
eb163727917cbba1eea208541a643e74,211,56,,50,2025-03-31,0.00,50,0
e96ed478dab8595a7dbda4cbcbee168f,218,58,,10,2025-05-31,0.00,10,0
d6723e7cd6735df68d1ce4c704c29a04,1095,205,368,20,,0.00,20,0
c0e190d8267e36708f955d7ab048990d,219,58,,20,2025-05-31,0.00,20,0
ec8ce6abb3e952a85b8551ba726a1227,220,58,,20,2025-05-31,0.00,20,0
060ad92489947d410d897474079c1477,221,58,310,10,2025-05-31,0.00,10,0
115f89503138416a242f40fb7d7f338e,223,58,,50,2025-05-31,0.00,50,0
b4a528955b84f584974e92d025a75d1f,701,176,340,1,2025-11-30,0.00,1,0
0ff39bbbf981ac0151d340c9aa40e63e,646,165,,20,2025-11-30,0.00,16,0
a684eceee76fc522773286a895bc8436,54,16,98,1,,8.00,1,0
b53b3a3d6ab90ce0268229151c9bde11,55,16,99,1,,8.00,1,0
bcbe3365e6ac95ea2c0343a2395834dd,222,58,312,100,2025-05-31,0.00,100,0
b1eec33c726a60554bc78518d5f9b32c,702,176,340,1,2025-11-30,0.00,1,0
df877f3865752637daa540ea9cbc474f,533,104,,300,2025-09-30,0.00,300,0
6da9003b743b65f4c0ccd295cc484e57,230,59,313,8,2025-06-30,0.00,8,0
03afdbd66e7929b125f8597834fa83a4,63,18,152,2,,8.50,2,0
f79921bbae40a577928b76d2fc3edc2a,688,174,334,20,2025-12-31,0.00,20,0
07a96b1f61097ccb54be14d6a47439b0,689,174,307,16,2025-12-31,0.00,16,0
a34bacf839b923770b2c360eefa26748,1035,191,396,5,,0.00,5,0
3d2d8ccb37df977cb6d9da15b76c3f3a,655,166,155,3,,8.50,3,0
26408ffa703a72e8ac0117e74ad46f33,656,166,156,2,,8.50,2,0
b4288d9c0ec0a1841b3b3728321e7088,657,166,161,3,,8.50,3,0
2f37d10131f2a483a8dd005b3d14b0d9,658,166,162,2,,8.50,2,0
a26398dca6f47b49876cbaffbc9954f9,1087,205,339,40,,0.00,40,11
10a5ab2db37feedfdeaab192ead4ac0e,691,174,,10,2025-12-31,0.00,10,0
d6c651ddcd97183b2e40bc464231c962,703,176,340,1,2025-11-30,0.00,1,0
9b698eb3105bd82528f23d0c92dedfc0,643,164,377,16,2025-11-30,0.00,16,0
67e103b0761e60683e83c559be18d40c,641,139,,10,2025-11-30,0.00,12,0
9fe8593a8a330607d76796b35c64c600,678,169,365,20,,0.00,20,0
17c276c8e723eb46aef576537e9d56d0,670,169,338,60,,9.00,60,0
f64eac11f2cd8f0efa196f8ad173178e,704,176,340,1,2025-11-30,0.00,1,0
4a47d2983c8bd392b120b627e0e1cab4,705,176,340,1,2025-11-30,0.00,1,0
9c82c7143c102b71c593d98d96093fde,706,176,340,1,2025-11-30,0.00,1,0
500e75a036dc2d7d2fec5da1b71d36cc,707,176,340,1,2025-11-30,0.00,1,0
ae0eb3eed39d2bcef4622b2499a05fe6,708,176,340,1,2025-11-30,0.00,1,0
c06d06da9666a219db15cf575aff2824,690,174,,10,2025-12-31,0.00,10,0
069d3bb002acd8d7dd095917f9efe4cb,580,119,98,3,,8.00,1,0
c6e19e830859f2cb9f7c8f8cacb8d2a6,581,119,99,3,,8.00,3,0
e70611883d2760c8bbafb4acb29e3446,710,176,340,1,2025-11-30,0.00,1,0
32bb90e8976aab5298d5da10fe66f21d,72,19,160,10,,8.50,10,0
9188905e74c28e489b44e954ec0b9bca,244,62,,10,2025-06-30,0.00,10,0
ea5d2f1c4608232e07d3aa3d998e5135,64,19,166,20,,8.50,20,0
7cbbc409ec990f19c78c75bd1e06f215,70,19,161,3,,8.50,3,0
ab233b682ec355648e7891e66c54191b,654,166,378,21,,8.50,21,0
c399862d3b9d6b76c8436e924a68c45b,534,105,324,4,2025-09-30,0.00,4,0
33e8075e9970de0cfea955afd4644bb2,535,105,328,4,2025-09-30,0.00,4,0
37f0e884fbad9667e38940169d0a3c95,529,103,310,16,2025-09-30,0.00,25,0
d64a340bcb633f536d56e51874281454,530,103,,16,2025-09-30,0.00,11,0
9f36407ead0629fc166f14dde7970f68,1084,204,336,30,2026-01-15,8.50,30,0
4f16c818875d9fcb6867c7bdc89be7eb,1085,204,337,30,2025-12-15,8.50,30,0
30bb3825e8f631cc6075c0f87bb4978c,589,123,,10,2025-11-30,0.00,10,0
0fcbc61acd0479dc77e3cccc0f5ffca7,531,103,307,16,2025-09-30,0.00,30,0
298f95e1bf9136124592c8d4825a06fc,532,103,,10,2025-09-30,0.00,13,0
3e89ebdb49f712c7d90d1b39e348bbbf,919,176,367,1,2025-11-30,0.00,1,0
6d0f846348a856321729a2f36734d1a7,920,176,367,1,2025-11-30,0.00,1,0
430c3626b879b4005d41b8a46172e0c0,921,176,367,1,2025-11-30,0.00,1,0
2050e03ca119580f74cca14cc6e97462,473,84,,1,2025-09-30,0.00,1,0
6081594975a764c8e3a691fa2b3a321d,711,176,340,1,2025-11-30,0.00,1,0
884d247c6f65a96a7da4d1105d584ddd,650,165,,20,2025-11-30,0.00,20,0
55743cc0393b1cb4b8b37d09ae48d097,651,165,,30,2025-11-30,0.00,30,0
9ad6aaed513b73148b7d49f70afcfb32,583,120,341,32,,0.00,37,0
f5deaeeae1538fb6c45901d524ee2f98,584,120,360,32,,0.00,37,0
a9a1d5317a33ae8cef33961c34144f84,585,120,370,10,,0.00,10,0
44f683a84163b3523afe57c2e008bc8c,62,18,145,4,,8.50,4,0
53e3a7161e428b65688f14b84d61c610,693,176,340,1,2025-11-30,0.00,1,0
5487315b1286f907165907aa8fc96619,694,176,340,1,2025-11-30,0.00,1,0
9f61408e3afb633e50cdf1b20de6f466,56,16,100,5,,8.00,5,0
e4bb4c5173c2ce17fd8fcd40041c068f,695,176,340,1,2025-11-30,0.00,1,0
0cb929eae7a499e50248a3a78f7acfc7,696,176,340,1,2025-11-30,0.00,1,0
19bc916108fc6938f52cb96f7e087941,712,176,340,1,2025-11-30,0.00,1,0
07c5807d0d927dcd0980f86024e5208b,713,176,340,1,2025-11-30,0.00,1,0
d14220ee66aeec73c49038385428ec4c,714,176,340,1,2025-11-30,0.00,1,0
8df707a948fac1b4a0f97aa554886ec8,715,176,340,1,2025-11-30,0.00,1,0
a3f390d88e4c41f2747bfa2f1b5f87db,68,19,155,8,,8.50,8,0
e2c420d928d4bf8ce0ff2ec19b371514,71,19,162,2,,8.50,2,0
5737034557ef5b8c02c0e46513b98f90,539,106,366,30,,8.50,30,0
eaae339c4d89fc102edd9dbdb6a28915,653,166,167,4,,9.00,4,0
3295c76acbf4caaed33c36b1b5fc2cb1,66,19,171,11,,8.50,11,0
735b90b4568125ed6c3f678819b6e058,67,19,172,10,,8.50,10,0
08c5433a60135c32e34f46a71175850c,597,126,205,8,,8.50,8,0
6cd67d9b6f0150c77bda2eda01ae484c,735,176,340,1,2025-11-30,0.00,1,0
6bc24fc1ab650b25b4114e93a98f1eba,736,176,340,1,2025-11-30,0.00,1,0
a5cdd4aa0048b187f7182f1b9ce7a6a7,737,176,340,1,2025-11-30,0.00,1,0
217eedd1ba8c592db97d0dbe54c7adfc,738,176,340,1,2025-11-30,0.00,1,0
df263d996281d984952c07998dc54358,739,176,340,1,2025-11-30,0.00,1,0
edfbe1afcf9246bb0d40eb4d8027d90f,740,176,340,1,2025-11-30,0.00,1,0
2e65f2f2fdaf6c699b223c61b1b5ab89,741,176,340,1,2025-11-30,0.00,1,0
e94550c93cd70fe748e6982b3439ad3b,742,176,340,1,2025-11-30,0.00,1,0
5c572eca050594c7bc3c36e7e8ab9550,743,176,340,1,2025-11-30,0.00,1,0
0537fb40a68c18da59a35c2bfe1ca554,744,176,340,1,2025-11-30,0.00,1,0
5f0f5e5f33945135b874349cfbed4fb9,745,176,340,1,2025-11-30,0.00,1,0
185e65bc40581880c4f2c82958de8cfe,746,176,340,1,2025-11-30,0.00,1,0
24681928425f5a9133504de568f5f6df,683,172,379,50,,0.00,50,0
38db3aed920cf82ab059bfccbd02be6a,246,62,,30,2025-06-30,0.00,30,0
01f78be6f7cad02658508fe4616098a9,550,107,363,26,,8.50,26,0
f387624df552cea2f369918c5e1e12bc,553,107,369,8,,8.50,8,0
20b5e1cf8694af7a3c1ba4a87f073021,1047,196,394,6,2025-12-31,0.00,6,0
7cce53cf90577442771720a370c3c723,1048,196,397,3,2025-12-31,0.00,3,0
57aeee35c98205091e18d1140e9f38cf,229,59,312,8,2025-06-30,0.00,8,0
84117275be999ff55a987b9381e01f96,665,168,338,25,,8.50,25,0
fae0b27c451c728867a567e8c1bb4e53,666,168,339,15,,8.50,15,0
8d317bdcf4aafcfc22149d77babee96d,747,176,340,1,2025-11-30,0.00,1,0
e49b8b4053df9505e1f48c3a701c0682,748,176,340,1,2025-11-30,0.00,1,0
b056eb1587586b71e2da9acfe4fbd19e,749,176,340,1,2025-11-30,0.00,1,0
b137fdd1f79d56c7edf3365fea7520f2,750,176,340,1,2025-11-30,0.00,1,0
912d2b1c7b2826caf99687388d2e8f7c,751,176,340,1,2025-11-30,0.00,1,0
218a0aefd1d1a4be65601cc6ddc1520e,485,87,326,3,2025-10-31,0.00,3,0
c6bff625bdb0393992c9d4db0c6bbe45,1101,207,365,15,,8.50,15,0
66f041e16a60928b05a7e228a89c3799,58,18,205,11,,8.50,11,0
a1d33d0dfec820b41b54430b50e96b5c,752,176,340,1,2025-11-30,0.00,1,0
c667d53acd899a97a85de0c201ba99be,1102,207,366,10,,8.50,10,0
6f2268bd1d3d3ebaabb04d6b5d099425,753,176,340,1,2025-11-30,0.00,1,0
7bcdf75ad237b8e02e301f4091fb6bc8,538,106,365,30,,8.50,30,0
c75b6f114c23a4d7ea11331e7c00e73c,547,106,160,5,,9.00,5,0
16c222aa19898e5058938167c8ab6c57,541,106,171,11,,8.50,11,0
3cec07e9ba5f5bb252d13f5f431e4bbb,247,62,310,10,2025-06-30,0.00,10,0
ef575e8837d065a1683c022d2077d342,472,83,,100,2025-09-30,0.00,55,0
2b8a61594b1f4c4db0902a8a395ced93,515,98,,1,2025-09-30,0.00,1,0
077e29b11be80ab57e1a2ecabb7da330,249,62,,50,2025-06-30,0.00,50,0
621bf66ddb7c962aa0d22ac97d69b793,248,62,312,100,2025-06-30,0.00,100,0
289dff07669d7a23de0ef88d2f7129e7,234,59,,75,2025-06-30,0.00,75,0
7d04bbbe5494ae9d2f5a76aa1c00fa2f,486,87,325,2,2025-10-31,0.00,2,0
a516a87cfcaef229b342c437fe2b95f7,487,87,327,3,2025-10-31,0.00,3,0
f3f27a324736617f20abbf2ffd806f6d,516,99,316,30,2025-09-30,0.00,37,0
ccb0989662211f61edae2e26d58ea92f,755,176,340,1,2025-11-30,0.00,1,0
2823f4797102ce1a1aec05359cc16dd9,756,176,340,1,2025-11-30,0.00,1,0
470e7a4f017a5476afb7eeb3f8b96f9b,757,176,340,1,2025-11-30,0.00,1,0
bf62768ca46b6c3b5bea9515d1a1fc45,758,176,340,1,2025-11-30,0.00,1,0
38913e1d6a7b94cb0f55994f679f5956,517,99,317,30,2025-09-30,0.00,38,0
b1a59b315fc9a3002ce38bbe070ec3f5,261,65,316,15,2025-10-31,0.00,15,0
13fe9d84310e77f13a6d184dbf1232f3,224,59,,16,2025-06-30,0.00,16,0
fa14d4fe2f19414de3ebd9f63d5c0169,759,176,340,1,2025-11-30,0.00,1,0
d1c38a09acc34845c6be3a127a5aacaf,225,59,321,8,2025-06-30,0.00,8,0
9cfdf10e8fc047a44b08ed031e1f0ed1,226,59,307,16,2025-06-30,0.00,16,0
705f2172834666788607efbfca35afb3,227,59,308,16,2025-06-30,0.00,16,0
36660e59856b4de58a219bcf4e27eba3,262,65,317,15,2025-10-31,0.00,15,0
1534b76d325a8f591b52d302e7181331,212,57,,20,2025-04-30,0.00,20,0
979d472a84804b9f647bc185a877a8b5,213,57,,20,2025-04-30,0.00,20,0
ca46c1b9512a7a8315fa3c5a946e8265,214,57,,20,2025-04-30,0.00,20,0
3b8a614226a953a8cd9526fca6fe9ba5,215,57,310,10,2025-04-30,0.00,10,0
f340f1b1f65b6df5b5e3f94d95b11daf,241,61,,30,2025-07-31,0.00,30,0
2dea61eed4bceec564a00115c4d21334,672,169,340,20,,9.00,20,0
88ae6372cfdc5df69a976e893f4d554b,761,176,340,1,2025-11-30,0.00,1,0
94c7bb58efc3b337800875b5d382a072,552,107,138,8,,8.50,8,0
1be3bc32e6564055d5ca3e5a354acbef,494,89,,20,2025-10-31,0.00,21,0
8fecb20817b3847419bb3de39a609afe,675,169,380,20,,0.00,20,0
dc6a70712a252123c40d2adba6a11d84,676,169,381,20,,0.00,20,0
71a3cb155f8dc89bf3d0365288219936,677,169,367,20,,0.00,20,0
63538fe6ef330c13a05a3ed7e599d5f7,519,101,307,30,2025-09-30,0.00,55,0
e4a6222cdb5b34375400904f03d8e6a5,242,61,,30,2025-07-31,0.00,30,0
cb70ab375662576bd1ac5aaf16b3fca4,243,61,310,10,2025-07-31,0.00,10,0
2bb232c0b13c774965ef8558f0fbd615,523,101,,40,2025-09-30,0.00,35,0
53fde96fcc4b4ce72d7739202324cd49,522,101,,20,2025-09-30,0.00,25,0
06997f04a7db92466a2baa6ebc8b872d,762,176,340,1,2025-11-30,0.00,1,0
eefc9e10ebdc4a2333b42b2dbb8f27b6,763,176,340,1,2025-11-30,0.00,1,0
5807a685d1a9ab3b599035bc566ce2b9,764,176,340,1,2025-11-30,0.00,1,0
5dd9db5e033da9c6fb5ba83c7a7ebea9,671,169,339,60,,9.00,60,0
d840cc5d906c3e9c84374c8919d2074e,765,176,340,1,2025-11-30,0.00,1,0
959a557f5f6beb411fd954f3f34b21c3,766,176,340,1,2025-11-30,0.00,1,0
f2201f5191c4e92cc5af043eebfd0946,767,176,340,1,2025-11-30,0.00,1,0
3a835d3215755c435ef4fe9965a3f2a0,768,176,340,1,2025-11-30,0.00,1,0
288cc0ff022877bd3df94bc9360b9c5d,769,176,340,1,2025-11-30,0.00,1,0
4ea06fbc83cdd0a06020c35d50e1e89a,770,176,340,1,2025-11-30,0.00,1,0
b7ee6f5f9aa5cd17ca1aea43ce848496,771,176,340,1,2025-11-30,0.00,1,0
e57c6b956a6521b28495f2886ca0977a,772,176,340,1,2025-11-30,0.00,1,0
e5f6ad6ce374177eef023bf5d0c018b6,573,116,207,6,,8.50,6,0
86b122d4358357d834a87ce618a55de0,773,176,340,1,2025-11-30,0.00,1,0
beb22fb694d513edcf5533cf006dfeae,797,176,340,1,2025-11-30,0.00,1,0
9e3cfc48eccf81a0d57663e129aef3cb,798,176,340,1,2025-11-30,0.00,1,0
28267ab848bcf807b2ed53c3a8f8fc8a,799,176,340,1,2025-11-30,0.00,1,0
da8ce53cf0240070ce6c69c48cd588ee,793,176,340,1,2025-11-30,0.00,1,0
82489c9737cc245530c7a6ebef3753ec,794,176,340,1,2025-11-30,0.00,1,0
7c590f01490190db0ed02a5070e20f01,795,176,340,1,2025-11-30,0.00,1,0
35cf8659cfcb13224cbd47863a34fc58,796,176,340,1,2025-11-30,0.00,1,0
7a53928fa4dd31e82c6ef826f341daec,800,176,340,1,2025-11-30,0.00,1,0
1905aedab9bf2477edc068a355bba31a,801,176,340,1,2025-11-30,0.00,1,0
1141938ba2c2b13f5505d7c424ebae5f,802,176,340,1,2025-11-30,0.00,1,0
1aa48fc4880bb0c9b8a3bf979d3b917e,803,176,340,1,2025-11-30,0.00,1,0
dc5689792e08eb2e219dce49e64c885b,804,176,340,1,2025-11-30,0.00,1,0
846c260d715e5b854ffad5f70a516c88,805,176,340,1,2025-11-30,0.00,1,0
d58072be2820e8682c0a27c0518e805e,806,176,340,1,2025-11-30,0.00,1,0
6e7b33fdea3adc80ebd648fffb665bb8,807,176,340,1,2025-11-30,0.00,1,0
a8ecbabae151abacba7dbde04f761c37,808,176,340,1,2025-11-30,0.00,1,0
32b30a250abd6331e03a2a1f16466346,809,176,340,1,2025-11-30,0.00,1,0
b6edc1cd1f36e45daf6d7824d7bb2283,810,176,340,1,2025-11-30,0.00,1,0
670e8a43b246801ca1eaca97b3e19189,811,176,340,1,2025-11-30,0.00,1,0
81e74d678581a3bb7a720b019f4f1a93,812,176,340,1,2025-11-30,0.00,1,0
e0cf1f47118daebc5b16269099ad7347,813,176,340,1,2025-11-30,0.00,1,0
96b9bff013acedfb1d140579e2fbeb63,814,176,340,1,2025-11-30,0.00,1,0
71ad16ad2c4d81f348082ff6c4b20768,815,176,340,1,2025-11-30,0.00,1,0
43fa7f58b7eac7ac872209342e62e8f1,816,176,340,1,2025-11-30,0.00,1,0
31839b036f63806cba3f47b93af8ccb5,817,176,340,1,2025-11-30,0.00,1,0
f0adc8838f4bdedde4ec2cfad0515589,818,176,340,1,2025-11-30,0.00,1,0
3b5dca501ee1e6d8cd7b905f4e1bf723,819,176,340,1,2025-11-30,0.00,1,0
e2a2dcc36a08a345332c751b2f2e476c,820,176,340,1,2025-11-30,0.00,1,0
4558dbb6f6f8bb2e16d03b85bde76e2c,821,176,340,1,2025-11-30,0.00,1,0
afda332245e2af431fb7b672a68b659d,822,176,340,1,2025-11-30,0.00,1,0
632cee946db83e7a52ce5e8d6f0fed35,823,176,340,1,2025-11-30,0.00,1,0
677e09724f0e2df9b6c000b75b5da10d,824,176,340,1,2025-11-30,0.00,1,0
d554f7bb7be44a7267068a7df88ddd20,825,176,340,1,2025-11-30,0.00,1,0
795c7a7a5ec6b460ec00c5841019b9e9,826,176,340,1,2025-11-30,0.00,1,0
fa3a3c407f82377f55c19c5d403335c7,827,176,340,1,2025-11-30,0.00,1,0
c2626d850c80ea07e7511bbae4c76f4b,828,176,340,1,2025-11-30,0.00,1,0
ce78d1da254c0843eb23951ae077ff5f,829,176,340,1,2025-11-30,0.00,1,0
8e82ab7243b7c66d768f1b8ce1c967eb,830,176,340,1,2025-11-30,0.00,1,0
e0ec453e28e061cc58ac43f91dc2f3f0,831,176,340,1,2025-11-30,0.00,1,0
7250eb93b3c18cc9daa29cf58af7a004,832,176,340,1,2025-11-30,0.00,1,0
013a006f03dbc5392effeb8f18fda755,833,176,340,1,2025-11-30,0.00,1,0
301ad0e3bd5cb1627a2044908a42fdc2,834,176,340,1,2025-11-30,0.00,1,0
4d5b995358e7798bc7e9d9db83c612a5,835,176,340,1,2025-11-30,0.00,1,0
ab88b15733f543179858600245108dd8,836,176,340,1,2025-11-30,0.00,1,0
b0b183c207f46f0cca7dc63b2604f5cc,837,176,340,1,2025-11-30,0.00,1,0
f9028faec74be6ec9b852b0a542e2f39,838,176,340,1,2025-11-30,0.00,1,0
8f7d807e1f53eff5f9efbe5cb81090fb,839,176,340,1,2025-11-30,0.00,1,0
fa83a11a198d5a7f0bf77a1987bcd006,840,176,340,1,2025-11-30,0.00,1,0
02a32ad2669e6fe298e607fe7cc0e1a0,841,176,340,1,2025-11-30,0.00,1,0
fc3cf452d3da8402bebb765225ce8c0e,842,176,340,1,2025-11-30,0.00,1,0
3d8e28caf901313a554cebc7d32e67e5,843,176,340,1,2025-11-30,0.00,1,0
e97ee2054defb209c35fe4dc94599061,844,176,340,1,2025-11-30,0.00,1,0
b86e8d03fe992d1b0e19656875ee557c,845,176,340,1,2025-11-30,0.00,1,0
84f7e69969dea92a925508f7c1f9579a,846,176,340,1,2025-11-30,0.00,1,0
f4552671f8909587cf485ea990207f3b,847,176,340,1,2025-11-30,0.00,1,0
362e80d4df43b03ae6d3f8540cd63626,848,176,340,1,2025-11-30,0.00,1,0
fe8c15fed5f808006ce95eddb7366e35,849,176,340,1,2025-11-30,0.00,1,0
1efa39bcaec6f3900149160693694536,850,176,340,1,2025-11-30,0.00,1,0
92fb0c6d1758261f10d052e6e2c1123c,851,176,340,1,2025-11-30,0.00,1,0
22ac3c5a5bf0b520d281c122d1490650,852,176,340,1,2025-11-30,0.00,1,0
aff1621254f7c1be92f64550478c56e6,853,176,340,1,2025-11-30,0.00,1,0
f7e9050c92a851b0016442ab604b0488,854,176,340,1,2025-11-30,0.00,1,0
addfa9b7e234254d26e9c7f2af1005cb,855,176,340,1,2025-11-30,0.00,1,0
8c235f89a8143a28a1d6067e959dd858,856,176,340,1,2025-11-30,0.00,1,0
847cc55b7032108eee6dd897f3bca8a5,857,176,340,1,2025-11-30,0.00,1,0
a67f096809415ca1c9f112d96d27689b,858,176,340,1,2025-11-30,0.00,1,0
2a084e55c87b1ebcdaad1f62fdbbac8e,859,176,340,1,2025-11-30,0.00,1,0
fc49306d97602c8ed1be1dfbf0835ead,860,176,340,1,2025-11-30,0.00,1,0
f9a40a4780f5e1306c46f1c8daecee3b,861,176,340,1,2025-11-30,0.00,1,0
5ec91aac30eae62f4140325d09b9afd0,862,176,340,1,2025-11-30,0.00,1,0
19b650660b253761af189682e03501dd,863,176,340,1,2025-11-30,0.00,1,0
1fc214004c9481e4c8073e85323bfd4b,864,176,340,1,2025-11-30,0.00,1,0
3b3dbaf68507998acd6a5a5254ab2d76,865,176,340,1,2025-11-30,0.00,1,0
ca8155f4d27f205953f9d3d7974bdd70,866,176,340,1,2025-11-30,0.00,1,0
ede7e2b6d13a41ddf9f4bdef84fdc737,867,176,340,1,2025-11-30,0.00,1,0
dd45045f8c68db9f54e70c67048d32e8,868,176,340,1,2025-11-30,0.00,1,0
49c9adb18e44be0711a94e827042f630,869,176,340,1,2025-11-30,0.00,1,0
22fb0cee7e1f3bde58293de743871417,870,176,340,1,2025-11-30,0.00,1,0
aeb3135b436aa55373822c010763dd54,871,176,340,1,2025-11-30,0.00,1,0
43feaeeecd7b2fe2ae2e26d917b6477d,872,176,340,1,2025-11-30,0.00,1,0
98d6f58ab0dafbb86b083a001561bb34,873,176,340,1,2025-11-30,0.00,1,0
51ef186e18dc00c2d31982567235c559,874,176,340,1,2025-11-30,0.00,1,0
4b0a59ddf11c58e7446c9df0da541a84,875,176,340,1,2025-11-30,0.00,1,0
67d16d00201083a2b118dd5128dd6f59,876,176,340,1,2025-11-30,0.00,1,0
352407221afb776e3143e8a1a0577885,877,176,340,1,2025-11-30,0.00,1,0
dd8eb9f23fbd362da0e3f4e70b878c16,878,176,340,1,2025-11-30,0.00,1,0
d516b13671a4179d9b7b458a6ebdeb92,879,176,340,1,2025-11-30,0.00,1,0
1f50893f80d6830d62765ffad7721742,880,176,340,1,2025-11-30,0.00,1,0
7504adad8bb96320eb3afdd4df6e1f60,881,176,340,1,2025-11-30,0.00,1,0
6c3cf77d52820cd0fe646d38bc2145ca,882,176,340,1,2025-11-30,0.00,1,0
210f760a89db30aa72ca258a3483cc7f,883,176,340,1,2025-11-30,0.00,1,0
170c944978496731ba71f34c25826a34,884,176,340,1,2025-11-30,0.00,1,0
0efe32849d230d7f53049ddc4a4b0c60,885,176,340,1,2025-11-30,0.00,1,0
704afe073992cbe4813cae2f7715336f,886,176,340,1,2025-11-30,0.00,1,0
7ce3284b743aefde80ffd9aec500e085,887,176,340,1,2025-11-30,0.00,1,0
0a113ef6b61820daa5611c870ed8d5ee,888,176,340,1,2025-11-30,0.00,1,0
07871915a8107172b3b5dc15a6574ad3,889,176,340,1,2025-11-30,0.00,1,0
024d7f84fff11dd7e8d9c510137a2381,890,176,340,1,2025-11-30,0.00,1,0
cfbce4c1d7c425baf21d6b6f2babe6be,891,176,340,1,2025-11-30,0.00,1,0
c2aee86157b4a40b78132f1e71a9e6f1,892,176,340,1,2025-11-30,0.00,1,0
d56b9fc4b0f1be8871f5e1c40c0067e7,893,176,367,1,2025-11-30,0.00,1,0
4b0250793549726d5c1ea3906726ebfe,894,176,367,1,2025-11-30,0.00,1,0
20aee3a5f4643755a79ee5f6a73050ac,895,176,367,1,2025-11-30,0.00,1,0
061412e4a03c02f9902576ec55ebbe77,896,176,367,1,2025-11-30,0.00,1,0
5705e1164a8394aace6018e27d20d237,897,176,367,1,2025-11-30,0.00,1,0
a64c94baaf368e1840a1324e839230de,898,176,367,1,2025-11-30,0.00,1,0
01882513d5fa7c329e940dda99b12147,899,176,367,1,2025-11-30,0.00,1,0
acf4b89d3d503d8252c9c4ba75ddbf6d,900,176,367,1,2025-11-30,0.00,1,0
892c91e0a653ba19df81a90f89d99bcd,901,176,367,1,2025-11-30,0.00,1,0
b6a1085a27ab7bff7550f8a3bd017df8,902,176,367,1,2025-11-30,0.00,1,0
aa169b49b583a2b5af89203c2b78c67c,903,176,367,1,2025-11-30,0.00,1,0
f47d0ad31c4c49061b9e505593e3db98,904,176,367,1,2025-11-30,0.00,1,0
f57a2f557b098c43f11ab969efe1504b,905,176,367,1,2025-11-30,0.00,1,0
c8fbbc86abe8bd6a5eb6a3b4d0411301,906,176,367,1,2025-11-30,0.00,1,0
621461af90cadfdaf0e8d4cc25129f91,907,176,367,1,2025-11-30,0.00,1,0
8b6dd7db9af49e67306feb59a8bdc52c,908,176,367,1,2025-11-30,0.00,1,0
a4300b002bcfb71f291dac175d52df94,909,176,367,1,2025-11-30,0.00,1,0
e205ee2a5de471a70c1fd1b46033a75f,910,176,367,1,2025-11-30,0.00,1,0
b56a18e0eacdf51aa2a5306b0f533204,911,176,367,1,2025-11-30,0.00,1,0
2a9d121cd9c3a1832bb6d2cc6bd7a8a7,912,176,367,1,2025-11-30,0.00,1,0
8b5040a8a5baf3e0e67386c2e3a9b903,913,176,367,1,2025-11-30,0.00,1,0
7634ea65a4e6d9041cfd3f7de18e334a,914,176,367,1,2025-11-30,0.00,1,0
24896ee4c6526356cc127852413ea3b4,915,176,367,1,2025-11-30,0.00,1,0
23ce1851341ec1fa9e0c259de10bf87c,916,176,367,1,2025-11-30,0.00,1,0
da0d1111d2dc5d489242e60ebcbaf988,917,176,367,1,2025-11-30,0.00,1,0
1e056d2b0ebd5c878c550da6ac5d3724,918,176,367,1,2025-11-30,0.00,1,0
e07413354875be01a996dc560274708e,778,176,340,1,2025-11-30,0.00,1,0
67d96d458abdef21792e6d8e590244e7,779,176,340,1,2025-11-30,0.00,1,0
a8e864d04c95572d1aece099af852d0a,780,176,340,1,2025-11-30,0.00,1,0
7143d7fbadfa4693b9eec507d9d37443,781,176,340,1,2025-11-30,0.00,1,0
72da7fd6d1302c0a159f6436d01e9eb0,782,176,340,1,2025-11-30,0.00,1,0
6e0721b2c6977135b916ef286bcb49ec,783,176,340,1,2025-11-30,0.00,1,0
fc8001f834f6a5f0561080d134d53d29,784,176,340,1,2025-11-30,0.00,1,0
14bfa6bb14875e45bba028a21ed38046,69,19,156,2,,8.50,2,0
fc490ca45c00b1249bbe3554a4fdf6fb,65,19,167,10,,8.50,10,0
f4dd765c12f2ef67f98f3558c282a9cd,1052,198,310,1,2026-01-15,0.00,1,0
7fec306d1e665bc9c748b5d2b99a6e97,1053,198,307,6,2026-01-15,0.00,3,3
db2b4182156b2f1f817860ac9f409ad7,1097,206,166,10,,0.00,10,0
b5dc4e5d9b495d0196f61d45b26ef33e,667,168,365,15,,8.50,15,0
192fc044e74dffea144f9ac5dc9f3395,668,168,366,10,,8.50,10,0
5c04925674920eb58467fb52ce4ef728,669,168,367,15,,8.50,15,0
ca9c267dad0305d1a6308d2a0cf1c39c,679,170,98,2,,8.00,2,0
fccb3cdc9acc14a6e70a12f74560c026,680,170,99,2,,8.00,2,0
1595af6435015c77a7149e92a551338e,681,170,100,3,,8.00,3,0
30ef30b64204a3088a26bc2e6ecf7602,652,166,166,4,,9.00,4,0
0ff8033cf9437c213ee13937b1c4c455,659,166,160,5,,9.00,5,0
0768281a05da9f27df178b5c39a51263,1021,187,392,5,2025-12-20,0.00,7,0
fe7ee8fc1959cc7214fa21c4840dff0a,986,178,205,8,,8.50,8,0
df6d2338b2b8fce1ec2f6dda0a630eb0,987,178,385,30,,9.00,30,0
dd77279f7d325eec933f05b1672f6a1f,1116,210,396,10,,0.00,10,0
e19347e1c3ca0c0b97de5fb3b690855a,1115,209,406,10,2026-01-30,9.00,10,0
303ed4c69846ab36c2904d3ba8573050,647,165,,30,2025-11-30,0.00,30,0
9c3b1830513cc3b8fc4b76635d32e692,1113,209,407,10,2026-01-30,9.00,10,0
20d135f0f28185b84a4cf7aa51f29500,1112,209,405,10,2026-01-24,9.00,10,0
647bba344396e7c8170902bcf2e15551,545,106,161,3,,8.50,3,0
ed265bc903a5a097f61d3ec064d96d2e,546,106,162,2,,8.50,2,0
65658fde58ab3c2b6e5132a39fae7cb9,536,106,338,15,,8.50,15,0
4fac9ba115140ac4f1c22da82aa0bc7f,990,180,337,90,,0.00,90,0
692f93be8c7a41525c0baf2076aecfb4,991,180,336,28,,0.00,28,0
c6036a69be21cb660499b75718a3ef24,1120,214,408,53,2026-01-28,0.00,53,0
dc58e3a306451c9d670adcd37004f48f,1070,201,,20,2026-01-15,0.00,20,0
d6ef5f7fa914c19931a55bb262ec879c,1114,209,404,10,2026-01-23,9.00,10,0
9ab0d88431732957a618d4a469a0d4c3,998,182,365,15,,8.50,15,0
0b8aff0438617c055eb55f0ba5d226fa,996,182,338,25,,8.50,25,0
2290a7385ed77cc5592dc2153229f082,1064,200,,10,2026-01-20,0.00,10,12
fc2c7c47b918d0c2d792a719dfb602ef,1069,201,334,20,2026-01-15,0.00,20,9
559cb990c9dffd8675f6bc2186971dc2,491,88,335,40,2025-10-31,0.00,39,0
c60d060b946d6dd6145dcbad5c4ccf6f,1118,212,152,10,2026-01-20,9.00,10,0
a0160709701140704575d499c997b6ca,1099,207,338,10,,8.50,10,0
1e6e0a04d20f50967c64dac2d639a577,1100,207,339,15,,8.50,15,0
6c340f25839e6acdc73414517203f5f0,1063,200,392,5,2026-01-20,0.00,5,2
8597a6cfa74defcbde3047c891d78f90,1119,213,408,60,2026-01-28,9.00,60,0
3a15c7d0bbe60300a39f76f8a5ba6896,1121,214,409,76,2026-01-28,0.00,76,0
a9b7ba70783b617e9998dc4dd82eb3c5,1000,182,367,15,,8.50,15,0
b706835de79a2b4e80506f582af3676a,999,182,366,10,,8.50,10,0
1b0114c51cc532ed34e1954b5b9e4b58,1071,201,391,20,2026-01-15,0.00,20,0
3b712de48137572f3849aabd5666a4e3,1122,215,410,10,,9.00,10,0
a2137a2ae8e39b5002a3f8909ecb88fe,1065,200,,20,2026-01-20,0.00,10,16
3806734b256c27e41ec2c6bffa26d9e7,1028,188,334,20,2025-12-31,0.00,29,0
53adaf494dc89ef7196d73636eb2451b,1068,200,282,30,2026-01-20,0.00,23,23
84d2004bf28a2095230e8e14993d398d,1029,188,282,16,2025-12-31,0.00,22,0
e515df0d202ae52fcebb14295743063b,1030,188,,12,2025-12-31,0.00,12,0
55b37c5c270e5d84c793e486d798c01d,649,165,,30,2025-11-30,0.00,34,0
c7635bfd99248a2cdef8249ef7bfbef4,1124,216,413,20,,9.00,20,0
afdec7005cc9f14302cd0474fd0f3c96,1031,188,391,10,2025-12-31,0.00,10,0
854d9fca60b4bd07f9bb215d59ef5561,489,88,307,16,2025-10-31,0.00,13,0
c3c59e5f8b3e9753913f4d435b53c308,488,88,310,15,2025-10-31,0.00,8,0
8c7bbbba95c1025975e548cee86dfadc,644,164,307,16,2025-11-30,0.00,16,0
883e881bb4d22a7add958f2d6b052c9f,1027,187,282,30,2025-12-20,0.00,36,0
24146db4eb48c718b84cae0a0799dcfc,1026,187,,15,2025-12-20,0.00,15,2
82b8a3434904411a9fdc43ca87cee70c,1025,187,,20,2025-12-20,0.00,44,0
d91d1b4d82419de8a614abce9cc0e6d4,1086,205,338,50,,0.00,50,0
b1563a78ec59337587f6ab6397699afc,1088,205,340,40,,0.00,40,11
b8c37e33defde51cf91e1e03e51657da,1001,183,166,8,,9.00,8,0
fba9d88164f3e2d9109ee770223212a0,1002,183,378,6,,8.50,6,0
cd89fef7ffdd490db800357f47722b20,1062,200,393,5,2026-01-20,0.00,5,2
31857b449c407203749ae32dd0e7d64a,1067,200,,20,2026-01-20,0.00,1,24
5ea1649a31336092c05438df996a3e59,537,106,339,15,,8.50,15,0
81448138f5f163ccdba4acc69819f280,543,106,155,3,,8.50,3,0
ce5140df15d046a66883807d18d0264b,1023,187,,20,2025-12-20,0.00,35,0
93d65641ff3f1586614cf2c1ad240b6c,1022,187,,20,2025-12-20,0.00,32,0
021bbc7ee20b71134d53e20206bd6feb,1024,187,,20,2025-12-20,0.00,21,0
46922a0880a8f11f8f69cbb52b1396be,582,119,100,4,,8.00,4,0
3435c378bb76d4357324dd7e69f3cd18,599,126,374,10,,8.50,10,0
ccc0aa1b81bf81e16c676ddb977c5881,922,176,367,1,2025-11-30,0.00,1,0
c4015b7f368e6b4871809f49debe0579,923,176,367,1,2025-11-30,0.00,1,0
bea5955b308361a1b07bc55042e25e54,924,176,367,1,2025-11-30,0.00,1,0
7fa732b517cbed14a48843d74526c11a,925,176,367,1,2025-11-30,0.00,1,0
cbb6a3b884f4f88b3a8e3d44c636cbd8,926,176,367,1,2025-11-30,0.00,1,0
1f4477bad7af3616c1f933a02bfabe4e,927,176,367,1,2025-11-30,0.00,1,0
d045c59a90d7587d8d671b5f5aec4e7c,928,176,367,1,2025-11-30,0.00,1,0
0d0871f0806eae32d30983b62252da50,929,176,367,1,2025-11-30,0.00,1,0
1cc3633c579a90cfdd895e64021e2163,930,176,367,1,2025-11-30,0.00,1,0
9f53d83ec0691550f7d2507d57f4f5a2,931,176,367,1,2025-11-30,0.00,1,0
d2ed45a52bc0edfa11c2064e9edee8bf,932,176,367,1,2025-11-30,0.00,1,0
043c3d7e489c69b48737cc0c92d0f3a2,933,176,367,1,2025-11-30,0.00,1,0
4daa3db355ef2b0e64b472968cb70f0d,934,176,367,1,2025-11-30,0.00,1,0
e820a45f1dfc7b95282d10b6087e11c0,935,176,367,1,2025-11-30,0.00,1,0
90794e3b050f815354e3e29e977a88ab,936,176,367,1,2025-11-30,0.00,1,0
b7892fb3c2f009c65f686f6355c895b5,937,176,367,1,2025-11-30,0.00,1,0
74bba22728b6185eec06286af6bec36d,938,176,367,1,2025-11-30,0.00,1,0
3df1d4b96d8976ff5986393e8767f5b2,939,176,367,1,2025-11-30,0.00,1,0
8d6dc35e506fc23349dd10ee68dabb64,940,176,367,1,2025-11-30,0.00,1,0
92262bf907af914b95a0fc33c3f33bf6,941,176,367,1,2025-11-30,0.00,1,0
b55ec28c52d5f6205684a473a2193564,942,176,367,1,2025-11-30,0.00,1,0
2f885d0fbe2e131bfc9d98363e55d1d4,943,176,367,1,2025-11-30,0.00,1,0
64223ccf70bbb65a3a4aceac37e21016,944,176,367,1,2025-11-30,0.00,1,0
4b6538a44a1dfdc2b83477cd76dee98e,945,176,367,1,2025-11-30,0.00,1,0
c8c41c4a18675a74e01c8a20e8a0f662,946,176,367,1,2025-11-30,0.00,1,0
c4b31ce7d95c75ca70d50c19aef08bf1,947,176,367,1,2025-11-30,0.00,1,0
58e4d44e550d0f7ee0a23d6b02d9b0db,948,176,367,1,2025-11-30,0.00,1,0
3cef96dcc9b8035d23f69e30bb19218a,949,176,367,1,2025-11-30,0.00,1,0
a3d68b461bd9d3533ee1dd3ce4628ed4,950,176,367,1,2025-11-30,0.00,1,0
1c1d4df596d01da60385f0bb17a4a9e0,951,176,367,1,2025-11-30,0.00,1,0
e6cb2a3c14431b55aa50c06529eaa21b,952,176,367,1,2025-11-30,0.00,1,0
9232fe81225bcaef853ae32870a2b0fe,953,176,367,1,2025-11-30,0.00,1,0
6395ebd0f4b478145ecfbaf939454fa4,954,176,367,1,2025-11-30,0.00,1,0
ef4e3b775c934dada217712d76f3d51f,955,176,367,1,2025-11-30,0.00,1,0
168908dd3227b8358eababa07fcaf091,956,176,367,1,2025-11-30,0.00,1,0
2ba596643cbbbc20318224181fa46b28,957,176,367,1,2025-11-30,0.00,1,0
d240e3d38a8882ecad8633c8f9c78c9b,958,176,367,1,2025-11-30,0.00,1,0
0f840be9b8db4d3fbd5ba2ce59211f55,959,176,367,1,2025-11-30,0.00,1,0
437d7d1d97917cd627a34a6a0fb41136,960,176,367,1,2025-11-30,0.00,1,0
d707329bece455a462b58ce00d1194c9,961,176,367,1,2025-11-30,0.00,1,0
5c936263f3428a40227908d5a3847c0b,962,176,367,1,2025-11-30,0.00,1,0
1ce927f875864094e3906a4a0b5ece68,963,176,367,1,2025-11-30,0.00,1,0
8065d07da4a77621450aa84fee5656d9,964,176,367,1,2025-11-30,0.00,1,0
eeb69a3cb92300456b6a5f4162093851,965,176,367,1,2025-11-30,0.00,1,0
4e0cb6fb5fb446d1c92ede2ed8780188,966,176,367,1,2025-11-30,0.00,1,0
6cfe0e6127fa25df2a0ef2ae1067d915,967,176,367,1,2025-11-30,0.00,1,0
8f468c873a32bb0619eaeb2050ba45d1,968,176,367,1,2025-11-30,0.00,1,0
e744f91c29ec99f0e662c9177946c627,969,176,367,1,2025-11-30,0.00,1,0
89fcd07f20b6785b92134bd6c1d0fa42,970,176,367,1,2025-11-30,0.00,1,0
6602294be910b1e3c4571bd98c4d5484,971,176,367,1,2025-11-30,0.00,1,0
c22abfa379f38b5b0411bc11fa9bf92f,972,176,367,1,2025-11-30,0.00,1,0
ca75910166da03ff9d4655a0338e6b09,973,176,367,1,2025-11-30,0.00,1,0
4311359ed4969e8401880e3c1836fbe1,974,176,367,1,2025-11-30,0.00,1,0
92977ae4d2ba21425a59afb269c2a14e,975,176,367,1,2025-11-30,0.00,1,0
9c01802ddb981e6bcfbec0f0516b8e35,976,176,367,1,2025-11-30,0.00,1,0
cc1aa436277138f61cda703991069eaf,977,176,367,1,2025-11-30,0.00,1,0
2ab56412b1163ee131e1246da0955bd1,978,176,367,1,2025-11-30,0.00,1,0
c32d9bf27a3da7ec8163957080c8628e,979,176,367,1,2025-11-30,0.00,1,0
d79aac075930c83c2f1e369a511148fe,980,176,367,1,2025-11-30,0.00,1,0
287e03db1d99e0ec2edb90d079e142f3,981,176,367,1,2025-11-30,0.00,1,0
4671aeaf49c792689533b00664a5c3ef,1323,283,465,5,2026-05-21,9.00,5,0
c26820b8a4c1b3c2aa868d6d57e14a79,1357,293,478,50,2026-06-15,9.00,50,0
e077e1a544eec4f0307cf5c3c721d944,1331,286,458,10,2026-05-31,9.00,15,0
2b6d65b9a9445c4271ab9076ead5605a,1186,235,387,10,,0.00,10,0
a9be4c2a4041cadbf9d61ae16dd1389e,1362,297,479,5,2026-06-13,9.00,5,0
6c14da109e294d1e8155be8aa4b1ce8e,1231,252,339,30,,9.00,10,20
81dc9bdb52d04dc20036dbd8313ed055,1234,252,339,20,,9.00,0,20
d759175de8ea5b1d9a2660e45554894f,1277,266,339,20,,9.00,0,20
4079016d940210b4ae9ae7d41c4a2065,1287,266,338,25,,9.00,14,11
995665640dc319973d3173a74a03860c,1279,266,338,40,,9.00,29,11
fb508ef074ee78a0e58c68be06d8a2eb,1360,296,307,40,2026-06-20,0.00,37,3
cf9a242b70f45317ffd281241fa66502,1361,296,,20,2026-06-20,0.00,20,0
aace49c7d80767cffec0e513ae886df0,1103,208,338,20,,0.00,20,0
4da04049a062f5adfe81b67dd755cecc,1104,208,339,20,,0.00,20,0
9683cc5f89562ea48e72bb321d9f03fb,1363,298,480,18,2026-06-05,0.00,18,0
effc299a1addb07e7089f9b269c31f2f,1364,301,475,10,2026-06-27,9.00,10,0
d1ee59e20ad01cedc15f5118a7626099,1370,303,422,50,2026-06-25,9.00,50,0
a223c6b3710f85df22e9377d6c4f7553,1367,302,481,30,2026-06-25,9.00,30,0
f3bd5ad57c8389a8a1a541a76be463bf,1372,306,339,20,,0.00,20,0
81ca0262c82e712e50c580c032d99b60,1371,304,422,50,2026-06-30,0.00,50,0
cf1f78fe923afe05f7597da2be7a3da8,1365,302,471,20,2026-06-25,9.00,20,5
6a5889bb0190d0211a991f47bb19a777,1366,302,470,20,2026-06-25,9.00,20,5
0e3a37aa85a14e359df74fa77eded3f6,1369,302,468,10,2026-06-25,10.00,10,0
8d9a0adb7c204239c9635426f35c9522,1378,309,480,5,2026-06-30,0.00,5,0
e56b06c51e1049195d7b26d043c478a0,1373,306,340,20,,0.00,20,0
792c7b5aae4a79e78aaeda80516ae2ac,1374,306,474,20,,0.00,20,0
70feb62b69f16e0238f741fab228fec2,1375,306,482,10,,0.00,10,0
4e0d67e54ad6626e957d15b08ae128a6,1382,312,338,30,,0.00,30,0
bad5f33780c42f2588878a9d07405083,1379,310,480,48,2026-06-30,0.00,48,0
6c1da886822c67822bcf3679d04369fa,1368,302,459,23,2026-06-25,10.00,23,0
79a49b3e3762632813f9e35f4ba53d6c,1376,307,396,20,,9.00,20,0
dc87c13749315c7217cdc4ac692e704c,1295,267,458,10,2026-04-25,9.00,10,0
4fa7c62536118cc404dec4a0ca88d4f6,1387,317,480,22,2026-06-30,0.00,22,53
86e8f7ab32cfd12577bc2619bc635690,1385,315,480,0,2026-06-30,0.00,0,53
ea8fcd92d59581717e06eb187f10666d,1380,311,447,6,2026-06-30,8.50,6,2
d82118376df344b0010f53909b961db3,1381,311,447,4,2026-06-30,9.00,4,2
0c0a7566915f4f24853fc4192689aa7e,1388,318,100,4,2026-07-19,9.50,6,2
363763e5c3dc3a68b399058c34aecf2c,1386,316,98,4,2026-07-12,9.50,4,0
7f53f8c6c730af6aeb52e66eb74d8507,1391,320,451,12,2026-07-25,9.00,12,0
2bd7f907b7f5b6bbd91822c0c7b835f6,1389,319,99,4,2026-07-19,9.50,4,3
359f38463d487e9e29bd20e24f0c050a,1390,319,99,4,2026-07-12,9.50,6,3
