dim_project_sk,project_id,project_name,status
3d58a1ac0433f4cfcf616ce95df9e8d3,06bda73ef887c95030754eea9f31a757,Piano công năng,
c5bb6d12f69b651eb1d5adb04a3093f4,08b2a29b66b9661d532b5f8a14409fc5,Giáng sinh Pop Cover - Public Domain,
bad3b102508a0b823b2b5c816c805193,0b8b3984f964b57c6cd16936e3cf719a,Tropical House Cover - 1 - FMG,
6a4b81bc488452b5e65ea57f53821f0f,0ccbc07ed5d0178efc7de7dcdcfd785f,Piano Relax - FMG,
e95bb2dcd07d1b21718df196e52f2257,0d6d9f2579c7dd861cde8a4cdd4f0663,Sóng âm bật CID - MKT1,
f899139df5e1059396431415e770c6dd,100,Deep House Cover (Chillout) - 1,draft
38b3eff8baf56627478ec76a704e9b52,101,Divo,done
ec8956637a99787bd197eacd77acce5e,102,Dự án FR,done
6974ce5ac660610b44d9b9fed0ff9548,103,EDM Cover - 0,done
c9e1074f5b3f9fc8ea15d152add07294,104,Epidemic,done
65b9eea6e1cc6bb9f0cd2a47751a186f,105,Ghibli,progress
f0935e4cd5920aa6c7c996a5ee53a70f,106,Giáng Sinh Cover - 0,progress
a97da629b098b75c294dffdc3e463904,107,Giáng Sinh Cover - 1,
a3c65c2974270fd093ee8a9bf8ae7d0b,108,Guitar Cover - 0,done
2723d092b63885e0d7c260cc007e8b9d,109,Guitar Original,progress
5f93f983524def3dca464469d2cf9f3e,110,Hangdrum,done
698d51a19d8a121ce581499d7b701668,111,Indie Pop - 2,progress
7f6ffaa6bb0b408017b62254211691b5,112,Jazz,progress
73278a4a86960eeb576a8fd4c9ec6997,113,Kids,progress
5fd0b37cd7dbbb00f97ba6ce92bf5add,114,Kids khác,
2b44928ae11fb9384c4cf38708677c48,115,Kid Songs 2D,
c45147dee729311ef5b5c3003946c48f,116,Lofi,progress
eb160de1de89d9058fcb0b968dbbbd68,117,Love Song Cover - 0,draft
5ef059938ba799aaa845e1c2e8a762bd,118,Nhạc AI MKT 4,done
07e1cd7dca89a1678042477183b7ac3f,119,Nhạc Indo,done
8c6a2f5c7a5a5bd4f355fb032949785b,11ff93f461304d9d9a60f85d6323513f,Deep House - MKT2,
da4fb5c6e93e74d3df8527599fa62642,120,Nhạc Ngủ (KID),progress
4c56ff4ce4aaf9573aa5dff913df997a,121,Nhạc Việt,done
a0a080f42e6f13b3a2df133f073095dd,122,Phonk,progress
202cb962ac59075b964b07152d234b70,123,Phúc Âm,progress
c8ffe9a587b126f152ed3d89a146b445,124,Phúc Âm (có lời),progress
3def184ad8f4755ff269862ea77393dd,125,Piano Cover - 0,progress
069059b7ef840f0c74a814ec9237b6ec,126,Pop Cover - 0,done
ec5decca5ed3d6b8079e2e7e7bacc9f2,127,R&B,progress
76dc611d6ebaafc66cc0879c71b5db5c,128,R&B Cover - 0,draft
9b8619251a19057cff70779273e95aa6,130,Relax,progress
1afa34a7f984eeabdbb0a7d494132ee5,131,Sáo Tây Tạng,progress
65ded5353c5ee48d0b7d48c591b8f430,132,Sóng âm,progress
9fc3d7152ba9336a670e36d0ed79bc43,133,Top Hits Cover - 0,progress
02522a2b2726fb0a03bb19f2d8d9524d,134,Trance,done
7f1de29e6da19d22b51c68001e7e0e54,135,Tropical House Cover - 1,draft
42a0e188f5033bc65bf8d78622277c4e,136,Violin Cover - 0,draft
3988c7f88ebcb58c6ce932b957b6f332,137,Whitenoise,progress
013d407166ec4fa56eb1e1f8cbe183b9,138,Downtempo,progress
e00da03b685a0dd18fb6a08af0923de0,139,Chill 'n groove,progress
1385974ed5904a438616ff7bdb3f7439,140,Jazz House,progress
0f28b5d49b3020afeecd95b4009adf4c,141,Indie/Folk,progress
a8baa56554f96369ab93e4f3bb068c22,142,Chillout,progress
903ce9225fca3e988c2af215d4e544d3,143,Om Healing,progress
0a09c8844ba8f0936c20bd791130d6b6,144,Rock,progress
2b24d495052a8ce66358eb576b8912c8,145,Không thuộc dự án,
f2217062e9a397a1dca429e7d70bc6ca,149,Deep Chill House,progress
7ef605fc8dba5425d6965fbd4c8fbe1f,150,Nhạc Pop Trung Quốc,progress
37a749d808e46495a8da1e5352d03cae,152,French Instrumental,
b3e3e393c77e35a4a3f3cbd1e429b5dc,153,Sáo Nam Mỹ,
1d7f7abc18fcb43975065399b0d1e48e,154,Neo Classical,
2a79ea27c279e471f4d180b08d62b00a,155,Dự án chung,
6c4b761a28b734fe93831e3fb400ce87,157,Latin Cover - 1,
06409663226af2f3114485aa4e0a23b4,158,Piano Cover - 1,
140f6969d5213fd0ece03148e62e461e,159,Rock Ballad Cover - 1,
2216092359e1df37da933532ebb8c81a,15b054a3df047b9763f8b31073a1baf5,Jazz - MKT2,
b73ce398c39f506af761d2277d853a92,160,Saxophone Cover - 1,
bd4c9ab730f5513206b999ec0d90d1fb,161,Indie Folk Cover - 1,
82aa4b0af34c2313a562076992e50aa3,162,Pop Cover - 1,
0777d5c17d4066b82ab86dff8a46af6f,163,Reggae Cover - 1,
12248806cee6df38a80eb4b7ee077717,163db4ee937f5c5392ec08e6815ddbef,Phúc âm bật CID,
fa7cdfad1a5aaf8370ebeda47a1ff1c3,164,Afro Cover - 1,
9766527f2b5d3e95d4a733fcfb77bd7e,165,Cinematic Cover - 1,
7e7757b1e12abcb736ab9a754ffb617a,166,Lofi Cover - 1,
0ab0abaac23ebd40d7cc66bd9ef536b1,167331f798fa58d62b6c4f57eb32024a,Deep House Cover (Chillout) - 0 - FMG,
1065eb47bc2ff7155a3e7722d5b41fed,1df08711853a9ed25dee4ef8a2ddc866,Sóng âm - MKT1,
c11f9dd20808715b1bb6e0a09de58598,1f1db3eca737b937922a73185376a376,Deep House - AI,
28a3537ab4728dab72d2700313d67dd6,20f0f85e5a3a9325e9c599e2687a02fa,Nhạc Trung - 2 - MKT1,
0e9c52dd7f6b0773f1d4fa1bd60b5cb7,222272caa193ac1a38e10deed2ea5722,Sóng âm - MKT2,
4807521819b793249c6299c8b4fa4627,24d6fdace1a1526399746a99758cad82,Afro House,
bc92519a116be00225e340bbc8c5fde6,25d44036c699943b1fcdbe428e3dc141,Jazz - MKT4,
695881c799195a5501fc6fddd44504a4,265835f78e1bcfd141e73b1bcb002020,Phonk bật CID,
b929db3906594bf315f735ecf31e5311,28856e1e1693096616c7fa69ef73d020,Piano Cover - 1 - 2,
7418e70e0a0687653197d45b8bf76b89,2b80db527f4b294edb86564b0e429810,Piano bật CID - MKT1,
d22078f155c5692e4b8d8f449b2b210b,2ca63cddd54f9490efad22421891a9d1,House,
5a305f4ecd3174d1cb0df89bbb41fa1a,2d3d5bd85389756065711bc42206c5a9,Piano bật CID,
0bb53a4ae596e44188c0913636e688c4,358bcb552d568349e45403961251ce55,Sóng âm - HG,
263aab5ee4076339b591e7dfbd2759c9,399512b3e9e70d983aa07c79916df713,Classical Độc Tấu - HG,
1fb1e7e182fd620f9eedbbb94c741a7e,3ec24579000cf90287f495053137f9a6,Deep House - 2 - MKT2,
0cbb0f06e2edb46ac9a0382351fc3ecd,3ee4bb0f23c51736d4ef6144bd0960b4,Cinematic - BG,
22c27b8ceb7f0f2411c4b492cd5bde2c,41664e2df0db52cf764858fb461c1944,Jazz - FMG,
f3a764b825be37a4ab230836aded0ce0,46aa273839fd56b93ea6d6173e95bb53,Kid Song Original có lời,
67434b396619e623a5b528dd6878869e,4b7fa22625f65af1642fa6558236f368,Deep House Cover - 1 - FMG,
fd3c1719a44f86ae87f611158ce6de44,4c12d2ebc6a52a396a75b13e66dd71bd,Deep House Cover-0,
185b9287fc4f1fabee57afd3ee9292b3,508da0af802a17ee38dcea24714f7fb7,Sóng âm bật CID,
31f94d8f65fe42d019834817cfc8feff,5138a1ea0ba06df52d92dcdab9c79dd5,Jazz bật CID,
1edeb0712cb5392424378f264ebaeec9,51a034e382072f884fa356145b361ae9,Lofi bật CID - MKT1,
f912afb0b8924f756d2aef11e200177e,544367942d42ae4393c744a508ad3b17,Classical - MKT1,
a620da50e310d3edebd79cff531b9acf,554e64f13710dacb0c5dc0bcfbfeb026,Giáng sinh Pop Cover - 1,
238325385f25155877e022cb2fa73711,57df190165c1fca2d1ec44f75916dd2a,Classical bật CID,
5900463842ad70bc7b3c2020629dcc84,58c206ed536c406844931eac8cfd143d,House bật CID,
2290d700369837cdbff2839291054867,593258ed278518150ff051df0e8f4f92,Phúc Âm (có lời) - 2 - MKT2,
4aa34203e1adafdbd25fa16156d46591,5c19578f5d20c44df579816e806e6014,Jazz - MKT1,
8697fd860f1909ebdd90bfda42af1b34,5ea437176ef8fa97761e051504525c25,Deep House - MKT1,
e40f2197f982d7b9ae9fc5545910dec5,6031795d8b252bdc8494721988cbb46b,House bật CID - MKT1,
4703eb310d59d978c62d8d7a330433a6,615a8f57c3862d2f7c01eefb2926cffd,Om Healing - Label,
e339ccd5cb8c4c19f1b136b6a9c63d45,69e72895ddd30c97547b7cfc40dd5a90,Giáng sinh VICE,
e2c420d928d4bf8ce0ff2ec19b371514,71,Review phim,done
3986e5d07c36013c6a58eb1bb8f525cf,714c703fa5d83521bb04ffd94b7c2bb3,Lofi - MKT2,
32bb90e8976aab5298d5da10fe66f21d,72,Thiền,done
d2ddea18f00665ce8623e36bd4e3c7c5,73,Handmade,done
7c0d70e10609c57a18eb4534d74704ff,73457ee1f3db503b02eca90451439a62,Lofi - 2 - MKT2,
349c1723ed23aa36858c5f2eb7a345f3,736dc636575bac0f5b44795ba1679550,Sóng âm - BG,
ad61ab143223efbc24c7d2583be69251,74,Nail,done
d09bf41544a3365a46c9077ebb5e35c3,75,Comosix - DT Studio,done
fbd7939d674997cdb4692d34de8633c4,76,Robot 3D VFX,done
5f7465934a73333a87a6c6351e97cfc8,7690e00b2ed6eb5e4f0af9341c5bb1ce,Guitar bật CID,
28dd2c7955ce926456240b2ff0100bde,77,Comosix - Mega Creative Stopmotion,done
53de1b908899f9ad1b891a02f74e9bef,772e218f04bcbaa5b14d775d0cb96333,Indie Pop - 2 - MKT1,
35f4a8d465e6e1edc05f3d8ab658c551,78,Sonic,done
d1fe173d08e959397adf34b1d77e88d7,79,Minecraft,done
32013c696f73ff3cebd73d95ab5f4984,7fda48f67f4937f01516e713e8d39760,Giáng Sinh Cover,
f033ab37c30201f73f142449d037028d,80,Vic - Comosix,done
43ec517d68b6edd3015b3edc9a11367b,81,Roblox,done
9778d5d219c5080b9a6a17bef029331c,82,Scary teacher,done
fe9fc289c3ff0af142b6d3bead98a923,83,Streetfood,progress
68d30a9594728bc39aa24be94b319d21,84,Tiktok,done
3ef815416f775098fe977004015c6193,85,Vlog,done
93db85ed909c13838ff95ccfa94cebd9,86,Voice,progress
9430ec8f73e2dcaab6595914e7bbc61d,86f65b42f95073395d4368f94d83490d,Pop Cover - 1 - 2,
c7e1249ffc03eb9ded908c236bd1996d,87,WMG,done
2a38a4a9316c49e5a833517c45d31070,88,Acoustic Cover - 0,done
7647966b7343c29048673252e490f736,89,Afrotech Cover - 1,progress
108d4a36227b9c48960f63d94225da3b,8a32c743bf6ada532a0a0785c5171177,Phúc âm - MKT2,
c3a42a032d238bc549d99028ed87f49a,8e87abbaa7e70dbd53470200ebbc6e9b,Cinematic - MKT2,
2f25e3b71777f225579ee228a58fd2a3,8f5143a0bfc5d23870b74251d291be7a,Deep Chill House - 2 - MKT1,
8613985ec49eb8f757ae6439e879bb2a,90,Cinematic,progress
d810b177144b55cde75a7c9f6e442355,902c147724ead583e237a08a804521ec,Relax Sóng âm,
54229abfcfa5649e7003b83dd4755294,91,Classical,progress
9eb4035b0692a770c0db2024b5aa6650,91c44eb574cdd11c64af0f7533872995,Guitar Cover,
92cc227532d17e56e07902b254dfad10,92,Country Cover - 0,draft
03ef3845123188c12a6063017f4090e4,928558193d47334c685e0ff42132aa9a,Relax - Sóng âm,
98dce83da57b0395e163467c9dae521b,93,Dance Cover - 0,done
f4b9ec30ad9f68f89b29639786cb62ef,94,Dark Ambience,progress
6147b5a8ab09c8ae7e8727e70ec9e3c8,94cbf45299c1ff766052a52d59f03f6a,Piano - MKT4,
812b4ba287f5ee0bc9d43bbf5bbe87fb,95,Dark Piano,done
26657d5ff9020d2abefe558796b99584,96,Deep House,progress
6d77b1a4ceae040ec1502e0e1e4f8586,9613d4f5f077d181f2feaff55a3879e2,Lofi bật CID,
ac4d15a7b9f121666b4090d1ea70bf62,968067e45d2ffda0de417a9659ef6e03,Dance Cover,
e2ef524fbf3d9fe611d5a8e90fefdc9c,97,Deep House Cover - 0,progress
ed3d2c21991e3bef5e069713af9fa6ca,98,Deep House Cover - 1,progress
8b4ecd9f9e02ce7a910d9484998d64dd,98f2df14832622118faa27eb392f6ee7,Indie/folk - 2 - MKT1,
ac627ab1ccbdb62ec96e702f07f6425b,99,Deep House Cover (Chillout) - 0,draft
18021771ebbe0049fa005f54767e7b76,aee903417f1a5cce77e6b706471141f1,Sóng âm Relax,
2135ec427dae1928441d0b40438e7a6d,c3128e12e38497742d3320a03879030a,Piano - MKT1,
01d9cdc93a806cfcae7a5196a046bbb9,c54d87433d070ad964ed101762470855,Chillout - 2 - MKT2,
9d791a97c75ee413ffa509b52445d043,c7b5338e41a53d8f676f6976a23028a3,Indo YEG,
87d9181ab786c45b05127783b5bbf667,d0201569c344876aba4f106cea453ab5,Symphony Orchestra - 2 - MKT1,
af66103fe0b5e9af148d3da1a0dcfa46,d146caaa227d84886ad3640b6a95b21c,Kid Song Cover,
df1d1a07e2b0f8e71940057888a0e055,d15042c2646c2ae04e41ae17eddba471,Piano Relax - HG,
99c873c1a081eb447cdda96a36d10cdd,d70906f065ac023b2404eade44c05dc2,Jolly Jolly,
a78e98d6965f618b12ee208380f4970f,e8916f64d72922046b8f6b86f77a00ee,Funk,
29eb9c596fa9638630fdc2674e9b99da,ea852e9e51de51354925b7a5177a4f2d,Deep House Cover (Chillout) - 1 - FMG,
0230ab0dddbf3fb8fcc6a5bc3804bf0c,ec1dd8c1f99048044938b8fba2858178,Downtempo - MKT1,
086853e78d8e47d7a0334079ac076c71,ec4c61f363f3d874ccdf9cec5c199e17,Classical video - MKT1,
1d26244d62cceacedc673e5bb41ef273,f0e18c89518896b5f1de9f3531b1d07f,Hang Drum,
141b56f0114db248c8607fc119bb7a45,f28c2527595bf6c93218c361b3ccc261,Guitar - MKT2,
cdbcb686117845ba3fa569d78fa71006,f6282883638392bcbdd763c1a4290951,Lofi - MKT1,
aaf559fbbe2c5d6b753b7f4675e8219b,f9e5b25b21afad1ce93d459de9486a1c,Classical bật CID - MKT1,
fbfef039cbd2286f5bb6b0ac390e7f27,fc86720e32bcf9a8b055fe2ecae8fc99,Piano - MKT2,
2bb32f1ee47a206db1265fa698e61d52,fff66a4d00c8ed7bb7814ff29d0faca2,Ambient,
