fact_label_operation_sk,resource_id,release_status,release_date,acceptance_url,isrc,distributor
ba3866600c3540f67c1e9575e213be0a,732,sent,2025-11-21 00:00:00,,QT2WN2502730,1
6e0721b2c6977135b916ef286bcb49ec,783,sent,2025-11-21 00:00:00,,QT2WN2502731,1
fc8001f834f6a5f0561080d134d53d29,784,sent,2025-11-21 00:00:00,,QT2WN2502732,1
d4c2e4a3297fe25a71d030b67eb83bfc,728,sent,2025-12-05 00:00:00,,QT2WN2502733,1
6c29793a140a811d0c45ce03c1c93a28,733,sent,2025-12-05 00:00:00,,QT2WN2502734,1
2a79ea27c279e471f4d180b08d62b00a,155,sent,2025-12-12 00:00:00,,QT2WN2502735,1
1c9ac0159c94d8d0cbedc973445af2da,156,sent,2025-12-12 00:00:00,,QT2WN2502736,1
6c4b761a28b734fe93831e3fb400ce87,157,sent,2025-12-12 00:00:00,,QT2WN2502737,1
06409663226af2f3114485aa4e0a23b4,158,sent,2025-12-12 00:00:00,,QT2WN2502738,1
140f6969d5213fd0ece03148e62e461e,159,sent,2025-12-12 00:00:00,,QT2WN2502739,1
b73ce398c39f506af761d2277d853a92,160,sent,2025-12-12 00:00:00,,QT2WN2502740,1
e00da03b685a0dd18fb6a08af0923de0,139,sent,2025-12-12 00:00:00,,QT2WN2502741,1
1385974ed5904a438616ff7bdb3f7439,140,sent,2025-12-12 00:00:00,,QT2WN2502742,1
0f28b5d49b3020afeecd95b4009adf4c,141,sent,2025-12-12 00:00:00,,QT2WN2502743,1
a8baa56554f96369ab93e4f3bb068c22,142,sent,2025-12-12 00:00:00,,QT2WN2502744,1
903ce9225fca3e988c2af215d4e544d3,143,sent,2025-12-12 00:00:00,,QT2WN2502745,1
07e1cd7dca89a1678042477183b7ac3f,119,sent,2025-12-26 00:00:00,,QT2WN2502746,1
da4fb5c6e93e74d3df8527599fa62642,120,sent,2025-12-26 00:00:00,,QT2WN2502747,1
4c56ff4ce4aaf9573aa5dff913df997a,121,sent,2025-12-26 00:00:00,,QT2WN2502748,1
a0a080f42e6f13b3a2df133f073095dd,122,sent,2025-12-26 00:00:00,,QT2WN2502749,1
202cb962ac59075b964b07152d234b70,123,sent,2025-12-26 00:00:00,,QT2WN2502750,1
0a09c8844ba8f0936c20bd791130d6b6,144,sent,2025-12-26 00:00:00,,QT2WN2502751,1
2b24d495052a8ce66358eb576b8912c8,145,sent,2025-12-26 00:00:00,,QT2WN2502752,1
a5e00132373a7031000fd987a3c9f87b,146,sent,2025-12-26 00:00:00,,QT2WN2502753,1
8d5e957f297893487bd98fa830fa6413,147,sent,2025-12-26 00:00:00,,QT2WN2502754,1
47d1e990583c9c67424d369f3414728e,148,sent,2025-12-26 00:00:00,,QT2WN2502755,1
5fd0b37cd7dbbb00f97ba6ce92bf5add,114,sent,2026-01-09 00:00:00,,QT2WN2502756,1
2b44928ae11fb9384c4cf38708677c48,115,sent,2026-01-09 00:00:00,,QT2WN2502757,1
38b3eff8baf56627478ec76a704e9b52,101,sent,2025-11-21 00:00:00,,QT2WN2502758,1
f899139df5e1059396431415e770c6dd,100,sent,2025-11-21 00:00:00,,QT2WN2502759,1
ac627ab1ccbdb62ec96e702f07f6425b,99,sent,2025-11-21 00:00:00,,QT2WN2502760,1
ed3d2c21991e3bef5e069713af9fa6ca,98,sent,2025-11-21 00:00:00,,QT2WN2502761,1
e2ef524fbf3d9fe611d5a8e90fefdc9c,97,sent,2025-11-21 00:00:00,,QT2WN2502762,1
26657d5ff9020d2abefe558796b99584,96,sent,2025-11-21 00:00:00,,QT2WN2502763,1
b7ee6f5f9aa5cd17ca1aea43ce848496,771,sent,2025-11-21 00:00:00,,QT2WN2502764,1
4ea06fbc83cdd0a06020c35d50e1e89a,770,sent,2025-11-21 00:00:00,,QT2WN2502765,1
bf62768ca46b6c3b5bea9515d1a1fc45,758,sent,2025-11-21 00:00:00,,QT2WN2502766,1
470e7a4f017a5476afb7eeb3f8b96f9b,757,sent,2025-11-21 00:00:00,,QT2WN2502767,1
e995f98d56967d946471af29d7bf99f1,734,sent,2025-12-19 00:00:00,,QT2WN2502768,1
5751ec3e9a4feab575962e78e006250d,729,sent,2025-12-19 00:00:00,,QT2WN2502769,1
0537fb40a68c18da59a35c2bfe1ca554,744,sent,2025-10-17 00:00:00,,QT2WN2502770,1
5c572eca050594c7bc3c36e7e8ab9550,743,sent,2025-10-17 00:00:00,,QT2WN2502771,1
e94550c93cd70fe748e6982b3439ad3b,742,sent,2025-10-17 00:00:00,,QT2WN2502772,1
2e65f2f2fdaf6c699b223c61b1b5ab89,741,sent,2025-10-17 00:00:00,,QT2WN2502773,1
6cd67d9b6f0150c77bda2eda01ae484c,735,sent,2025-10-17 00:00:00,,QT2WN2502774,1
d5cfead94f5350c12c322b5b664544c1,730,sent,2025-10-17 00:00:00,,QT2WN2502775,1
c0f168ce8900fa56e57789e2a2f2c9d0,775,sent,2026-01-02 00:00:00,,QT2WN2502783,1
4e0928de075538c593fbdabb0c5ef2c3,774,sent,2026-01-02 00:00:00,,QT2WN2502784,1
8c6744c9d42ec2cb9e8885b54ff744d0,776,sent,2026-01-02 00:00:00,,QT2WN2502785,1
f1c1592588411002af340cbaedd6fc33,777,sent,2026-01-02 00:00:00,,QT2WN2502786,1
fb89705ae6d743bf1e848c206e16a1d7,727,sent,2025-12-26 00:00:00,,QT2WN2502787,1
df263d996281d984952c07998dc54358,739,sent,2025-12-26 00:00:00,,QT2WN2502788,1
edfbe1afcf9246bb0d40eb4d8027d90f,740,sent,2025-12-26 00:00:00,,QT2WN2502789,1
a8e864d04c95572d1aece099af852d0a,780,sent,2025-12-26 00:00:00,,QT2WN2502790,1
86b122d4358357d834a87ce618a55de0,773,sent,2025-12-26 00:00:00,,QT2WN2502791,1
e57c6b956a6521b28495f2886ca0977a,772,sent,2025-12-26 00:00:00,,QT2WN2502792,1
67d96d458abdef21792e6d8e590244e7,779,sent,2025-12-26 00:00:00,,QT2WN2502793,1
e07413354875be01a996dc560274708e,778,sent,2025-12-26 00:00:00,,QT2WN2502794,1
217eedd1ba8c592db97d0dbe54c7adfc,738,sent,2026-01-09 00:00:00,,QT2WN2502795,1
a5cdd4aa0048b187f7182f1b9ce7a6a7,737,sent,2026-01-09 00:00:00,,QT2WN2502796,1
02522a2b2726fb0a03bb19f2d8d9524d,134,sent,2025-11-14 00:00:00,,QT2WN2502811,1
7f1de29e6da19d22b51c68001e7e0e54,135,sent,2025-11-14 00:00:00,,QT2WN2502812,1
42a0e188f5033bc65bf8d78622277c4e,136,sent,2025-11-14 00:00:00,,QT2WN2502813,1
3988c7f88ebcb58c6ce932b957b6f332,137,sent,2025-11-14 00:00:00,,QT2WN2502814,1
013d407166ec4fa56eb1e1f8cbe183b9,138,sent,2025-11-14 00:00:00,,QT2WN2502815,1
f2217062e9a397a1dca429e7d70bc6ca,149,sent,2025-11-14 00:00:00,,QT2WN2502816,1
7ef605fc8dba5425d6965fbd4c8fbe1f,150,sent,2025-11-14 00:00:00,,QT2WN2502817,1
a8f15eda80c50adb0e71943adc8015cf,151,sent,2025-11-14 00:00:00,,QT2WN2502818,1
37a749d808e46495a8da1e5352d03cae,152,sent,2025-11-14 00:00:00,,QT2WN2502819,1
b3e3e393c77e35a4a3f3cbd1e429b5dc,153,sent,2025-11-14 00:00:00,,QT2WN2502820,1
1d7f7abc18fcb43975065399b0d1e48e,154,sent,2025-11-14 00:00:00,,QT2WN2502821,1
eb160de1de89d9058fcb0b968dbbbd68,117,sent,2025-10-31 00:00:00,,QT2WN2502858,1
5ef059938ba799aaa845e1c2e8a762bd,118,sent,2025-10-31 00:00:00,,QT2WN2502859,1
7f6ffaa6bb0b408017b62254211691b5,112,sent,2025-11-21 00:00:00,,QT2WN2502860,1
73278a4a86960eeb576a8fd4c9ec6997,113,sent,2025-11-07 00:00:00,,QT2WN2502861,1
0d3180d672e08b4c5312dcdafdf6ef36,726,sent,2025-11-21 00:00:00,,QT2WN2502862,1
f0935e4cd5920aa6c7c996a5ee53a70f,106,sent,2025-11-21 00:00:00,,QT2WN2502863,1
65b9eea6e1cc6bb9f0cd2a47751a186f,105,sent,2025-11-21 00:00:00,,QT2WN2502864,1
eefc9e10ebdc4a2333b42b2dbb8f27b6,763,sent,2025-11-14 00:00:00,,QT2WN2502893,1
06997f04a7db92466a2baa6ebc8b872d,762,sent,2025-11-14 00:00:00,,QT2WN2502894,1
88ae6372cfdc5df69a976e893f4d554b,761,sent,2025-11-14 00:00:00,,QT2WN2502895,1
2ca65f58e35d9ad45bf7f3ae5cfd08f1,760,sent,2025-11-14 00:00:00,,QT2WN2502896,1
fa14d4fe2f19414de3ebd9f63d5c0169,759,sent,2025-11-14 00:00:00,,QT2WN2502897,1
a97da629b098b75c294dffdc3e463904,107,sent,2025-11-14 00:00:00,,QT2WN2502898,1
a3c65c2974270fd093ee8a9bf8ae7d0b,108,sent,2025-11-14 00:00:00,,QT2WN2502899,1
2723d092b63885e0d7c260cc007e8b9d,109,sent,2025-11-14 00:00:00,,QT2WN2502900,1
5f93f983524def3dca464469d2cf9f3e,110,sent,2025-11-14 00:00:00,,QT2WN2502901,1
698d51a19d8a121ce581499d7b701668,111,sent,2025-11-14 00:00:00,,QT2WN2502902,1
c8ffe9a587b126f152ed3d89a146b445,124,sent,2025-12-12 00:00:00,,QT2WN2502903,1
3def184ad8f4755ff269862ea77393dd,125,sent,2025-12-12 00:00:00,,QT2WN2502904,1
069059b7ef840f0c74a814ec9237b6ec,126,sent,2025-12-12 00:00:00,,QT2WN2502905,1
ec5decca5ed3d6b8079e2e7e7bacc9f2,127,sent,2025-12-12 00:00:00,,QT2WN2502906,1
76dc611d6ebaafc66cc0879c71b5db5c,128,sent,2025-12-12 00:00:00,,QT2WN2502907,1
d1f491a404d6854880943e5c3cd9ca25,129,sent,2025-12-12 00:00:00,,QT2WN2502908,1
9b8619251a19057cff70779273e95aa6,130,sent,2025-12-12 00:00:00,,QT2WN2502909,1
1afa34a7f984eeabdbb0a7d494132ee5,131,sent,2025-12-12 00:00:00,,QT2WN2502910,1
65ded5353c5ee48d0b7d48c591b8f430,132,sent,2025-12-12 00:00:00,,QT2WN2502911,1
9fc3d7152ba9336a670e36d0ed79bc43,133,sent,2025-12-12 00:00:00,,QT2WN2502912,1
ec8956637a99787bd197eacd77acce5e,102,sent,2025-11-28 00:00:00,,QT2WN2502919,1
6974ce5ac660610b44d9b9fed0ff9548,103,sent,2025-11-28 00:00:00,,QT2WN2502920,1
c9e1074f5b3f9fc8ea15d152add07294,104,sent,2025-11-28 00:00:00,,QT2WN2502921,1
185e65bc40581880c4f2c82958de8cfe,746,sent,2025-11-14 00:00:00,,QT2WN2502934,1
5f0f5e5f33945135b874349cfbed4fb9,745,sent,2025-11-14 00:00:00,,QT2WN2502935,1
5807a685d1a9ab3b599035bc566ce2b9,764,sent,2025-11-28 00:00:00,,QT2WN2502936,1
d840cc5d906c3e9c84374c8919d2074e,765,sent,2025-11-28 00:00:00,,QT2WN2502937,1
959a557f5f6beb411fd954f3f34b21c3,766,sent,2025-11-28 00:00:00,,QT2WN2502938,1
f2201f5191c4e92cc5af043eebfd0946,767,sent,2025-11-28 00:00:00,,QT2WN2502939,1
72da7fd6d1302c0a159f6436d01e9eb0,782,sent,2025-11-28 00:00:00,,QT2WN2502940,1
7143d7fbadfa4693b9eec507d9d37443,781,sent,2025-11-28 00:00:00,,QT2WN2502941,1
288cc0ff022877bd3df94bc9360b9c5d,769,sent,2025-11-28 00:00:00,,QT2WN2502942,1
3a835d3215755c435ef4fe9965a3f2a0,768,sent,2025-11-28 00:00:00,,QT2WN2502943,1
b056eb1587586b71e2da9acfe4fbd19e,749,sent,2025-11-28 00:00:00,,QT2WN2502944,1
e49b8b4053df9505e1f48c3a701c0682,748,sent,2025-11-28 00:00:00,,QT2WN2502945,1
8d317bdcf4aafcfc22149d77babee96d,747,sent,2025-11-28 00:00:00,,QT2WN2502946,1
2823f4797102ce1a1aec05359cc16dd9,756,sent,2025-10-24 00:00:00,,QT2WN2502948,1
ccb0989662211f61edae2e26d58ea92f,755,sent,2025-10-24 00:00:00,,QT2WN2502949,1
912d2b1c7b2826caf99687388d2e8f7c,751,sent,2025-10-24 00:00:00,,QT2WN2502950,1
b137fdd1f79d56c7edf3365fea7520f2,750,sent,2025-10-24 00:00:00,,QT2WN2502951,1
6f2268bd1d3d3ebaabb04d6b5d099425,753,sent,2025-10-24 00:00:00,,QT2WN2502952,1
872488f88d1b2db54d55bc8bba2fad1b,754,sent,2025-10-24 00:00:00,,QT2WN2502953,1
f8c1f23d6a8d8d7904fc0ea8e066b3bb,396,sent,2025-11-20 00:00:00,,QT2WN2502959,1
e46de7e1bcaaced9a54f1e9d0d2f800d,397,sent,2025-11-20 00:00:00,,QT2WN2502960,1
b7b16ecf8ca53723593894116071700c,398,sent,2025-11-20 00:00:00,,QT2WN2502961,1
352fe25daf686bdb4edca223c921acea,399,sent,2025-11-01 00:00:00,,QT2WN2502962,1
18d8042386b79e2c279fd162df0205c8,400,sent,2025-11-27 00:00:00,,QT2WN2502963,1
816b112c6105b3ebd537828a39af4818,401,sent,2025-11-27 00:00:00,,QT2WN2502964,1
69cb3ea317a32c4e6143e665fdb20b14,402,sent,2025-11-27 00:00:00,,QT2WN2502965,1
bbf94b34eb32268ada57a3be5062fe7d,403,sent,2025-11-27 00:00:00,,QT2WN2502966,1
4f4adcbf8c6f66dcfc8a3282ac2bf10a,404,sent,2025-11-27 00:00:00,,QT2WN2502967,1
bbcbff5c1f1ded46c25d28119a85c6c2,405,sent,2025-11-27 00:00:00,,QT2WN2502968,1
8cb22bdd0b7ba1ab13d742e22eed8da2,406,sent,2025-11-27 00:00:00,,QT2WN2502969,1
f4f6dce2f3a0f9dada0c2b5b66452017,407,sent,2025-11-27 00:00:00,,QT2WN2502970,1
0d0fd7c6e093f7b804fa0150b875b868,408,sent,2025-11-27 00:00:00,,QT2WN2502971,1
a96b65a721e561e1e3de768ac819ffbb,409,sent,2025-11-27 00:00:00,,QT2WN2502972,1
1068c6e4c8051cfd4e9ea8072e3189e2,410,sent,2025-11-03 00:00:00,,QT2WN2502973,1
17d63b1625c816c22647a73e1482372b,411,sent,2025-11-28 00:00:00,,QT2WN2502974,1
b9228e0962a78b84f3d5d92f4faa000b,412,sent,2025-11-28 00:00:00,,QT2WN2502975,1
0deb1c54814305ca9ad266f53bc82511,413,sent,2025-11-28 00:00:00,,QT2WN2502976,1
66808e327dc79d135ba18e051673d906,414,sent,2025-11-28 00:00:00,,QT2WN2502977,1
42e7aaa88b48137a16a1acd04ed91125,415,sent,2025-11-28 00:00:00,,QT2WN2502978,1
8fe0093bb30d6f8c31474bd0764e6ac0,416,sent,2025-11-28 00:00:00,,QT2WN2502979,1
41ae36ecb9b3eee609d05b90c14222fb,417,sent,2025-11-28 00:00:00,,QT2WN2502980,1
d1f255a373a3cef72e03aa9d980c7eca,418,sent,2025-11-28 00:00:00,,QT2WN2502981,1
7eacb532570ff6858afd2723755ff790,419,sent,2025-11-28 00:00:00,,QT2WN2502982,1
b6f0479ae87d244975439c6124592772,420,sent,2025-11-28 00:00:00,,QT2WN2502983,1
e0c641195b27425bb056ac56f8953d24,421,sent,2025-11-21 00:00:00,,QT2WN2502984,1
f85454e8279be180185cac7d243c5eb3,422,sent,2025-11-21 00:00:00,,QT2WN2502985,1
faa9afea49ef2ff029a833cccc778fd0,423,sent,2025-11-21 00:00:00,,QT2WN2502986,1
3c7781a36bcd6cf08c11a970fbe0e2a6,424,sent,2025-11-22 00:00:00,,QT2WN2502987,1
25b2822c2f5a3230abfadd476e8b04c9,425,sent,2025-11-22 00:00:00,,QT2WN2502988,1
6ecbdd6ec859d284dc13885a37ce8d81,426,sent,2025-11-22 00:00:00,,QT2WN2502989,1
18997733ec258a9fcaf239cc55d53363,427,sent,2025-11-05 00:00:00,,QT2WN2502990,1
8d7d8ee069cb0cbbf816bbb65d56947e,428,sent,2025-11-07 00:00:00,,QT2WN2502991,1
75fc093c0ee742f6dddaa13fff98f104,429,sent,2025-11-29 00:00:00,,QT2WN2502992,1
f74909ace68e51891440e4da0b65a70c,430,sent,2025-11-29 00:00:00,,QT2WN2502993,1
66368270ffd51418ec58bd793f2d9b1b,431,sent,2025-11-29 00:00:00,,QT2WN2502994,1
248e844336797ec98478f85e7626de4a,432,sent,2025-11-29 00:00:00,,QT2WN2502995,1
019d385eb67632a7e958e23f24bd07d7,433,sent,2025-11-29 00:00:00,,QT2WN2502996,1
a49e9411d64ff53eccfdd09ad10a15b3,434,sent,2025-11-29 00:00:00,,QT2WN2502997,1
ddb30680a691d157187ee1cf9e896d03,435,sent,2025-11-29 00:00:00,,QT2WN2502998,1
2421fcb1263b9530df88f7f002e78ea5,436,sent,2025-11-29 00:00:00,,QT2WN2502999,1
fccb60fb512d13df5083790d64c4d5dd,437,sent,2025-11-29 00:00:00,,QT2WN2503000,1
1651cf0d2f737d7adeab84d339dbabd3,438,sent,2025-11-29 00:00:00,,QT2WN2503001,1
eed5af6add95a9a6f1252739b1ad8c24,439,sent,2025-11-09 00:00:00,,QT2WN2503002,1
a8abb4bb284b5b27aa7cb790dc20f80b,440,sent,2025-11-11 00:00:00,,QT2WN2503003,1
15d4e891d784977cacbfcbb00c48f133,441,sent,2025-11-30 00:00:00,,QT2WN2503004,1
c203d8a151612acf12457e4d67635a95,442,sent,2025-11-30 00:00:00,,QT2WN2503005,1
13f3cf8c531952d72e5847c4183e6910,443,sent,2025-11-30 00:00:00,,QT2WN2503006,1
550a141f12de6341fba65b0ad0433500,444,sent,2025-11-30 00:00:00,,QT2WN2503007,1
67f7fb873eaf29526a11a9b7ac33bfac,445,sent,2025-11-30 00:00:00,,QT2WN2503008,1
1a5b1e4daae265b790965a275b53ae50,446,sent,2025-11-30 00:00:00,,QT2WN2503009,1
9a96876e2f8f3dc4f3cf45f02c61c0c1,447,sent,2025-11-30 00:00:00,,QT2WN2503010,1
9b70e8fe62e40c570a322f1b0b659098,448,sent,2025-11-30 00:00:00,,QT2WN2503011,1
d61e4bbd6393c9111e6526ea173a7c8b,449,sent,2025-11-30 00:00:00,,QT2WN2503012,1
f5f8590cd58a54e94377e6ae2eded4d9,450,sent,2025-11-30 00:00:00,,QT2WN2503013,1
941e1aaaba585b952b62c14a3a175a61,451,sent,2025-11-13 00:00:00,,QT2WN2503014,1
9431c87f273e507e6040fcb07dcb4509,452,sent,2025-11-15 00:00:00,,QT2WN2503015,1
49ae49a23f67c759bf4fc791ba842aa2,453,sent,2025-11-23 00:00:00,,QT2WN2503016,1
e44fea3bec53bcea3b7513ccef5857ac,454,sent,2025-11-23 00:00:00,,QT2WN2503017,1
821fa74b50ba3f7cba1e6c53e8fa6845,455,sent,2025-11-23 00:00:00,,QT2WN2503018,1
250cf8b51c773f3f8dc8b4be867a9a02,456,sent,2025-12-03 00:00:00,,QT2WN2503019,1
42998cf32d552343bc8e460416382dca,457,sent,2025-12-03 00:00:00,,QT2WN2503020,1
d07e70efcfab08731a97e7b91be644de,458,sent,2025-12-03 00:00:00,,QT2WN2503021,1
7fe1f8abaad094e0b5cb1b01d712f708,459,sent,2025-12-03 00:00:00,,QT2WN2503022,1
98b297950041a42470269d56260243a1,460,sent,2025-12-03 00:00:00,,QT2WN2503023,1
0353ab4cbed5beae847a7ff6e220b5cf,461,sent,2025-12-03 00:00:00,,QT2WN2503024,1
51d92be1c60d1db1d2e5e7a07da55b26,462,sent,2025-12-03 00:00:00,,QT2WN2503025,1
428fca9bc1921c25c5121f9da7815cde,463,sent,2025-12-03 00:00:00,,QT2WN2503026,1
f1b6f2857fb6d44dd73c7041e0aa0f19,464,sent,2025-12-03 00:00:00,,QT2WN2503027,1
68ce199ec2c5517597ce0a4d89620f55,465,sent,2025-12-03 00:00:00,,QT2WN2503028,1
e836d813fd184325132fca8edcdfb40e,466,sent,2025-11-24 00:00:00,,QT2WN2503029,1
ab817c9349cf9c4f6877e1894a1faa00,467,sent,2025-11-24 00:00:00,,QT2WN2503030,1
877a9ba7a98f75b90a9d49f53f15a858,468,sent,2025-11-24 00:00:00,,QT2WN2503031,1
dc6a6489640ca02b0d42dabeb8e46bb7,469,sent,2025-11-17 00:00:00,,QT2WN2503032,1
26337353b7962f533d78c762373b3318,470,sent,2025-11-19 00:00:00,,QT2WN2503033,1
67e103b0761e60683e83c559be18d40c,641,sent,2025-11-03 00:00:00,,QT2WN2503034,1
291597a100aadd814d197af4f4bab3a7,642,sent,2025-11-04 00:00:00,,QT2WN2503035,1
9b698eb3105bd82528f23d0c92dedfc0,643,sent,2025-11-14 00:00:00,,QT2WN2503036,1
8c7bbbba95c1025975e548cee86dfadc,644,sent,2025-11-14 00:00:00,,QT2WN2503037,1
5e9f92a01c986bafcabbafd145520b13,645,sent,2025-11-14 00:00:00,,QT2WN2503038,1
0ff39bbbf981ac0151d340c9aa40e63e,646,sent,2025-11-21 00:00:00,,QT2WN2503039,1
303ed4c69846ab36c2904d3ba8573050,647,sent,2025-11-21 00:00:00,,QT2WN2503040,1
443cb001c138b2561a0d90720d6ce111,648,sent,2025-11-21 00:00:00,,QT2WN2503041,1
55b37c5c270e5d84c793e486d798c01d,649,sent,2025-11-21 00:00:00,,QT2WN2503042,1
884d247c6f65a96a7da4d1105d584ddd,650,sent,2025-11-21 00:00:00,,QT2WN2503043,1
55743cc0393b1cb4b8b37d09ae48d097,651,sent,2025-11-21 00:00:00,,QT2WN2503044,1
30ef30b64204a3088a26bc2e6ecf7602,652,sent,2025-11-21 00:00:00,,QT2WN2503045,1
eaae339c4d89fc102edd9dbdb6a28915,653,sent,2025-11-21 00:00:00,,QT2WN2503046,1
ab233b682ec355648e7891e66c54191b,654,sent,2025-11-21 00:00:00,,QT2WN2503047,1
3d2d8ccb37df977cb6d9da15b76c3f3a,655,sent,2025-11-21 00:00:00,,QT2WN2503048,1
26408ffa703a72e8ac0117e74ad46f33,656,sent,2025-11-05 00:00:00,,QT2WN2503049,1
b4288d9c0ec0a1841b3b3728321e7088,657,sent,2025-11-06 00:00:00,,QT2WN2503050,1
2f37d10131f2a483a8dd005b3d14b0d9,658,sent,2025-11-17 00:00:00,,QT2WN2503051,1
0ff8033cf9437c213ee13937b1c4c455,659,sent,2025-11-17 00:00:00,,QT2WN2503052,1
68264bdb65b97eeae6788aa3348e553c,660,sent,2025-11-17 00:00:00,,QT2WN2503053,1
3a066bda8c96b9478bb0512f0a43028c,661,sent,2025-11-25 00:00:00,,QT2WN2503054,1
be3159ad04564bfb90db9e32851ebf9c,662,sent,2025-11-25 00:00:00,,QT2WN2503055,1
8757150decbd89b0f5442ca3db4d0e0e,663,sent,2025-11-25 00:00:00,,QT2WN2503056,1
2291d2ec3b3048d1a6f86c2c4591b7e0,664,sent,2025-11-25 00:00:00,,QT2WN2503057,1
84117275be999ff55a987b9381e01f96,665,sent,2025-11-25 00:00:00,,QT2WN2503058,1
fae0b27c451c728867a567e8c1bb4e53,666,sent,2025-11-25 00:00:00,,QT2WN2503059,1
b5dc4e5d9b495d0196f61d45b26ef33e,667,sent,2025-11-25 00:00:00,,QT2WN2503060,1
192fc044e74dffea144f9ac5dc9f3395,668,sent,2025-11-25 00:00:00,,QT2WN2503061,1
5c04925674920eb58467fb52ce4ef728,669,sent,2025-11-25 00:00:00,,QT2WN2503062,1
17c276c8e723eb46aef576537e9d56d0,670,sent,2025-11-25 00:00:00,,QT2WN2503063,1
5dd9db5e033da9c6fb5ba83c7a7ebea9,671,sent,2025-11-07 00:00:00,,QT2WN2503064,1
2dea61eed4bceec564a00115c4d21334,672,sent,2025-11-11 00:00:00,,QT2WN2503065,1
9f396fe44e7c05c16873b05ec425cbad,673,sent,2025-11-18 00:00:00,,QT2WN2503066,1
0d7de1aca9299fe63f3e0041f02638a3,674,sent,2025-11-18 00:00:00,,QT2WN2503067,1
8fecb20817b3847419bb3de39a609afe,675,sent,2025-11-18 00:00:00,,QT2WN2503068,1
dc6a70712a252123c40d2adba6a11d84,676,sent,2025-11-26 00:00:00,,QT2WN2503069,1
71a3cb155f8dc89bf3d0365288219936,677,sent,2025-11-26 00:00:00,,QT2WN2503070,1
9fe8593a8a330607d76796b35c64c600,678,sent,2025-11-26 00:00:00,,QT2WN2503071,1
ca9c267dad0305d1a6308d2a0cf1c39c,679,sent,2025-11-26 00:00:00,,QT2WN2503072,1
fccb3cdc9acc14a6e70a12f74560c026,680,sent,2025-11-26 00:00:00,,QT2WN2503073,1
1595af6435015c77a7149e92a551338e,681,sent,2025-11-26 00:00:00,,QT2WN2503074,1
08d98638c6fcd194a4b1e6992063e944,682,sent,2025-11-26 00:00:00,,QT2WN2503075,1
24681928425f5a9133504de568f5f6df,683,sent,2025-11-26 00:00:00,,QT2WN2503076,1
556f391937dfd4398cbac35e050a2177,684,sent,2025-11-26 00:00:00,,QT2WN2503077,1
3328bdf9a4b9504b9398284244fe97c2,685,sent,2025-11-26 00:00:00,,QT2WN2503078,1
109a0ca3bc27f3e96597370d5c8cf03d,686,sent,2025-11-12 00:00:00,,QT2WN2503079,1
7f5d04d189dfb634e6a85bb9d9adf21e,687,sent,2025-11-12 00:00:00,,QT2WN2503080,1
f79921bbae40a577928b76d2fc3edc2a,688,sent,2025-11-19 00:00:00,,QT2WN2503081,1
07a96b1f61097ccb54be14d6a47439b0,689,sent,2025-11-19 00:00:00,,QT2WN2503082,1
c06d06da9666a219db15cf575aff2824,690,sent,2025-11-19 00:00:00,,QT2WN2503083,1
10a5ab2db37feedfdeaab192ead4ac0e,691,sent,2025-11-27 00:00:00,,QT2WN2503084,1
e555ebe0ce426f7f9b2bef0706315e0c,692,sent,2025-11-27 00:00:00,,QT2WN2503085,1
53e3a7161e428b65688f14b84d61c610,693,sent,2025-11-27 00:00:00,,QT2WN2503086,1
5487315b1286f907165907aa8fc96619,694,sent,2025-11-27 00:00:00,,QT2WN2503087,1
e4bb4c5173c2ce17fd8fcd40041c068f,695,sent,2025-11-27 00:00:00,,QT2WN2503088,1
0cb929eae7a499e50248a3a78f7acfc7,696,sent,2025-11-27 00:00:00,,QT2WN2503089,1
8a0e1141fd37fa5b98d5bb769ba1a7cc,697,sent,2025-11-27 00:00:00,,QT2WN2503090,1
99bcfcd754a98ce89cb86f73acc04645,698,sent,2025-11-27 00:00:00,,QT2WN2503091,1
afd4836712c5e77550897e25711e1d96,699,sent,2025-11-27 00:00:00,,QT2WN2503092,1
e5841df2166dd424a57127423d276bbe,700,sent,2025-11-27 00:00:00,,QT2WN2503093,1
b4a528955b84f584974e92d025a75d1f,701,sent,2025-11-13 00:00:00,,QT2WN2503094,1
b1eec33c726a60554bc78518d5f9b32c,702,sent,2025-11-14 00:00:00,,QT2WN2503095,1
d6c651ddcd97183b2e40bc464231c962,703,sent,2025-11-20 00:00:00,,QT2WN2503096,1
f64eac11f2cd8f0efa196f8ad173178e,704,sent,2025-11-20 00:00:00,,QT2WN2503097,1
4a47d2983c8bd392b120b627e0e1cab4,705,sent,2025-11-20 00:00:00,,QT2WN2503098,1
9c82c7143c102b71c593d98d96093fde,706,sent,2025-11-28 00:00:00,,QT2WN2503099,1
500e75a036dc2d7d2fec5da1b71d36cc,707,sent,2025-11-28 00:00:00,,QT2WN2503100,1
ae0eb3eed39d2bcef4622b2499a05fe6,708,sent,2025-11-28 00:00:00,,QT2WN2503101,1
1ecfb463472ec9115b10c292ef8bc986,709,sent,2025-11-28 00:00:00,,QT2WN2503102,1
e70611883d2760c8bbafb4acb29e3446,710,sent,2025-11-28 00:00:00,,QT2WN2503103,1
6081594975a764c8e3a691fa2b3a321d,711,sent,2025-11-28 00:00:00,,QT2WN2503104,1
19bc916108fc6938f52cb96f7e087941,712,sent,2025-11-28 00:00:00,,QT2WN2503105,1
07c5807d0d927dcd0980f86024e5208b,713,sent,2025-11-28 00:00:00,,QT2WN2503106,1
d14220ee66aeec73c49038385428ec4c,714,sent,2025-11-28 00:00:00,,QT2WN2503107,1
8df707a948fac1b4a0f97aa554886ec8,715,sent,2025-11-28 00:00:00,,QT2WN2503108,1
e7f8a7fb0b77bcb3b283af5be021448f,716,sent,2025-12-02 00:00:00,,QT2WN2503109,1
788d986905533aba051261497ecffcbb,717,sent,2025-12-02 00:00:00,,QT2WN2503110,1
50c3d7614917b24303ee6a220679dab3,718,sent,2025-12-02 00:00:00,,QT2WN2503111,1
2afe4567e1bf64d32a5527244d104cea,719,sent,2025-12-02 00:00:00,,QT2WN2503112,1
5f2c22cb4a5380af7ca75622a6426917,720,sent,2025-12-02 00:00:00,,QT2WN2503113,1
aba3b6fd5d186d28e06ff97135cade7f,721,sent,2025-12-02 00:00:00,,QT2WN2503114,1
c8ed21db4f678f3b13b9d5ee16489088,722,sent,2025-12-02 00:00:00,,QT2WN2503115,1
08419be897405321542838d77f855226,723,sent,2025-12-02 00:00:00,,QT2WN2503116,1
7f1171a78ce0780a2142a6eb7bc4f3c8,724,sent,2025-12-02 00:00:00,,QT2WN2503117,1
82f2b308c3b01637c607ce05f52a2fed,725,sent,2025-12-02 00:00:00,,QT2WN2503118,1
758be1f9f7a7efac938ed8bd97c0e1cb,3444,sent,2026-01-16 00:00:00,,QT2WN2503119,1
586f9b4035e5997f77635b13cc04984c,3442,sent,2026-01-16 00:00:00,,QT2WN2503120,1
12092a75caa75e4644fd2869f0b6c45a,3443,sent,2026-01-16 00:00:00,,QT2WN2503121,1
5b4a2146246bc3a3a941f32225bbb792,3446,sent,2026-01-23 00:00:00,,QT2WN2503122,1
09ba3f0df1447f40e98674ba9d62c747,3445,sent,2026-01-23 00:00:00,,QT2WN2503123,1
6d9c547cf146054a5a720606a7694467,1408,sent,2025-11-01 00:00:00,,QT2WN2503124,1
7b5b23f4aadf9513306bcd59afb6e4c9,1409,sent,2025-11-03 00:00:00,,QT2WN2503125,1
512c5cad6c37edb98ae91c8a76c3a291,1410,sent,2025-11-05 00:00:00,,QT2WN2503126,1
54072f485cdb7897ebbcaf7525139561,1411,sent,2025-11-07 00:00:00,,QT2WN2503127,1
0e4e946668cf2afc4299b462b812caca,1412,sent,2025-11-08 00:00:00,,QT2WN2503128,1
59f51fd6937412b7e56ded1ea2470c25,1413,sent,2025-11-10 00:00:00,,QT2WN2503129,1
7a674153c63cff1ad7f0e261c369ab2c,1414,sent,2025-11-12 00:00:00,,QT2WN2503130,1
a60937eba57758ed45b6d3e91e8659f3,1415,sent,2025-11-14 00:00:00,,QT2WN2503131,1
ac796a52db3f16bbdb6557d3d89d1c5a,1473,sent,2025-11-03 00:00:00,,QT2WN2503132,1
7d6044e95a16761171b130dcb476a43e,1474,sent,2025-11-04 00:00:00,,QT2WN2503133,1
571d3a9420bfd9219f65b643d0003bf4,1475,sent,2025-11-05 00:00:00,,QT2WN2503134,1
97275a23ca44226c9964043c8462be96,1476,sent,2025-11-06 00:00:00,,QT2WN2503135,1
78b9cab19959e4af8ff46156ee460c74,1477,sent,2025-11-07 00:00:00,,QT2WN2503136,1
83cdcec08fbf90370fcf53bdd56604ff,1478,sent,2025-11-10 00:00:00,,QT2WN2503137,1
dc09c97fd73d7a324bdbfe7c79525f64,1479,sent,2025-11-11 00:00:00,,QT2WN2503138,1
e816c635cad85a60fabd6b97b03cbcc9,1480,sent,2025-11-12 00:00:00,,QT2WN2503139,1
33ebd5b07dc7e407752fe773eed20635,1341,sent,2025-11-03 00:00:00,,QT2WN2503140,1
5e1b18c4c6a6d31695acbae3fd70ecc6,1342,sent,2025-11-04 00:00:00,,QT2WN2503141,1
a50abba8132a77191791390c3eb19fe7,1344,sent,2025-11-05 00:00:00,,QT2WN2503142,1
86109d400f0ed29e840b47ed72777c84,1345,sent,2025-11-06 00:00:00,,QT2WN2503143,1
faafda66202d234463057972460c04f5,1608,sent,2025-11-03 00:00:00,,QT2WN2503144,1
a2cc63e065705fe938a4dda49092966f,1609,sent,2025-11-04 00:00:00,,QT2WN2503145,1
a14ac55a4f27472c5d894ec1c3c743d2,1610,sent,2025-11-05 00:00:00,,QT2WN2503146,1
7a6a74cbe87bc60030a4bd041dd47b78,1611,sent,2025-11-06 00:00:00,,QT2WN2503147,1
52947e0ade57a09e4a1386d08f17b656,1612,sent,2025-11-06 00:00:00,,QT2WN2503148,1
69d658d0b2859e32cd4dc3b970c8496c,1613,sent,2025-11-06 00:00:00,,QT2WN2503149,1
e9fd7c2c6623306db59b6aef5c0d5cac,1614,sent,2025-11-07 00:00:00,,QT2WN2503150,1
71a58e8cb75904f24cde464161c3e766,1615,sent,2025-11-07 00:00:00,,QT2WN2503151,1
962e56a8a0b0420d87272a682bfd1e53,1616,sent,2025-11-07 00:00:00,,QT2WN2503152,1
24917db15c4e37e421866448c9ab23d8,2150,sent,2026-01-23 00:00:00,,QT2WN2503153,1
d30960ce77e83d896503d43ba249caf7,2149,sent,2026-01-23 00:00:00,,QT2WN2503154,1
e21e4e58ad9ab56e8a4634046da90113,2148,sent,2026-01-23 00:00:00,,QT2WN2503155,1
0d73a25092e5c1c9769a9f3255caa65a,2147,sent,2026-01-23 00:00:00,,QT2WN2503156,1
936a40b7e8eea0dc537e5f2edee1387a,2146,sent,2026-01-23 00:00:00,,QT2WN2503157,1
c182f930a06317057d31c73bb2fedd4f,2145,sent,2026-01-23 00:00:00,,QT2WN2503158,1
d51b416788b6ee70eb0c381c06efc9f1,2182,sent,2026-01-23 00:00:00,,QT2WN2503159,1
100d9f30ca54b18d14821dc88fea0631,2181,sent,2026-01-23 00:00:00,,QT2WN2503160,1
3a1dd98341fafc1dfe9bcf36360e6b84,2180,sent,2026-01-23 00:00:00,,QT2WN2503161,1
12b1e42dc0746f22cf361267de07073f,2179,sent,2026-01-23 00:00:00,,QT2WN2503162,1
169779d3852b32ce8b1a1724dbf5217d,2178,sent,2026-01-23 00:00:00,,QT2WN2503163,1
e77dbaf6759253c7c6d0efc5690369c7,2332,sent,2026-02-06 00:00:00,,QT2WN2503164,1
f7e0b956540676a129760a3eae309294,2333,sent,2026-02-06 00:00:00,,QT2WN2503165,1
7e3b7a5bafcb0fa8e8dfe3ea6aca9186,2334,sent,2026-02-06 00:00:00,,QT2WN2503166,1
7b4773c039d539af17c883eb9283dd14,2335,sent,2026-02-06 00:00:00,,QT2WN2503167,1
a3eb043e7bf775de87763e9f8121c953,2336,sent,2026-02-06 00:00:00,,QT2WN2503168,1
d827f12e35eae370ba9c65b7f6026695,2303,sent,2026-02-06 00:00:00,,QT2WN2503169,1
e6c2dc3dee4a51dcec3a876aa2339a78,2304,sent,2026-02-06 00:00:00,,QT2WN2503170,1
2d2ca7eedf739ef4c3800713ec482e1a,2305,sent,2026-02-06 00:00:00,,QT2WN2503171,1
f976b57bb9dd27aa2e7e7df2825893a6,2306,sent,2026-02-06 00:00:00,,QT2WN2503172,1
6211080fa89981f66b1a0c9d55c61d0f,2307,sent,2026-02-06 00:00:00,,QT2WN2503173,1
fd69dbe29f156a7ef876a40a94f65599,2328,sent,2026-02-20 00:00:00,,QT2WN2503174,1
be53d253d6bc3258a8160556dda3e9b2,2329,sent,2026-02-20 00:00:00,,QT2WN2503175,1
619205da514e83f869515c782a328d3c,2330,sent,2026-02-20 00:00:00,,QT2WN2503176,1
273448411df1962cba1db6c05b3213c9,2331,sent,2026-02-20 00:00:00,,QT2WN2503177,1
2596a54cdbb555cfd09cd5d991da0f55,2167,sent,2026-02-20 00:00:00,,QT2WN2503178,1
32e05616c8ed659463f9af00b142dd6f,2166,sent,2026-02-20 00:00:00,,QT2WN2503179,1
8929c70f8d710e412d38da624b21c3c8,2165,sent,2026-02-20 00:00:00,,QT2WN2503180,1
c3e4035af2a1cde9f21e1ae1951ac80b,2164,sent,2026-02-20 00:00:00,,QT2WN2503181,1
297fa7777981f402dbba17e9f29e292d,1617,sent,2025-11-10 00:00:00,,QT2WN2503182,1
f60bb6bb4c96d4df93c51bd69dcc15a0,1618,sent,2025-11-11 00:00:00,,QT2WN2503183,1
d1dc3a8270a6f9394f88847d7f0050cf,1619,sent,2025-11-11 00:00:00,,QT2WN2503184,1
806beafe154032a5b818e97b4420ad98,1620,sent,2025-11-11 00:00:00,,QT2WN2503185,1
4462bf0ddbe0d0da40e1e828ebebeb11,1621,sent,2025-11-11 00:00:00,,QT2WN2503186,1
c7af0926b294e47e52e46cfebe173f20,1622,sent,2025-11-11 00:00:00,,QT2WN2503187,1
fc528592c3858f90196fbfacc814f235,1623,sent,2025-11-11 00:00:00,,QT2WN2503188,1
9327969053c0068dd9e07c529866b94d,1624,sent,2025-11-11 00:00:00,,QT2WN2503189,1
a981f2b708044d6fb4a71a1463242520,1625,sent,2025-11-11 00:00:00,,QT2WN2503190,1
bc573864331a9e42e4511de6f678aa83,1626,sent,2025-11-11 00:00:00,,QT2WN2503191,1
97d0145823aeb8ed80617be62e08bdcc,1627,sent,2025-11-11 00:00:00,,QT2WN2503192,1
efb76cff97aaf057654ef2f38cd77d73,1628,sent,2025-11-11 00:00:00,,QT2WN2503193,1
5c50b4df4b176845cd235b6a510c6903,1629,sent,2025-11-11 00:00:00,,QT2WN2503194,1
46031b3d04dc90994ca317a7c55c4289,1630,sent,2025-11-11 00:00:00,,QT2WN2503195,1
6ba3af5d7b2790e73f0de32e5c8c1798,1631,sent,2025-11-11 00:00:00,,QT2WN2503196,1
0771fc6f0f4b1d7d1bb73bbbe14e0e31,1632,sent,2025-11-11 00:00:00,,QT2WN2503197,1
21fe5b8ba755eeaece7a450849876228,1633,sent,2025-11-12 00:00:00,,QT2WN2503198,1
6dd4e10e3296fa63738371ec0d5df818,1634,sent,2025-11-12 00:00:00,,QT2WN2503199,1
42a3964579017f3cb42b26605b9ae8ef,1635,sent,2025-11-12 00:00:00,,QT2WN2503200,1
1c54985e4f95b7819ca0357c0cb9a09f,1636,sent,2025-11-12 00:00:00,,QT2WN2503201,1
52c5189391854c93e8a0e1326e56c14f,1637,sent,2025-11-12 00:00:00,,QT2WN2503202,1
7e230522657ecdc50e4249581b861f8e,1638,sent,2025-11-12 00:00:00,,QT2WN2503203,1
3c1e4bd67169b8153e0047536c9f541e,1639,sent,2025-11-12 00:00:00,,QT2WN2503204,1
84f0f20482cde7e5eacaf7364a643d33,1640,sent,2025-11-12 00:00:00,,QT2WN2503205,1
10c272d06794d3e5785d5e7c5356e9ff,1641,sent,2025-11-12 00:00:00,,QT2WN2503206,1
81c650caac28cdefce4de5ddc18befa0,1642,sent,2025-11-12 00:00:00,,QT2WN2503207,1
f670ef5d2d6bdf8f29450a970494dd64,1643,sent,2025-11-12 00:00:00,,QT2WN2503208,1
89f03f7d02720160f1b04cf5b27f5ccb,1644,sent,2025-11-12 00:00:00,,QT2WN2503209,1
c1fea270c48e8079d8ddf7d06d26ab52,1645,sent,2025-11-12 00:00:00,,QT2WN2503210,1
e4873aa9a05cc5ed839561d121516766,1646,sent,2025-11-12 00:00:00,,QT2WN2503211,1
8d420fa35754d1f1c19969c88780314d,1647,sent,2025-11-12 00:00:00,,QT2WN2503212,1
eb76c035d5d0a2bd2a0d0834b93c9c26,2266,sent,2026-01-02 00:00:00,,QT2WN2503213,1
53ed35c74a2ec275b837374f04396c03,2267,sent,2026-01-02 00:00:00,,QT2WN2503214,1
2b8eba3cb0d0f1d761cb74d94a5ace36,2268,sent,2026-01-02 00:00:00,,QT2WN2503215,1
04ad5632029cbfbed8e136e5f6f7ddfa,2259,sent,2026-01-16 00:00:00,,QT2WN2503216,1
4cb811134b9d39fc3104bd06ce75abad,2260,sent,2026-01-16 00:00:00,,QT2WN2503217,1
1a3f91fead97497b1a96d6104ad339f6,2242,sent,2025-11-28 00:00:00,,QT2WN2503221,1
90aef91f0d9e7c3be322bd7bae41617d,2243,sent,2025-11-28 00:00:00,,QT2WN2503222,1
3147da8ab4a0437c15ef51a5cc7f2dc4,2244,sent,2025-11-28 00:00:00,,QT2WN2503223,1
10907813b97e249163587e6246612e21,2245,sent,2025-11-28 00:00:00,,QT2WN2503224,1
758a06618c69880a6cee5314ee42d52f,2246,sent,2025-11-28 00:00:00,,QT2WN2503225,1
df1f1d20ee86704251795841e6a9405a,2247,sent,2025-11-28 00:00:00,,QT2WN2503226,1
be6c7b094f88532b6c6b35bbcd525ee8,2248,sent,2025-11-28 00:00:00,,QT2WN2503227,1
243facb29564e7b448834a7c9d901201,2249,sent,2025-11-28 00:00:00,,QT2WN2503228,1
3683af9d6f6c06acee72992f2977f67e,1966,sent,2000-01-01 00:00:00,,QT2WN2503288,7
a82d922b133be19c1171534e6594f754,1967,sent,2000-01-01 00:00:00,,QT2WN2503289,7
98c7242894844ecd6ec94af67ac8247d,1968,sent,2000-01-01 00:00:00,,QT2WN2503290,7
4d8556695c262ab91ff51a943fdd6058,1969,sent,2000-01-01 00:00:00,,QT2WN2503291,7
0004d0b59e19461ff126e3a08a814c33,1970,sent,2000-01-01 00:00:00,,QT2WN2503292,7
de73998802680548b916f1947ffbad76,1971,sent,2000-01-01 00:00:00,,QT2WN2503293,7
c4de8ced6214345614d33fb0b16a8acd,1972,sent,2000-01-01 00:00:00,,QT2WN2503294,7
deb54ffb41e085fd7f69a75b6359c989,1973,sent,2000-01-01 00:00:00,,QT2WN2503295,7
3d863b367aa379f71c7afc0c9cdca41d,1974,sent,2000-01-01 00:00:00,,QT2WN2503296,7
7d2b92b6726c241134dae6cd3fb8c182,1975,sent,2000-01-01 00:00:00,,QT2WN2503297,7
dd055f53a45702fe05e449c30ac80df9,1976,sent,2000-01-01 00:00:00,,QT2WN2503298,7
4afd521d77158e02aed37e2274b90c9c,1977,sent,2000-01-01 00:00:00,,QT2WN2503299,7
405e28906322882c5be9b4b27f4c35fd,1978,sent,2000-01-01 00:00:00,,QT2WN2503300,7
798cebccb32617ad94123450fd137104,1979,sent,2000-01-01 00:00:00,,QT2WN2503301,7
f80bf05527157a8c2a7bb63b22f49aaa,1980,sent,2000-01-01 00:00:00,,QT2WN2503302,7
b3b4d2dbedc99fe843fd3dedb02f086f,1981,sent,2000-01-01 00:00:00,,QT2WN2503303,7
fb87582825f9d28a8d42c5e5e5e8b23d,1982,sent,2000-01-01 00:00:00,,QT2WN2503304,7
1e4d36177d71bbb3558e43af9577d70e,1983,sent,2000-01-01 00:00:00,,QT2WN2503305,7
1b36ea1c9b7a1c3ad668b8bb5df7963f,1984,sent,2000-01-01 00:00:00,,QT2WN2503306,7
1f36c15d6a3d18d52e8d493bc8187cb9,1985,sent,2000-01-01 00:00:00,,QT2WN2503307,7
8c249675aea6c3cbd91661bbae767ff1,1986,sent,2000-01-01 00:00:00,,QT2WN2503308,7
d68a18275455ae3eaa2c291eebb46e6d,1987,sent,2000-01-01 00:00:00,,QT2WN2503309,7
9d7311ba459f9e45ed746755a32dcd11,1988,sent,2000-01-01 00:00:00,,QT2WN2503310,7
4a3e00961a08879c34f91ca0070ea2f5,1989,sent,2000-01-01 00:00:00,,QT2WN2503311,7
dc513ea4fbdaa7a14786ffdebc4ef64e,1990,sent,2000-01-01 00:00:00,,QT2WN2503312,7
96055f5b06bf9381ac43879351642cf5,1991,sent,2000-01-01 00:00:00,,QT2WN2503313,7
d5c186983b52c4551ee00f72316c6eaa,1992,sent,2000-01-01 00:00:00,,QT2WN2503314,7
c5a4e7e6882845ea7bb4d9462868219b,1993,sent,2000-01-01 00:00:00,,QT2WN2503315,7
008bd5ad93b754d500338c253d9c1770,1994,sent,2000-01-01 00:00:00,,QT2WN2503316,7
3f088ebeda03513be71d34d214291986,1995,sent,2000-01-01 00:00:00,,QT2WN2503317,7
6351bf9dce654515bf1ddbd6426dfa97,1996,sent,2000-01-01 00:00:00,,QT2WN2503318,7
06964dce9addb1c5cb5d6e3d9838f733,1997,sent,2000-01-01 00:00:00,,QT2WN2503319,7
c5b2cebf15b205503560c4e8e6d1ea78,1998,sent,2000-01-01 00:00:00,,QT2WN2503320,7
5ec829debe54b19a5f78d9a65b900a39,1999,sent,2000-01-01 00:00:00,,QT2WN2503321,7
08f90c1a417155361a5c4b8d297e0d78,2000,sent,2000-01-01 00:00:00,,QT2WN2503322,7
d0fb963ff976f9c37fc81fe03c21ea7b,2001,sent,2000-01-01 00:00:00,,QT2WN2503323,7
4ba29b9f9e5732ed33761840f4ba6c53,2002,sent,2000-01-01 00:00:00,,QT2WN2503324,7
a591024321c5e2bdbd23ed35f0574dde,2003,sent,2000-01-01 00:00:00,,QT2WN2503325,7
b8b4b727d6f5d1b61fff7be687f7970f,2004,sent,2000-01-01 00:00:00,,QT2WN2503326,7
d47268e9db2e9aa3827bba3afb7ff94a,2005,sent,2000-01-01 00:00:00,,QT2WN2503327,7
ea5a486c712a91e48443cd802642223d,2006,sent,2000-01-01 00:00:00,,QT2WN2503328,7
a00e5eb0973d24649a4a920fc53d9564,2007,sent,2000-01-01 00:00:00,,QT2WN2503329,7
ef8446f35513a8d6aa2308357a268a7e,2008,sent,2000-01-01 00:00:00,,QT2WN2503330,7
f1981e4bd8a0d6d8462016d2fc6276b3,2009,sent,2000-01-01 00:00:00,,QT2WN2503331,7
d7a84628c025d30f7b2c52c958767e76,2010,sent,2000-01-01 00:00:00,,QT2WN2503332,7
c8758b517083196f05ac29810b924aca,2011,sent,2000-01-01 00:00:00,,QT2WN2503333,7
253614bbac999b38b5b60cae531c4969,2012,sent,2000-01-01 00:00:00,,QT2WN2503334,7
8038da89e49ac5eabb489cfc6cea9fc1,2013,sent,2000-01-01 00:00:00,,QT2WN2503335,7
cee8d6b7ce52554fd70354e37bbf44a2,2014,sent,2000-01-01 00:00:00,,QT2WN2503336,7
65d2ea03425887a717c435081cfc5dbb,2015,sent,2000-01-01 00:00:00,,QT2WN2503337,7
95192c98732387165bf8e396c0f2dad2,2016,sent,2000-01-01 00:00:00,,QT2WN2503338,7
8d8818c8e140c64c743113f563cf750f,2017,sent,2000-01-01 00:00:00,,QT2WN2503339,7
84ddfb34126fc3a48ee38d7044e87276,2018,sent,2000-01-01 00:00:00,,QT2WN2503340,7
ea6b2efbdd4255a9f1b3bbc6399b58f4,2019,sent,2000-01-01 00:00:00,,QT2WN2503341,7
7b7a53e239400a13bd6be6c91c4f6c4e,2020,sent,2000-01-01 00:00:00,,QT2WN2503342,7
05a5cf06982ba7892ed2a6d38fe832d6,2021,sent,2000-01-01 00:00:00,,QT2WN2503343,7
3a824154b16ed7dab899bf000b80eeee,2022,sent,2000-01-01 00:00:00,,QT2WN2503344,7
5531a5834816222280f20d1ef9e95f69,2023,sent,2000-01-01 00:00:00,,QT2WN2503345,7
07811dc6c422334ce36a09ff5cd6fe71,2024,sent,2000-01-01 00:00:00,,QT2WN2503346,7
312351bff07989769097660a56395065,2025,sent,2000-01-01 00:00:00,,QT2WN2503347,7
c92a10324374fac681719d63979d00fe,2026,sent,2000-01-01 00:00:00,,QT2WN2503348,7
9f62b8625f914a002496335037e9ad97,2027,sent,2000-01-01 00:00:00,,QT2WN2503349,7
d860edd1dd83b36f02ce52bde626c653,2028,sent,2000-01-01 00:00:00,,QT2WN2503350,7
093b60fd0557804c8ba0cbf1453da22f,2029,sent,2000-01-01 00:00:00,,QT2WN2503351,7
2d579dc29360d8bbfbb4aa541de5afa9,2030,sent,2000-01-01 00:00:00,,QT2WN2503352,7
88ef51f0bf911e452e8dbb1d807a81ab,2031,sent,2000-01-01 00:00:00,,QT2WN2503353,7
5352696a9ca3397beb79f116f3a33991,2032,sent,2000-01-01 00:00:00,,QT2WN2503354,7
a5a61717dddc3501cfdf7a4e22d7dbaa,2033,sent,2000-01-01 00:00:00,,QT2WN2503355,7
d198bd736a97e7cecfdf8f4f2027ef80,2034,sent,2000-01-01 00:00:00,,QT2WN2503356,7
2b0f658cbffd284984fb11d90254081f,2035,sent,2000-01-01 00:00:00,,QT2WN2503357,7
f48c04ffab49ff0e5d1176244fdfb65c,2036,sent,2000-01-01 00:00:00,,QT2WN2503358,7
23d2e1578544b172cca332ff74bddf5f,2037,sent,2000-01-01 00:00:00,,QT2WN2503359,7
2557911c1bf75c2b643afb4ecbfc8ec2,2038,sent,2000-01-01 00:00:00,,QT2WN2503360,7
a48564053b3c7b54800246348c7fa4a0,2039,sent,2000-01-01 00:00:00,,QT2WN2503361,7
4c144c47ecba6f8318128703ca9e2601,2040,sent,2000-01-01 00:00:00,,QT2WN2503362,7
89885ff2c83a10305ee08bd507c1049c,2041,sent,2000-01-01 00:00:00,,QT2WN2503363,7
71e09b16e21f7b6919bbfc43f6a5b2f0,2042,sent,2000-01-01 00:00:00,,QT2WN2503364,7
d79c6256b9bdac53a55801a066b70da3,2043,sent,2000-01-01 00:00:00,,QT2WN2503365,7
d8330f857a17c53d217014ee776bfd50,2044,sent,2000-01-01 00:00:00,,QT2WN2503366,7
0189caa552598b845b29b17a427692d1,2045,sent,2000-01-01 00:00:00,,QT2WN2503367,7
3875115bacc48cca24ac51ee4b0e7975,2046,sent,2000-01-01 00:00:00,,QT2WN2503368,7
a501bebf79d570651ff601788ea9d16d,2047,sent,2000-01-01 00:00:00,,QT2WN2503369,7
051928341be67dcba03f0e04104d9047,2048,sent,2000-01-01 00:00:00,,QT2WN2503370,7
06b1338ba02add2b5d2da67663b19ebe,2049,sent,2000-01-01 00:00:00,,QT2WN2503371,7
aebf7782a3d445f43cf30ee2c0d84dee,2050,sent,2000-01-01 00:00:00,,QT2WN2503372,7
a9813e9550fee3110373c21fa012eee7,2051,sent,2000-01-01 00:00:00,,QT2WN2503373,7
584b98aac2dddf59ee2cf19ca4ccb75e,2052,sent,2000-01-01 00:00:00,,QT2WN2503374,7
f3e52c300b822a8123e7ace55fe15c08,2053,sent,2000-01-01 00:00:00,,QT2WN2503375,7
955cb567b6e38f4c6b3f28cc857fc38c,2054,sent,2000-01-01 00:00:00,,QT2WN2503376,7
9afefc52942cb83c7c1f14b2139b09ba,2055,sent,2000-01-01 00:00:00,,QT2WN2503377,7
a96d3afec184766bfeca7a9f989fc7e7,2056,sent,2000-01-01 00:00:00,,QT2WN2503378,7
df4fe8a8bcd5c95cdb640aa9793bb32b,2057,sent,2000-01-01 00:00:00,,QT2WN2503379,7
1359aa933b48b754a2f54adb688bfa77,2058,sent,2000-01-01 00:00:00,,QT2WN2503380,7
2eace51d8f796d04991c831a07059758,2059,sent,2000-01-01 00:00:00,,QT2WN2503381,7
f8c0c968632845cd133308b1a494967f,2060,sent,2000-01-01 00:00:00,,QT2WN2503382,7
52dbb0686f8bd0c0c757acf716e28ec0,2061,sent,2000-01-01 00:00:00,,QT2WN2503383,7
2d405b367158e3f12d7c1e31a96b3af3,2062,sent,2000-01-01 00:00:00,,QT2WN2503384,7
16ba72172e6a4f1de54d11ab6967e371,2063,sent,2000-01-01 00:00:00,,QT2WN2503385,7
f8bf09f5fceaea80e1f864a1b48938bf,2064,sent,2000-01-01 00:00:00,,QT2WN2503386,7
0ae3f79a30234b6c45a6f7d298ba1310,2065,sent,2000-01-01 00:00:00,,QT2WN2503387,7
6f4920ea25403ec77bee9efce43ea25e,2066,sent,2000-01-01 00:00:00,,QT2WN2503388,7
b5f1e8fb36cd7fbeb7988e8639ac79e9,2067,sent,2000-01-01 00:00:00,,QT2WN2503389,7
814a9c18f5abff398787c9cfcbf3d80c,2068,sent,2000-01-01 00:00:00,,QT2WN2503390,7
325995af77a0e8b06d1204a171010b3a,2069,sent,2000-01-01 00:00:00,,QT2WN2503391,7
296472c9542ad4d4788d543508116cbc,2070,sent,2000-01-01 00:00:00,,QT2WN2503392,7
fb2e203234df6dee15934e448ee88971,2071,sent,2000-01-01 00:00:00,,QT2WN2503393,7
07cb5f86508f146774a2fac4373a8e50,2072,sent,2000-01-01 00:00:00,,QT2WN2503394,7
4b86abe48d358ecf194c56c69108433e,2073,sent,2000-01-01 00:00:00,,QT2WN2503395,7
1f4fe6a4411edc2ff625888b4093e917,2074,sent,2000-01-01 00:00:00,,QT2WN2503396,7
cbef46321026d8404bc3216d4774c8a9,2075,sent,2000-01-01 00:00:00,,QT2WN2503397,7
6492d38d732122c58b44e3fdc3e9e9f3,2076,sent,2000-01-01 00:00:00,,QT2WN2503398,7
819e3d6c1381eac87c17617e5165f38c,2077,sent,2000-01-01 00:00:00,,QT2WN2503399,7
f410588e48dc83f2822a880a68f78923,2078,sent,2000-01-01 00:00:00,,QT2WN2503400,7
654ad60ebd1ae29cedc37da04b6b0672,2079,sent,2000-01-01 00:00:00,,QT2WN2503401,7
54ff9e9e3a2ec0300d4ce11261f5169f,2080,sent,2000-01-01 00:00:00,,QT2WN2503402,7
0070d23b06b1486a538c0eaa45dd167a,2081,sent,2000-01-01 00:00:00,,QT2WN2503403,7
850af92f8d9903e7a4e0559a98ecc857,2082,sent,2000-01-01 00:00:00,,QT2WN2503404,7
3e9e39fed3b8369ed940f52cf300cf88,2083,sent,2000-01-01 00:00:00,,QT2WN2503405,7
a088ea2078cd92b0b8a0e78a32c5c082,2084,sent,2000-01-01 00:00:00,,QT2WN2503406,7
e0a209539d1e74ab9fe46b9e01a19a97,2085,sent,2000-01-01 00:00:00,,QT2WN2503407,7
4e8412ad48562e3c9934f45c3e144d48,1481,sent,2025-11-13 00:00:00,,QT2WN2503408,1
ab541d874c7bc19ab77642849e02b89f,1482,sent,2025-11-13 00:00:00,,QT2WN2503409,1
bffc98347ee35b3ead06728d6f073c68,1483,sent,2025-11-13 00:00:00,,QT2WN2503410,1
729c68884bd359ade15d5f163166738a,1484,sent,2025-11-14 00:00:00,,QT2WN2503411,1
7fb8ceb3bd59c7956b1df66729296a4c,1485,sent,2025-11-14 00:00:00,,QT2WN2503412,1
82965d4ed8150294d4330ace00821d77,1346,sent,2025-11-11 00:00:00,,QT2WN2503413,1
0e55666a4ad822e0e34299df3591d979,1347,sent,2025-11-12 00:00:00,,QT2WN2503414,1
c73dfe6c630edb4c1692db67c510f65c,1348,sent,2025-11-13 00:00:00,,QT2WN2503415,1
bcc0d400288793e8bdcd7c19a8ac0c2b,1349,sent,2025-11-14 00:00:00,,QT2WN2503416,1
861dc9bd7f4e7dd3cccd534d0ae2a2e9,1350,sent,2025-11-13 00:00:00,,QT2WN2503417,1
3e313b9badf12632cdae5452d20e1af6,1351,sent,2025-11-13 00:00:00,,QT2WN2503418,1
8b0dc65f996f98fd178a9defd0efa077,1352,sent,2025-11-13 00:00:00,,QT2WN2503419,1
ee8374ec4e4ad797d42350c904d73077,1353,sent,2025-11-14 00:00:00,,QT2WN2503420,1
af4732711661056eadbf798ba191272a,1354,sent,2025-11-14 00:00:00,,QT2WN2503421,1
b8c27b7a1c450ffdacb31483454e0b54,1355,sent,2025-11-14 00:00:00,,QT2WN2503422,1
23ad3e314e2a2b43b4c720507cec0723,1416,sent,2025-11-19 00:00:00,,QT2WN2503423,1
9a1756fd0c741126d7bbd4b692ccbd91,1417,sent,2025-11-19 00:00:00,,QT2WN2503424,1
309928d4b100a5d75adff48a9bfc1ddb,1418,sent,2025-11-23 00:00:00,,QT2WN2503425,1
30c8e1ca872524fbf7ea5c519ca397ee,1419,sent,2025-11-23 00:00:00,,QT2WN2503426,1
90db9da4fc5414ab55a9fe495d555c06,1420,sent,2025-11-23 00:00:00,,QT2WN2503427,1
9aa42b31882ec039965f3c4923ce901b,1421,sent,2025-11-23 00:00:00,,QT2WN2503428,1
0ed9422357395a0d4879191c66f4faa2,1422,sent,2025-11-23 00:00:00,,QT2WN2503429,1
856fc81623da2150ba2210ba1b51d241,1423,sent,2025-11-23 00:00:00,,QT2WN2503430,1
489d0396e6826eb0c1e611d82ca8b215,1424,sent,2025-11-23 00:00:00,,QT2WN2503431,1
a424ed4bd3a7d6aea720b86d4a360f75,1425,sent,2025-11-23 00:00:00,,QT2WN2503432,1
299fb2142d7de959380f91c01c3a293c,1426,sent,2025-11-23 00:00:00,,QT2WN2503433,1
970af30e481057c48f87e101b61e6994,1427,sent,2025-11-23 00:00:00,,QT2WN2503434,1
0663a4ddceacb40b095eda264a85f15c,1428,sent,2025-11-23 00:00:00,,QT2WN2503435,1
56352739f59643540a3a6e16985f62c7,1429,sent,2025-11-23 00:00:00,,QT2WN2503436,1
86df7dcfd896fcaf2674f757a2463eba,1486,sent,2025-11-15 00:00:00,,QT2WN2503437,1
6d3a1e06d6a06349436bc054313b648c,1487,sent,2025-11-15 00:00:00,,QT2WN2503438,1
8a146f1a3da4700cbf03cdc55e2daae6,1488,sent,2025-11-15 00:00:00,,QT2WN2503439,1
1baff70e2669e8376347efd3a874a341,1489,sent,2025-11-16 00:00:00,,QT2WN2503440,1
f187a23c3ee681ef6913f31fd6d6446b,1490,sent,2025-11-16 00:00:00,,QT2WN2503441,1
980ecd059122ce2e50136bda65c25e07,1356,sent,2025-11-27 00:00:00,,QT2WN2503442,1
c26820b8a4c1b3c2aa868d6d57e14a79,1357,sent,2025-11-27 00:00:00,,QT2WN2503443,1
83adc9225e4deb67d7ce42d58fe5157c,1358,sent,2025-11-27 00:00:00,,QT2WN2503444,1
8d3369c4c086f236fabf61d614a32818,1359,sent,2025-11-27 00:00:00,,QT2WN2503445,1
fb508ef074ee78a0e58c68be06d8a2eb,1360,sent,2025-11-27 00:00:00,,QT2WN2503446,1
cf9a242b70f45317ffd281241fa66502,1361,sent,2025-11-27 00:00:00,,QT2WN2503447,1
a9be4c2a4041cadbf9d61ae16dd1389e,1362,sent,2025-11-27 00:00:00,,QT2WN2503448,1
411ae1bf081d1674ca6091f8c59a266f,1430,sent,2025-11-30 00:00:00,,QT2WN2503449,1
e11943a6031a0e6114ae69c257617980,1431,sent,2025-11-30 00:00:00,,QT2WN2503450,1
56468d5607a5aaf1604ff5e15593b003,1432,sent,2025-11-30 00:00:00,,QT2WN2503451,1
b069b3415151fa7217e870017374de7c,1433,sent,2025-11-30 00:00:00,,QT2WN2503452,1
7895fc13088ee37f511913bac71fa66f,1434,sent,2025-11-30 00:00:00,,QT2WN2503453,1
1f3202d820180a39f736f20fce790de8,1435,sent,2025-11-30 00:00:00,,QT2WN2503454,1
eaa32c96f620053cf442ad32258076b9,1436,sent,2025-11-30 00:00:00,,QT2WN2503455,1
a8f8f60264024dca151f164729b76c0b,1437,sent,2025-11-30 00:00:00,,QT2WN2503456,1
db6ebd0566994d14a1767f14eb6fba81,1438,sent,2025-11-30 00:00:00,,QT2WN2503457,1
540ae6b0f6ac6e155062f3dd4f0b2b01,1439,sent,2025-11-30 00:00:00,,QT2WN2503458,1
f4a331b7a22d1b237565d8813a34d8ac,1440,sent,2025-11-30 00:00:00,,QT2WN2503459,1
b197ffdef2ddc3308584dce7afa3661b,1441,sent,2025-11-30 00:00:00,,QT2WN2503460,1
f69e505b08403ad2298b9f262659929a,1442,sent,2025-11-30 00:00:00,,QT2WN2503461,1
8fb5f8be2aa9d6c64a04e3ab9f63feee,1443,sent,2025-11-30 00:00:00,,QT2WN2503462,1
afe434653a898da20044041262b3ac74,1444,sent,2025-11-30 00:00:00,,QT2WN2503463,1
b265ce60fe4c5384e622b09eb829b8df,1445,sent,2025-11-30 00:00:00,,QT2WN2503464,1
8fb21ee7a2207526da55a679f0332de2,1446,sent,2025-11-30 00:00:00,,QT2WN2503465,1
c930eecd01935feef55942cc445f708f,1447,sent,2025-11-30 00:00:00,,QT2WN2503466,1
e94f63f579e05cb49c05c2d050ead9c0,1448,sent,2025-11-30 00:00:00,,QT2WN2503467,1
2dffbc474aa176b6dc957938c15d0c8b,1449,sent,2025-11-30 00:00:00,,QT2WN2503468,1
c5cc17e395d3049b03e0f1ccebb02b4d,1450,sent,2025-11-30 00:00:00,,QT2WN2503469,1
80a8155eb153025ea1d513d0b2c4b675,1451,sent,2025-11-30 00:00:00,,QT2WN2503470,1
6786f3c62fbf9021694f6e51cc07fe3c,1452,sent,2025-11-30 00:00:00,,QT2WN2503471,1
536a76f94cf7535158f66cfbd4b113b6,1453,sent,2025-11-30 00:00:00,,QT2WN2503472,1
3bbfdde8842a5c44a0323518eec97cbe,1454,sent,2025-11-30 00:00:00,,QT2WN2503473,1
0a1bf96b7165e962e90cb14648c9462d,1455,sent,2025-11-30 00:00:00,,QT2WN2503474,1
5e76bef6e019b2541ff53db39f407a98,1456,sent,2025-11-30 00:00:00,,QT2WN2503475,1
f12ee9734e1edf70ed02d9829018b3d9,2185,sent,2025-12-12 00:00:00,,QT2WN2503476,1
00a03ec6533ca7f5c644d198d815329c,2184,sent,2025-12-12 00:00:00,,QT2WN2503477,1
2056d8c1dec3d12cbce646b348d189d1,2183,sent,2025-12-12 00:00:00,,QT2WN2503478,1
6bc24fc1ab650b25b4114e93a98f1eba,736,sent,2025-12-19 00:00:00,,QT2WN2503479,1
59c33016884a62116be975a9bb8257e3,731,sent,2025-12-19 00:00:00,,QT2WN2503480,1
7de32147a4f1055bed9e4faf3485a84d,3440,sent,2025-12-19 00:00:00,,QT2WN2503481,1
9185f3ec501c674c7c788464a36e7fb3,2107,sent,2025-12-05 00:00:00,,QT2WN2503482,1
c6335734dbc0b1ded766421cfc611750,2106,sent,2025-12-05 00:00:00,,QT2WN2503483,1
a486cd07e4ac3d270571622f4f316ec5,2152,sent,2025-12-05 00:00:00,,QT2WN2503484,1
350db081a661525235354dd3e19b8c05,2151,sent,2025-12-05 00:00:00,,QT2WN2503485,1
1fb2a1c37b18aa4611c3949d6148d0f8,2430,sent,2025-11-23 00:00:00,,QT2WN2503486,1
cbf8710b43df3f2c1553e649403426df,2431,sent,2025-11-23 00:00:00,,QT2WN2503487,1
d16509f6eaca1022bd8f28d6bc582cae,2432,sent,2025-11-23 00:00:00,,QT2WN2503488,1
0fe473396242072e84af286632d3f0ff,2433,sent,2025-11-23 00:00:00,,QT2WN2503489,1
f708f064faaf32a43e4d3c784e6af9ea,2434,sent,2025-11-13 00:00:00,,QT2WN2503490,1
b1301141feffabac455e1f90a7de2054,2435,sent,2025-11-13 00:00:00,,QT2WN2503491,1
5314b9674c86e3f9d1ba25ef9bb32895,2436,sent,2025-11-18 00:00:00,,QT2WN2503492,1
6547884cea64550284728eb26b0947ef,2437,sent,2025-11-18 00:00:00,,QT2WN2503493,1
bb1662b7c5f22a0f905fd59e718ca05e,2177,sent,2025-11-23 00:00:00,,QT2WN2503494,1
0234c510bc6d908b28c70ff313743079,2176,sent,2025-11-23 00:00:00,,QT2WN2503495,1
211c1e0b83b9c69fa9c4bdede203c1e3,2175,sent,2025-11-23 00:00:00,,QT2WN2503496,1
d1a21da7bca4abff8b0b61b87597de73,2174,sent,2025-11-23 00:00:00,,QT2WN2503497,1
7bc1ec1d9c3426357e69acd5bf320061,2173,sent,2025-11-23 00:00:00,,QT2WN2503498,1
9978b7063e297d84bb2ac8e46c1c845f,2172,sent,2025-11-23 00:00:00,,QT2WN2503499,1
f8e59f4b2fe7c5705bf878bbd494ccdf,2171,sent,2025-11-13 00:00:00,,QT2WN2503500,1
88a839f2f6f1427879fc33ee4acf4f66,2170,sent,2025-11-13 00:00:00,,QT2WN2503501,1
bd0cc810b580b35884bd9df37c0e8b0f,2169,sent,2025-11-18 00:00:00,,QT2WN2503502,1
41e7637e7b6a9f27a98b84d3a185c7c0,2168,sent,2025-11-18 00:00:00,,QT2WN2503503,1
bbaa9d6a1445eac881750bea6053f564,2261,sent,2025-11-30 00:00:00,,QT2WN2503504,1
0233f3bb964cf325a30f8b1c2ed2da93,2262,sent,2025-11-30 00:00:00,,QT2WN2503505,1
26505e0494662534f633586941b77d0c,2263,sent,2025-11-30 00:00:00,,QT2WN2503506,1
ccbd8ca962b80445df1f7f38c57759f0,2264,sent,2025-11-30 00:00:00,,QT2WN2503507,1
66e8ba8216a1e152d72653d99a4f03ab,2265,sent,2025-11-30 00:00:00,,QT2WN2503508,1
38651c4450f87348fcbe1f992746a954,2254,sent,2025-11-30 00:00:00,,QT2WN2503509,1
c2ba1bc54b239208cb37b901c0d3b363,2255,sent,2025-11-30 00:00:00,,QT2WN2503510,1
f6c79f4af478638c39b206ec30ab166b,2256,sent,2025-11-30 00:00:00,,QT2WN2503511,1
d6288499d0083cc34e60a077b7c4b3e1,2257,sent,2025-11-30 00:00:00,,QT2WN2503512,1
2d3acd3e240c61820625fff66a19938f,2258,sent,2025-11-30 00:00:00,,QT2WN2503513,1
db116b39f7a3ac5366079b1d9fe249a5,2209,sent,2025-11-28 00:00:00,,QT2WN2503514,1
cd3afef9b8b89558cd56638c3631868a,2208,sent,2025-11-28 00:00:00,,QT2WN2503515,1
4aecfbe5d21e3f7912bf8eb29124423a,2207,sent,2025-11-28 00:00:00,,QT2WN2503516,1
fea9c11c4ad9a395a636ed944a28b51a,2206,sent,2025-11-28 00:00:00,,QT2WN2503517,1
7dc1c7653ac42a05642a667959c12239,2144,sent,2025-11-28 00:00:00,,QT2WN2503518,1
9f44e956e3a2b7b5598c625fcc802c36,2143,sent,2025-11-28 00:00:00,,QT2WN2503519,1
2a34abd6ebbd7fcf5a4421229c946c0a,2142,sent,2025-11-28 00:00:00,,QT2WN2503520,1
5d6646aad9bcc0be55b2c82f69750387,2141,sent,2025-11-28 00:00:00,,QT2WN2503521,1
806fec5af7f5b48b8a31a003e171f3fb,2337,sent,2025-11-14 00:00:00,,QT2WN2503522,1
b6cda17abb967ed28ec9610137aa45f7,2338,sent,2025-11-15 00:00:00,,QT2WN2503523,1
35936504a37d53e03abdfbc7318d9ec7,2339,sent,2025-11-19 00:00:00,,QT2WN2503524,1
43e4e6a6f341e00671e123714de019a8,2340,sent,2025-11-20 00:00:00,,QT2WN2503525,1
c8dfece5cc68249206e4690fc4737a8d,2341,sent,2025-11-24 00:00:00,,QT2WN2503526,1
2321994d85d661d792223f647000c65f,2342,sent,2025-11-24 00:00:00,,QT2WN2503527,1
7cc532d783a7461f227a5da8ea80bfe1,2343,sent,2025-11-24 00:00:00,,QT2WN2503528,1
f52854cc99ae1c1966b0a21d0127975b,2344,sent,2025-11-25 00:00:00,,QT2WN2503529,1
81b073de9370ea873f548e31b8adc081,2345,sent,2025-11-25 00:00:00,,QT2WN2503530,1
777669af68dbccabc30c3b6bcaa81825,2346,sent,2025-11-25 00:00:00,,QT2WN2503531,1
b23975176653284f1f7356ba5539cfcb,2347,sent,2025-11-28 00:00:00,,QT2WN2503532,1
20c9f5700da1088260df60fcc5df2b53,2348,sent,2025-11-28 00:00:00,,QT2WN2503533,1
70fcb77e6349f4467edd7227baa73222,2349,sent,2025-11-28 00:00:00,,QT2WN2503534,1
bc7f621451b4f5df308a8e098112185d,2399,sent,2025-11-28 00:00:00,,QT2WN2503535,1
565030e1fce4e481f9823a7de3b8a047,2398,sent,2025-11-28 00:00:00,,QT2WN2503536,1
878d5691c824ee2aaf770f7d36c151d6,2397,sent,2025-11-28 00:00:00,,QT2WN2503537,1
dcf6070a4ab7f3afbfd2809173e0824b,2396,sent,2025-11-28 00:00:00,,QT2WN2503538,1
b090409688550f3cc93f4ed88ec6cafb,2395,sent,2025-11-28 00:00:00,,QT2WN2503539,1
8b4224068a41c5d37f5e2d54f3995089,2387,sent,2025-11-29 00:00:00,,QT2WN2503540,1
d0921d442ee91b896ad95059d13df618,2394,sent,2025-11-29 00:00:00,,QT2WN2503541,1
52cf49fea5ff66588408852f65cf8272,2393,sent,2025-11-29 00:00:00,,QT2WN2503542,1
a554f89dd61cabd2ff833d3468e2008a,2392,sent,2025-11-29 00:00:00,,QT2WN2503543,1
102f0bb6efb3a6128a3c750dd16729be,2391,sent,2025-11-29 00:00:00,,QT2WN2503544,1
999600eb275cc7196161261972daa59b,2390,sent,2025-11-29 00:00:00,,QT2WN2503545,1
063e26c670d07bb7c4d30e6fc69fe056,2389,sent,2025-11-29 00:00:00,,QT2WN2503546,1
d04863f100d59b3eb688a11f95b0ae60,2388,sent,2025-11-29 00:00:00,,QT2WN2503547,1
05a70454516ecd9194c293b0e415777f,2212,sent,2025-11-20 00:00:00,,QT2WN2503548,1
b0df2270be9cb16c14537e5bc2f2d37b,2218,sent,2025-11-20 00:00:00,,QT2WN2503549,1
13111c20aee51aeb480ecbd988cd8cc9,2219,sent,2025-11-20 00:00:00,,QT2WN2503550,1
d2a27e83d429f0dcae6b937cf440aeb1,2220,sent,2025-11-24 00:00:00,,QT2WN2503551,1
598920e11d1eb2a49501d59fce5ecbb7,2221,sent,2025-11-24 00:00:00,,QT2WN2503552,1
934b535800b1cba8f96a5d72f72f1611,2222,sent,2025-11-24 00:00:00,,QT2WN2503553,1
04048aeca2c0f5d84639358008ed2ae7,2223,sent,2025-11-28 00:00:00,,QT2WN2503554,1
8ca8da41fe1ebc8d3ca31dc14f5fc56c,2224,sent,2025-11-28 00:00:00,,QT2WN2503555,1
443dec3062d0286986e21dc0631734c9,2225,sent,2025-11-28 00:00:00,,QT2WN2503556,1
01eee509ee2f68dc6014898c309e86bf,2226,sent,2025-11-28 00:00:00,,QT2WN2503557,1
efdf562ce2fb0ad460fd8e9d33e57f57,2227,sent,2025-11-28 00:00:00,,QT2WN2503558,1
2a8a812400df8963b2e2ac0ed01b07b8,2231,sent,2025-11-28 00:00:00,,QT2WN2503559,1
3e6260b81898beacda3d16db379ed329,2232,sent,2025-11-28 00:00:00,,QT2WN2503560,1
e0f7a4d0ef9b84b83b693bbf3feb8e6e,2233,sent,2025-11-28 00:00:00,,QT2WN2503561,1
3dd9424294b0292b6e89ea2bba2e1144,2236,sent,2025-11-28 00:00:00,,QT2WN2503562,1
b166b57d195370cd41f80dd29ed523d9,2237,sent,2025-11-28 00:00:00,,QT2WN2503563,1
2952351097998ac1240cb2ab7333a3d2,2238,sent,2025-11-28 00:00:00,,QT2WN2503564,1
487d4c6a324446b3fa45b30cfcee5337,2239,sent,2025-11-28 00:00:00,,QT2WN2503565,1
d4dd111a4fd973394238aca5c05bebe3,2240,sent,2025-11-28 00:00:00,,QT2WN2503566,1
01894d6f048493d2cacde3c579c315a3,2213,sent,2025-11-28 00:00:00,,QT2WN2503567,1
b6e32320fa6bc5a588b90183b95dc028,2241,sent,2025-11-28 00:00:00,,QT2WN2503568,1
f3d9de86462c28781cbe5c47ef22c3e5,2214,sent,2025-11-28 00:00:00,,QT2WN2503569,1
02e656adee09f8394b402d9958389b7d,2215,sent,2025-11-28 00:00:00,,QT2WN2503570,1
5938b4d054136e5d59ada6ec9c295d7a,2216,sent,2025-11-28 00:00:00,,QT2WN2503571,1
b5c01503041b70d41d80e3dbe31bbd8c,2217,sent,2025-11-15 00:00:00,,QT2WN2503572,1
4ae67a7dd7e491f8fb6f9ea0cf25dfdb,2228,sent,2025-11-28 00:00:00,,QT2WN2503573,1
6cd9313ed34ef58bad3fdd504355e72c,2229,sent,2025-11-15 00:00:00,,QT2WN2503574,1
329e6581efbc90bd92a1f22c4ba2103d,2230,sent,2025-11-15 00:00:00,,QT2WN2503575,1
653ac11ca60b3e021a8c609c7198acfc,2234,sent,2025-11-28 00:00:00,,QT2WN2503576,1
b0b79da57b95837f14be95aaa4d54cf8,2235,sent,2025-11-24 00:00:00,,QT2WN2503577,1
06d5ae105ea1bea4d800bc96491876e9,2205,sent,2025-11-24 00:00:00,,QT2WN2503578,1
4b4edc2630fe75800ddc29a7b4070add,2204,sent,2025-11-24 00:00:00,,QT2WN2503579,1
2d969e2cee8cfa07ce7ca0bb13c7a36d,2203,sent,2025-11-24 00:00:00,,QT2WN2503580,1
ca0daec69b5adc880fb464895726dbdf,2193,sent,2025-11-24 00:00:00,,QT2WN2503581,1
dd28e50635038e9cf3a648c2dd17ad0a,2202,sent,2025-11-24 00:00:00,,QT2WN2503582,1
e45823afe1e5120cec11fc4c379a0c67,2201,sent,2025-11-24 00:00:00,,QT2WN2503583,1
5249ee8e0cff02ad6b4cc0ee0e50b7d1,2200,sent,2025-11-24 00:00:00,,QT2WN2503584,1
1145a30ff80745b56fb0cecf65305017,2199,sent,2025-11-24 00:00:00,,QT2WN2503585,1
14ea0d5b0cf49525d1866cb1e95ada5d,2192,sent,2025-11-24 00:00:00,,QT2WN2503586,1
6832a7b24bc06775d02b7406880b93fc,2198,sent,2025-11-24 00:00:00,,QT2WN2503587,1
ea119a40c1592979f51819b0bd38d39d,2197,sent,2025-11-24 00:00:00,,QT2WN2503588,1
25db67c5657914454081c6a18e93d6dd,2196,sent,2025-11-24 00:00:00,,QT2WN2503589,1
8c5f6ecd29a0eb234459190ca51c16dd,2195,sent,2025-11-24 00:00:00,,QT2WN2503590,1
cdf1e288ca02272e717c9d5e4cb180bd,2194,sent,2025-11-24 00:00:00,,QT2WN2503591,1
71560ce98c8250ce57a6a970c9991a5f,2191,sent,2025-11-24 00:00:00,,QT2WN2503592,1
0a87257e5308197df43230edf4ad1dae,2190,sent,2025-11-24 00:00:00,,QT2WN2503593,1
1c6a0198177bfcc9bd93f6aab94aad3c,2189,sent,2025-11-24 00:00:00,,QT2WN2503594,1
b440509a0106086a67bc2ea9df0a1dab,2188,sent,2025-11-24 00:00:00,,QT2WN2503595,1
e2ad76f2326fbc6b56a45a56c59fafdb,2187,sent,2025-11-24 00:00:00,,QT2WN2503596,1
81b3833e2504647f9d794f7d7b9bf341,2186,sent,2025-11-24 00:00:00,,QT2WN2503597,1
e58aea67b01fa747687f038dfde066f6,2308,sent,2025-11-17 00:00:00,,QT2WN2503598,1
f516dfb84b9051ed85b89cdc3a8ab7f5,2309,sent,2025-11-17 00:00:00,,QT2WN2503599,1
49c0b9d84c2a16fcaf9d25694fda75e1,2310,sent,2025-11-20 00:00:00,,QT2WN2503600,1
046ddf96c233a273fd390c3d0b1a9aa4,2311,sent,2025-11-20 00:00:00,,QT2WN2503601,1
69dafe8b58066478aea48f3d0f384820,2312,sent,2025-11-24 00:00:00,,QT2WN2503602,1
f3ac63c91272f19ce97c7397825cc15f,2313,sent,2025-11-24 00:00:00,,QT2WN2503603,1
db9eeb7e678863649bce209842e0d164,2314,sent,2025-11-24 00:00:00,,QT2WN2503604,1
88bfcf02e7f554f9e9ea350b699bc6a7,2315,sent,2025-11-24 00:00:00,,QT2WN2503605,1
778609db5dc7e1a8315717a9cdd8fd6f,2316,sent,2025-11-24 00:00:00,,QT2WN2503606,1
68d309812548887400e375eaa036d2f1,2317,sent,2025-11-24 00:00:00,,QT2WN2503607,1
426f990b332ef8193a61cc90516c1245,2318,sent,2025-11-28 00:00:00,,QT2WN2503608,1
a11f9e533f28593768ebf87075ab34f2,2319,sent,2025-11-28 00:00:00,,QT2WN2503609,1
a70dc40477bc2adceef4d2c90f47eb82,2320,sent,2025-11-28 00:00:00,,QT2WN2503610,1
761c7920f470038d4c8a619c79eddd62,2321,sent,2025-11-28 00:00:00,,QT2WN2503611,1
228bbc2f87caeb21bb7f6949fddcb91d,2322,sent,2025-11-28 00:00:00,,QT2WN2503612,1
149815eb972b3c370dee3b89d645ae14,2323,sent,2025-11-28 00:00:00,,QT2WN2503613,1
d5e2fbef30a4eb668a203060ec8e5eef,2324,sent,2025-11-28 00:00:00,,QT2WN2503614,1
6c97cd07663b099253bc569fe8d342bb,2325,sent,2025-11-28 00:00:00,,QT2WN2503615,1
f1e2b2c9255d552500a833ac828cd635,2326,sent,2025-11-28 00:00:00,,QT2WN2503616,1
03255088ed63354a54e0e5ed957e9008,2327,sent,2025-11-28 00:00:00,,QT2WN2503617,1
23c97e9cb93576e45d2feaf00d0e8502,2140,sent,2025-11-17 00:00:00,,QT2WN2503618,1
37d097caf1299d9aa79c2c2b843d2d78,2139,sent,2025-11-28 00:00:00,,QT2WN2503619,1
1943102704f8f8f3302c2b730728e023,2138,sent,2025-11-24 00:00:00,,QT2WN2503620,1
9bb6dee73b8b0ca97466ccb24fff3139,2137,sent,2025-11-28 00:00:00,,QT2WN2503621,1
4e62e752ae53fb6a6eebd0f6146aa702,2136,sent,2025-11-28 00:00:00,,QT2WN2503622,1
9a49a25d845a483fae4be7e341368e36,2135,sent,2025-11-24 00:00:00,,QT2WN2503623,1
fca0789e7891cbc0583298a238316122,2134,sent,2025-11-28 00:00:00,,QT2WN2503624,1
c902b497eb972281fb5b4e206db38ee6,2133,sent,2025-11-20 00:00:00,,QT2WN2503625,1
f6e794a75c5d51de081dbefa224304f9,2132,sent,2025-11-28 00:00:00,,QT2WN2503626,1
a869ccbcbd9568808b8497e28275c7c8,2131,sent,2025-11-28 00:00:00,,QT2WN2503627,1
f15d337c70078947cfe1b5d6f0ed3f13,2130,sent,2025-11-28 00:00:00,,QT2WN2503628,1
cd4bb35c75ba84b4f39e547b1416fd35,2129,sent,2025-11-28 00:00:00,,QT2WN2503629,1
bd5af7cd922fd2603be4ee3dc43b0b77,2128,sent,2025-11-28 00:00:00,,QT2WN2503630,1
5227b6aaf294f5f027273aebf16015f2,2127,sent,2025-11-28 00:00:00,,QT2WN2503631,1
3b92d18aa7a6176dd37d372bc2f1eb71,2126,sent,2025-11-28 00:00:00,,QT2WN2503632,1
a012869311d64a44b5a0d567cd20de04,2125,sent,2025-11-28 00:00:00,,QT2WN2503633,1
ef41d488755367316f04fc0e0e9dc9fc,2124,sent,2025-11-28 00:00:00,,QT2WN2503634,1
5a1e3a5aede16d438c38862cac1a78db,2123,sent,2025-11-28 00:00:00,,QT2WN2503635,1
abdbeb4d8dbe30df8430a8394b7218ef,2122,sent,2025-11-28 00:00:00,,QT2WN2503636,1
02b1be0d48924c327124732726097157,2121,sent,2025-11-28 00:00:00,,QT2WN2503637,1
44cd7a8f7f9f85129b9953950665064d,2120,sent,2025-11-28 00:00:00,,QT2WN2503638,1
1b5230e3ea6d7123847ad55a1e06fffd,2119,sent,2025-11-28 00:00:00,,QT2WN2503639,1
92bbd31f8e0e43a7da8a6295b251725f,2118,sent,2025-11-24 00:00:00,,QT2WN2503640,1
3937230de3c8041e4da6ac3246a888e8,2117,sent,2025-11-28 00:00:00,,QT2WN2503641,1
4ba3c163cd1efd4c14e3a415fa0a3010,2116,sent,2025-11-28 00:00:00,,QT2WN2503642,1
6e5025ccc7d638ae4e724da8938450a6,2163,sent,2025-11-28 00:00:00,,QT2WN2503643,1
86e78499eeb33fb9cac16b7555b50767,2162,sent,2025-11-28 00:00:00,,QT2WN2503644,1
333ac5d90817d69113471fbb6e531bee,2161,sent,2025-11-28 00:00:00,,QT2WN2503645,1
1819932ff5cf474f4f19e7c7024640c2,2160,sent,2025-11-28 00:00:00,,QT2WN2503646,1
ddd9dda6bfaf0bb1525a8a27c3ee6131,2159,sent,2025-11-28 00:00:00,,QT2WN2503647,1
51de85ddd068f0bc787691d356176df9,2269,sent,2025-12-05 00:00:00,,QT2WN2503648,1
cd0f74b5955dc87fd0605745c4b49ee8,2270,sent,2025-12-05 00:00:00,,QT2WN2503649,1
a376033f78e144f494bfc743c0be3330,2271,sent,2025-12-05 00:00:00,,QT2WN2503650,1
743394beff4b1282ba735e5e3723ed74,2272,sent,2025-12-05 00:00:00,,QT2WN2503651,1
074177d3eb6371e32c16c55a3b8f706b,2273,sent,2025-12-05 00:00:00,,QT2WN2503652,1
5f6371c9126149517d9ba475def53139,2293,sent,2025-11-30 00:00:00,,QT2WN2503653,1
229754d7799160502a143a72f6789927,2294,sent,2025-11-30 00:00:00,,QT2WN2503654,1
16026d60ff9b54410b3435b403afd226,2295,sent,2025-11-30 00:00:00,,QT2WN2503655,1
130f1a8e9e102707f3f91b010f151b0b,2296,sent,2025-11-30 00:00:00,,QT2WN2503656,1
e069ea4c9c233d36ff9c7f329bc08ff1,2297,sent,2025-11-30 00:00:00,,QT2WN2503657,1
3de568f8597b94bda53149c7d7f5958c,2298,sent,2025-11-30 00:00:00,,QT2WN2503658,1
40b5f25a228570053bc64a043c3f1833,2299,sent,2025-11-30 00:00:00,,QT2WN2503659,1
46a558d97954d0692411c861cf78ef79,2300,sent,2025-11-23 00:00:00,,QT2WN2503660,1
2b45c629e577731c4df84fc34f936a89,2301,sent,2025-11-23 00:00:00,,QT2WN2503661,1
ffedf5be3a86e2ee281d54cdc97bc1cf,2302,sent,2025-11-23 00:00:00,,QT2WN2503662,1
9683cc5f89562ea48e72bb321d9f03fb,1363,sent,2025-11-28 00:00:00,,QT2WN2503663,1
effc299a1addb07e7089f9b269c31f2f,1364,sent,2025-11-28 00:00:00,,QT2WN2503664,1
cf1f78fe923afe05f7597da2be7a3da8,1365,sent,2025-11-28 00:00:00,,QT2WN2503665,1
6a5889bb0190d0211a991f47bb19a777,1366,sent,2025-11-28 00:00:00,,QT2WN2503666,1
a223c6b3710f85df22e9377d6c4f7553,1367,sent,2025-11-28 00:00:00,,QT2WN2503667,1
6c1da886822c67822bcf3679d04369fa,1368,sent,2025-11-28 00:00:00,,QT2WN2503668,1
0e3a37aa85a14e359df74fa77eded3f6,1369,sent,2025-11-28 00:00:00,,QT2WN2503669,1
d1ee59e20ad01cedc15f5118a7626099,1370,sent,2025-11-28 00:00:00,,QT2WN2503670,1
81ca0262c82e712e50c580c032d99b60,1371,sent,2025-11-28 00:00:00,,QT2WN2503671,1
f3bd5ad57c8389a8a1a541a76be463bf,1372,sent,2025-11-28 00:00:00,,QT2WN2503672,1
e56b06c51e1049195d7b26d043c478a0,1373,sent,2025-11-28 00:00:00,,QT2WN2503673,1
792c7b5aae4a79e78aaeda80516ae2ac,1374,sent,2025-11-28 00:00:00,,QT2WN2503674,1
70feb62b69f16e0238f741fab228fec2,1375,sent,2025-11-28 00:00:00,,QT2WN2503675,1
79a49b3e3762632813f9e35f4ba53d6c,1376,sent,2025-11-29 00:00:00,,QT2WN2503676,1
f52378e14237225a6f6c7d802dc6abbd,1377,sent,2025-11-29 00:00:00,,QT2WN2503677,1
8d9a0adb7c204239c9635426f35c9522,1378,sent,2025-11-29 00:00:00,,QT2WN2503678,1
bad5f33780c42f2588878a9d07405083,1379,sent,2025-11-29 00:00:00,,QT2WN2503679,1
ea8fcd92d59581717e06eb187f10666d,1380,sent,2025-11-29 00:00:00,,QT2WN2503680,1
d82118376df344b0010f53909b961db3,1381,sent,2025-11-29 00:00:00,,QT2WN2503681,1
4e0d67e54ad6626e957d15b08ae128a6,1382,sent,2025-11-29 00:00:00,,QT2WN2503682,1
cd0dce8fca267bf1fb86cf43e18d5598,1383,sent,2025-11-29 00:00:00,,QT2WN2503683,1
5ca3e9b122f61f8f06494c97b1afccf3,1384,sent,2025-11-29 00:00:00,,QT2WN2503684,1
86e8f7ab32cfd12577bc2619bc635690,1385,sent,2025-11-29 00:00:00,,QT2WN2503685,1
363763e5c3dc3a68b399058c34aecf2c,1386,sent,2025-11-29 00:00:00,,QT2WN2503686,1
4fa7c62536118cc404dec4a0ca88d4f6,1387,sent,2025-11-29 00:00:00,,QT2WN2503687,1
0c0a7566915f4f24853fc4192689aa7e,1388,sent,2025-11-29 00:00:00,,QT2WN2503688,1
2bd7f907b7f5b6bbd91822c0c7b835f6,1389,sent,2025-11-30 00:00:00,,QT2WN2503689,1
359f38463d487e9e29bd20e24f0c050a,1390,sent,2025-11-30 00:00:00,,QT2WN2503690,1
7f53f8c6c730af6aeb52e66eb74d8507,1391,sent,2025-11-30 00:00:00,,QT2WN2503691,1
c0826819636026dd1f3674774f06c51d,1392,sent,2025-11-30 00:00:00,,QT2WN2503692,1
ad3019b856147c17e82a5bead782d2a8,1393,sent,2025-11-30 00:00:00,,QT2WN2503693,1
f016e59c7ad8b1d72903bb1aa5720d53,1394,sent,2025-11-30 00:00:00,,QT2WN2503694,1
14d9e8007c9b41f57891c48e07c23f57,1395,sent,2025-11-30 00:00:00,,QT2WN2503695,1
0966289037ad9846c5e994be2a91bafa,1396,sent,2025-11-30 00:00:00,,QT2WN2503696,1
215a71a12769b056c3c32e7299f1c5ed,1397,sent,2025-11-30 00:00:00,,QT2WN2503697,1
d9731321ef4e063ebbee79298fa36f56,1398,sent,2025-11-30 00:00:00,,QT2WN2503698,1
602d1305678a8d5fdb372271e980da6a,1399,sent,2025-11-30 00:00:00,,QT2WN2503699,1
f0dd4a99fba6075a9494772b58f95280,1400,sent,2025-11-30 00:00:00,,QT2WN2503700,1
9701a1c165dd9420816bfec5edd6c2b1,1401,sent,2025-11-30 00:00:00,,QT2WN2503701,1
0c1c995b77ea7312f887ddd9f9d35de5,2944,sent,2000-01-01 00:00:00,,QT2WN2503703,7
b2004314aa49d95302179246148e0326,3441,sent,2000-01-01 00:00:00,,QT2WN2503704,7
697e382cfd25b07a3e62275d3ee132b3,2158,sent,2000-01-01 00:00:00,,QT2WN2503705,7
d542599794c1cf067d90638b5d3911f3,2157,sent,2000-01-01 00:00:00,,QT2WN2503706,7
ee26fc66b1369c7625333bedafbfcaf6,2156,sent,2000-01-01 00:00:00,,QT2WN2503707,7
a381c2c35c9157f6b67fd07d5a200ae1,2155,sent,2000-01-01 00:00:00,,QT2WN2503708,7
1e8c391abfde9abea82d75a2d60278d4,2154,sent,2000-01-01 00:00:00,,QT2WN2503709,7
cb8da6767461f2812ae4290eac7cbc42,2153,sent,2000-01-01 00:00:00,,QT2WN2503710,7
15c00b5250ddedaabc203b67f8b034fd,2948,sent,2000-01-01 00:00:00,,QT2WN2503711,7
892c3b1c6dccd52936e27cbd0ff683d6,2945,sent,2000-01-01 00:00:00,,QT2WN2503712,7
c9efe5f26cd17ba6216bbe2a7d26d490,2946,sent,2000-01-01 00:00:00,,QT2WN2503713,7
ad8e88c0f76fa4fc8e5474384142a00a,2947,sent,2000-01-01 00:00:00,,QT2WN2503714,7
e07bceab69529b0f0b43625953fbf2a0,2949,sent,2000-01-01 00:00:00,,QT2WN2503715,7
bc4e356fee1972242c8f7eabf4dff517,2950,sent,2000-01-01 00:00:00,,QT2WN2503716,7
c3535febaff29fcb7c0d20cbe94391c7,2110,sent,2000-01-01 00:00:00,,QT2WN2503717,7
1a0a283bfe7c549dee6c638a05200e32,2111,sent,2000-01-01 00:00:00,,QT2WN2503718,7
a29d1598024f9e87beab4b98411d48ce,2112,sent,2000-01-01 00:00:00,,QT2WN2503719,7
01931a6925d3de09e5f87419d9d55055,2113,sent,2000-01-01 00:00:00,,QT2WN2503720,7
51174add1c52758f33d414ceaf3fe6ba,2114,sent,2000-01-01 00:00:00,,QT2WN2503721,7
bdc4626aa1d1df8e14d80d345b2a442d,2115,sent,2000-01-01 00:00:00,,QT2WN2503722,7
3baa271bc35fe054c86928f7016e8ae6,2383,sent,2000-01-01 00:00:00,,QT2WN2503723,7
ee8fe9093fbbb687bef15a38facc44d2,2382,sent,2000-01-01 00:00:00,,QT2WN2503724,7
7b66b4fd401a271a1c7224027ce111bc,2381,sent,2000-01-01 00:00:00,,QT2WN2503725,7
da4902cb0bc38210839714ebdcf0efc3,2380,sent,2000-01-01 00:00:00,,QT2WN2503726,7
add217938e07bb1fd8796e0315b88c10,2379,sent,2000-01-01 00:00:00,,QT2WN2503727,7
3837a451cd0abc5ce4069304c5442c87,2378,sent,2000-01-01 00:00:00,,QT2WN2503728,7
269d837afada308dd4aeab28ca2d57e4,2377,sent,2000-01-01 00:00:00,,QT2WN2503729,7
6ee69d3769e832ec77c9584e0b7ba112,2376,sent,2000-01-01 00:00:00,,QT2WN2503730,7
123b7f02433572a0a560e620311a469c,2375,sent,2000-01-01 00:00:00,,QT2WN2503731,7
8cbd005a556ccd4211ce43f309bc0eac,2374,sent,2000-01-01 00:00:00,,QT2WN2503732,7
5f14615696649541a025d3d0f8e0447f,2373,sent,2000-01-01 00:00:00,,QT2WN2503733,7
4c5bcfec8584af0d967f1ab10179ca4b,2372,sent,2000-01-01 00:00:00,,QT2WN2503734,7
0a65e195cb51418279b6fa8d96847a60,2371,sent,2000-01-01 00:00:00,,QT2WN2503735,7
ca43108ded5aabc7793d3f9b928cdd54,2370,sent,2000-01-01 00:00:00,,QT2WN2503736,7
ab8aa05e782481f55fc1412a97e7ac34,2369,sent,2000-01-01 00:00:00,,QT2WN2503737,7
466accbac9a66b805ba50e42ad715740,2368,sent,2000-01-01 00:00:00,,QT2WN2503738,7
300891a62162b960cf02ce3827bb363c,2367,sent,2000-01-01 00:00:00,,QT2WN2503739,7
3cf2559725a9fdfa602ec8c887440f32,2438,sent,2025-11-23 00:00:00,,QT2WN2503741,1
fc79250f8c5b804390e8da280b4cf06e,2439,sent,2025-11-23 00:00:00,,QT2WN2503742,1
feecee9f1643651799ede2740927317a,2440,sent,2025-11-23 00:00:00,,QT2WN2503743,1
7a68443f5c80d181c42967cd71612af1,2441,sent,2025-11-23 00:00:00,,QT2WN2503744,1
6048ff4e8cb07aa60b6777b6f7384d52,2442,sent,2025-11-23 00:00:00,,QT2WN2503745,1
24e27b869b66e9e62724bd7725d5d9c1,2443,sent,2025-11-23 00:00:00,,QT2WN2503746,1
7fd804295ef7f6a2822bf4c61f9dc4a8,2444,sent,2025-11-30 00:00:00,,QT2WN2503747,1
9ed9328611fe3f45b3cce8ffe386ee97,2445,sent,2025-11-30 00:00:00,,QT2WN2503748,1
2f4fe03d77724a7217006e5d16728874,2446,sent,2025-11-30 00:00:00,,QT2WN2503749,1
2c3ddf4bf13852db711dd1901fb517fa,2447,sent,2025-11-30 00:00:00,,QT2WN2503750,1
07a9d3fed4c5ea6b17e80258dee231fa,2448,sent,2025-11-30 00:00:00,,QT2WN2503751,1
61d77652c97ef636343742fc3dcf3ba9,2449,sent,2025-11-30 00:00:00,,QT2WN2503752,1
49d4b2faeb4b7b9e745775793141e2b2,2450,sent,2025-11-30 00:00:00,,QT2WN2503753,1
2dbf21633f03afcf882eaf10e4b5caca,2451,sent,2025-11-30 00:00:00,,QT2WN2503754,1
28b60a16b55fd531047c0c958ce14b95,2452,sent,2025-11-30 00:00:00,,QT2WN2503755,1
8c9f32e03aeb2e3000825c8c875c4edd,2453,sent,2025-11-30 00:00:00,,QT2WN2503756,1
03e7ef47cee6fa4ae7567394b99912b7,2454,sent,2025-11-30 00:00:00,,QT2WN2503757,1
b427426b8acd2c2e53827970f2c2f526,2455,sent,2025-11-30 00:00:00,,QT2WN2503758,1
7cf64379eb6f29a4d25c4b6a2df713e4,2456,sent,2025-11-30 00:00:00,,QT2WN2503759,1
7e05d6f828574fbc975a896b25bb011e,2457,sent,2025-11-30 00:00:00,,QT2WN2503760,1
54b2b21af94108d83c2a909d5b0a6a50,2458,sent,2025-11-30 00:00:00,,QT2WN2503761,1
8bdb5058376143fa358981954e7626b8,2459,sent,2025-11-30 00:00:00,,QT2WN2503762,1
03cf87174debaccd689c90c34577b82f,2400,sent,2025-11-21 00:00:00,,QT2WN2503763,1
959ef477884b6ac2241b19ee4fb776ae,2401,sent,2025-11-25 00:00:00,,QT2WN2503764,1
4dd9cec1c21bc54eecb53786a2c5fa09,2402,sent,2025-11-27 00:00:00,,QT2WN2503765,1
bd7db7397f7d83052f829816ecc7f004,2403,sent,2025-11-27 00:00:00,,QT2WN2503766,1
8208974663db80265e9bfe7b222dcb18,2404,sent,2025-11-21 00:00:00,,QT2WN2503767,1
b53477c2821c1bf0da5d40e57b870d35,2405,sent,2025-11-27 00:00:00,,QT2WN2503768,1
de7092ba6df4276921d27a3704c57998,2406,sent,2025-11-27 00:00:00,,QT2WN2503769,1
97416ac0f58056947e2eb5d5d253d4f2,2407,sent,2025-11-27 00:00:00,,QT2WN2503770,1
7cac11e2f46ed46c339ec3d569853759,2408,sent,2025-11-27 00:00:00,,QT2WN2503771,1
b3f61131b6eceeb2b14835fa648a48ff,2409,sent,2025-11-29 00:00:00,,QT2WN2503772,1
a6ea8471c120fe8cc35a2954c9b9c595,2410,sent,2025-11-29 00:00:00,,QT2WN2503773,1
ddeebdeefdb7e7e7a697e1c3e3d8ef54,2411,sent,2025-11-29 00:00:00,,QT2WN2503774,1
186fb23a33995d91ce3c2212189178c8,2412,sent,2025-11-29 00:00:00,,QT2WN2503775,1
72e6d3238361fe70f22fb0ac624a7072,2413,sent,2025-11-29 00:00:00,,QT2WN2503776,1
cb2c2041d9763d84d7d655e81178f444,2414,sent,2025-11-29 00:00:00,,QT2WN2503777,1
e3ca0449fa2ea7701a7ac53fb719c51a,2415,sent,2025-11-29 00:00:00,,QT2WN2503778,1
5dec707028b05bcbd3a1db5640f842c5,2416,sent,2025-11-29 00:00:00,,QT2WN2503779,1
ac1ad983e08ad3304a97e147f522747e,2417,sent,2025-11-29 00:00:00,,QT2WN2503780,1
db60b95decdeed944b4cd8685417cfdc,2418,sent,2025-11-29 00:00:00,,QT2WN2503781,1
020bf2c45e7bb322f89a226bd2c5d41b,2419,sent,2025-11-29 00:00:00,,QT2WN2503782,1
7993e11204b215b27694b6f139e34ce8,2420,sent,2025-11-29 00:00:00,,QT2WN2503783,1
e139c454239bfde741e893edb46a06cc,2421,sent,2025-11-29 00:00:00,,QT2WN2503784,1
be1df9a5d08724971f64a511e24fc904,2422,sent,2025-11-29 00:00:00,,QT2WN2503785,1
af5d5ef24881f3c3049a7b9bfe74d58b,2423,sent,2025-11-29 00:00:00,,QT2WN2503786,1
4a06d868d044c50af0cf9bc82d2fc19f,2424,sent,2025-11-29 00:00:00,,QT2WN2503787,1
f83630579d055dc5843ae693e7cdafe0,2425,sent,2025-12-05 00:00:00,,QT2WN2503788,1
c65d7bd70fe3e5e3a2f3de681edc193d,2426,sent,2025-12-05 00:00:00,,QT2WN2503789,1
2aaaddf27344ee54058548dc081c6541,2427,sent,2025-12-05 00:00:00,,QT2WN2503790,1
cc0991344c3d760ae42259064406bae1,2428,sent,2025-12-05 00:00:00,,QT2WN2503791,1
a9365bd906e11324065c35be476beb0c,2429,sent,2025-11-29 00:00:00,,QT2WN2503792,1
931af583573227f0220bc568c65ce104,2108,sent,2025-11-28 00:00:00,,QT2WN2503793,1
fa2431bf9d65058fe34e9713e32d60e6,2286,sent,2025-11-28 00:00:00,,QT2WN2503794,1
5b8e4fd39d9786228649a8a8bec4e008,2287,sent,2025-11-28 00:00:00,,QT2WN2503795,1
c3614206a443012045cfd75d2600af2d,2288,sent,2025-11-28 00:00:00,,QT2WN2503796,1
43351f7bf9a215be70c2c2caa7555002,2289,sent,2025-11-28 00:00:00,,QT2WN2503797,1
1177967c7957072da3dc1db4ceb30e7a,2290,sent,2025-11-28 00:00:00,,QT2WN2503798,1
98e6f17209029f4ae6dc9d88ec8eac2c,2291,sent,2025-11-28 00:00:00,,QT2WN2503799,1
47810f956e3d8fb8a32fb276448b464d,2292,sent,2025-11-28 00:00:00,,QT2WN2503800,1
95f8d9901ca8878e291552f001f67692,2274,sent,2025-11-28 00:00:00,,QT2WN2503801,1
cd0cbcc668fe4bc58e0af3cc7e0a653d,2275,sent,2025-11-28 00:00:00,,QT2WN2503802,1
6150ccc6069bea6b5716254057a194ef,2276,sent,2000-01-01 00:00:00,,QT2WN2503803,1
fe40fb944ee700392ed51bfe84dd4e3d,2277,sent,2000-01-01 00:00:00,,QT2WN2503804,1
cc7e2b878868cbae992d1fb743995d8f,2278,sent,2000-01-01 00:00:00,,QT2WN2503805,1
96671501524948bc3937b4b30d0e57b9,2279,sent,2000-01-01 00:00:00,,QT2WN2503806,1
716e1b8c6cd17b771da77391355749f3,2283,sent,2000-01-01 00:00:00,,QT2WN2503807,1
80537a945c7aaa788ccfcdf1b99b5d8f,2284,sent,2000-01-01 00:00:00,,QT2WN2503808,1
0f46c64b74a6c964c674853a89796c8e,2281,sent,2000-01-01 00:00:00,,QT2WN2503809,1
d6bcb486f72ae7b5dc68b5b7df7ec887,2282,sent,2000-01-01 00:00:00,,QT2WN2503810,1
ae1eaa32d10b6c886981755d579fb4d8,2285,sent,2000-01-01 00:00:00,,QT2WN2503811,1
dc16622ddc767e6bc1200fe5df2fbdfb,2280,sent,2000-01-01 00:00:00,,QT2WN2503812,1
326a8c055c0d04f5b06544665d8bb3ea,2350,,2025-12-26 00:00:00,,QT2WN2503813,1
0abdc563a06105aee3c6136871c9f4d1,2351,,2025-12-26 00:00:00,,QT2WN2503814,1
92049debbe566ca5782a3045cf300a3c,2352,,2025-12-26 00:00:00,,QT2WN2503815,1
23af4b45f1e166141a790d1a3126e77a,2353,,2025-12-26 00:00:00,,QT2WN2503816,1
d254c8a084d4545bd80577481aa03076,2354,,2025-12-26 00:00:00,,QT2WN2503817,1
3f53d7190148675e3cd472fc826828c5,2355,,2025-12-26 00:00:00,,QT2WN2503818,1
ea204361fe7f024b130143eb3e189a18,2356,,2025-12-26 00:00:00,,QT2WN2503819,1
d095a94d20dcaf7aa07301948549bede,2357,,2025-12-26 00:00:00,,QT2WN2503820,1
d20be76a86c0d71c75035fced631f874,2358,,2025-12-26 00:00:00,,QT2WN2503821,1
d69116f8b0140cdeb1f99a4d5096ffe4,2359,,2025-12-26 00:00:00,,QT2WN2503822,1
4ebd440d99504722d80de606ea8507da,2360,,2026-01-09 00:00:00,,QT2WN2503823,1
794288f252f45d35735a13853e605939,2361,,2026-01-09 00:00:00,,QT2WN2503824,1
8aec51422b30d61bce078b27f0babeb1,2362,,2026-01-09 00:00:00,,QT2WN2503825,1
505259756244493872b7709a8a01b536,2363,,2026-01-09 00:00:00,,QT2WN2503826,1
f7e2b2b75b04175610e5a00c1e221ebb,2364,,2026-01-09 00:00:00,,QT2WN2503827,1
9fb7b048c96d44a0337f049e0a61ff06,2365,,2026-01-09 00:00:00,,QT2WN2503828,1
d3b1fb02964aa64e257f9f26a31f72cf,2366,,2026-01-09 00:00:00,,QT2WN2503829,1
b4a721cfb62f5d19ec61575114d8a2d1,2777,sent,2026-01-30 00:00:00,,QT2WN2503842,1
f6c9dc70ecfd8f90ba8598aa2401cd1a,2918,sent,2026-01-30 00:00:00,,QT2WN2503843,1
dfb84a11f431c62436cfb760e30a34fe,2917,sent,2026-01-30 00:00:00,,QT2WN2503844,1
e924517087669cf201ea91bd737a4ff4,2915,sent,2026-02-06 00:00:00,,QT2WN2503845,1
340a39045c40d50dda207bcfdece883a,2916,sent,2026-02-06 00:00:00,,QT2WN2503846,1
de7f47e09c8e05e6021ababdf6bc58e7,3451,sent,2025-11-30 00:00:00,,QT2WN2503847,1
86a1793f65aeef4aeef4b479fc9b2bca,3449,sent,2025-11-30 00:00:00,,QT2WN2503848,1
473447ac58e1cd7e96172575f48dca3b,3455,sent,2025-11-30 00:00:00,,QT2WN2503849,1
e3ea33961a7c5b1ec04d6c97aa3b5379,3458,sent,2025-11-30 00:00:00,,QT2WN2503850,1
c5bbd980e5ab2c17413ec02bd757a9e5,3448,sent,2025-11-30 00:00:00,,QT2WN2503851,1
f356355c1634839cf42769e7f30905a3,3453,sent,2025-11-30 00:00:00,,QT2WN2503852,1
703957b6dd9e3a7980e040bee50ded65,3450,sent,2025-11-30 00:00:00,,QT2WN2503853,1
e1fc9c082df6cfff8cbcfff2b5a722ef,3457,sent,2025-11-30 00:00:00,,QT2WN2503854,1
7e8d7e5ccbddfd9576be61e3ab86aa73,3461,sent,2025-11-30 00:00:00,,QT2WN2503855,1
def7924e3199be5e18060bb3e1d547a7,3456,sent,2025-11-30 00:00:00,,QT2WN2503856,1
66121d1f782d29b62a286909165517bc,3452,sent,2025-11-30 00:00:00,,QT2WN2503857,1
2e1b24a664f5e9c18f407b2f9c73e821,3447,sent,2025-11-30 00:00:00,,QT2WN2503858,1
56503192b14190d3826780d47c0d3bf3,3460,sent,2025-11-30 00:00:00,,QT2WN2503859,1
5abdf8b8520b71f3a528c7547ee92428,3454,sent,2025-11-30 00:00:00,,QT2WN2503860,1
13d63838ef1fb6f34ca2dc6821c60e49,3459,sent,2025-11-30 00:00:00,,QT2WN2503861,1
735143e9ff8c47def504f1ba0442df98,3471,sent,2025-11-27 00:00:00,,QT2WN2503862,1
73fed7fd472e502d8908794430511f4d,3470,sent,2025-11-28 00:00:00,,QT2WN2503863,1
ca851e9f71b25d2d588b7e0d4de3d627,3469,sent,2025-11-29 00:00:00,,QT2WN2503864,1
9edda0fd4d983bf975935cfd492fd50b,3462,sent,2025-11-29 00:00:00,,QT2WN2503865,1
51e6d6e679953c6311757004d8cbbba9,3464,sent,2025-11-29 00:00:00,,QT2WN2503866,1
d38ee19a4815c4aeba48227913092a6e,3475,sent,2025-11-30 00:00:00,,QT2WN2503867,1
ddcbe25988981920c872c1787382f04d,3476,sent,2025-11-30 00:00:00,,QT2WN2503868,1
99be9f83741d1275639df2c1e4d0072f,3473,sent,2025-11-30 00:00:00,,QT2WN2503869,1
e91068fff3d7fa1594dfdf3b4308433a,3474,sent,2025-11-30 00:00:00,,QT2WN2503870,1
73c03186765e199c116224b68adc5fa0,3463,sent,2025-11-30 00:00:00,,QT2WN2503871,1
797134c3e42371bb4979a462eb2f042a,3465,sent,2025-11-30 00:00:00,,QT2WN2503872,1
2974788b53f73e7950e8aa49f3a306db,3472,sent,2025-11-30 00:00:00,,QT2WN2503873,1
2a2717956118b4d223ceca17ce3865e2,3467,sent,2025-11-30 00:00:00,,QT2WN2503874,1
606555cf42a6719782a952aa33cfa2cb,3466,sent,2025-11-30 00:00:00,,QT2WN2503875,1
322f62469c5e3c7dc3e58f5a4d1ea399,3468,sent,2025-11-30 00:00:00,,QT2WN2503876,1
ea159dc9788ffac311592613b7f71fbb,2384,sent,2025-12-26 00:00:00,,QT2WN2503877,1
1a68e5f4ade56ed1d4bf273e55510750,2385,sent,2025-12-26 00:00:00,,QT2WN2503878,1
99f59c0842e83c808dd1813b48a37c6a,2386,sent,2025-12-26 00:00:00,,QT2WN2503879,1
5e6bd7a6970cd4325e587f02667f7f73,2473,sent,2025-12-26 00:00:00,,QT2WN2503880,1
05546b0e38ab9175cd905eebcc6ebb76,2109,sent,2025-12-26 00:00:00,,QT2WN2503881,1
f231f2107df69eab0a3862d50018a9b2,3120,sent,2025-12-08 00:00:00,,QT2WN2503882,1
097e26b2ffb0339458b55da17425a71f,3121,sent,2025-12-10 00:00:00,,QT2WN2503883,1
a2d10d355cdebc879e4fc6ecc6f63dd7,3122,sent,2025-12-08 00:00:00,,QT2WN2503884,1
2e0aca891f2a8aedf265edf533a6d9a8,3123,sent,2025-12-08 00:00:00,,QT2WN2503885,1
7c78335a8924215ea5c22fda1aac7b75,3124,sent,2025-12-15 00:00:00,,QT2WN2503886,1
019f8b946a256d9357eadc5ace2c8678,3125,sent,2025-12-17 00:00:00,,QT2WN2503887,1
9f8684e630c4c30cad7b1f0935cd62ab,3126,sent,2025-12-15 00:00:00,,QT2WN2503888,1
ca1d3153a1cf0ed998d4879fbb50d9ab,3127,sent,2025-12-15 00:00:00,,QT2WN2503889,1
dff8e9c2ac33381546d96deea9922999,3128,sent,2025-12-22 00:00:00,,QT2WN2503890,1
c6a01432c8138d46ba39957a8250e027,3129,sent,2025-12-22 00:00:00,,QT2WN2503891,1
c922de9e01cba8a4684f6c3471130e4c,3130,sent,2025-12-22 00:00:00,,QT2WN2503892,1
54fda78aa8a09b4d77b5aaec57b75028,3131,sent,2025-12-22 00:00:00,,QT2WN2503893,1
fb2606a5068901da92473666256e6e5b,3132,sent,2025-12-23 00:00:00,,QT2WN2503894,1
7221e5c8ec6b08ef6d3f9ff3ce6eb1d1,3133,sent,2025-12-23 00:00:00,,QT2WN2503895,1
35937e34256cf4e5b2f7da08871d2a0b,3134,sent,2025-12-23 00:00:00,,QT2WN2503896,1
8b8388180314a337c9aa3c5aa8e2f37a,3135,sent,2025-12-22 00:00:00,,QT2WN2503897,1
2ecd2bd94734e5dd392d8678bc64cdab,3136,sent,2025-12-22 00:00:00,,QT2WN2503898,1
8c9a14ffebb7677d033ffce847991293,3137,sent,2025-12-22 00:00:00,,QT2WN2503899,1
86b20716fbd5b253d27cec43127089bc,3138,sent,2025-12-22 00:00:00,,QT2WN2503900,1
e8bf0f27d70d480d3ab793bb7619aaa5,3139,sent,2025-12-22 00:00:00,,QT2WN2503901,1
747d3443e319a22747fbb873e8b2f9f2,3140,sent,2025-12-22 00:00:00,,QT2WN2503902,1
92a08bf918f44ccd961477be30023da1,3141,sent,2025-12-31 00:00:00,,QT2WN2503903,1
bd85282513da4089c441926e1975898c,3142,sent,2025-12-31 00:00:00,,QT2WN2503904,1
0afa92fc0f8a9cf051bf2961b06ac56b,3143,sent,2025-12-31 00:00:00,,QT2WN2503905,1
a41b3bb3e6b050b6c9067c67f663b915,3144,sent,2025-12-31 00:00:00,,QT2WN2503906,1
1160453108d3e537255e9f7b931f4e90,3145,sent,2025-12-31 00:00:00,,QT2WN2503907,1
5d4ae76f053f8f2516ad12961ef7fe97,3146,sent,2025-12-31 00:00:00,,QT2WN2503908,1
38ed162a0dbef7b3fe0f628aa08b90e7,3147,sent,2025-12-31 00:00:00,,QT2WN2503909,1
d87c68a56bc8eb803b44f25abb627786,3148,sent,2025-12-31 00:00:00,,QT2WN2503910,1
32b3ee0272954b956a7d1f86f76afa21,3149,sent,2025-12-31 00:00:00,,QT2WN2503911,1
77ee3bc58ce560b86c2b59363281e914,3150,sent,2025-12-31 00:00:00,,QT2WN2503912,1
98c39996bf1543e974747a2549b3107c,3151,sent,2025-12-31 00:00:00,,QT2WN2503913,1
32cbf687880eb1674a07bf717761dd3a,3152,sent,2025-12-31 00:00:00,,QT2WN2503914,1
