dim_isrc_sk,hg_stock_id,isrc
56f6e57f37697881145524d2b59f3254,PBC(C_B_O)_A0_IH05_11,QT2WN2404265
b6c717b8d82886d6bd645932648d8e0a,CI(B_B_O)_A0_HDNT02_01,QT2WN2500009
f9d5f2c82112b3fa569a303b8f33d960,CI(B_B_O)_A0_HDNT02_02,QT2WN2500010
2b4e48533c7e77d53c49291bb0e019eb,CI(B_B_O)_A0_HDNT02_03,QT2WN2500011
4fe3fa25b7caa13dc72b30e3bf2d4ad6,CI(B_B_O)_A0_HDNT02_04,QT2WN2500012
9bdd053eeb3f58ff8256526c2325f980,CI(B_B_O)_A0_NPQ02_01,QT2WN2500013
47fa7955cc9f1757c91175ae3fb5081c,CI(B_B_O)_A0_NPQ02_02,QT2WN2500014
e18e6f7caa491f9b73408a21b82aa19c,CI(B_B_O)_A0_HNK01_01,QT2WN2500015
1d1dd456ba5cbeee96ab41d7d5c94270,CI(B_B_O)_A0_DTT02_01,QT2WN2500016
449d2fd0cd12df6399ea9269efa39779,CI(B_B_O)_A0_DTT02_02,QT2WN2500017
4d1e3789c2faaf8d902981e676e84ba1,CI(B_B_O)_A0_DTT02_03,QT2WN2500018
c8a24b505d38a3064738f4a3177ae8a0,P(C_B_O)_A0_LTH01_01,QT2WN2500027
b87029448b367ba1235e4c1cb0a5dfff,P(C_B_O)_A0_LTH01_02,QT2WN2500028
9fcb0bf5910bca404af1f1accf7c2017,P(C_B_O)_A0_LTH01_03,QT2WN2500029
71adb4c3a84c9a9556e35d56f2d3e386,P(C_B_O)_A0_NPQ02_01,QT2WN2500030
ca43cd928a2231046f30949a3aae7d6c,P(C_B_O)_A0_NPQ02_02,QT2WN2500031
0b92ac96c2f1e58267afe8a739969046,Sóng Âm_B0_AM17_01,QT2WN2500067
8b32aa4526d1d3cf0ace61952767e741,Sóng Âm_B0_AM17_02,QT2WN2500068
476dcd601b6395ca7bd062b8027363bf,Sóng Âm_B0_AM17_03,QT2WN2500069
0522231e9850bf415528c24835527869,Sóng Âm_B0_AM17_04,QT2WN2500070
8d33105cafbed5d41ca1f5fc2a4f0506,Sóng Âm_B0_AM17_05,QT2WN2500071
11f1c2275c10eefcbad1a0140036308a,CL(C_B_PD)_HNK3_01,QT2WN2500114
9209add2d4dbecf5b363e233a1265181,CL(C_B_PD)_HNK3_02,QT2WN2500115
686a3234d209aed0beae2656407cee91,CL(C_B_PD)_HNK3_03,QT2WN2500116
ddab91e5c0ec974ade0f957a59e5ee31,CL(C_B_PD)_HNK3_04,QT2WN2500117
46c9d3d6365ec8a11b2d183274d1a752,CL(C_B_PD)_HNK3_05,QT2WN2500118
13a4f9119b1f3391ccffe0f1c4e27841,CL(C_B_PD)_NPQ4_01,QT2WN2500119
195838e3a320b6069de809697630f1d1,CL(C_B_PD)_NPQ4_02,QT2WN2500120
ec68f1847f6a5ea9bf25256c6a3d873f,CL(C_B_PD)_NPQ4_03,QT2WN2500122
3af133301fad6c985af587f9eb20a526,KS(C_V_PD)_A0_PTA02_01_Pussy Cat Pussy Cat,QT2WN2500169
7171dea1af7c6428b91ee68cc497a645,KS(C_V_PD)_B0_PTA02_05_Five Little Monkeys x Wheels on the Bus (Remake),QT2WN2500175
c92ac463b2b972b44224b5b5bd565d1a,KS(C_V_PD)_B0_DKE06_03_This Is the Way (Remake),QT2WN2500176
1f2c2cd3e2c03f5a5bc90fd36375086f,KS(C_V_PD)_B0_DKE06_05_Hickory Dickory Dock (Remake),QT2WN2500178
05b0e08cfb5aa608fe13656d177dd286,DH(R_V_TH)_A0_SB2_01_Strangers,QT2WN2500392
858a1c84a029402fe64da5be1d8776da,DH(R_V_TH)_A0_Goe4_06_10:35,QT2WN2500400
ecd5751160b433e5648119e3668c4fae,DH(R_V_TH)_A0_PHP2_01_Knees,QT2WN2500402
033ed78d882510b2ec5ededd0e80f1d9,DH(R_V_TH)_A0_PHP2_02_John Hughes Movies,QT2WN2500403
120741a79da2dda1c754e96968f61f88,DH(R_V_TH)_A0_NPT1_01_New Rules,QT2WN2500408
6b90502eb351c4a410a37cad27cb3d7e,P(4_B_O)_C2502_TCH01_01,QT2WN2500605
a1f20b7efd1b7d980796cc8ac5ba9f4e,P(4_B_O)_C2502_TCH01_02,QT2WN2500606
89330cf867fc694cb67b7f690f5c2f55,P(4_B_O)_C2502_TCH01_03,QT2WN2500607
0ba2ddb3c743f9b86a51ec4f209dd847,P(4_B_O)_C2502_NPQ01_01,QT2WN2500608
5285a28fe61fb1b518de6a4e8b9e1c34,P(4_B_O)_C2502_NPQ01_02,QT2WN2500609
597626011546138ce1632294c3a53f0b,P(4_B_O)_D2502_LDDN01_01,QT2WN2500610
d97964beb3ee5413c8e9350cf5d00c19,P(4_B_O)_D2502_LDDN01_02,QT2WN2500611
61c7942419612a1d1bbef8c44666a7b2,P(4_B_O)_D2502_LDDN01_03,QT2WN2500612
4bdf5db9e02d8bb3b97530a491e7a825,P(4_B_O)_D2502_NKT01_01,QT2WN2500613
183e918958b30dbaafeaa214fb707e08,P(4_B_O)_D2502_NKT01_02,QT2WN2500614
e18d644ef25197d3e6f8d9b1f0fe5815,P(4_B_O)_C2502_IH0225_01,QT2WN2500615
0716d2aa6232fa375295e5f274ca4f3f,P(4_B_O)_C2502_IH0225_02,QT2WN2500616
cf793d5c97c6c1133977efac771f55da,P(4_B_O)_D2502_IH0225_01,QT2WN2500617
2351c6a5c043afff833691eb06c7b2e0,P(4_B_O)_D2502_IH0225_02,QT2WN2500618
5e51919b301a5c152a374bb17d930a83,J(H_B_O)_B2502_NPQ3_01,QT2WN2500619
999251f34726096ab8b720dc57edf012,J(H_B_O)_B2502_NPQ3_02,QT2WN2500620
d422758b3e16d894aee03a756830c482,J(H_B_O)_B2502_NPQ3_03,QT2WN2500621
569f58e276c992add12c8621bbee7df9,J(H_B_O)_B2502_NPQ3_04,QT2WN2500622
6b0d4f6a63615e7954399fa4236302fa,J(H_B_O)_B2502_NPQ3_05,QT2WN2500623
c22948df365182f1f059073d9df336ff,J(H_B_O)_B2502_NPQ3_06,QT2WN2500624
20b29207f6b4c93dfc2b5f4a9d61abd0,J(H_B_O)_B2502_NPQ3_07,QT2WN2500625
3560e2a1b2b2c35aec88c31c60d9eda7,J(H_B_O)_B2502_NPQ3_08,QT2WN2500626
492b49e74369e2c5890c8018046d4b25,J(H_B_O)_B2502_NNHĐ1_01,QT2WN2500627
ac5838ef2c3d5e5c05e934f8ed5ad32a,J(H_B_O)_B2502_NNHĐ1_02,QT2WN2500628
158c722de5163afe68d53f3e560deb6c,J(H_B_O)_B2502_NNHĐ1_03,QT2WN2500629
7f40027643023911108778fca27b02aa,J(H_B_O)_B2502_DTK1_01,QT2WN2500630
a67f2d1868466395485e92437f2c287f,J(H_B_O)_B2502_DTK1_02,QT2WN2500631
26fcd133641cf5dbb1ac4c88df2fcf4b,J(H_B_O)_B2502_ĐB1_01,QT2WN2500632
bec46a8513b02bcc2bf7814670e7d8aa,J(H_B_O)_B2502_ĐB1_02,QT2WN2500633
c9e3753dba046bf637f99f3e5dfceef4,J(H_B_O)_A2502_TT3_01,QT2WN2500634
74f00fa1c66f43504ce7ec62100f61a8,J(H_B_O)_A2502_TT3_02,QT2WN2500635
6f01c258e2c43ec1740d3d1ca7b4ed68,J(H_B_O)_A2502_TT3_03,QT2WN2500636
c7bc2d19d6e8209cb407b64a08e73880,J(H_B_O)_A2502_TT3_04,QT2WN2500637
fb30cea0851c42a674e48f8f37b99f4b,J(H_B_O)_A2502_TT3_05,QT2WN2500638
44b9157dd1e2527652cc02a46a92d7ee,J(H_B_O)_A2502_TT3_06,QT2WN2500639
aa0ef0410ecf4d2f11b9da3443fb9231,J(H_B_O)_A2502_TT3_07,QT2WN2500640
a0909f1511cf2a04bb35ac27e8d2adc5,J(H_B_O)_A2502_TT3_08,QT2WN2500641
e9e4ab25f6d472260d4ac690c8e8736d,J(R_B_O)_A2502_HS1_01,QT2WN2500642
a956e08585562a87e0a80dbc9e72b8ff,J(R_B_O)_A2502_HS1_02,QT2WN2500643
c689775a90cce9256814ceb8474a4d6f,J(R_B_O)_A2502_HS1_03,QT2WN2500644
5f62c4a915f4d8371731383bd9f3b0d3,J(R_B_O)_A2502_HS1_04,QT2WN2500645
f2bfac7e2d79a985923320bdb0c69b3e,J(R_B_O)_A2502_HS1_05,QT2WN2500646
a569af5f2647582d9b61338016253edd,J(R_B_O)_A2502_HS1_06,QT2WN2500647
e3eea6a4ae2c9f63fa3c48fbd183d136,J(R_B_O)_A2502_HS1_07,QT2WN2500648
c65e21ffe02de18cf26877d9dbd30820,J(4_B_O)_A2502_PTD1_01,QT2WN2500649
6bd098821b6ce4d4abda5c8eb2dffa62,J(4_B_O)_A2502_PTD1_02,QT2WN2500650
8e6ed04b514293f831fc5a36e1b6d425,J(4_B_O)_A2502_PTD1_03,QT2WN2500651
914ac9a921482a6ff1ca4d5a67fccd5d,J(4_B_O)_A2502_PTD1_04,QT2WN2500652
1fa76cb4421eb678ac2e29f5f7c229f5,J(4_B_O)_A2502_PTD1_05,QT2WN2500653
248e319417e79c74ee4c3cdae3f358e0,J(4_B_O)_B2502_HHD1_01,QT2WN2500654
ec9f35a5e5384c811b96bb3c8fa3dcea,J(4_B_O)_B2502_NHCB1_01,QT2WN2500655
a3fc82224f28f1cf507c7632231307ae,J(4_B_O)_B2502_NPQ7_01,QT2WN2500656
5a23579504fc9c64fc81d27744279b41,J(4_B_O)_B2502_NPQ8_01,QT2WN2500657
b9f914603b25b524373fb30d1635d354,J(4_B_O)_B2502_NPQ8_02,QT2WN2500658
913e2544e3a47a4979d077f61cffd10d,PA(2_B_O)_D2502_HVMK01_01,QT2WN2500659
a6e6bf4cf7338c34dfc00e34b32d374e,PA(2_B_O)_D2502_HVMK01_02,QT2WN2500660
6b0f81d0bff71466b1be104e8cbc6870,PA(2_B_O)_E2502_HVMK01_01,QT2WN2500661
9a9d3906285778c5cf51b626d2811e5b,LTH2(R_B_O)_A0_HNK1_01,QT2WN2500662
aa0fd9165fde41035da491207f8021a9,LTH2(R_B_O)_A0_HNK1_02,QT2WN2500663
f81270bdcf59ed0a62b6f4b86eef974d,LTH2(R_B_O)_A0_LĐTK1_01,QT2WN2500664
b952fe498281e99ad2e372f8b775c301,LTH2(R_B_O)_A0_LĐTK1_02,QT2WN2500665
71ebab9b5c71db80305793225cde1dcc,LTH2(R_B_O)_B0_HQĐ1_01,QT2WN2500666
0000869b91899569fa45776915407731,LTH2(R_B_O)_B0_HQĐ1_02,QT2WN2500667
46a94bff9867febefdfbdf0ddc6adf0d,LTH2(R_B_O)_B0_HQĐ1_03,QT2WN2500668
fa7905da697147da478007e37779a7ed,KS(C_V_PD)_A2405_NMĐ01_01_Wheels on the Bus (Fix),QT2WN2500773
357a0ecad1f7f2a29ad7177ec9ef0494,KS(C_V_PD)_A2405_DKE07_01_Five Little Ducks (Fix),QT2WN2500774
27d5ed001b774c6ef63526d0016437fe,PBC(1_B_O)_A2503_IH01_01,QT2WN2500930
14e19e61e0e8656f46011ea0a40dc877,PBC(1_B_O)_A2503_IH01_03,QT2WN2500932
391ad8f62a82e897f3dc5b58f6cc5421,PBC(1_B_O)_A2503_IH01_07,QT2WN2500936
703847a03f3f57dc551603be9094ab20,PBC(1_B_O)_A2503_IH01_09,QT2WN2500938
b1bc6af0b034a05e527af8b500242067,L(2_B_O)_A2502_NKT01_01,QT2WN2500986
f2d5399f29cba7073efd5132e05665cc,L(2_B_O)_A2502_NKT01_02,QT2WN2500987
d02f0412e8ae17d7b84c98c2f58515d7,L(2_B_O)_A2502_NKT01_03,QT2WN2500988
da324f4381cebeb819b299426445a557,L(2_B_O)_A2502_NKT01_04,QT2WN2500989
62ef386b5dea1dd63fc00c8a9a20a391,L(2_B_O)_B2502_NKT01_01,QT2WN2500990
40101fddeecd5fa86bb5dd84b6852376,L(2_B_O)_B2502_NKT01_02,QT2WN2500991
3832c224864b51ab863daca91ae102bb,L(2_B_O)_B2502_NKT01_03,QT2WN2500992
b5c8dd8ce4b57d5aa62fd846cd943876,P(4_B_O)_C2502_IH0325_01,QT2WN2501014
3058ceb34ea2a7d3752265942b28ff65,P(4_B_O)_C2502_IH0325_02,QT2WN2501015
d52c3507b497cd69acbd1612aba1c1d0,P(4_B_O)_C2502_IH0325_03,QT2WN2501016
06dac7287cdc6dfa517a7167683007ad,P(4_B_O)_C2502_IH0325_04,QT2WN2501017
74a73121c02a390a288ed6a634abee10,P(4_B_O)_C2502_IH0325_05,QT2WN2501018
8bd7658b5a85d17be9a3f7aeb1b96edf,P(4_B_O)_D2502_IH0325_01,QT2WN2501019
e5cf7f2453d5381cd4a61e8fe8350a0b,P(4_B_O)_D2502_IH0325_02,QT2WN2501020
f271b59de56cae9ed85cad911b242fa4,P(4_B_O)_D2502_IH0325_03,QT2WN2501021
c283d825f02b8a26a9056b95ccec28b7,P(4_B_O)_D2502_IH0325_04,QT2WN2501022
aa7b6d88dab38815a0940a712f77d056,P(4_B_O)_D2502_IH0325_05,QT2WN2501023
93ca5cbee70b0bf87a385637fffe9f14,CLBC(1_B_O)_A2503_HNDT6_09,QT2WN2501032
35c08947b9c5bef488345a6169c5f0ee,CLBC(1_B_O)_A2503_ĐXB6_10,QT2WN2501049
717b4ce6a42b132c3219caaf224c939e,CLBC(1_B_O)_A2503_ĐXB6_12,QT2WN2501051
e136eadd9dc59910d0f1ca4ed51bc55f,CLBC(1_B_O)_A2503_ĐXB6_13,QT2WN2501052
6483d5d0bad8d741d636f29db0ea3924,CLBC(1_B_O)_A2503_ĐXB6_14,QT2WN2501053
1f6fb9d2e99664840951e0c24bdb7f12,CLBC(1_B_O)_A2503_ĐXB6_15,QT2WN2501054
3599983cc648de0198a0f5f7f91b9ee6,CLBC(1_B_O)_A2503_ĐXB6_17,QT2WN2501056
6edec001a9b9c5137e276ad7cc1f4533,P(2_B_O)_A2502_ĐTT01_01,QT2WN2501057
0429c176e887e8494dbf58eeac5cce95,P(2_B_O)_A2502_ĐTT01_02,QT2WN2501058
489724f20d47df76a2694d2750fe164f,P(2_B_O)_A2502_ĐTT01_03,QT2WN2501059
6f10b48ded96882c47a0bd2a10bd2e86,P(2_B_O)_A2502_ĐTT01_04,QT2WN2501060
339e9f78d5add6d7e71d1a4cb440f7e8,P(2_B_O)_A2502_NVL01_01,QT2WN2501061
0f7234a4687a0ccacf4d0b4ca5381b8a,P(2_B_O)_A2502_NVL01_02,QT2WN2501062
8e5e4070f822dbfe67dbc425b843aa09,P(2_B_O)_A2502_NVL01_03,QT2WN2501063
20ed741d8aa5ef09341d4cb0d4c49b01,P(2_B_O)_A2502_NHCB01_01,QT2WN2501064
72eed5c386abdab508c0791e6e6c099c,P(2_B_O)_A2502_NHCB01_02,QT2WN2501065
bc490d84c04a9f9819ebab3b359a19a0,P(2_B_O)_A2502_TCH01_01,QT2WN2501066
63c7ac9386f0fb61973c4ecc1a347d7d,J(4_B_O)_A2502_HHD2_01,QT2WN2501091
37f8527baecca58f145242aade39371b,J(4_B_O)_A2502_HHD2_02,QT2WN2501092
ac979dfd736de605f38a8030fc31212f,J(4_B_O)_A2502_NPQ_01,QT2WN2501093
9a26961ae547914ea17f16892156361e,J(4_B_O)_A2502_NPQ_02,QT2WN2501094
736cbbc0c9df802d6e07f10a525eb2d1,J(4_B_O)_A2502_NPQ_03,QT2WN2501095
8bcd712ee262b96473385844a52f79a0,J(4_B_O)_B2502_HHD2_01,QT2WN2501096
fc3466f2db9d87a99df20126ef6664ad,J(4_B_O)_B2502_HHD2_02,QT2WN2501097
f1d4524896b434a8bcfc671f9af9fa0f,J(4_B_O)_B2502_HHD2_03,QT2WN2501098
949241c18c542167218d24f35f2c1b96,J(4_B_O)_B2502_NPQ_01,QT2WN2501099
1c14ac718e4ffea414af1aea24d7be57,J(4_B_O)_B2502_NPQ_02,QT2WN2501100
b6acff5d7bdcd3448154b712f18192b5,PA(2_B_O)_D2502_TCH07_01,QT2WN2501101
f503cfbb0d53bb67a3ac2ac202f55816,PA(2_B_O)_D2502_TCH07_02,QT2WN2501102
31058f114b452ba2d251da445e316dc4,PA(2_B_O)_D2502_TCH07_03,QT2WN2501103
0d3e91cb56e26e907c428c21b2d127b3,PA(2_B_O)_D2502_TCH07_04,QT2WN2501104
164ea7ef989f6e7e731faded92ef5325,PA(2_B_O)_E2502_HVMK02_01,QT2WN2501105
6b69abaf866774197f14e76efc3eee61,PA(2_B_O)_E2502_HVMK02_02,QT2WN2501106
778961be161c95215ca04a41a16e5e4b,J(H_B_O)_A2502_TT4_01,QT2WN2501107
69c7aa1087a3c9d55af66de82fa82ee8,J(H_B_O)_A2502_TT4_02,QT2WN2501108
f06d8c2e70121f9b2ec52e85ec5b2b91,J(H_B_O)_A2502_TT4_03,QT2WN2501109
eda3386718e28fce33338ca0d2aab826,J(H_B_O)_A2502_TT4_04,QT2WN2501110
acbdae7ed62c4daf4c8b48ea502e9c78,J(H_B_O)_A2502_TT4_05,QT2WN2501111
a5e655b7a2a5f0336070ea472708ee73,J(H_B_O)_A2502_TT4_06,QT2WN2501112
72162adea72070c4e48a5286b75186c8,J(H_B_O)_A2502_TT4_07,QT2WN2501113
ad96c222752aa2ee47744f77a71f8b8f,J(H_B_O)_A2502_TT4_08,QT2WN2501114
fd9002298cde29e24ed46f12a24a2eb7,J(H_B_O)_A2502_TT4_09,QT2WN2501115
3198b51b05eb2f599a9920bd8808d7bd,J(H_B_O)_A2502_TT4_10,QT2WN2501116
bb1d87537eddec3d6e446f0ede14019a,J(H_B_O)_A2502_HS2_01,QT2WN2501117
d7f8e3c04648e1b6719d8b6007ec2c0d,J(H_B_O)_A2502_HS2_02,QT2WN2501118
0d6a6d31d8080728989f37fe541c1e2a,J(H_B_O)_A2502_HS2_03,QT2WN2501119
263cd04930c957726aba66dc0bf04847,J(H_B_O)_A2502_HS2_04,QT2WN2501120
838aadc7263b54c1849ebd4de2904f4c,J(H_B_O)_A2502_HS2_05,QT2WN2501121
0143cea33e0412b07854392da110f6fc,J(H_B_O)_A2502_HS2_06,QT2WN2501122
7393f672c0804d3b0c4b0c958a03fc16,J(H_B_O)_A2502_HS2_07,QT2WN2501123
a2a8574e956aa77373eeab988132b462,J(H_B_O)_A2502_HS2_08,QT2WN2501124
4e8f6b9549a860217405db6246e848cb,J(H_B_O)_A2502_HS2_09,QT2WN2501125
88e7d820b9a528a62ec661ae97e151e6,J(H_B_O)_A2502_HS2_10,QT2WN2501126
f9a8221fd4b48435440aea4126bde58b,CL(1_B_PD)_A2503_HNK4_01,QT2WN2501127
eecc863516671d0f38bbfeb2553da86e,CL(1_B_PD)_A2503_HNK4_02,QT2WN2501128
cf55735912c0bb787b149127714fea76,CL(1_B_PD)_A2503_HNK4_03,QT2WN2501129
7c5b1f051abee4b7bb96e1624fe18ccf,CL(1_B_PD)_A2503_HNK4_04,QT2WN2501130
9e3a46fb5e8edcf31580a8af8514da6d,CL(1_B_PD)_A2503_NGH8_01,QT2WN2501131
a79f287ada4178fe1576e0fb4d83ab41,CL(1_B_PD)_A2503_NGH8_02,QT2WN2501132
b1e6dc3acf5c350b0360d31588aa744f,CL(1_B_PD)_A2503_NGH8_03,QT2WN2501133
af7536764a69398bed526fe7f64d6034,CL(1_B_PD)_A2503_HNK5_01,QT2WN2501134
a162cb6d3f6901f0c3002aff623f706f,CL(1_B_PD)_B2503_HNK5_02,QT2WN2501135
ab55087fa886f8e3fd9fe99105a1ca32,CL(1_B_PD)_B2503_ NPQ5_01,QT2WN2501136
0968b26fe87d423681fd095d721bc2ac,CL(1_B_PD)_C2503_TT4_01,QT2WN2501137
a71b481747b6ed41582b07e3bf6e8d73,CL(1_B_PD)_C2503_TT4_02,QT2WN2501138
6a7016ac3535426a472d7381249c3401,CL(1_B_PD)_C2503_TT4_03,QT2WN2501139
4b759aa8e3d4caeadbd85727d0831112,J(H_B_O)_B2502_NPQ4_01,QT2WN2501140
9aa07bbccb7fd7b9e89d1c0e4a832e27,J(H_B_O)_B2502_NPQ4_02,QT2WN2501141
cc7acffd98709be3431e5966411b4b75,J(H_B_O)_B2502_NPQ4_03,QT2WN2501142
f2d148b6db10104ffa594ea421f949ae,J(H_B_O)_B2502_NPQ4_04,QT2WN2501143
5af77d4db9a9297f0c4a1053ca8d2217,J(H_B_O)_B2502_NPQ4_05,QT2WN2501144
3709adbb0aa7f5808f52fc6c863e4614,J(H_B_O)_B2502_NPQ4_06,QT2WN2501145
a2e5ece1dd4fec5b12d637c528e28836,J(H_B_O)_B2502_NPQ4_07,QT2WN2501146
a8555658cdb5b4824544265d567a8790,J(H_B_O)_B2502_NPQ4_08,QT2WN2501147
dfe589d9df716cdfdb5b724c7dd926fa,J(H_B_O)_B2502_NPQ4_09,QT2WN2501148
03a1886e74790be5a0aca32bf6659146,J(H_B_O)_B2502_NPQ4_10,QT2WN2501149
41a8f04ae1b2e292d2132e7b2b4deb67,J(H_B_O)_B2502_NPQ4_11,QT2WN2501150
bdcdc19f18e099f1a971bd03dcb582c6,J(H_B_O)_B2502_NPQ4_12,QT2WN2501151
2840a14c9902158a9c959bdc93ddfa53,J(H_B_O)_B2502_NPQ4_13,QT2WN2501152
9a1e86e51647c19a4b53222219f157ab,J(H_B_O)_B2502_NTD1_01,QT2WN2501153
e0ba449b818f7c16fb42e65a5cffda95,J(H_B_O)_B2502_NTD1_02,QT2WN2501154
1fa77d2f0cea889e1aaea5f451aa6491,J(H_B_O)_B2502_NTD1_03,QT2WN2501155
cd9cbac0830b805aad920a0efcf34995,J(H_B_O)_B2502_NTD1_04,QT2WN2501156
8d2973814f8dbbe83cfa19dbb136ae7e,J(H_B_O)_B2502_ĐTHN1_01,QT2WN2501157
e177f79e73117ce36b4a6af5054129a1,J(H_B_O)_B2502_ĐTHN1_02,QT2WN2501158
b4ddcbe96103a9765b3ad3454562a497,J(H_B_O)_B2502_ĐTHN1_03,QT2WN2501159
be8946b9b88a7f8a84c6ff851e642e67,G(2_B_O)_A2503_NTG1_01,QT2WN2501160
7fbe218d43116ab028f8abdff5a978b3,G(2_B_O)_A2503_NTG1_02,QT2WN2501161
7a9a33cdbc73893c8b112d2870840a2a,G(2_B_O)_A2503_ĐB1_01,QT2WN2501162
8f708379197691e7ab75191038036d8d,G(2_B_O)_A2503_ĐB1_02,QT2WN2501163
2f4c858b27c6261c5398db5f2ad0bc34,G(2_B_O)_A2503_HK1_01,QT2WN2501164
803b7151f802ec2bd7311cb0c70e40bb,G(2_B_O)_A2503_HK1_02,QT2WN2501165
5793536600b360a6dd53cf5098ac730a,G(2_B_O)_A2503_HK1_03,QT2WN2501166
0915064600f030cdbc8f53aaf862d65c,P(2_B_O)_A2502_IH01_01,QT2WN2501167
e8aa94f1b7d787ddde279eee3b883833,P(2_B_O)_A2502_IH01_02,QT2WN2501168
8d4615c122203102a6ace38fb73e160c,P(2_B_O)_A2502_IH01_03,QT2WN2501169
6049052fd8d577fc389d48b33c77f893,P(2_B_O)_A2502_VNT01_01,QT2WN2501170
3e71776acdaff34959ffc93651f9aa99,P(2_B_O)_A2502_VNT01_02,QT2WN2501171
d33f481533497f3fabbbdc863d1a47f5,P(2_B_O)_A2502_VNT01_03,QT2WN2501172
1288f21f3ae505adfd6cd17dbbec4f8a,P(2_B_O)_A2502_DKE07_01,QT2WN2501173
cf3c102cb661776ac816d76313946e63,P(2_B_O)_A2502_DKE07_02,QT2WN2501174
2e0669eb9c308fa966c1d2c642016ea1,P(2_B_O)_A2502_HĐH01_01,QT2WN2501175
81804d073dc8bb238c2a1fe47d4da853,P(2_B_O)_A2502_HĐH01_02,QT2WN2501176
057da07000af24498f26fd6328d18b52,P(1_B_O)_A2503_TPT01_01,QT2WN2501177
33e8278135f62bb24895e08eef108ea1,P(1_B_O)_A2503_TPT01_02,QT2WN2501178
d6748e66ee102774a5b3b07408945459,P(1_B_O)_A2503_TPT01_03,QT2WN2501179
2a975ec89bb795556cf33ae3c02106af,P(1_B_O)_A2503_TPT01_04,QT2WN2501180
77288185397b7208c863e294fe187fdf,P(1_B_O)_A2503_THT01_01,QT2WN2501181
69603c3640ef43fcb3cef9252bde8408,P(1_B_O)_A2503_THT01_02,QT2WN2501182
4d18fc48bab9356544744748943acf18,P(1_B_O)_A2503_THT01_03,QT2WN2501183
69d1cda2e3af33fae409f8e1449d16bd,P(1_B_O)_A2503_THT01_04,QT2WN2501184
35104946e924be39b4ffbb189dcc7c61,P(1_B_O)_A2503_THT01_05,QT2WN2501185
65174c6f7173af1255688bcf276c65b5,P(1_B_O)_A2503_HĐH01_01,QT2WN2501186
c655c59a5adcdbb3b1b9495c91e0901d,P(2_B_O)_B2503_PGL01_02,QT2WN2501191
d2dbfbfe987f74fe29acd70b5b9c4e67,P(2_B_O)_B2503_PGL01_03,QT2WN2501192
04c1d9b2b5c3d4ba0f5f05ec69341d3f,P(2_B_O)_B2503_PGL01_04,QT2WN2501193
5a015a9d504d7dc360f2b63e20f7a5e8,P(2_B_O)_A2502_LĐDN01_01,QT2WN2501194
836ab7c3c691433422f5941991c1c2cb,P(2_B_O)_A2502_LĐDN01_02,QT2WN2501195
24caa9b5ae29343d31f1fee5830ddb47,P(2_B_O)_A2502_LĐDN01_03,QT2WN2501196
105fe6cde68f62b421443fdec4e86e9e,P(2_B_O)_A2502_LĐDN01_04,QT2WN2501197
bdb5fc0075925edb8ad7b90821e40c99,P(2_B_O)_A2502_LĐDN01_05,QT2WN2501198
0e53c34f5211c17592f5127e5b86e1e4,P(2_B_O)_A2502_LTH01_01,QT2WN2501199
34c8a77b31ec3e76ab880ec9e1f50b1a,P(2_B_O)_A2502_LTH01_03,QT2WN2501200
21abba9318f811cab2cca17db56718da,P(2_B_O)_A2502_NAM01_01,QT2WN2501201
e6f9f0ae3d640eabc8a5605854d85b7b,P(2_B_O)_A2502_NAM01_02,QT2WN2501202
f6d65e311cea5111a3cc893c7e9df8ec,SA(2_B_O)_A2502_AM01_01,QT2WN2501287
327db3ed38ecb6ee344f6e4d5be7e35a,SA(2_B_O)_A2502_AM01_02,QT2WN2501288
c1c8c0cffe1ea5cadaef1cdd740b3e5b,SA(2_B_O)_A2502_AM01_03,QT2WN2501289
81eedea746966974bcada23e932b0782,SA(2_B_O)_A2502_AM01_04,QT2WN2501290
6adfeb7763b16e47f93a8dc0de59f88f,SA(2_B_O)_A2502_AM01_05,QT2WN2501291
48e24cb335f715049737ab946d58febc,SA(2_B_O)_A2502_AM01_06,QT2WN2501292
6db619edd18f5186115a837d5f60097c,SA(2_B_O)_A2502_AM01_07,QT2WN2501293
d748d5a770a4ec0bf4588fd25ca49450,SA(2_B_O)_A2502_AM01_08,QT2WN2501294
c1f64064490f63fa749b1f881416d308,SA(2_B_O)_A2502_PS01_01,QT2WN2501295
5fb9e3aba4ba448b41db9eb8375b9c0f,SA(2_B_O)_A2502_PS01_02,QT2WN2501296
b53b7879b3e9cabee945823eebc3ffaf,SA(2_B_O)_A2502_PS01_03,QT2WN2501297
5a4af9806248a9e2fb5e309965bb9fd9,SA(2_B_O)_A2502_PS01_04,QT2WN2501298
a1b90521df0df5426789042978a2c592,SA(2_B_O)_B2502_MIO01_01,QT2WN2501299
4809ea4e4ab0870c64841a313848490c,SA(2_B_O)_B2502_MIO01_02,QT2WN2501300
8d16ef751ac3502e7e759c5b871b2cbf,SA(2_B_O)_B2502_MIO01_03,QT2WN2501301
4eddb02e22516acb45f0e6acad5adca4,SA(2_B_O)_B2502_MIO01_04,QT2WN2501302
cd988a124fc993401ee7202daa4eed66,SA(2_B_O)_B2502_MIO01_05,QT2WN2501303
574d61d650e11719457d58d46b6e927a,KS(H_V_PD)_B2411_DKE08_01_Ten Little Indians (Remake),QT2WN2501304
0262b91a414e1f2b575d720c20ebae61,KS(H_V_PD)_B2411_DKE08_02_Are You Sleeping (Remake),QT2WN2501305
684dfc623c77188dd89fd7ef8ef82093,KS(H_V_PD)_B2411_DKE08_03_Finger Family (Remake),QT2WN2501306
41c326ec49ff16651d3dd25c555ff384,KS(H_V_PD)_B2411_DKE08_04_Five Little Ducks (Remake),QT2WN2501307
119caf145bdf20cff51726d16435e44f,KS(H_V_O)_A2503_NMĐ02_01_Good Habits Everyday,QT2WN2501308
f65e494b466498d84a9aaa00dc696ef1,"KS(H_V_O)_A2503_NMĐ02_02_My Family, My Love",QT2WN2501309
ece0dd53c34e274da67094ee95504963,"KS(H_V_O)_A2503_NMĐ02_03_So Many Jobs, So Much Fun",QT2WN2501310
154cbae6db664cd3244f634d12206c8b,DH(2_V_O)_A2503_NTMP01_01_As you fade away,QT2WN2501311
c06a2c8192ef65e4ad622ca7b7a19a67,DH(2_V_O)_A2503_NTMP01_02_My first love,QT2WN2501312
aae47a71deb512a44c60aa97abecb093,DH(2_V_O)_A2503_PHP01_01_If you need my love,QT2WN2501313
1c453a74744c3202dc78baba8d385464,DH(2_V_O)_A2503_HNDT01_02_By my side,QT2WN2501314
92df653e69801591e2b77c74ed66c311,DH(2_V_O)_A2503_HNDT01_03_First Luv,QT2WN2501315
24981b573b0c6f523e13af404186545e,DH(2_V_O)_A2503_PGT01_01_Closer than ever,QT2WN2501316
39dae47b504f1df585f3f0cb45ffee39,DH(2_V_O)_B2503_PHP01_02_My love is gone,QT2WN2501317
0dd3220f3f7aa417e5acbe2387186c4d,DH(2_V_O)_A2503_HNDT01_04_Girlfriend,QT2WN2501318
1c7120eeb988d33de7727b590db59934,PA(2_B_O)_D2502_HVMK03_01,QT2WN2501319
d0b3ee56c0a8f627de2c3e12d94354c0,PA(2_B_O)_D2502_HVMK03_02,QT2WN2501320
428abb5ef37a70fe6560145c7c59da2c,PA(2_B_O)_D2502_HVMK03_03,QT2WN2501321
6015e68bb065eb2d98012638ceecb0d2,PA(2_B_O)_D2502_HVMK03_04,QT2WN2501322
536d61514137bbab440216f8765e16eb,PA(2_B_O)_E2502_LĐDN01_01,QT2WN2501323
fc5f33d51822de79e1c73b8a6fa3d37e,PA(2_B_O)_E2502_LĐDN01_02,QT2WN2501324
c77317fe091392c0c847079666340070,G(2_B_O)_B2504_PHT1_01,QT2WN2501325
6d907afbf29f0fa02e49831b83388b89,G(2_B_O)_B2504_PHT1_02,QT2WN2501326
373ee7e54a128354c3e1d141a89225c6,G(2_B_O)_B2504_PHT1_03,QT2WN2501327
0476f85237f9d2bf904265b20e0013b5,G(2_B_O)_B2504_PHT1_04,QT2WN2501328
fc6a3335e7253a165afd0cd084f10307,G(2_B_O)_B2504_PHT1_05,QT2WN2501329
8d74d06838626ac51fc238d327e45d9b,G(2_B_O)_B2504_PDT1_01,QT2WN2501330
d3a9d9a5d420e1c2b5dfd25d479beee4,G(2_B_O)_B2504_PDT1_02,QT2WN2501331
4a8eb36e47f3b75d95bea75b7b76fccf,G(2_B_O)_B2504_PDT1_03,QT2WN2501332
6892fa54b914ca7877fc26227de50736,G(2_B_O)_B2504_PDT1_04,QT2WN2501333
2b7f377f9eb7bb2224c65b704756bf5e,G(2_B_O)_B2504_PDT1_05,QT2WN2501334
0ff3532f0b199e4f057ad6e95e70ba94,G(2_B_O)_B2504_HK2_01,QT2WN2501335
5b373b7dd9f1fdb027d74796bd68dd1a,G(2_B_O)_B2504_HK2_02,QT2WN2501336
a13650f0051e937d8722e9cc56796aa2,G(2_B_O)_A2503_HNK1_01,QT2WN2501337
948f819d36845213c0bf93319132f2d6,PBC(1_B_O)_A2503_IH02_02,QT2WN2501339
b53b1978aecb42f7482b43b49e7611e0,PBC(1_B_O)_A2503_IH02_03,QT2WN2501340
ca95d247cacf59534a8883981ce7e933,PBC(1_B_O)_A2503_IH02_04,QT2WN2501341
97d8b9f462d22dfeba5a674803e0c26f,PBC(1_B_O)_A2503_IH02_05,QT2WN2501342
a9ee2c00768a32ad16dbad8925728407,PBC(1_B_O)_A2503_IH02_06,QT2WN2501343
90e619818f76706555ef2e345bd68021,DH(2_V_O)_B2503_HNDT01_01_What About,QT2WN2501434
acf14212e557a35164f5b792e973e052,DH(2_V_O)_A2503_NTMP02_01_Wild and free,QT2WN2501435
87161cded9db3fb7c45922d2389e9c8b,DH(2_V_O)_A2503_NTMP02_02_Everything I need,QT2WN2501436
bbeaeced719354d0d13cfde5d9efec23,CLBC(1_B_O)_A2503_HNDT7_03,QT2WN2501439
56afbb75d42002bc9383fd675850426b,CLBC(1_B_O)_A2503_ĐXB7_02,QT2WN2501454
f8be5caece4056a15606c985fb103070,CLBC(1_B_O)_A2503_ĐXB7_08,QT2WN2501460
cb1ab6a0308f61f459bb639a97c8a06a,L(2_B_O)_A2502_NKT02_01,QT2WN2501470
9974d8d73341705143c458e148a06eeb,L(2_B_O)_A2502_NKT02_02,QT2WN2501471
ae96028621bd1f036838588a581bc84a,L(2_B_O)_A2502_NKT02_03,QT2WN2501472
72f17792c1076097ebf80337d2e07fa7,L(2_B_O)_A2502_NKT02_04,QT2WN2501473
d3a5534bd83f93dc60e1ab20034614f5,L(2_B_O)_B2502_NKT02_01,QT2WN2501474
8ab156c40186fbe30c9a4c916bc5f087,L(2_B_O)_B2502_NKT02_02,QT2WN2501475
1066ec28e8e0944330eed88781dd8256,L(2_B_O)_B2502_NKT02_03,QT2WN2501476
92bac16fc802ed6e057a6985ffae3a16,G(2_B_O)_B2504_PHT2_02,QT2WN2501478
9c5c26d1347f2e86e03135e988367e77,G(2_B_O)_B2504_ĐB2_01,QT2WN2501479
8bedf6ac23531747f11a54324499da3a,G(2_B_O)_B2504_ĐB2_02,QT2WN2501480
7e239cb510556d784132893ce20bd33d,G(2_B_O)_A2503_NTG2_01,QT2WN2501482
7f17a064ff7505e83bef5261e67d5ec8,G(2_B_O)_A2503_NTG2_02,QT2WN2501483
bbd16aec36766d4e74733dcec481664d,G(2_B_O)_A2503_NTG2_03,QT2WN2501484
e4cd1eb30b5955f2f76bbdc46e34a37b,G(2_B_O)_A2503_NTG2_04,QT2WN2501485
4a5e2db2ac48de68e51291d87c471262,SA(2_B_O)_A2502_AM02_01,QT2WN2501487
8ff59a8daba956cdb615a713a4f3f0b7,SA(2_B_O)_A2502_AM02_02,QT2WN2501488
f6b21afd1e93e97525790eeb277b51f4,SA(2_B_O)_A2502_AM02_03,QT2WN2501489
3f50efa36c7aafc812c5a10d9f93cc1c,SA(2_B_O)_A2502_AM02_04,QT2WN2501490
c76875fbd75c7557b9587f49bffbc5e3,SA(2_B_O)_A2502_AM02_05,QT2WN2501491
a1b14feab3ee5a38341a11873dcaca21,SA(2_B_O)_A2502_AM02_06,QT2WN2501492
b5a4952e43fd117cf2d6ac3921806f08,SA(2_B_O)_A2502_AM02_07,QT2WN2501493
617bdbde684e61da3744729f6bfed3eb,SA(2_B_O)_A2502_AM02_08,QT2WN2501494
3ded774fdded0877f88203a147948723,SA(2_B_O)_A2502_PS02_01,QT2WN2501495
78e9cc3709463315e5ef4bf4a1aedf8c,SA(2_B_O)_A2502_PS02_02,QT2WN2501496
f3a92df2e1667dcedc336172cbe98735,SA(2_B_O)_A2502_PS02_03,QT2WN2501497
25576a29d01666a8e923f7e289883669,SA(2_B_O)_A2502_PS02_04,QT2WN2501498
159b7b76a91484bed94f8b2a288e6fe5,SA(2_B_O)_B2502_MIO02_01,QT2WN2501499
d67f15ec8dcc1c1ffbcc96326c273adb,SA(2_B_O)_B2502_MIO02_02,QT2WN2501500
d18063d28d8a7a4695e36ef621e2ebd7,SA(2_B_O)_B2502_MIO02_03,QT2WN2501501
878bc0ff4343db7a22f2e91c0b1f3cb1,SA(2_B_O)_B2502_MIO02_04,QT2WN2501502
5d8e9d1043b66abbc85933a9912fa7c1,SA(2_B_O)_B2502_MIO02_05,QT2WN2501503
02d0786c82f5b3fb5d3785d02aebfecf,J(H_B_O)_B2502_NPQ5_01,QT2WN2501505
7d59417cd319b7e153f588ef8463e580,J(H_B_O)_B2502_NPQ5_02,QT2WN2501506
2b2b81367800567f010e155ed077f290,J(H_B_O)_B2502_NPQ5_03,QT2WN2501507
8a1084ce5a18d7c4f44d709f49a758e5,J(H_B_O)_B2502_NTD2_01,QT2WN2501508
2599331fac958e12f35d5a1f46e9526e,J(H_B_O)_B2502_NTD2_02,QT2WN2501509
27a15911c90612450de6961f656470d7,J(H_B_O)_B2502_NTD2_03,QT2WN2501510
2a9c938611368826dea7d2dc6bdcb9f5,J(H_B_O)_B2502_NTD2_04,QT2WN2501511
2cf25f46b8e2f75003fbcf5b8edcbdbf,J(H_B_O)_B2502_ĐTHN2_01,QT2WN2501512
2dc8d7c97fc36917a9f2fa799f8d6a0c,J(H_B_O)_B2502_ĐTHN2_02,QT2WN2501513
772fce4f34333afc64b1ea314d58341f,J(H_B_O)_B2502_ĐTHN2_03,QT2WN2501514
352953fdf8a4a096f6e8575565bf9b7e,J(H_B_O)_B2502_HHD1_01,QT2WN2501515
ab1a13d4a50a842a15cb087cb879c472,J(H_B_O)_B2502_HHD1_02,QT2WN2501516
f1522b870045e7a498c33ac7a9a78219,J(H_B_O)_B2502_HHD1_03,QT2WN2501517
015c50c008823776d8764ab2321d5e84,J(H_B_O)_B2502_HHD1_04,QT2WN2501518
f65fe20ca55f2b44872921c58bb18834,J(H_B_O)_B2502_VNHT1_01,QT2WN2501519
fdc5e3fac28d6dee8ff60ffd024ec3da,J(H_B_O)_A2502_TT5_01,QT2WN2501520
ef9323801a15f7c89f97f8268a3572be,J(H_B_O)_A2502_TT5_02,QT2WN2501521
24542823b0af786c03edd5fbf01e2e89,J(H_B_O)_A2502_TT5_03,QT2WN2501522
75f98daa7ab427eda862318f1b9805b2,J(H_B_O)_A2502_TT5_04,QT2WN2501523
5d1efb370461f72818b8caa7ab34898e,J(H_B_O)_A2502_TT5_05,QT2WN2501524
6efec2236d4941e4ebfddea0c9911c72,J(H_B_O)_A2502_TT5_06,QT2WN2501525
0a249eb20edb3d6fe9dfb3d155834ce8,J(H_B_O)_A2502_TT5_07,QT2WN2501526
80aa83578b438c50129600600d8ebb92,J(H_B_O)_A2502_HS3_01,QT2WN2501527
05ff4dbced1c9c1ba9b7e08f2b39d729,J(H_B_O)_A2502_HS3_02,QT2WN2501528
66effcc605314a649f5d6a79a935e180,J(H_B_O)_A2502_HS3_03,QT2WN2501529
5235e0a7d5fadff8ef57272b26a20e6a,J(H_B_O)_A2502_HS3_04,QT2WN2501530
0d2c816fae5139149cc7bd2ca06fa677,J(H_B_O)_A2502_HS3_05,QT2WN2501531
4c95d0c3083e4425852eb0316637a426,J(H_B_O)_A2502_HS3_06,QT2WN2501532
de5609790c3bc37d100af2f42c590d6a,J(H_B_O)_A2502_HS3_07,QT2WN2501533
835f3f75a11fd7ef2b466bffd07d2758,J(H_B_O)_A2502_HS3_08,QT2WN2501534
6699d10877f9758a555f75b107b705a6,DH(2_V_O)_A2503_PHP02_01_In my hand,QT2WN2501535
d7b234709039d0030d62431eed785586,DH(2_V_O)_B2503_PHP02_02_Cold,QT2WN2501536
654c4d0d7dbe1da506ff283aa3900318,DH(2_V_O)_B2503_HNDT02_01_Feel Like Home,QT2WN2501537
a3ce011d14d7e1480828c257472e71dd,DH(2_V_O)_A2503_HNDT01_02_Drift Away,QT2WN2501538
b0e5ae5660add7e7d2b442c4b99a41ce,DH(2_V_O)_A2503_HNDT01_03_Nowhere But You,QT2WN2501539
7385f8f5ccb6ad169533b9be62a1399d,DH(2_V_O)_A2503_HNDT01_04_Our Little Paradise,QT2WN2501540
a8f7274cb14dd6f89fc3615fae113b52,DH(2_V_O)_A2503_PGT02_01_I Feel Alive,QT2WN2501541
766c29c01fec6874b7b77bb2ad35a135,P(1_B_O)_A2503_NGH01_01,QT2WN2501542
261b527dbde1cb3d97579faa0d0bb5bb,P(1_B_O)_A2503_NGH01_02,QT2WN2501543
d1f0adc0b016fda86136d134abf461e1,P(1_B_O)_A2503_NGH01_03,QT2WN2501544
585018b173a2c3213a7848f0e2c70b23,P(1_B_O)_A2503_NHCB01_01,QT2WN2501545
1b44d5636108b00186bb8c3842ecbaf2,P(1_B_O)_A2503_NHCB01_02,QT2WN2501546
f1a7c13eaab4c19ba0a56751f904e635,P(1_B_O)_A2503_LĐTK01_01,QT2WN2501547
a991e877d2476bb2625b1d4b210fc95d,P(1_B_O)_A2503_LĐTK01_02,QT2WN2501548
6b8b317b1aa3cb50bfd96448bab48132,P(1_B_O)_A2503_LĐTK01_03,QT2WN2501549
812d16bf4b494890a66c17df201592e5,P(1_B_O)_A2503_TCH01_01,QT2WN2501550
24c0f626b55ebceb618b2f7d8ef7edba,P(1_B_O)_A2503_TCH01_02,QT2WN2501551
4c1ef8dd5d6ca61422c01ce7779fa89a,CL(1_B_PD)_A2503_NGH9_01,QT2WN2501552
10747ea607b0c6041d7316fa47131dd4,CL(1_B_PD)_A2503_NGH9_02,QT2WN2501553
aea9ae39a3a1c46b5d3bcc2022b8ecd3,CL(1_B_PD)_A2503_NGH9_03,QT2WN2501554
67b5e9112ccd1e4277798d299bceac80,CL(1_B_PD)_A2503_NGH9_04,QT2WN2501555
5bad769f4834ea414174695017448e07,CL(1_B_PD)_C2503_TT5_01,QT2WN2501556
9a30691ae5e8a822256bf850fcf47092,CL(1_B_PD)_C2503_TT5_02,QT2WN2501557
4090618457647b923c1daea01e91623c,CL(1_B_PD)_C2503_TT5_03,QT2WN2501558
f81100434a7d5bb454f6f21c91ce3ac1,CL(1_B_PD)_C2503_TT5_04,QT2WN2501559
376d8d437da1e9674a2ed9833d10d888,CL(1_B_PD)_C2503_NPQ5_01,QT2WN2501560
214c4cf37469fc9190fa6ed0a3658354,CL(1_B_PD)_C2503_NPQ5_02,QT2WN2501561
dd387021d5c8c1abddf1bb9e34f43174,CL(1_B_PD)_C2503_NPQ5_03,QT2WN2501562
79685517b532b0ea92b18608b03e365d,CI(B_B_O)_A2504_HDNT03_01,QT2WN2501563
cd499cc0590010a5c4a485bfa0e2cfff,CI(B_B_O)_A2504_HDNT03_02,QT2WN2501564
f615054f159397c276fe9cbf15a85cd7,CI(B_B_O)_A2504_HDNT03_03,QT2WN2501565
47f0d4450d44c318dff4b5f797617e6f,CI(B_B_O)_A2504_NPQ03_01,QT2WN2501566
c3de8af306f96e87ac7096b416bfae16,CI(B_B_O)_A2504_NPQ03_02,QT2WN2501567
079089d71b42fcc23591c46abccc1470,CI(B_B_O)_A2504_HVMK01_01,QT2WN2501568
72dafe39b9f9b2d113e82be76d1d1639,CI(B_B_O)_A2504_HVMK01_02,QT2WN2501569
1d617179b9b28c34d5f2d705f0ffcf6b,CI(B_B_O)_A2504_NTMP01_01,QT2WN2501570
88c21fd55b8dc2ec83561f4d0497ee2b,CI(B_B_O)_A2504_NTMP01_02,QT2WN2501571
4d41edf928d38dc6c6d35579f69ef87a,CI(B_B_O)_A2504_NTMP02_01,QT2WN2501572
d4ffd8db36df61810b2c65b733e122ef,CI(B_B_O)_A2504_HTTT01_01,QT2WN2501573
34702335b13e189097550f5e0a38c918,G(2_B_O)_A2503_NTG3_01,QT2WN2501574
89f2bd8892961fa14a1b8efa5557a706,G(2_B_O)_A2503_NTG3_02,QT2WN2501575
d0bb47e1a29a2eec21dc6330380ef97c,G(2_B_O)_A2503_NTG3_03,QT2WN2501576
ca2cf8ca44f4f3e909315a01c7c549e8,G(2_B_O)_A2503_PDT2_01,QT2WN2501577
a72d07142f365129eefbfdc5f41ccd25,G(2_B_O)_A2503_PDT2_02,QT2WN2501578
c1b273a2849fa6df22dcf8d413af04df,G(2_B_O)_A2503_HNDT1_01,QT2WN2501579
402209afd7b5b63a25c011e6f5cf9df5,G(2_B_O)_A2503_HNDT1_02,QT2WN2501580
e9a112978ce309be6dfad3c8537a51b2,G(2_B_O)_A2503_HNDT1_03,QT2WN2501581
34c7b167b564ab113510948074f369f0,G(2_B_O)_B2504_HĐNT1_02,QT2WN2501583
bba02b925dc1708a9c876250e78338ff,CI(B_B_O)_A2504_HTTT01_02,QT2WN2501584
d136891369ac4571cefce784fcda4b98,CI(B_B_O)_A2504_HTTT01_03,QT2WN2501585
d47aa7e68986917b55acc6fa6a763670,CI(B_B_O)_A2504_HDNT04_01,QT2WN2501586
2aff28d1af20bc84f416ae3f5945507c,CI(B_B_O)_A2504_HDNT04_02,QT2WN2501587
2aabee135d11d5f35bb2dbcd3ffeac3e,CI(B_B_O)_A2504_NPQ04_01,QT2WN2501588
623dff0c8c8e0c94c967e7ad594d2988,CI(B_B_O)_A2504_NTMP03_01,QT2WN2501589
7fe0cca180dc61ac49570f0e85f0979e,CI(B_B_O)_A2504_NTMP03_02,QT2WN2501590
86e8d9a80679c3bd526761620c3f5557,CI(B_B_O)_A2504_NTMP03_03,QT2WN2501591
4394625adf924878e6a2c4f3be7a5a65,CI(B_B_O)_A2504_NTMP03_04,QT2WN2501592
50b144b762fe4278ad842b87cb68e5ab,CI(B_B_O)_B2505_HDNT04_03,QT2WN2501593
9da9d47e27b411ecde06b4748100b941,CI(B_B_O)_B2505_HDNT04_04,QT2WN2501594
c57428ffc41e8b5603c5e671ba795c81,CI(B_B_O)_B2505_HDNT05_01,QT2WN2501595
58a7f80496fbdcaf2e3dc3d884eb7aa3,CI(B_B_O)_B2505_HHD02_01,QT2WN2501596
ffa6fe4a9235bae8581167f65f68b7f3,CI(B_B_O)_B2505_HHD02_02,QT2WN2501597
c1fc9b516e9049da23f39d21778d98da,CI(B_B_O)_B2505_HHD02_03,QT2WN2501598
acecda4db08094b6ca7cf4f4bc373a27,CI(B_B_O)_B2505_HHD02_04,QT2WN2501599
b71da0e33c5cd9d1f0b02895aaf96c60,CI(B_B_O)_B2505_HHD03_01,QT2WN2501600
df9f8f197e6799915d0d5808ae150f2f,CI(B_B_O)_B2505_HNK02_01,QT2WN2501601
7d6c9926c25198cd9279be01b7834e77,CI(B_B_O)_B2505_DTK01_01,QT2WN2501602
4e2f0ac17e0c2e0ca2038c7b084effec,G(2_B_O)_B2504_PHT3_03,QT2WN2501734
4ff55deb1c4c0f2b56d62d5edf5dab5e,G(2_B_O)_B2504_PHT3_05,QT2WN2501736
36f1d955c046eadd4f2ccb978ca83530,G(2_B_O)_B2504_PHT3_06,QT2WN2501737
db7e8c9a0a9744a7996c7b20e13d5be0,G(2_B_O)_B2504_PHT3_07,QT2WN2501738
e4642eda46963b7c1e725e1185a327ae,G(2_B_O)_B2504_PHT3_09,QT2WN2501740
1bb18b49125c4a6a1a72ad19f458bfb4,G(2_B_O)_B2504_PHT3_10,QT2WN2501741
1d031fe920d84c5d09e8e79c9e7e325c,G(2_B_O)_B2504_PDT3_01,QT2WN2501742
e3e2a28b7e9cc15bc9956d515c854bcc,G(2_B_O)_B2504_PDT3_02,QT2WN2501743
a61ec94c68de5e8ecd3b5a8209b967a9,G(2_B_O)_B2504_PDT3_03,QT2WN2501744
878dc21e01ea4fc0c6c46336230e5425,G(2_B_O)_B2504_PDT3_04,QT2WN2501745
7875f085abc68a9a75c07af461483d63,G(2_B_O)_B2504_PDT3_05,QT2WN2501746
fdbca59a171eca44a4e2bb7b0a86c412,G(2_B_O)_B2504_PDT3_06,QT2WN2501747
0c698d753a580a4063e2b5f109e18a32,G(2_B_O)_B2504_PDT3_07,QT2WN2501748
6769ae3cb159ab3f4bdd5a237e7f3fad,G(2_B_O)_B2504_PDT3_09,QT2WN2501750
57b8fe800c643c3501e751b59fb8ef21,G(2_B_O)_B2504_PDT3_10,QT2WN2501751
cda3426c789931d3a830dd0bdd5bb193,P(1_B_O)_A2503_IH10_01,QT2WN2501752
34776612b0ef5f50fd8f718414695bcd,P(1_B_O)_A2503_IH10_02,QT2WN2501753
3939b002ed9c89aee9634befca4fac85,P(1_B_O)_A2503_IH10_03,QT2WN2501754
d896e50a49273f69b65723e2728796e3,P(1_B_O)_A2503_IH10_04,QT2WN2501755
3bb7a39aebc37d6045793ae1442bbe29,P(1_B_O)_A2503_IH10_05,QT2WN2501756
389d773f02808c86b40e2fb180130f9a,P(1_B_O)_A2503_LĐTK02_01,QT2WN2501757
b8cc62c8fd17695d3bc085e220469265,P(1_B_O)_A2503_LĐTK02_02,QT2WN2501758
033bf3ab7ab786895dac95755b44e93e,P(1_B_O)_A2503_LĐTK02_03,QT2WN2501759
32458c575673004f170e7ba1df6e4c9b,P(1_B_O)_A2503_LĐTK02_04,QT2WN2501760
19f7857950715a9f8ecadeb936da99a4,P(1_B_O)_A2503_LĐTK02_05,QT2WN2501761
b64edba0fcf046e647380e450334679e,WAH(C_V_TH)_A2503_MH01_01_DANCE MONKEY,QT2WN2501762
fdafbfd815afcb44cc8c67502e4f50b6,WAH(C_V_TH)_A2503_MH01_02_L'AMOUR TOUJOURS,QT2WN2501763
6cbafd75231b80243e23c81be7338df2,WAH(C_V_TH)_A2503_MH01_03_7 YEARS,QT2WN2501764
f47770b34f86df95c4109f0e2197d1a4,WAH(C_V_TH)_A2503_MH01_04_ANOTHER LOVE,QT2WN2501765
69e6cf9856d4ecb037094ddbb41eefa1,WAH(C_V_TH)_A2503_MH01_05_I'M GONNA BE (500 MILES),QT2WN2501766
e062599d71d97950f17a1cc04deff8b4,WAH(C_V_TH)_A2503_DQA01_01_THE REASON,QT2WN2501767
620ca59619628b646fda9c239bb2f086,WAH(C_V_TH)_A2503_DQA01_02_ZOMBIE,QT2WN2501768
d5b6ac75d3bd35ac09b15aaadacb67bf,WAH(C_V_TH)_A2503_DQA01_03_LET ME DOWN SLOWLY,QT2WN2501769
28b0d3b18a357f24a76adedce1dcf0d0,WAH(C_V_TH)_A2503_NKD01_01_FLY AWAY,QT2WN2501770
59dff4bb6f69decfa282a6e349a4b37f,WAH(C_V_TH)_A2503_NKD01_02_COOL KIDS,QT2WN2501771
6dae4e60c297e1cc43b9d133bd71bd0d,WAH(C_V_TH)_A2503_NKD01_03_RIDE,QT2WN2501772
c14cebc499146bd362f4806a796c8be8,WAH(C_V_TH)_A2503_NKD01_05_HEATHENS,QT2WN2501773
a46f90420f3d43d50ea443770e66c87f,WAH(C_V_TH)_A2503_DK01_01_PRAYER IN C,QT2WN2501774
fa435947d81ad71f283d6f2d960d6446,WAH(C_V_TH)_A2503_DK01_02_WHAT IS LOVE,QT2WN2501775
8f67b278ba469762287c214c1d175a89,WAH(C_V_TH)_A2503_NKT01_01_IDGAF,QT2WN2501776
9e972b1776703dd11ca35703069c17f8,WAH(C_V_TH)_A2503_NKT01_03_RUNAWAY TRAIN,QT2WN2501777
e126a7690fa19555342dee26720a5845,WAH(C_V_TH)_A2503_HNK01_01_2 PHUT HON,QT2WN2501778
1db3e85379ba8f1b46b3c5f596a585f7,WAH(C_V_TH)_A2503_HNK01_02_DROP THAT LOW (WHEN I DIP),QT2WN2501779
e10c9c262088849ed4c8ebfbec98b67f,WAH(C_V_TH)_A2503_HNK01_03_TALKING BODY,QT2WN2501780
1d8c2f738ee1b6f20c4023c2da8f7764,WAH(C_V_TH)_A2503_NHCB01_01_FUNKYTOWN,QT2WN2501781
dcf44d757c14a99e4a4da433918dcd45,WAH(C_V_TH)_A2503_COCO JAMBOO,QT2WN2501782
f6df9f0b5bd3024fa7b49d3c5ab3dd16,DH(2_V_O)_A2503_NKD01_01_Dreaming of You,QT2WN2501783
e3e9812ea5cda273387f461fd1ad869b,DH(2_V_O)_A2503_NKD01_02_Sunflower,QT2WN2501784
47240bc23b68479c680ba7f9f954072e,DH(2_V_O)_A2503_NKD01_03_Wait for me,QT2WN2501785
5e2d5dccef498d420e26986fa937c45a,DH(2_V_O)_B2503_NKD01_01_Close to you,QT2WN2501786
b11a13cb91542708eb33971fc216a4ab,DH(2_V_O)_B2503_NKD01_02_Sunlight,QT2WN2501787
0bd7748060114eca12bbb96587e6d4bd,DH(2_V_O)_A2503_NKT01_01_Love In The Sunset,QT2WN2501788
a2d42b3d5bb75c6ad325749ba2b744c6,DH(2_V_O)_A2503_NKT01_02_Golden Hour Hearts,QT2WN2501789
010f73c0a0ec69c6c63cca152c3fb2b6,DH(2_V_O)_A2503_NKT01_03_Hawaii With You,QT2WN2501790
ec7564b8e5d275d18a689a472b65572d,DH(2_V_O)_A2503_NKT01_04_Ocean Glow,QT2WN2501791
9aa846e95f216da3d52f3c00b9a63b20,DH(2_V_O)_A2503_NKT01_05_True Belief,QT2WN2501792
4520443f5dd943c2de60f24ed00606b4,KS(H_V_PD)_A2405_NMĐ03_01_Hot Cross Buns,QT2WN2501793
509ce75ee4ae9005b0d896429bd277a4,KS(H_V_PD)_A2405_NMĐ03_02_Itsy Bitsy Spider,QT2WN2501794
9527450dd00a279ed5f4b66814f23e5c,KS(H_V_PD)_A2405_NMĐ03_03_Ding Dong Bell,QT2WN2501795
4a44bc824338018967a715113da3706e,KS(H_V_PD)_A2405_DKE09_01_Row Row Row Your Boat,QT2WN2501796
c507dffda803f4b9811309fee18b0c17,KS(H_V_PD)_A2405_DKE09_02_If You're Happy and You Know It,QT2WN2501797
6c9d0362948acc31290e56fa46af813e,KS(H_V_PD)_A2405_DKE09_03_Finger Family,QT2WN2501798
fe85e81e1d6888d4952688d87b9db0c4,KS(H_V_PD)_B2411_DKE09_01_Five Little Ducks - The Boy Who Cried Wolf (Remake),QT2WN2501799
671666b0ae7edce3ea3c6027aa62726e,KS(H_V_PD)_B2411_DKE09_02_Wheels on the Bus - Animals (Remake),QT2WN2501800
6f173cc575a834bfc522db0eb4d80ac3,P(1_B_O)_B2505_HVMK01_01,QT2WN2501801
d42b92cafa394fee3e5636115e6d0a08,P(1_B_O)_B2505_HVMK01_02,QT2WN2501802
042b3d4a46486e4d004d9e811594e500,P(1_B_O)_B2505_HVMK01_03,QT2WN2501803
28089dbe7415209220c92ef0dfe57d91,P(1_B_O)_B2505_HVMK01_04,QT2WN2501804
242de7663c57b5457b9619d53ece0111,P(1_B_O)_B2505_HVMK01_05,QT2WN2501805
ad7c89996c6de4ff33fa1065c480286f,P(1_B_O)_B2505_TCH02_01,QT2WN2501806
b1836bcf393e70dd351b7ba011a54d9f,P(1_B_O)_B2505_TCH02_02,QT2WN2501807
12e73e1f54a611c8429910c9972543f2,P(1_B_O)_B2505_TCH02_03,QT2WN2501808
aebc6f39f4915ef6e7ba0da0e0e0ca5e,P(1_B_O)_B2505_VNHT01_01,QT2WN2501809
9c668fd1301f6e48a9db1851b381eeb6,P(1_B_O)_B2505_VNHT01_02,QT2WN2501810
87db437968551cbdc4dc7bdc4b34730f,CL(1_B_PD)_A2503_NGH10_01,QT2WN2501811
182f0ec315c18d0ec7fe49fd4faad1cf,CL(1_B_PD)_C2503_NPQ7_01,QT2WN2501812
c89111e3871202f43d36e50bb090fa94,CL(1_B_PD)_C2503_NPQ7_02,QT2WN2501813
8270a0ad48491ab13943f7ceec658dc2,CL(1_B_PD)_C2503_TT6_01,QT2WN2501814
d537112e3ce52d832a707bb638485f5d,CL(1_B_PD)_C2503_TT6_02,QT2WN2501815
f392809790a29331836d5d8912f7ac48,CL(1_B_PD)_C2503_TT6_03,QT2WN2501816
32eca4267a260d20420c3fda6ccbdfd1,G(2_B_O)_A2503_NTG4_01,QT2WN2501817
42ebd35d5b004417f24e222680bbe807,G(2_B_O)_A2503_NTG4_02,QT2WN2501818
8703752cc8f8a40eab9bfb8eda63a3d3,G(2_B_O)_A2503_NTG4_03,QT2WN2501819
d9e573a2ac1c7f889b8b812f9de4fb30,G(2_B_O)_A2503_NTG4_04,QT2WN2501820
e62df010d38aa48c0f1e5deab035d269,G(2_B_O)_A2503_NTG4_05,QT2WN2501821
0411ec149e6857691aa8598fbb28bd41,G(2_B_O)_A2503_BKT1_01,QT2WN2501822
9b5343d178418b9dbd4c5779c49cf352,G(2_B_O)_A2503_BKT1_02,QT2WN2501823
e818d57a144d83895b0f48daddca6d00,G(2_B_O)_A2503_BKT1_03,QT2WN2501824
06bb682f19b82b654e43fd8345e2ccfa,G(2_B_O)_A2503_BKT1_04,QT2WN2501825
e049c9f1290a9e234bf813f6c0355f8a,WR(C_V_TH)_A2503_TTA01_01_RIDE,QT2WN2501827
23ba273e802afdb42bca766b76873405,WR(C_V_TH)_A2503_TTA01_02_COOL KIDS,QT2WN2501828
d5d93b26c6c1f3d3018764904b8cc14c,WR(C_V_TH)_A2503_TTA01_03_STRESSED OUT,QT2WN2501829
737e1df4ed6d7bf9e7f1710f754089f0,WR(C_V_TH)_A2503_TTA01_04_HEATHENS,QT2WN2501830
fe75fe0849d7f955e11924a78d669f6c,WR(C_V_TH)_A2503_TTA01_05_FLY AWAY,QT2WN2501831
471e921372694f4f9f67c80dcb5709c7,WR(C_V_TH)_A2503_LAT01_01_THE REASON,QT2WN2501832
d9a1b3fcff5f4cc92ce81b29ec235eaf,WR(C_V_TH)_A2503_LAT01_02_LET ME DOWN SLOWLY,QT2WN2501833
2d35bca3d33a3f714fef639981487874,WR(C_V_TH)_A2503_LAT01_03_ZOMBIE,QT2WN2501834
fc95037e502cffe4d36430bff012eccd,WR(C_V_TH)_A2503_PTL01_01_PRAYER IN C,QT2WN2501835
d34c7337e9d2bd975935dd2d6b57e09b,WR(C_V_TH)_A2503_PTL01_02_RIPTIDE,QT2WN2501836
fd49816370636ae7dec47523bf16cd2e,P(H_B_O)_A2505_HNDT01_01,QT2WN2501837
346cf89d85f613159b77123bfd3d5283,P(H_B_O)_A2505_HNDT02_02,QT2WN2501838
b8b024fb5c8eb918d129d081ed7456e4,P(H_B_O)_A2505_HNDT02_03,QT2WN2501839
d2952bffb0ab34ab052d135f87eddbed,P(H_B_O)_A2505_HNDT02_04,QT2WN2501840
f4f8f2cb37e77655eea4e31ed29e51c2,P(H_B_O)_A2505_VNT01_01,QT2WN2501841
2610f684736c373034539aefcc4b0040,P(H_B_O)_A2505_VNT01_02,QT2WN2501842
27063241cbc5452e1457c06c7be5aa6f,P(H_B_O)_A2505_VNT01_03,QT2WN2501843
1c19e96967f2756001aeadc5b97bfd83,P(H_B_O)_A2505_NPQ01_01,QT2WN2501844
0d987e988732cbb2c155a2debef7fcb2,P(H_B_O)_A2505_NPQ01_02,QT2WN2501845
b8a6505378c5030979e0a373ef14b11c,P(H_B_O)_A2505_NPQ01_03,QT2WN2501846
465932c9af3d2c570678cc93edcd6e30,P(H_B_O)_A2505_NPQ01_04,QT2WN2501847
a84fb76914c0e4e39301ec4bd910fb15,P(H_B_O)_A2505_NPQ01_05,QT2WN2501848
e1a47ae4a1db23bcf5fb565169991bc3,P(H_B_O)_A2505_NPQ02_01,QT2WN2501849
70cdc36b45aeb9ce393887576a37a10f,P(H_B_O)_A2505_NPQ02_02,QT2WN2501850
08ea466907bac0c5111f892d497c67f6,P(H_B_O)_A2505_NPQ02_03,QT2WN2501851
69f96037667de080af7cc2780d326a39,P(H_B_O)_B2505_LĐDN01_01,QT2WN2501852
4f45abae0803ee1d28087ae98ea2079a,P(H_B_O)_B2505_LĐDN01_02,QT2WN2501853
144030dcf74e925ddcdbf1af8af9433e,P(H_B_O)_B2505_LĐDN01_03,QT2WN2501854
d2061911406bb82775e33dcce261b5e1,P(H_B_O)_B2505_LĐDN01_04,QT2WN2501855
3b541a7a207fd4ca06f16c3b06be1fbf,P(H_B_O)_B2505_LĐDN01_05,QT2WN2501856
e94aa87e50c6c5f4dd89a748a5ddd62d,J(H_B_O)_C2505_TT6_01,QT2WN2501857
082810d6e189af74d7148328ee36ec2a,J(H_B_O)_C2505_TT6_02,QT2WN2501858
26eda3ab8c350c64566314593b9a8e26,J(H_B_O)_C2505_TT6_03,QT2WN2501859
a0e90c40c8e83eb0c3c632054282122a,J(H_B_O)_C2505_TT6_04,QT2WN2501860
2955881bf77a7ec9ccb7a58ca94581ae,J(H_B_O)_C2505_TT6_05,QT2WN2501861
06c21f97192c6fe642cfe2047d1a5807,J(H_B_O)_C2505_TT6_06,QT2WN2501862
aa80eca09a73c7e664344361b273201a,J(H_B_O)_C2505_TT6_07,QT2WN2501863
8c2e6ecfb4fbc61e44526081ce58a076,J(H_B_O)_C2505_TT6_08,QT2WN2501864
7328af08c64be38c0275f4cca14ce74c,J(H_B_O)_C2505_TT6_09,QT2WN2501865
3769d6600f67a605fac434e0bd4e42c2,J(H_B_O)_C2505_TT6_10,QT2WN2501866
79d7e81e86e39ad139e5175930346700,J(H_B_O)_C2505_HS4_01,QT2WN2501867
57566334ffa9615174966ba1a6c0825e,J(H_B_O)_C2505_HS4_02,QT2WN2501868
7e23c243c1a3d67eb63f7495f91f34fc,J(H_B_O)_C2505_HS4_03,QT2WN2501869
dd8ce8d720af781b8dc6ba99ea48712b,J(H_B_O)_C2505_HS4_04,QT2WN2501870
470d1923580ad8a49a47f07c0eabe5d3,J(H_B_O)_C2505_HS4_05,QT2WN2501871
a57a37ce3c79cdb7b04371fbbc093eda,J(H_B_O)_C2505_HS4_06,QT2WN2501872
0e8672d9b03e567a0b65b47ea8e98a7e,J(H_B_O)_C2505_HS4_07,QT2WN2501873
35dca1ae03965454b53ce278060237fa,J(H_B_O)_C2505_HS4_08,QT2WN2501874
582730e79a9d1e8ef6c180eb99a2ce3b,J(H_B_O)_C2505_HS4_09,QT2WN2501875
99f5c193f0e5d84abfc198154263b11c,J(H_B_O)_C2505_HS4_10,QT2WN2501876
9bf7b60fe1d63abd428b49c7c2c10fc8,WAH(C_V_TH)_A2503_NKD01_04_STRESSED OUT,QT2WN2501877
77a79dea5733d854a6f803d4b9c631bf,WAH(C_V_TH)_A2503_NKT01_02_I'VE BEEN THINKING ABOUT YOU,QT2WN2501878
a30aa9184c79b21f30a8248c975821d0,WAH(C_V_TH)_A2503_NKT01_04_DON'T LEAVE ME THIS WAY,QT2WN2501879
add309f7df648416f79efefda3385f6a,WAH(C_V_TH)_A2503_NKT01_05_P.Y.T. (PRETTY YOUNG THING),QT2WN2501880
3c996c42ed1540443e3419b74611532f,SA(2_B_O)_A2502_AM03_01,QT2WN2501881
a775ca2a4a6afa7cd1437e0571590861,SA(2_B_O)_A2502_AM03_02,QT2WN2501882
004b010514cce7f04ffca57f5ab311d8,SA(2_B_O)_A2502_AM03_03,QT2WN2501883
6b6b26820de62e5efc058bb404b62740,SA(2_B_O)_A2502_AM03_04,QT2WN2501884
cee7e125b5c6d141b504cf0cb2f722e1,SA(2_B_O)_A2502_AM03_05,QT2WN2501885
26c8e54b7fc69157f873dd44132d6452,SA(2_B_O)_A2502_AM03_06,QT2WN2501886
2030c108c7214517cf5583627f06df5f,SA(2_B_O)_A2502_AM03_07,QT2WN2501887
afe7735e46ee3edd888bdb3e563eb207,SA(2_B_O)_A2502_AM03_08,QT2WN2501888
1222c81768b9dc9a541a068c141755fb,SA(2_B_O)_B2502_MIO03_01,QT2WN2501889
21509bfe164401ba4b26ddeb2deeb735,SA(2_B_O)_B2502_MIO03_02,QT2WN2501890
da8500c9cd2a2912bd16e4fb72cdc5a4,SA(2_B_O)_B2502_MIO03_03,QT2WN2501891
05f7989e26564e8232b65177f9b7cd42,SA(2_B_O)_B2502_MIO03_04,QT2WN2501892
5ca91bb2b1e91e81a103409b8cb6ab81,SA(2_B_O)_B2502_MIO03_05,QT2WN2501893
53c5e1c1d654c93ed2062c9b3f61b0a6,SA(2_B_O)_B2502_MIO03_06,QT2WN2501894
1d5f9beda6269bd695726d263ce62554,SA(2_B_O)_B2502_MIO03_07,QT2WN2501895
27440b0e55901ce75622f2e35bbf82ad,LTH2(R_B_O)_A0_LHH1_01,QT2WN2501896
7edacd22065b27a43bf9b363674bbf1b,LTH2(R_B_O)_A0_IH1_01,QT2WN2501897
6673ad39cba005dd566fe7e879d0d70a,LTH2(R_B_O)_A0_IH1_02,QT2WN2501898
aeea33e0188d7ebbd383e3a5415bcf31,LTH2(R_B_O)_A0_IH2_03,QT2WN2501899
6ff9e085cb871ccb84527065beff09e3,LTH2(R_B_O)_A0_IH2_01,QT2WN2501900
f3544c70b2779876fff192c2f1df9a18,LTH2(R_B_O)_A0_IH2_02,QT2WN2501901
d908bf7f7bf9a65fd616f54b73f942a4,WR(C_V_TH)_A2503_DTH01_01_DANCE MONKEY,QT2WN2501902
f803216dc7d470977681c81a8bdf8b4c,WR(C_V_TH)_A2503_DTH01_03_7 YEARS,QT2WN2501903
90018dd205d6b076d092e6de8887a040,WR(C_V_TH)_A2503_DTH01_04_ANOTHER LOVE,QT2WN2501904
70ea43cd715ff0f2997b2aebcc5bd273,WR(C_V_TH)_A2503_DTH01_05_I'M GONNA BE (500 MILES),QT2WN2501905
85cfdcecb472ada11028cf36ddef1c8b,WR(C_V_TH)_A2503_HVMK01_01_FALL IN LOVE,QT2WN2501906
e0c14ac2f0120f0aae07a89d222bdd37,WR(C_V_TH)_A2503_HVMK01_02_I'VE BEEN THINKING ABOUT YOU,QT2WN2501907
0086a2d89861bbf6c67ba67b4848e90a,WR(C_V_TH)_A2503_HVMK01_03_MAMA SAID,QT2WN2501908
3a2f140f8599a4a4e86b77addf1bc4e9,WR(C_V_TH)_A2503_HVMK02_01_WAY DOWN WE GO,QT2WN2501909
9f860adc3db5c75eaec3304c399e03df,WR(C_V_TH)_A2503_HVMK02_02_COCO JAMBOO,QT2WN2501910
a557f2a7e1d8def863313fcfb5171e1d,WR(C_V_TH)_A2503_HVMK02_03_IDGAF,QT2WN2501911
4dca6362aeeb3ee06db8b6f97a563956,WR(C_V_TH)_A2503_HVMK02_04_ALL YOUR'N,QT2WN2501912
115c2b7410ee5d8c445bc187e4fcbab5,WR(C_V_TH)_A2503_HNK01_01_LET'S TALK ABOUT SEX,QT2WN2501913
dee2a29e5385a0261969987da0242586,WR(C_V_TH)_A2503_HNK01_02_2 PHUT HON,QT2WN2501914
61eb9d9635cc5710d94be1b62c53fd12,WR(C_V_TH)_A2503_HNK01_03_SEVEN DAYS,QT2WN2501915
4ec09f4fa61bcb734af13c78c6d0d3d4,WDH(H_V_TH)_A2505_PHP01_01_LET ME DOWN SLOWLY,QT2WN2501916
11b51297029233ac3492a77988fdfbbc,WDH(H_V_TH)_A2505_PHP01_02_ZOMBIE,QT2WN2501917
8e6b37dbd7d926a479d7e06d2fc14cd8,WDH(H_V_TH)_A2505_MM01_01_Cool Girl,QT2WN2501918
cab46d21e57ff4b4b563cec950172001,WR(C_V_TH)_A2503_DTH01_02_L'AMOUR TOUJOURS,QT2WN2501919
cf49d1e31f9ea951785588fd577bc54a,WDH(H_V_TH)_A2505_KD01_02_ANOTHER LOVE,QT2WN2501920
fbff2ff08c9a201434e8a4531ac83b31,J(H_B_O)_A2505_HHD2_01,QT2WN2501921
e950f125874138ee1c421c4f124a998f,J(H_B_O)_A2505_HHD2_02,QT2WN2501922
5103676344ab14e2a076325ee3909c15,J(H_B_O)_A2505_HHD2_03,QT2WN2501923
577721a5c97702a6f2030dd04e785504,J(H_B_O)_A2505_VNHT2_01,QT2WN2501924
9627a9d419e9c06f44b1a0561203bb3d,J(H_B_O)_A2505_VNHT2_02,QT2WN2501925
efe90232dbd6d9983f89c4bc50eb3d24,J(H_B_O)_A2505_ĐTHN3_01,QT2WN2501926
6e0f042e5ebef7b4f545b9eacb77aad6,J(H_B_O)_A2505_ĐTHN3_02,QT2WN2501927
21e515c75f52f204c0e0faca142683fe,J(H_B_O)_A2505_NTD3_01,QT2WN2501928
8a744bf0cf74db8abc0e1c3f2bdc25bd,J(H_B_O)_A2505_NTD3_02,QT2WN2501929
6e2daa0ea5193b58da6fcdf91c1d58a9,J(H_B_O)_A2505_NTD3_03,QT2WN2501930
7a8329f84cfbe73f12781e3b9ef81a0c,J(H_B_O)_B2505_NTD3_01,QT2WN2501931
3615d46b7eda0f0a224ec3be63f5758b,J(H_B_O)_B2505_NTD3_02,QT2WN2501932
77b5e50fdb6bce70be34f3f5d3e4f605,J(H_B_O)_B2505_NTD3_03,QT2WN2501933
22014495da5756f39cdb740d37090c8f,J(H_B_O)_B2505_NTD3_04,QT2WN2501934
4dd68da4817d88958fa73147ff7183f0,J(H_B_O)_B2505_NTD3_05,QT2WN2501935
2293d81b8a123941fe74715865d05801,J(H_B_O)_B2505_NPQ6_01,QT2WN2501936
2896e1523d75585bdda7d4859e3dbbfd,J(H_B_O)_B2505_NPQ6_02,QT2WN2501937
6209edda0e974f403ecc48364ea8b567,J(H_B_O)_B2505_NPQ6_03,QT2WN2501938
b3687fba1db552f18dfd23854d3d04f1,J(H_B_O)_B2505_NPQ6_04,QT2WN2501939
f79075eb68133978c27cdfca61c56d0a,J(H_B_O)_B2505_NPQ6_05,QT2WN2501940
bfdcc5a505d0a1ad4226ab1391baa7f9,J(H_B_O)_D2505_NPQ6_01,QT2WN2501941
c848e0bf566e11e033067468c6616a95,J(H_B_O)_D2505_NPQ6_02,QT2WN2501942
ca2352cc851b1ea58810c0318e83538f,J(H_B_O)_D2505_NPQ6_03,QT2WN2501943
c067ee0c1f8e65f8b1f21a3232ce9a16,J(H_B_O)_D2505_PHT1_01,QT2WN2501944
1f9923ec09882ad828442cc52090c7ed,J(H_B_O)_D2505_PHT1_02,QT2WN2501945
8ccabdeea2d304387a6e568b215f41df,J(H_B_O)_D2505_PHT1_03,QT2WN2501946
3ea77bf332ebe7d0ede5195766a3c5e0,J(H_B_O)_D2505_ĐTHN3_01,QT2WN2501947
5d3ab467f8d6cde72ad48d067d2eaf37,J(H_B_O)_D2505_ĐTHN3_02,QT2WN2501948
d65c0f776afb8001ebf7645437d76a6f,J(H_B_O)_D2505_ĐTHN3_03,QT2WN2501949
5acc771ffb2a0d0a41103eb7787cc398,J(H_B_O)_D2505_ĐTHN3_04,QT2WN2501950
c98ba9835c2d76768d7f803553a33d84,P(H_B_O)_B2505_LĐDN01_06,QT2WN2501951
68c8529f57a722033871a64ded187b3d,P(H_B_O)_B2505_LĐDN01_07,QT2WN2501952
39e7f4324c7f387de935a93173a974b0,P(H_B_O)_B2505_LĐDN01_08,QT2WN2501953
e45ea7008266aa7039db43ba3114b63a,P(H_B_O)_B2505_LĐDN01_09,QT2WN2501954
014a540af4819bf7e2cf679c3fb4bff6,P(H_B_O)_B2505_LĐDN01_10,QT2WN2501955
e669de5c3aac1d533e5d3f9f4afb17a3,WDH(H_V_TH)_A2505_MM01_03_Sweet Melody,QT2WN2501957
ef64845d39a4e65fdc2e1b984e26ab52,P(H_B_O)_A2505_NTGK01_01,QT2WN2501958
9c848cf7dc2e860424a715836abd0859,P(H_B_O)_A2505_NTGK01_02,QT2WN2501959
49b8f15b7dc391389937b68769340fb1,P(H_B_O)_A2505_NTGK01_03,QT2WN2501960
f8a7f5e7a60ba5b9f9a644f41cf2b77e,P(H_B_O)_A2505_DTK01_01,QT2WN2501961
bc15b0b679e1ddb3fb25522bd807ec04,P(H_B_O)_A2505_DTK01_02,QT2WN2501962
66836d3485ef217de116521ba44b5649,SA(2_B_O)_A2502_PS03_01,QT2WN2502029
95b395469c941e409a135874f1fdf9dc,SA(2_B_O)_A2502_PS03_02,QT2WN2502030
1a4c8ba7efb1d0c86181986e6d7b4f03,SA(2_B_O)_A2502_PS03_03,QT2WN2502031
c8ae1600705e7ffef5a545f86bcf67f2,SA(2_B_O)_A2502_PS03_04,QT2WN2502032
7c69c005358f1efce0af14a0cc71714a,SA(2_B_O)_A2502_PS03_05,QT2WN2502033
3f522b73e6c30f06f17ba9ead9347179,WDH(H_V_TH)_A2505_ĐB01_01_MANIAC,QT2WN2502034
83734b50d55536ab0798486298f403eb,WDH(H_V_TH)_A2505_KD01_01_7 YEARS,QT2WN2502035
a7e37c64d2b480372bd5a33702beec9f,WDH(H_V_TH)_A2505_NKD01_01_Bang Bang (My Baby Shot Me Down),QT2WN2502036
9b9670b0f8dd495407700339db9ccf38,CLBC(1_B_O)_A2503_ĐXB9_13,QT2WN2502068
f8c73c4839aa72de6db0151f0614771d,PBC(1_B_O)_A2408_NTA04_04,QT2WN2502076
e299b0c5894c7a7afd644db60c334a45,PBC(1_B_O)_A2408_NTA04_06,QT2WN2502078
b17724d8e8562c12362577ad8cca91c9,PBC(1_B_O)_A2408_NTA04_10,QT2WN2502082
0dc0cb54cc37d7fc7e68f05164ce2975,PBC(1_B_O)_A2408_NTA04_11,QT2WN2502083
35ec3c400db0096c7aca916469c7ff32,PBC(1_B_O)_A2408_NTA04_12,QT2WN2502084
6d267ecbbbc6f44d0d5feb4e8342aaba,PBC(1_B_O)_A2408_NTA04_13,QT2WN2502085
0f14b33b2fa2015f07bb5d9cf0532a62,PBC(1_B_O)_A2408_NTA04_14,QT2WN2502086
90f2bc49a8916644e60fb7504abeb659,PBC(1_B_O)_A2408_NTA04_15,QT2WN2502087
54b8d3fbc1ff365c921e8ce6a7b71627,PBC(1_B_O)_A2408_NTA04_16,QT2WN2502088
238619fdf123d7fcff5b8d86e5342381,PBC(1_B_O)_A2408_NTA04_20,QT2WN2502092
8a2e401d8ab25432e8f273a0a9c05f95,PBC(1_B_O)_A2408_IH03_01,QT2WN2502112
ed9dc75d8e0381118c5612ca9f4eb5b5,PBC(1_B_O)_A2408_IH03_04,QT2WN2502115
4146af67ddd9f63106d03127f496ae99,PBC(1_B_O)_A2408_IH03_05,QT2WN2502116
0a374e9c91f8a02a6ba517fcce16bcbf,PBC(1_B_O)_A2408_IH03_08,QT2WN2502119
7d25b1fd3bb42aaa19d529cc78a09b4d,PBC(1_B_O)_A2408_IH03_11,QT2WN2502122
ef4a011268af512bbd701180eb6fb1c1,J(H_B_O)_B2506_NPQ7_01,QT2WN2502124
852351607ac4294608b8f9bf2111dfde,J(H_B_O)_B2506_NPQ7_02,QT2WN2502125
b2d640f2b0b7a9d7706f7b70543d9321,J(H_B_O)_B2506_NPQ7_03,QT2WN2502126
b6685e3895b269ada370688321977c5d,J(H_B_O)_B2506_NPQ7_04,QT2WN2502127
9363ef4211eb551815a97c78175a19a2,J(H_B_O)_B2506_NPQ7_05,QT2WN2502128
442e0ef2c067d1ee52911bc06f09ac46,J(H_B_O)_B2506_NTD4_01,QT2WN2502129
7b95e16a8abdfd80c7e27586248adc62,J(H_B_O)_B2506_NTD4_02,QT2WN2502130
f82092027ca1a13be49da52e6bfee1ae,J(H_B_O)_B2506_NTD4_03,QT2WN2502131
8e8ef40176d5466a39755654d3670213,J(H_B_O)_B2506_NTD4_04,QT2WN2502132
81219f5717540b5c650988dc2983b410,J(H_B_O)_B2506_NTD4_05,QT2WN2502133
42a0f52848b97608059db4e056cd2171,WR(C_V_TH)_A2503_HVMK03_01_New Shoes,QT2WN2502134
c820fd1f0f07d65248fc10e46535007d,WR(C_V_TH)_A2503_HVMK03_02_Island Song,QT2WN2502135
49f970cc4357f872152838ee9aee73f1,WR(C_V_TH)_A2503_HVMK03_03_Valerie,QT2WN2502136
28872d8bb7d5d9032633d32f01166617,WR(C_V_TH)_A2503_HVMK03_04_I Can See Clearly Now,QT2WN2502137
776cfe959e7586b7679f0a3bf9c7062a,WR(C_V_TH)_A2503_HVMK03_05_Through The Echoes,QT2WN2502138
0a3d9b3ef79aa00ab369d88e76d13224,WR(C_V_TH)_A2503_HNDT01_01_New Soul,QT2WN2502139
94b0ec6d30038cfc26f9982d1e4f0767,WR(C_V_TH)_A2503_HNDT01_02_Maniac,QT2WN2502140
a6d9366472393851f154ded9253c6801,WR(C_V_TH)_A2503_HNDT01_03_All That She Wants,QT2WN2502141
d6c852c08052639a916d076a4638057a,WR(C_V_TH)_A2503_TTA02_01_21 Summer,QT2WN2502142
4e67928add760cc6173c7ed44f966510,WR(C_V_TH)_A2503_TTA02_02_Haven't Met You Yet,QT2WN2502143
b1ab59b560f41083c7fc877a69a81c64,WR(C_V_TH)_A2503_TTA02_03_This Is The Life,QT2WN2502144
ea956ef86484c85ab7c68e2675dcb79e,WR(C_V_TH)_A2503_LAT02_01_Love Tonight,QT2WN2502145
39385612e7d6f8317640aa6d4a3a5618,WR(C_V_TH)_A2503_LAT02_02_Candy,QT2WN2502146
324b5de958bd986b5d8d936d26d357a3,WR(C_V_TH)_A2503_LAT02_03_Walking Away,QT2WN2502147
147be1fc48912ffcbdbeb4b26c94c4db,WR(C_V_TH)_A2503_LAT02_04_The Wanderer,QT2WN2502148
8c4df767054ddb8ddb43656e5fabcab8,L(2_B_O)_B2502_IH03_01,QT2WN2502152
3123f9e3fdc83855289e551692401b38,L(2_B_O)_B2502_IH03_02,QT2WN2502153
389793722cce00230c4dfe09ba5c1c13,L(2_B_O)_B2502_IH03_03,QT2WN2502154
9860544b1920b3eeafb72a6ecedd5005,P(1_B_O)_B2505_VNHT02_01,QT2WN2502155
d769a992a93c17e71c8732e078a865f9,P(1_B_O)_B2505_VNHT02_02,QT2WN2502156
b3f611c1fe991fc798dc0f50f9ad0768,P(1_B_O)_B2505_VNHT02_03,QT2WN2502157
b8a09501b2d2d1d54686c57c6952aa78,P(1_B_O)_B2505_VNHT02_04,QT2WN2502158
aff6aef9a4443391b2fd462ad95dfd2b,P(1_B_O)_B2505_VNHT02_05,QT2WN2502159
6342339b9f069b4f05d8c7a0a00ef999,P(1_B_O)_B2505_VNHT02_06,QT2WN2502160
3147aec645b5c42e5c979239792452f0,P(1_B_O)_B2505_VNHT02_07,QT2WN2502161
dcd4c874cd0525c600c1ed7093e9709f,P(1_B_O)_B2505_PGL01_01,QT2WN2502162
01425e6c35cbc73b0fe1b038d141971a,P(1_B_O)_B2505_PGL01_02,QT2WN2502163
e947bdca6841e0acaa53ca19b5a3696e,P(1_B_O)_B2505_PGL01_03,QT2WN2502164
7f6f5610190c16a5120b55a0f05be638,P(H_B_O)_B2505_NPQ03_01,QT2WN2502165
be8c5e208b4fae8266585ba74c01c43a,P(H_B_O)_B2505_NPQ03_02,QT2WN2502166
f1b5558b0fae3ce7548878da6380e14a,P(H_B_O)_B2505_NPQ03_03,QT2WN2502167
f566670d293d2bcc22279b85ae1b5036,P(H_B_O)_B2505_NPQ03_04,QT2WN2502168
bc1c003507192122681c23f6addf3df0,P(H_B_O)_B2505_NPQ03_05,QT2WN2502169
7ded1e29a76758365938d4b829b05087,P(H_B_O)_B2505_HVMK01_01,QT2WN2502170
dd2d86ec410809a16bc334db8cd3d448,P(H_B_O)_B2505_HVMK01_02,QT2WN2502171
0900faec4fad805b70d37c25f07e80c7,P(H_B_O)_B2505_HVMK01_03,QT2WN2502172
e64e0440a8494d1e528431ba4bf64411,P(H_B_O)_B2505_ĐTA01_01,QT2WN2502173
3dda5047cb85edaaf74c71fa835b2872,P(H_B_O)_B2505_NNĐD01_01,QT2WN2502174
c2189752039064caa59c0b1385d08efc,P(H_B_O)_A2505_NGH01_01,QT2WN2502175
1a1d410a10621de41be9e335877f198a,P(H_B_O)_A2505_NGH01_02,QT2WN2502176
2df5e914bc339bddc9af32b8a71ade87,P(H_B_O)_A2505_NGH01_03,QT2WN2502177
3872b59e70e85b3485e86198f9320006,P(H_B_O)_A2505_NHCB01_01,QT2WN2502178
9737af97022a9e865990dfd5c7315376,P(H_B_O)_A2505_NHCB01_02,QT2WN2502179
dab2164d6ef43f9fc802b9dbcbcf9e92,P(H_B_O)_A2505_LĐTK01_01,QT2WN2502180
9256a7af74bbe3ab3eef96dffdbc0511,P(H_B_O)_A2505_LĐTK01_02,QT2WN2502181
ff0f4cbdbaec71b34eeb4607d5211b5f,P(H_B_O)_A2505_LĐTK01_03,QT2WN2502182
5c6c2f7c63a12abfae0126f90b0e81df,P(H_B_O)_A2505_LĐTK01_04,QT2WN2502183
b15f2817868924b6a61d13096eb2a963,P(H_B_O)_A2505_LĐTK01_05,QT2WN2502184
22b5bb04a756413f356fd7b0fb01cba2,G(2_B_O)_A2503_PDT4_02,QT2WN2502186
fa20a3a91d757eca4c898b744e989060,G(2_B_O)_A2503_PDT4_03,QT2WN2502187
3c74c8272ebe4d8fffd6cb89d3325b8a,G(2_B_O)_A2503_HĐNT2_01,QT2WN2502188
fba2ee9fe328625a8b0ed3bb1dc96d81,G(2_B_O)_A2503_HĐNT2_02,QT2WN2502189
6454e82f36d3e6f8f86987885545e4e8,G(2_B_O)_A2503_NĐT1_01,QT2WN2502190
7e33717bbec27439dbd87ece32e36105,G(2_B_O)_A2503_TAK1_02,QT2WN2502193
c4aeaafda90346ee4165d9886500f35e,G(2_B_O)_A2503_PHT4_01,QT2WN2502194
599a6c60a503bd476b12e04615952413,G(2_B_O)_A2503_PHT4_04,QT2WN2502197
3435cf432467c275bd4124523b5d7b77,G(2_B_O)_A2503_PHT4_08,QT2WN2502201
e85360817847f2ba7118b3fe7bd483f7,G(2_B_O)_A2503_PHT4_09,QT2WN2502202
34121264ceb08e59c57d15f84a64cb82,G(2_B_O)_A2503_PHT4_10,QT2WN2502203
de3ed961762154e36fc6f85039f08e92,G(2_B_O)_A2503_PHT4_11,QT2WN2502204
ddb3b64910b0b9a916a047a8906d4837,DH(2_V_O)_A2503_NKD02_01_Sunset Sky,QT2WN2502205
2a68d02e08f237944e793e1aefc9192d,DH(2_V_O)_A2503_NKD02_02_Ocean Breeze,QT2WN2502206
94d4260838627c64a5095af0b0dfa808,DH(2_V_O)_A2503_NKD02_03_Burn Again,QT2WN2502207
877588f53503ae6a73588ba0dbb4a74e,DH(2_V_O)_B2503_NKD02_01_Ocean Whispers,QT2WN2502208
9aa2b783cad506f1800fd9d9fc2b5bfc,DH(2_V_O)_B2503_NKD02_02_Sunset Glow,QT2WN2502209
58185c6a81fc3725f0fab379ff6dda72,DH(2_V_O)_A2503_TNN01_02_Golden Hour Love,QT2WN2502210
0bfb87f8447f6806c4485e20e20c4f16,DH(2_V_O)_A2503_HNK01_01_Sunset in your Eyes,QT2WN2502211
7a928a208fb282215d281394808ab537,DH(2_V_O)_A2503_HNK01_02_The Ocean,QT2WN2502212
8dbdf747a2f9de954ee639b513eb15af,DH(2_V_O)_A2503_HNK01_03_Waves of You,QT2WN2502213
189c3c7b47983189828d5376a2987ccd,SA(B_B_O)_A2506_AM03_01,QT2WN2502214
5d0f505662aced4db372577f877f301e,SA(B_B_O)_A2506_AM03_02,QT2WN2502215
77e5778e5aa4efd95d547298cce8c0bd,SA(B_B_O)_A2506_AM03_03,QT2WN2502216
7dea4dcfb6c865c701be6f25006c24c6,SA(B_B_O)_A2506_AM03_04,QT2WN2502217
0d6bd59fdd1b59df4c282777f534081e,SA(B_B_O)_A2506_AM03_05,QT2WN2502218
45067c1c944cb7d3114416a252159022,SA(B_B_O)_A2506_MIO03_01,QT2WN2502219
55eae029e642de29a3d7696d5a7b9b46,SA(B_B_O)_A2506_MIO03_02,QT2WN2502220
801910f8cfbfcd37fe5dcaba07943c31,SA(B_B_O)_A2506_MIO03_03,QT2WN2502221
a00f68bfaa3ecdea12d4cee83b1a623b,SA(B_B_O)_A2506_MIO03_04,QT2WN2502222
e83bf7fd48f3cb9ebd061be61a98939b,SA(B_B_O)_A2506_MIO03_05,QT2WN2502223
c4f55234a45646b25a0f6b1ac0da56e8,WAH(C_V_TH)_A2503_DK02_01_See Tình,QT2WN2502224
840468d267e601b15f26d72dd6bf3fd7,WAH(C_V_TH)_A2503_NKD02_01_Bang Bang (My Baby Shot Me Down),QT2WN2502225
3a9dafe3dba33b5279494f879b7d772e,WAH(C_V_TH)_A2503_NKD02_02_Rhythm of the Rain,QT2WN2502226
7e1fb6f2ee47d5e63a2890e60a9ce9d3,WAH(C_V_TH)_A2503_DQA02_01_Happiest Year,QT2WN2502227
737dae18f55240a4c673c3001f3fe7ea,WAH(C_V_TH)_A2503_DQA02_02_Love Tonight,QT2WN2502228
e535c64dd7bf63864a7a757728e10dd9,WAH(C_V_TH)_A2503_DQA02_03_You Got the Love,QT2WN2502229
d280813c29cbf236c6de7d30c557fd4b,WAH(C_V_TH)_A2503_DQA02_04_I'll Wait,QT2WN2502230
4cebe65aa621ecef7cff65f9719f8474,WAH(C_V_TH)_A2503_ĐB01_02_New Soul,QT2WN2502231
c3c290a993b6b967aa9c9af022d30e46,WAH(C_V_TH)_A2503_ĐB01_04_All That She Wants,QT2WN2502232
c3846a6af91d175552850f3aa066acde,WAH(C_V_TH)_A2503_NKT01_01_Saturday,QT2WN2502233
4a1bdadbcfe2b79ae427b96fcd0d1b00,WAH(C_V_TH)_A2503_NKT01_02_Kiss Me,QT2WN2502234
d8b527fcf014113e88c91bf6296cd5d2,WAH(C_V_TH)_A2503_NVN01_01_No One Dies from Love,QT2WN2502235
4fc91fc5a36bf30dcd3be77a4c33deed,WAH(C_V_TH)_A2503_NVN01_02_Walking Away,QT2WN2502236
d6fca1cfd08ab27865032f13c4c3f53f,WAH(C_V_TH)_A2503_HNK02_02_Cloudy Day,QT2WN2502237
2e192b361f5f027960a816c31ae1cc39,SA(B_B_O)_A2506_TTA01_01,QT2WN2502238
350b304c2455308dcbdf15981e4d1599,SA(B_B_O)_A2506_TTA01_02,QT2WN2502239
78933c524746f0e65f0d4144662a14fe,SA(B_B_O)_A2506_TTA01_03,QT2WN2502240
8ba6e553414e0b00cc32d4ee275bd10b,SA(B_B_O)_A2506_TTA01_04,QT2WN2502241
f35d9bf5cffd1e3cd678241a7b71cc57,SA(B_B_O)_A2506_TTA01_05,QT2WN2502242
2a84c74c5efd248367a75931a0ea33ad,SA(B_B_O)_A2506_HNDT01_01,QT2WN2502243
f218857610468f1316dacccaff4cbf4b,SA(B_B_O)_A2506_HNDT01_02,QT2WN2502244
2ad76727f192633addbe1a532541ff93,SA(B_B_O)_A2506_HNDT01_03,QT2WN2502245
f04c7988606b705abc994403b44c2fd0,SA(B_B_O)_A2506_HNDT01_04,QT2WN2502246
b6ddec57febb1e7c13929e9ace98dc04,SA(B_B_O)_A2506_HNDT01_05,QT2WN2502247
eb751e377575b0c8c78dcbc893cfaa1f,SA(2_B_O)_A2502_AM04_01,QT2WN2502248
82722e15968696b36e7fa5d7f52497c2,SA(2_B_O)_A2502_AM04_02,QT2WN2502249
1ab8c730e3d873d8e7b9e5f7233ff2e5,SA(2_B_O)_A2502_AM04_03,QT2WN2502250
7ea59536b1001f1418f5794b7759d664,SA(2_B_O)_A2502_AM04_04,QT2WN2502251
96515007ca6cb93f60d5d233aa2b9797,SA(2_B_O)_A2502_AM04_05,QT2WN2502252
fdd48080978e58275d6ace6b57a42048,SA(2_B_O)_A2502_AM04_06,QT2WN2502253
2d6538d502e6440a1f455c8f018ea9d3,SA(2_B_O)_A2502_AM04_07,QT2WN2502254
12b372c5c55980edab247b2e43fba16a,SA(2_B_O)_A2502_AM04_08,QT2WN2502255
4cbea8542188e31df78e236ba81262fd,SA(2_B_O)_A2502_PS04_01,QT2WN2502256
05c6f36a629800b6ad713aa14b3d68b5,SA(2_B_O)_A2502_PS04_02,QT2WN2502257
ea9c40c338b16a7cbee93500564884af,SA(2_B_O)_A2502_PS04_03,QT2WN2502258
0f76c3883008d77d14eeae9d838d16b3,SA(2_B_O)_A2502_PS04_04,QT2WN2502259
d2dc5f6002b0857b07ecc04de04ce455,SA(2_B_O)_A2502_PS04_05,QT2WN2502260
88b5f6ebf0c623ccff61d702afe49c3c,SA(2_B_O)_B2502_MIO04_01,QT2WN2502261
5021710dc48ec825c2372b5583a0ba22,SA(2_B_O)_B2502_MIO04_02,QT2WN2502262
89403c6868d3bbbc3c60c0437783aaec,SA(2_B_O)_B2502_MIO04_03,QT2WN2502263
42494bfc367a00aa1d83cdae8585ce7e,SA(2_B_O)_B2502_MIO04_04,QT2WN2502264
806c95e27b52c7ceb405eb91888a6566,SA(2_B_O)_B2502_MIO04_05,QT2WN2502265
fb7c14cf369ca77a918583ee9632f724,SA(2_B_O)_B2502_MIO04_06,QT2WN2502266
707eae22afb6e7724f874581ea5e9789,SA(2_B_O)_B2502_MIO04_07,QT2WN2502267
4f4e5eba4fdec21d6ae37826d0249f1c,KS(H_V_PD)_B2411_NMĐ04_01_Johny Johny Yes Papa (Remake),QT2WN2502268
e64127b19f2c3208fd04e65f27c73214,KS(H_V_PD)_A2405_DKE10_01_This Old Man,QT2WN2502269
f85fccdcd7dd1238a47cea2aba590acb,KS(H_V_PD)_A2405_DKE10_02_Eeny Meeny Miny Moe,QT2WN2502270
16346c19beb0c736d02bd0d74de036fd,KS(H_V_O)_A2503_NMĐ04_01_Train to Animal Town,QT2WN2502271
4a352807945955175956739b3a342019,"KS(H_V_O)_A2503_NMĐ04_02_Lights On, Fear Gone!",QT2WN2502272
d1a96278b4f3a733e94d8cdde041b707,KS(H_V_O)_A2503_NMĐ04_03_Surprise Egg Vehicles,QT2WN2502273
4dd6b208381f60739499c032e4f62a59,"KS(H_V_O)_A2503_DKE10_01_Hop On, Let’s Go!",QT2WN2502274
1060c360bd5e4c1ac929f6e38ca66cbb,KS(H_V_O)_A2503_DKE10_02_Toys for Everyone!,QT2WN2502275
a7ba4608827d51dfbcb2fd89aeae6f90,"KS(H_V_O)_A2503_DKE10_03_Potty Time, Yay!",QT2WN2502276
252bcca06eb254a7acb74d4cc2e6b197,J(H_B_O)_A2506_ĐB1_01,QT2WN2502277
11df5776b63a868c8fcfa52ed561747a,J(H_B_O)_A2506_LTH1_01,QT2WN2502278
db3a0a185f39345d581fe6961295c9c9,J(H_B_O)_A2506_VVĐ1_01,QT2WN2502279
f909846de84e4929856d222d5f1a780a,J(H_B_O)_A2506_VVĐ1_02,QT2WN2502280
bc59b325ecc8aac9c1cac6caf81b9c15,J(H_B_O)_A2506_VVĐ1_03,QT2WN2502281
80f0b5e33ccd0cbfdc0bce4fdec6b767,J(H_B_O)_A2506_TKQ1_01,QT2WN2502282
9b92d3290449a74b9cfedd9f96b6e9f9,J(H_B_O)_A2506_TKQ1_02,QT2WN2502283
2d6b2a528faf8d31367f0ed3b3050ec0,J(H_B_O)_A2506_TKQ1_03,QT2WN2502284
dcdea24506b4639998f7d4d59a424e67,J(H_B_O)_A2506_NGH1_01,QT2WN2502285
2df28896077835988129d2a320e684e0,J(H_B_O)_A2506_NGH1_02,QT2WN2502286
ecc53d5c2c39c55064c7489e4fe20d4b,J(H_B_O)_D2505_TCH1_01,QT2WN2502287
f1d37e4b787b8980df640fe1bed97973,J(H_B_O)_D2505_TCH1_02,QT2WN2502288
e0c1c10f81ac46f5bc7f695f82cf812f,J(H_B_O)_D2505_TCH1_03,QT2WN2502289
a9c55600daf4cd5d2bbf8f4a01bdc62b,J(H_B_O)_D2505_TCH1_04,QT2WN2502290
fc222db646358e1837a8a1105b3d7ac7,J(H_B_O)_D2505_TCH1_05,QT2WN2502291
1969aecd248cd7545d7d3fb6ff85aec2,J(H_B_O)_D2505_TCH1_06,QT2WN2502292
582fa555277424c02c02b1cdf4816db0,J(H_B_O)_D2505_TCH1_07,QT2WN2502293
64663c805f81c737ea4f5f00fbde098f,J(H_B_O)_D2505_TCH1_08,QT2WN2502294
5d4cbbf248ed84a6017bb84718bb6c5b,J(H_B_O)_D2505_NHTĐ1_01,QT2WN2502295
ffb48d8edc245b5d3b1d48df9063ac10,J(H_B_O)_C2505_TT7_01,QT2WN2502298
94b39b7a24053af54fc9fdce0a6ea46e,J(H_B_O)_C2505_TT7_02,QT2WN2502299
1c9cc1f60799f50f460a7141d18a336d,J(H_B_O)_C2505_TT7_03,QT2WN2502300
6dfefc8c5a77ddc0b1b268606647de04,J(H_B_O)_C2505_TT7_04,QT2WN2502301
0cbf578766a14594aa9c367c84b0eb39,J(H_B_O)_C2505_TT7_05,QT2WN2502302
ea172127d7ccd1f40b45cb9e4b5593e1,J(H_B_O)_C2505_TT7_06,QT2WN2502303
289c07bd3d56bedddfd34bba4565ed4b,J(H_B_O)_C2505_TT7_07,QT2WN2502304
c76fca597fcf49fa28d38af4b2167e37,J(H_B_O)_C2505_TT7_08,QT2WN2502305
53ce129e3f0b885df47bdb1cab4f7884,J(H_B_O)_C2505_TT7_09,QT2WN2502306
981dc102af9fc8e4cca378659e2f74e8,J(H_B_O)_C2505_TT7_10,QT2WN2502307
e935641457768435ad92e4637c55eede,J(H_B_O)_C2505_HS5_01,QT2WN2502308
117a0c8fee33615e6f0ff6180fcd9780,J(H_B_O)_C2505_HS5_02,QT2WN2502309
0edd34956f032caa819bc34ee6268d1b,J(H_B_O)_C2505_HS5_03,QT2WN2502310
d3367115f0a2e5a7e9e6ac51f640ac6e,J(H_B_O)_C2505_HS5_04,QT2WN2502311
9b935c33396cbe528dccbf11020d091d,J(H_B_O)_C2505_HS5_05,QT2WN2502312
19e0410b43c2b809e9d923cb970245e6,J(H_B_O)_C2505_HS5_06,QT2WN2502313
111d3ee0eefa7db38750868ccdfb6b17,J(H_B_O)_C2505_HS5_07,QT2WN2502314
5600c9d32a454daf4d458c1d8f5ef01f,J(H_B_O)_C2505_HS5_08,QT2WN2502315
b32513ee5557fcf977aad7f0960d9fc9,J(H_B_O)_C2505_HS5_09,QT2WN2502316
425b1e2b7df4c93cb0ee687070267c70,J(H_B_O)_C2505_HS5_10,QT2WN2502317
80a420ad96705080cd09139e8cdb63ce,WDH(H_V_TH)_A2505_MM02_01_I'll wait,QT2WN2502318
7c071f0b502bd4ed0cc1645dfd52dde4,WAH(C_V_TH)_A2503_ĐB01_01_I Want to Know What Love Is,QT2WN2502319
7fbc53b70ef7a5aefa4afd7c14dd2bea,WAH(C_V_TH)_A2503_ĐB01_05_All the Pretty Girls,QT2WN2502320
b2e87a354717de29f948a832a4bdd803,WAH(C_V_TH)_A2503_NKT02_02_More Than a Prayer,QT2WN2502321
f96fa3c6f554dbf16b210b92a91ea7b2,WAH(C_V_TH)_A2503_NKT02_03_Under Your Scars,QT2WN2502322
cdbe073328a6d539b3fb48c3cbafa3fb,WAH(C_V_TH)_A2503_NKT02_01_All You Wanted,QT2WN2502323
6c9f44cc5381f191b2eb9c5c6bf5fd5f,WAH(C_V_TH)_A2503_NKT02_04_This Is the Life,QT2WN2502324
686a65856218d0bf1ce1d1648b0e1bff,WAH(C_V_TH)_A2503_HNK02_01_Dollhouse,QT2WN2502325
b5c7d28dba9fccead8e054d060338132,J(H_B_O)_D2505_NHTĐ1_02,QT2WN2502326
36c75707327b60cd8e2512ac8b43f35d,CLV(1_B_PD)_BBA1_01,QT2WN2502327
caa1fa7d700b95280de03c02e396cb89,CLV(1_B_PD)_BBA1_02,QT2WN2502328
b479cbe8fc0fcbb7e84c2942290db29a,CLV(1_B_PD)_BBA1_03,QT2WN2502329
20191f53fd8c867d55adda3802ba9fef,CLV(1_B_PD)_BBA1_04,QT2WN2502330
ba9e02f06e33b35a610f761c00ba9dca,CLV(1_B_PD)_BBA1_05,QT2WN2502331
d3478b203ddfe5b98c4ef10b34f3318d,CLV(1_B_PD)_BBA1_06,QT2WN2502332
e9b1f93885b10522ffe549e9e733d6df,CLV(1_B_PD)_BBA1_07,QT2WN2502333
a6b185c7a83898105c8626c220884afb,CLV(1_B_PD)_BBA1_08,QT2WN2502334
e345e3322281e86bedd5cde4b46eceff,CLV(1_B_PD)_BBA1_09,QT2WN2502335
9eb3144e068965f3a2ebe4d0e7cd7379,CLV(1_B_PD)_BBA1_10,QT2WN2502336
8d640517d15175829d69076754ac1a2e,CLV(1_B_PD)_BBA1_11,QT2WN2502337
6157c74e98119aa376e946fc735cb082,CLV(1_B_PD)_BBA1_12,QT2WN2502338
6da3b818ab6bf0f0f1b409d38ffc92cf,CLV(1_B_PD)_BBA1_13,QT2WN2502339
e1f15ef52b342e54a50c8072e91a535f,CLV(1_B_PD)_BBA1_14,QT2WN2502340
5edf657e4f9283fabc4efc0448b60c96,CLV(1_B_PD)_BBA1_15,QT2WN2502341
67a1ace11229a727c43959cbb20abac2,KS(H_V_PD)_A2405_DK11_01_Ten in the Bed,QT2WN2502342
3e96dd8499454b61d82afb4fddc0ce50,KS(H_V_PD)_B2411_DK11_01_Finger Family - Colors (Remake),QT2WN2502343
be00c77844657cd3123151258a50bf98,KS(H_V_PD)_B2411_DK11_03_Wheels On The Bus - Shapes (Remake),QT2WN2502344
07a96634cb59ed4f82d699f727700246,KS(H_V_PD)_B2411_DK11_02_Old MacDonald Had a Farm - Halloween (Remake),QT2WN2502345
d2056e77dd77453f7f2b026946fd10cb,KS(H_V_O)_A2503_PTA03_01_A to Zoo,QT2WN2502346
6a3ba9fc92f915eb62a258cadb72affd,KS(H_V_O)_A2503_PTA03_02_Let's Make Pasta,QT2WN2502347
38d682895f11ef9e93d3ba321f0a37bc,"KS(H_V_O)_A2503_PTA03_04_Clean Your Toys, So Much Joy!",QT2WN2502348
507afd1e66120c8cf6c1d9fc14b549dd,KS(H_V_O)_A2503_PTA03_03_Boo Boo Halloween!,QT2WN2502349
ceadae06d2774ba07c76f938c3a26df3,WR(C_V_TH)_A2503_HVMK04_02_God Gave Me You,QT2WN2502353
464f9ec435056e7133e90ed21fcc4b24,WR(C_V_TH)_A2503_HVMK04_01_Heathens,QT2WN2502354
8483999713098e015279c60e7d358f9a,WR(C_V_TH)_A2503_HVMK04_03_Glad You Exist,QT2WN2502355
897858728ec09b4747bc84905f199f32,WR(C_V_TH)_A2503_HVMK04_04_Mama Said,QT2WN2502356
98dadc3d6bf75be97b5ed745de41dc47,WR(C_V_TH)_A2503_HVMK04_05_Let's Talk About Sex,QT2WN2502357
fa3c6aad3b93c6790a74fb756993b240,WR(C_V_TH)_A2503_LAT03_01_Ride,QT2WN2502358
8ed647c6969b7e62b900b72a79991b25,WR(C_V_TH)_A2503_LAT03_02_Stressed Out,QT2WN2502359
3bc8a7975d219f21ff9fede6c8348e75,WR(C_V_TH)_A2503_LAT03_03_Happiest Year,QT2WN2502360
3739662a1a34e46204c032ce90cc877c,WR(C_V_TH)_A2503_LAT03_04_You Got The Love,QT2WN2502361
11e6ef4f267a15accb57330579541137,WR(C_V_TH)_A2503_LAT03_05_Thank You,QT2WN2502362
ab09a52170a7d9a6a25ff96049d93524,WAH(C_V_TH)_A2503_DQA03_01_Bullet with Butterfly Wings,QT2WN2502363
e4cabbb0f6966dbcf26fcf202c8d0334,WAH(C_V_TH)_A2503_DQA03_02_Strong,QT2WN2502364
ec7949adc9611ec1dd2e3110c5c97f13,WAH(C_V_TH)_A2505_NKD03_01_Get Out My Head,QT2WN2502365
267eeb830629c8538a00d908fff7f507,WAH(C_V_TH)_A2505_NKD03_02_I Be U Be,QT2WN2502366
2005431bf3d3e272e1f3e8b56cdccf83,WAH(C_V_TH)_A2505_NHCB02_01_Ain't My Fault,QT2WN2502367
31969aa9f6ca1b12aa9265560b511a14,WAH(C_V_TH)_A2505_HHD01_01_Ooh La La,QT2WN2502368
60b831e4117538e6a2e5768cbf2309b4,WAH(C_V_TH)_A2505_HNK03_01_I Just Wanna Run,QT2WN2502369
373495fb2ac09990fc55296821cb260f,WAH(C_V_TH)_A2505_HNK03_02_I Heard Goodbye,QT2WN2502370
96e5a3cb95f3f0ee1cd2db249cb9b556,WAH(C_V_TH)_A2505_HNK04_01_Close,QT2WN2502371
1d67d85f2746058e1a505c1f63091c3f,SA(B_B_O)_A2506_AM04_01,QT2WN2502372
f494da7233c2154ffa67ff7ecec9428e,SA(B_B_O)_A2506_AM04_02,QT2WN2502373
18de768884f1f9268f8a3edae65295fd,SA(B_B_O)_A2506_AM04_03,QT2WN2502374
c071a1ae655dfc0f489f710db019f4f5,SA(B_B_O)_A2506_AM04_04,QT2WN2502375
0aae4b5b7238f74beef2e10211f69709,SA(B_B_O)_A2506_AM04_05,QT2WN2502376
85651301ed99a4be8f27a572f8e61043,SA(B_B_O)_A2506_MIO04_01,QT2WN2502377
ab9780ff6871dfa7192b9aa4d462b0de,SA(B_B_O)_A2506_MIO04_03,QT2WN2502379
45c0b58b063d1b1dfd60a5620b0c543d,SA(B_B_O)_A2506_MIO04_04,QT2WN2502380
8757cdf333bce65d23cd6819ad182922,SA(B_B_O)_A2506_MIO04_05,QT2WN2502381
eddd4a617e0c4c3b739030c4c9e32419,SA(B_B_O)_A2506_TTA02_01,QT2WN2502382
534d8e7213ecca63e66ff15aeedfc285,SA(B_B_O)_A2506_TTA02_02,QT2WN2502383
576554cc24cb8a2454cdbe0154a78ce2,SA(B_B_O)_A2506_TTA02_03,QT2WN2502384
e95e85d1f83a84bcf877bc062be3449e,SA(B_B_O)_A2506_TTA02_04,QT2WN2502385
88e4fc85889f6ed117f48a97f4b24d85,SA(B_B_O)_A2506_TTA02_05,QT2WN2502386
95d7f045d40855e7959a259065273807,SA(B_B_O)_A2506_HNDT02_01,QT2WN2502387
149deb1b7646b7e40e52a7071a234f98,SA(B_B_O)_A2506_HNDT02_02,QT2WN2502388
952d25f21bd9320ba705baf4e20f571f,SA(B_B_O)_A2506_HNDT02_03,QT2WN2502389
7fc7e0c987049a4a431d1ddba65bd66c,SA(B_B_O)_A2506_HNDT02_04,QT2WN2502390
583635198a6d616e1eaf5169684f04c2,SA(B_B_O)_A2506_HNDT02_05,QT2WN2502391
ff63309a0eaff69cdfd17b972eba0f39,DTP(1_B_O)_A2507_NTMP1_01,QT2WN2502392
29ac8ef34b080286648a8b693a7e87b0,DTP(1_B_O)_A2507_NTMP1_02,QT2WN2502393
22b737e4028ab68da6d7a0fcd49df76b,DTP(1_B_O)_A2507_NTMP1_03,QT2WN2502394
fcc8241d793918b712025a4fe7367eaf,DTP(1_B_O)_A2507_NTMP1_04,QT2WN2502395
8545ed6f55d8eac6fb70b2be96747028,DTP(1_B_O)_A2507_NTMP1_05,QT2WN2502396
efbda85b88a42b22d61a21aae045b4c1,DTP(1_B_O)_A2507_HNK1_01,QT2WN2502397
7460b13d401ea027618327dbb8f74e85,DTP(1_B_O)_A2507_HNK1_02,QT2WN2502398
71658539bc8f28ecea835cb953e8cab5,DTP(1_B_O)_A2507_HNK1_03,QT2WN2502399
8e00f76502e67737ad48fce64084ce64,DTP(1_B_O)_A2507_HNK1_04,QT2WN2502400
95723b0007d7eec2111133386273ceb8,DTP(1_B_O)_A2507_HNK1_05,QT2WN2502401
d0800066427fead7c10a55284f06293a,DH(2_V_O)_A2503_NKD03_01_The ocean,QT2WN2502402
46f04492de1fd72ea4313c487e7c92e6,DH(2_V_O)_A2503_NKD03_02_Your eyes,QT2WN2502403
a9907999f24a8f9b0a8d09dcdb39789a,DH(2_V_O)_A2503_NKD03_03_Summer Heatwave,QT2WN2502404
63e560b56a25786e547e5ca19427a265,DH(2_V_O)_B2503_NKD03_01_Summer Morning,QT2WN2502405
942e6ef41b21cefc18b894c892a8e04e,DH(2_V_O)_B2503_NKD03_02_Distant Shores,QT2WN2502406
b575f56ecbe004dec7b0cafafacd96c5,DH(2_V_O)_A2503_NXH01_01_First Time by the Sea,QT2WN2502407
231d6b3a4b2b26bec8f078b49d078179,DH(2_V_O)_A2503_NXH01_02_Like The Sea And Sand,QT2WN2502408
ce8c5e5370d7374b57490dfb10a11035,DH(2_V_O)_A2503_PXH01_01_Sunset Waves,QT2WN2502409
33840122a15f2fd172c8e7fcd9c2f77c,DH(2_V_O)_A2503_PXH01_02_Ocean Breeze,QT2WN2502410
e5e48445f8a850f790c092a4cf1fb6e6,DH(2_V_O)_A2503_LPHT01_01_Wild like the waves,QT2WN2502411
ec5fada8020a6f1ddb916238846deea1,G(2_B_O)_A2507_PHT5_01,QT2WN2502412
dab53815d2b15427ce7185b7c6d4062f,G(2_B_O)_A2507_PHT5_02,QT2WN2502413
9e8522ef4273dac44f65711ef36511f8,G(2_B_O)_A2507_PHT5_03,QT2WN2502414
9df1831ca4609283bfa53672e81dc655,G(2_B_O)_A2507_PHT5_04,QT2WN2502415
e1ed8d242c441189b6e18bd305a7b63a,G(2_B_O)_A2507_PHT5_05,QT2WN2502416
d403c1d9d49abf4a31f514c01b15a4d1,G(2_B_O)_A2507_PHT5_06,QT2WN2502417
383191a16f844aef8f38d7e6925bf6f5,G(2_B_O)_A2507_PHT5_07,QT2WN2502418
d90182e15f20845eff6bebbe5d8f0627,G(2_B_O)_A2507_PHT5_08,QT2WN2502419
9fb20b30bfd4f8d742d2413fbc71f68e,G(2_B_O)_A2507_PHT5_09,QT2WN2502420
50e5a474e1f6a3d821369581427a0c72,G(2_B_O)_A2507_PHT5_10,QT2WN2502421
6c41502172818087b76c7b9a66b00cc0,G(2_B_O)_A2507_PHT5_11,QT2WN2502422
0fd00c64b2c56fb46eb5e01c2cd9ff58,G(2_B_O)_A2507_PHT5_12,QT2WN2502423
8689156af6bb5748b0eb2631787fa7ed,G(2_B_O)_B2507_PHT5_01,QT2WN2502424
feb76b7cc96f889a8f2b5dd58c298856,G(2_B_O)_B2507_PHT5_02,QT2WN2502425
ce8337b56abb931fc229070e9b544a9f,G(2_B_O)_B2507_PHT5_03,QT2WN2502426
a30a3020966c3255b144dbdea9fc4f4b,G(2_B_O)_B2507_PHT5_04,QT2WN2502427
eceeb45713c26f95e8580493c0d8c01b,G(2_B_O)_B2507_PHT5_05,QT2WN2502428
8179aea54427db9ea8ad2a3e027b8f6b,G(2_B_O)_B2507_PDT5_01,QT2WN2502429
bfb208efb8afa630b015d2faba1773d6,G(2_B_O)_B2507_PDT5_02,QT2WN2502430
273781fb63feda6bd18df5143338f43b,G(2_B_O)_B2507_PDT5_03,QT2WN2502431
c0f8774bba33c97519995cb258c98c46,WR(C_V_TH)_A2503_HNDT02_04_Monster,QT2WN2502432
c7e9863d9127f322ceef6357b02ae052,WR(C_V_TH)_A2503_HNDT02_01_Dance Monkey,QT2WN2502433
3ae64310aa670a0ff919ee58d0035709,WR(C_V_TH)_A2503_HNDT02_02_7 Years,QT2WN2502434
d1376b5ea1b9a8e63a2d1285ce799a50,WR(C_V_TH)_A2503_HNDT02_03_I'll Wait,QT2WN2502435
b581bf7a32d4a1116c4cd46acae90838,WR(C_V_TH)_A2503_HNDT02_05_Bang Bang (My Baby Shot Me Down),QT2WN2502436
6222633997a5302e13b5dc23c388b5d3,WDH(H_V_TH)_A2507_MM203_04_Glad You Exist,QT2WN2502437
9bdb4f9fbf182954eb459cbb8317b533,WDH(H_V_TH)_A2507_MM203_01_You Got The Love,QT2WN2502438
24e7c7db8848fe01600d19331555cbc4,WDH(H_V_TH)_A2507_MM203_02_Happiest Year,QT2WN2502439
7f1c6c819224b7e135831039931f6107,WDH(H_V_TH)_A2507_MM203_03_Kiss Me,QT2WN2502440
4ccd958b634fe52791a7acff5536525f,WDH(H_V_TH)_A2507_NKD02_01_I Be U Be,QT2WN2502441
dceb02077f034cf4a7196132c9db3473,WDH(H_V_TH)_A2507_NKD02_02_No One Dies from Love,QT2WN2502442
0ab51010662f2b8c94663d4dccb43e26,WDH(H_V_TH)_A2507_NKD02_03_Get Out My Head,QT2WN2502443
fac6e5fd10dad11ac84b59734246f615,WDH(H_V_TH)_A2507_NKD02_04_All You Wanted,QT2WN2502444
e37e3bc4e9ac196ab74ba3f4656de7c6,WDH(H_V_TH)_A2507_NKT02_02_Saturday,QT2WN2502445
1cb543a4c16a85542efe5c053b31395c,WDH(H_V_TH)_A2507_BDT01_01_I'M GONNA BE (500 MILES),QT2WN2502446
8f05fbe4a0283d671f8bcfb00dca6476,WDH(H_V_TH)_A2507_NKT02_01_For God Is With Us,QT2WN2502447
2c8ecc4550d45ab864dc59a87a3e8397,WDH(H_V_TH)_A2507_NKT02_03_Under Your Scars,QT2WN2502448
db7c48ce4685c4608c77165b045528ad,WDH(H_V_TH)_A2507_NKT01_01_CLOSE02,QT2WN2502449
c601795abb59e32229c4260d393d9842,WDH(H_V_TH)_A2507_NKT01_04_MONSTER02,QT2WN2502450
df945a19f6046f9a76a67c8985470499,WDH(H_V_TH)_A2505_KD01_03_I'M GONNA BE (500 MILES),QT2WN2502451
aeaa2ae43a1644bcb351f0ad6c6d93ca,L(1_B_O)_B2507_IH01_01,QT2WN2502452
