dim_repository_sk,repository_id,sub_project_id,repository_name
1110197f1648ae800ca09412d7e7c6c0,000ac09a8b61fd5647da565e83c69a90,667,Không có kho
f622485a70e302e6fc7c99a55d5c7038,001f481a6759f82ffa9a25984c172c13,371,Không có kho
5e10cc52f6d3f4d2e40c020bc091b2d3,0057ee56f3834b16b156a12b9c2c8589,862af18f740fe5d5be97614d20420d6a,Không có kho
be9fea76f09c302b94e4bd89902119dd,0100130ba21e46b90eb90da474ff1d3a,a80a4d430b1ecff725ae73a3a5d4bb19,Không có kho
66f2a64f1a9765b4659c853e551e8801,01018b41a94bf37fb6bd1b6060c08f39,b0247ba319755f6a3e3aaa2a9deb248d,Không có kho
5886527211aac7010f55f06ef1c5ac59,012a32081afc7e0e489363867cd0ae5f,369,Không có kho
e12c81f889abfb79f8eea7fb8c51b487,01d4cbc2034acc3e997a133e5409033a,718,Không có kho
94e106a00973573a189ec081435c8dac,02b58afcb940ef100f3618b2bb371362,41d40978ddd8f83daf9bec2502f9128e,Không có kho
dd20dc22f55d289c9aeff0ced98df724,02bd9359f3e6b88264d2f4af7aff2834,096abb0ccd7ea756dbb01a39409c46b4,Audiojungle - MKT1 - Kid Ngủ Tài nguyên công ty
3889d89222afe4d974088a7024ce12e3,02bea180ee8d0a9bb9a6e336303ee532,771,Không có kho
bba7d3dddb4da2f68212b2fc00877eb9,032152973493ac94b187c709f59c5f2c,435,Không có kho
9624d77f42862119268a92e7f96668a7,0384a7b48a118808ec45592f444b8b50,b88009c3ae23d74039e44ea07a45b328,Không có kho
18884637ca7b10919f9509df7fd8a2c7,039838b4a219bcc1ad45b0d403d6e83d,e27c3340cb2acb95fd69b18cb9eb0f1d,Không có kho
fbaae4d5a242aab32ed61498ca743a69,04acf1e7d828ab97b4fcf831f3152668,3401502b4c84bdc0a00000fb8bfa1aa7,Slap House
627ed84c3b2937fd40eabc70729bb169,04e7a05fcd89ab0bb94dd98410bde0a7,01e22d0f54c490ef5c2a29aa69a41c02,Không có kho
94bcb54e349d9644d7694c39a5002dce,0591e5d3477962b712e92bcc0cc50e30,315d4d04028b81810a269cd8f0063943,Không có kho
d15d08fab9bd643e86d4b9d2ab4b4406,05c324d7880eaf7c5dab7efd20cf9db7,221817db0d5204d309db01e81149f8eb,Không có kho
0eee281a7d7106889cd98a205e52b952,066d037e66189caec42767264fa23fc8,392,Không có kho
fe3c4acfd8f736f2996253be4e4e07f5,06873d9d1da33e245afb5d6bb75da9c5,743bed3499abe68215850fef65379d03,Không có kho
78653b9c4cd4d628bb703d1552c697b8,074730e57fe88711947a59fc7a890df8,89bb1f1a7f5e2cab3a3554318e8a209e,Không có kho
1a78518acb74f2cea62d04ef42e1fd15,075426d17f201e60f71a0f82c6c66744,362,Không có kho
a32766c673f9511c15ca54928d06eb91,07d3c345d018b134f3ce46a38869bbe6,898c935ed9b0cbf333704f4646669fcb,Không có kho
14436ddb49e0172d687de93ee9894961,0887e9e471d27dce62c787ff42810add,c85959fcf73d7bf1c3486bb49487f15c,Lofi Purrple Cat
f56bfacc2563c81dcdc47e06fed4cde5,091122fab3268142625480d9fa113539,0c9766054c092168aca3d2e2c1322f7b,Không có kho
8f6c36ce0b9bc853b0baca4f4426ad4c,0925c3e713937b4f7356f1fd57b38140,b03bbf0c6df6daa75fb563bc69bef781,Road Story Records
5150c807cd2d65467cebae251f9a7986,094d82aa02053e9702232a5e6674627a,b79ade0aeb12c8a8085ac9c63f981d12,CID ĐỘC QUYỀN THEO KÊNH
38dc4ff05034563243b8f9cdbe5fda8c,094db0a7cc2d3ba290a2c33eaaeb5e19,0634fe553c08b3a17d98510f75449591,Giáng sinh Jazz Cover Top Hits - 1 | Giáng sinh chậm
6da20c8c1ee1f741cf57fe4a39335bdb,09a1df487c2aca1202822c0e5df95128,51777bdad83002d32d853fd7448cbf0d,Không có kho
c3004c1f36dc4b78f5ce08514148142c,09a922ce0208cd60208016b67204937c,395,Không có kho
5a24ac7b2a3a0ad12d6a8fab80d8d2ba,0a0e961427eb6e7bea1738967de36d9e,c85959fcf73d7bf1c3486bb49487f15c,Dreamhop
60b05c9cbcb5dd2b85db5f2412a3357a,0a5d659063200b25b6ba2199aed5a415,096abb0ccd7ea756dbb01a39409c46b4,Piano - MKT1
6d6960afb725828befb03dedd07cc4cd,0a9edf5eaf56a9d5512a790f3c38933e,396,Không có kho
ac9bab5c6c494bd336837d898814030d,0aa6567773018a69ae12aead25ef541a,c7f44ecbef924356e7e9cf0a8375af18,Không có kho
b93743fbcc3a6217a9badbadfdf63b65,0ac932f5edcad060b6dd8a3b6b938a2b,413b19f29a72c30048a657d3b652da66,Không có kho
ec06622ea1af982ca66ae69967c3ec21,0ae2c7c06d041ab49747d5faab3f561d,1d6f877a2b91f2a86df12c122410260d,Không có kho
da4272b47f5b7fe666d19c2594c95251,0aefdc895e6f8b02eea3543cc84990dd,6d67c576bcf8f8584824753cf0a58d18,Không có kho
ba2129ffabe68bfee3f966e94c132973,0b01be2d9baa82af376211c530408d3d,028d18012b98b62e44d1b795be9f6747,Không có kho
c2dc98ad38b247e021773946a8132be0,0b40dc97ac1051ac1b7fcb4be531bfcb,740e91c2d8cb645690fb0a960ce5c40b,Psyfeature
ad0f88b851c77c952b4df1c9bd2df681,0b5bc7863749400865c45349ae550c59,37213ef2afd7331f8ab6d61aeda4abda,Lofi Chill
2720da2c2836cfd35e5c51c9fc7f22bd,0b6982ea578504ab7ea344fae586f6f1,6d22ad9edcbf174526c2b2bb6581302d,Không có kho
88c54bc2000220628893d19f0a875865,0b806c45b816e6f79f4caa05d9ea395e,b03bbf0c6df6daa75fb563bc69bef781,DOMA
cab6ae5b8190a0a937389aeb34e9681b,0b9d5d33e991211667b994f5f538ba40,11870827e7ac2dcf9e2bfb26745af04e,Lofi Saxophone/Trumpet
9995e138b819c4a5bbcfc07d2e695252,0baff340f1860d9053d8488747289f41,9e73127ff34947f2b43b5165f614e2fd,Adobestock
6b154ab621b1db643f4113dc8558507f,0bd3157eeb63b97fcd7decedb6e0a20f,f0eeca85a1c4c101962841187b2db9d2,Không có kho
2042e79fc8bd51dbd4988e720965f848,0c44077884cafc5d16d508dc0db43a5a,719,Không có kho
8293d05a68ee2fb367f3003bee3a5f38,0c91441436189c180f174b151bbecdf5,387,Không có kho
eef750c0b88d18af4bafad37960a42de,0d34380cc1cd270655df2c928dcec3b0,0ead7c68214f51a7e6ba8c78e58c96b7,Giáng sinh Jazz Cover - Top Hits - 0 | Giáng sinh nhanh
d5b7293a41a6d19f23a11ffa62a99df3,0d54235a5b2e69c9dba9cb9c5676da69,da8c98ab3a82d521b4c3cf501904f52f,Không có kho
c0d21cd11b33545e7fcb5e4bd3569f74,0d8a8b16eef3a2ac272063aaa8d294bb,355,Không có kho
f878636fa7104e6923abacb0ea25a33c,0dceabe450407411488a0a0c96114fdd,02f5f54738d4a19cd111f120b8b63c79,Không có kho
82ceebfa03639efe3d46ab76558fa753,0dd1613bceca5c85703cdbda9d955596,de3763b88bf02b60b08207e285ad3774,Không có kho
727ef476612e72d506820787fd5d6055,0dd33ecf957d26a875644bd8d728644a,379,Không có kho
df4453bd6378b38f52ebe1d018d7bf9e,0e135dacbed66b1444f2b2bf0d676fd4,43806675a873d2e56ebe8c57d3ade39b,Không có kho
d07b69bf8c7ba593ed3d64fcb8668596,0eb8973b6034c77ed8fb6e8fe5472c80,548a69028500b0bd57d19304df86e9d2,Không có kho
f59c2899f7c22cfdff52a4899a48f641,0f2487e6984085bf267eca6b1993bb49,388,Không có kho
a563df328cbdb9bcfce6b4383ab2cdf0,0f6cce75af0eb0100a2ba58ae8d963f8,66cb9fbf63f95885da50ef99d80a1c59,Không có kho
39e1c0067d69d05488f73bed8ac0194f,0ffe45d9c734b81bc345fee23e39f0f7,de798bcf2e30a763a96e3e93de3e4b14,Không có kho
f899139df5e1059396431415e770c6dd,100,392,Kid Song Original có lời | Tiếng Anh sáng tác mới
38b3eff8baf56627478ec76a704e9b52,101,393,Kid Song Original không lời | Nhạc intro
ec8956637a99787bd197eacd77acce5e,102,417,Piano Relax - FM | Thư giãn
6974ce5ac660610b44d9b9fed0ff9548,103,417,Piano Relax - FM | Ngủ
c9e1074f5b3f9fc8ea15d152add07294,104,355,Cinematic - BG | Thiên nhiên
65b9eea6e1cc6bb9f0cd2a47751a186f,105,355,Cinematic - BG | Châu Phi
f0935e4cd5920aa6c7c996a5ee53a70f,106,429,Sóng âm - BG | Ngủ chữa lành
a97da629b098b75c294dffdc3e463904,107,387,Jazz - FM | Bossa Nova Guitar Jazz 1
a3c65c2974270fd093ee8a9bf8ae7d0b,108,387,Jazz - FM | Bossa Nova Guitar Jazz 3
2723d092b63885e0d7c260cc007e8b9d,109,387,Jazz - FM | Bossa Nova Guitar Jazz 5
b213e7b9f03527eae8f1f5a994eff7c6,10aa08b8be49bda02c0567c12d4470f9,b9aa1c50b3b80df8ff8cfff1b52e3a60,Street Phonk' Records
e5f48c863dfea05aa7e11b4c3629e333,10c08f49f6933d23ce5f0527e845ee91,d1fa3756e297223de10c399ab607216a,Không có kho
eefdbf3041c12de24c985ebfe558a806,10fc5bc8078c471a495d44e861e933eb,b03bbf0c6df6daa75fb563bc69bef781,Lacuna
5f93f983524def3dca464469d2cf9f3e,110,387,Jazz - FM | Bossa Nova Guitar Jazz 2
698d51a19d8a121ce581499d7b701668,111,387,Jazz - FM | Bossa Nova Guitar Jazz 4
7f6ffaa6bb0b408017b62254211691b5,112,387,Jazz - FM | Bossa Nova Guitar Jazz 6
73278a4a86960eeb576a8fd4c9ec6997,113,387,Jazz - FM | Smooth Guitar Jazz
5fd0b37cd7dbbb00f97ba6ce92bf5add,114,387,Jazz - FM | Tropical Ballad Guitar Jazz
2b44928ae11fb9384c4cf38708677c48,115,415,Piano bật CID - FM | Hàn Nhật sáng
c45147dee729311ef5b5c3003946c48f,116,415,Piano bật CID - FM | Soothing
eb160de1de89d9058fcb0b968dbbbd68,117,417,Piano Relax - FM | Soothing
5ef059938ba799aaa845e1c2e8a762bd,118,432,Reggae Cover - 1 | Rockabye
07e1cd7dca89a1678042477183b7ac3f,119,431,Tropical House Cover - 1 - FM | Tropical House 1
aadb6a730bc807f8f628d04ac43430f8,11ee467f6abfde1fcbcaa813e97991cf,3a674a8fbeb618447987637ce5f0bac0,Không có kho
da4fb5c6e93e74d3df8527599fa62642,120,357,Classical bật CID | Neo Classical
c8ffe9a587b126f152ed3d89a146b445,124,438,Giáng sinh Pop Cover - 1 | Santa Tell Me
7225cd39d8e603c9d3aa2560d734baad,12470078d88ea8f23640f6dbec39c88b,409,Không có kho
3def184ad8f4755ff269862ea77393dd,125,407,Giáng sinh Pop Cover - Public Domain | Santa Tell Me
069059b7ef840f0c74a814ec9237b6ec,126,408,Giáng sinh Pop Cover - Top Hits | Santa Tell Me
ec5decca5ed3d6b8079e2e7e7bacc9f2,127,419,Giáng sinh Relax Cover - Public Domain | Christmas Piano
d1f491a404d6854880943e5c3cd9ca25,129,368,House bật CID | Summer Love
abbc5d336d82ef3abe3ddcc5b2a72797,12968bf99e216dab674f8d6f52e21f8d,b03bbf0c6df6daa75fb563bc69bef781,Deep Disco Records
9b8619251a19057cff70779273e95aa6,130,399,Lofi bật CID | Aesthetic
2b619adcdc5b1ab7e44bc1b0800ec0b2,130064ae78d3d06345f78a835dad4c86,779,Không có kho
1afa34a7f984eeabdbb0a7d494132ee5,131,405,Phúc âm bật CID | Amazing Grace
0b24145190d794af34f42a54887fe9fe,1319d5db6caddd8c5f013674c6e558b0,aeacd2d0ae6f7aab87e75f31a8659745,Không có kho
65ded5353c5ee48d0b7d48c591b8f430,132,414,Piano bật CID | Hàn Nhật sáng
2ab9bc6782f12d9c0663ab2d0197e3fd,132ff2bda3177ec3e4060953798ad87f,37213ef2afd7331f8ab6d61aeda4abda,Chillhop
9fc3d7152ba9336a670e36d0ed79bc43,133,414,Piano bật CID | Soothing
4d983a8682683c5c2899c4d96e3f2b7e,13356ee6993ea02885f962d099a0d2b3,65e7224841fbc11a3507738150bfd04e,Không có kho
02522a2b2726fb0a03bb19f2d8d9524d,134,437,Piano công năng | Soothing
7f1de29e6da19d22b51c68001e7e0e54,135,437,Piano công năng | Ngủ
42a0e188f5033bc65bf8d78622277c4e,136,425,Sóng âm - HG | Thiền
3988c7f88ebcb58c6ce932b957b6f332,137,425,Sóng âm - HG | Sáo
bf95e39d0cae2ad50e8da171a3266b08,13738a0384848f53d72524902518b134,b03bbf0c6df6daa75fb563bc69bef781,Pink Elephant
013d407166ec4fa56eb1e1f8cbe183b9,138,356,Classical - Red One | Độc tấu Piano
b6cc831ae416726a5a50390a2eef2b39,1382610f8ad9e061a11bb8488459ce71,75891746514a5825ad07d00e951c551e,PUEBLO VISTA POLYMESA KAI MOUSIKI LP
e00da03b685a0dd18fb6a08af0923de0,139,356,Classical - Red One | Song tấu Piano - Violin
1385974ed5904a438616ff7bdb3f7439,140,356,Classical - Red One | Song tấu Piano - Cello
0f28b5d49b3020afeecd95b4009adf4c,141,358,Classical bật CID - Red One | Neo Classical
a8baa56554f96369ab93e4f3bb068c22,142,359,Classical Độc Tấu - HG | Độc tấu Piano
191608848815df699e20322d91db7ac3,1424e2e9b39be779979ace99afb31cfd,cf82e6951592983c4dbf67b9fd534e60,Không có kho
903ce9225fca3e988c2af215d4e544d3,143,361,Classical video - Red One | Classical Video Tutorial
0a09c8844ba8f0936c20bd791130d6b6,144,434,Deep House - Red One | Summer
2b24d495052a8ce66358eb576b8912c8,145,436,Downtempo - Red One | Downtempo 1
a5e00132373a7031000fd987a3c9f87b,146,373,House bật CID - Red One | Summer Love
8d5e957f297893487bd98fa830fa6413,147,397,Lofi - Red One | Aesthetic
47d1e990583c9c67424d369f3414728e,148,400,Lofi bật CID - Red One | Aesthetic
f2217062e9a397a1dca429e7d70bc6ca,149,411,Piano - Red One | Piano Relaxing
a6d9cd60c2fd4d937b02773650f633cc,14ba2201748681f134f7ebd02544e350,368,Không có kho
fae5f5438f4518dd25b390ddf0373ade,14d49dc37bbc2798c0cd4964854e9abb,407,Không có kho
7ef605fc8dba5425d6965fbd4c8fbe1f,150,411,Piano - Red One | Piano Huyền ảo
a8f15eda80c50adb0e71943adc8015cf,151,416,Piano bật CID - Red One | Hàn Nhật sáng
37a749d808e46495a8da1e5352d03cae,152,435,Sóng âm - Red One | Thiền
b3e3e393c77e35a4a3f3cbd1e429b5dc,153,428,Sóng âm bật CID - Red One | Thiền
a2c250d9ca22ca65b6cc5bbd59f241bb,153c856e7d9547a94d9c9ce2b1f23447,330de240fe5342b65e7353dac5c04864,Không có kho
1d7f7abc18fcb43975065399b0d1e48e,154,363,Acoustic Cover - 0 | Music Travel Love
2a79ea27c279e471f4d180b08d62b00a,155,365,Deep House - An Tuệ | Summer
1c9ac0159c94d8d0cbedc973445af2da,156,365,Deep House - An Tuệ | Chillout
cd6ed2b69740a764a7ed4d60fb732096,15665d1f80d4b412142323ec3ad62f9a,de80aff58b4a220512226f8f7a220ff4,Không có kho
6c4b761a28b734fe93831e3fb400ce87,157,378,Guitar - An Tuệ | Meditation
06409663226af2f3114485aa4e0a23b4,158,378,Guitar - An Tuệ | Stress Relief
140f6969d5213fd0ece03148e62e461e,159,378,Guitar - An Tuệ | Peaceful
d9d47a2638ad5e3310efec95915bdf37,1598f9b499c5f67a21a5b3909198de9a,e4c5a2799ca750b3921a30e897e7c90e,Không có kho
5a4ee861e5277c14ce885212eeb95dc4,15ffc2ab9afaea5bfdd1246e5058d3c5,eb57b8f7c95275584620a9f389de804b,Không có kho
b73ce398c39f506af761d2277d853a92,160,378,Guitar - An Tuệ | Sáng tạo 1
bd4c9ab730f5513206b999ec0d90d1fb,161,398,Lofi - An Tuệ | Lofi Chill
82aa4b0af34c2313a562076992e50aa3,162,398,Lofi - An Tuệ | Lofi Hiphop
0777d5c17d4066b82ab86dff8a46af6f,163,404,Phúc âm - An Tuệ | Bình yên
fa7cdfad1a5aaf8370ebeda47a1ff1c3,164,404,Phúc âm - An Tuệ | Tạo động lực
9766527f2b5d3e95d4a733fcfb77bd7e,165,412,Piano - An Tuệ | Bình yên có guitar
7e7757b1e12abcb736ab9a754ffb617a,166,412,Piano - An Tuệ | Vui - Âu
5878a7ab84fb43402106c575658472fa,167,412,Piano - An Tuệ | Vui - Á
006f52e9102a8d3be2fe5614f42ba989,168,412,Piano - An Tuệ | Buồn - Á
84b77b71f9795f7594054e62ac46369e,168f928eea64397e74972b70cb747a8a,434,Không có kho
3636638817772e42b59d74cff571fbb3,169,412,Piano - An Tuệ | Bình yên không guitar
149e9677a5989fd342ae44213df68868,170,418,Piano Relax - HG | Hàn Nhật sáng
a4a042cf4fd6bfb47701cbc8a1653ada,171,426,Sóng âm - An Tuệ | Chữa lành
1ff8a7b5dc7a7d1f0ed65aaa29c04b1e,172,426,Sóng âm - An Tuệ | Ngủ
f7e6c85504ce6e82442c770f7c8606f0,173,388,Jazz - MKT4 | Morning Swing Jazz
bf8229696f7a3bb4700cfddef19fa23f,174,388,Jazz - MKT4 | Bossa Nova Jazz
82161242827b703e6acf9c726942a1e4,175,413,Piano - MKT4 | Music & rain
07f3e22cf802bef0f908e5c591913902,17550fa72e41b2ac360390848e045058,f37446666cf4eaa9556d8e4594350d14,Không có kho
38af86134b65d0f10fe33d30dd76442e,176,413,Piano - MKT4 | Deep sleep
96da2f590cd7246bbde0051047b0d6f7,177,364,Deep House - AI | Disco House
8f85517967795eeef66c225f7883bdcb,178,359,Classical Độc Tấu - HG | Độc tấu Violin
09bd82e55827e9b586694597cf16d60b,17814f2d679ed1d6d1d26ecc99180382,766,Không có kho
8f53295a73878494e9bc8dd6c3c7104f,179,359,Classical Độc Tấu - HG | Song tấu Piano - Violin
7b2416ca3dbabf9fd0abddfac746af11,17ea56dced2688a8a71bd62a5f179a22,52dcdca00da1e9db7430d919965be1a0,Audiojungle
286c1c87dda8b4701b5c670101605673,17ef4ddbd069a571e476da8285b82f21,437,Không có kho
045117b0e0a11a242b9765e79cbf113f,180,427,Sóng âm bật CID | Thiền
fc221309746013ac554571fbd180e1c8,181,427,Sóng âm bật CID | Sáo
4c5bde74a8f110656874902f07378009,182,402,Phonk bật CID | Brazilian Funk
cedebb6e872f539bef8c3f919874e9d7,183,369,Deep House Cover (Chillout) - 0 - FM | Chillout
6cdd60ea0045eb7a6ec44c54d29ed402,184,370,Deep House Cover (Chillout) - 1 - FM | Chillout
e00efc69eaf4ee1b737e92310a70f081,189743337bf15e1fb9f5f2c4d05c7a4a,ebbc1b85a32e717f61fa548d575dd632,Không có kho
326b9ce98d4dadf4d8faeb33471566d8,18a98b7678ad23107814a5e49c1f505d,52dcdca00da1e9db7430d919965be1a0,EMVN
a7e110791bc6b7f7936df9a38952de67,18b9fe3482c4fc59b3d8cc4c3c27552b,b03bbf0c6df6daa75fb563bc69bef781,Carda
3cc4c7a97c80171c4e1beedb6d4f62a4,195fd0a283929c364ff2f63b65a66f51,fbc72fa768ac11a1b8c23fba856a1774,Không có kho
26850a980587062f31ce3f3ed00281a8,19838b676e311e9083773698cc54a4f7,37213ef2afd7331f8ab6d61aeda4abda,Lofi chill / Dreamhop
1f8017d29217c4b38987ef540ff4d8a9,19ba99d558b6c5fb1da37274ad020d36,a519a47be6f7e96ba9983fa0a250b462,Không có kho
f00f8b13f74c9beaea095ff263866beb,19ce854745dfabefc4ec4044d6bd52f7,815a5db0f121c22f8b20714e0b5bc717,Không có kho
d990f44635671c45654eae8c05473746,19f10c543ddaa4ab751964a409f2466a,c85959fcf73d7bf1c3486bb49487f15c,Audiojungle
dc45720d4b41c18dfb65b47d3440e200,1a810eec1c78d0a7e0b5c28c1931d88d,401,Không có kho
f6bf760aef513fbc570875df172eccb9,1acae63943047c54f2f485d18c5ff85d,764,Không có kho
94fd982d5e43413faf1434720377fe3b,1b1839e0fa206abc3c95d1e11cae7ea0,972d4a75157d11614d8bf9a42a8f99e8,Không có kho
a332b08398cf4ce722939bdaa2c7e7fb,1bc20bc77fe2a4c306f1bbd3bb4fda03,653,Không có kho
1eae056ce87b7166970292d3d30bee2f,1bdf42f614cd6a6161924e33566f3c9e,b03bbf0c6df6daa75fb563bc69bef781,Kallisto
89e787bd11bbcadd54c9e3ef4221c041,1c50b346d5861c906257de25dc91cb5d,740e91c2d8cb645690fb0a960ce5c40b,Odiva records
5df8b8f0df33300275fc18078aa98223,1c8cdc1bb13cc90dc3e9314293b97c3e,777,Không có kho
2538187ef4d1aac51296d9bab5424887,1c94a14b923a157a82b53047de9690b0,715,Không có kho
32513c4b7acc6240e6de9d30fb96a2f9,1d8313bb2fa0be953766042c3d55a707,b4c05aa3dbde6ff06f2683557053686d,Không có kho
cb355614283d79398e9d5888512d8f8a,1da2e4d7175302a7f5fe5c239e2cb7b8,ec52a74740d4ff5e2b86960af94fb1e8,Không có kho
895bf7ac1732ad46de90d611feed6bfc,1dcd9ff6a88eb1b71b56a93b0a7716db,727,Không có kho
cb63217aaff49ffcf522fa2aff48ba91,1e1326878dd23a0101243ab52dbd4b51,b03bbf0c6df6daa75fb563bc69bef781,Wame record
9eb36d17666a1e10b870dbae2f8f85a8,1e19c9da90bd9ffc4d7200e3b1ceb25e,426,Không có kho
f142e0897fdc2a37fcb0a1a6acb48a17,1e697c73bb3bb7541c66d123477ef436,f963ff5497f27ac95bb675c026e5b135,Không có kho
16fc3c84e0cdac29750805a406fa782c,1f688decb31621d4681f519c742de496,422,Không có kho
eae3152d20b188e75a4ca0c6b40eef87,1fe800aee108845faec413ba2530edb1,539aa1f1544f7481065ff8e5455d8a71,Không có kho
e65c23e074a693adcc8403c96414b792,201242584f282a29f7d865363529f26b,4cd4aeb7abe0009c5a04f94e1a7b942d,Không có kho
eae27d77ca20db309e056e3d2dcd7d69,205,411,Piano - Red One | Soothing
7eabe3a1649ffa2b3ff8c02ebfd5659f,206,437,Piano công năng | Sad Piano (Hàn Nhật)
69adc1e107f7f7d035d7baf04342e1ca,207,440,Jazz House - Label | Groovy Jazz House 1
e03d58144503b0c1ada48b3aa1eb5a66,20e7b5c342a82674f508263cee026b12,eb92126cdd87866ab3028e85a7f00822,Audiojungle - MKT1 - Sáo Tây Tạng Tài nguyên công ty
77c784718043eba46cc5029b2662ae2a,2119ff3fc628a7756543c667494556e3,575e4b72721770601b8b0597d7e34f36,Không có kho
3bc463be36ba25ce12ff8b3a0c8af115,21553d1c376a98f851f3df5d7bd7269c,096abb0ccd7ea756dbb01a39409c46b4,Aron van Selm
83c300a1193dc6f17d48ca831576089e,21992b9fd89990bd83d075136d42f43c,eb54e92fe4c9ba3871512b9ac02158ef,Không có kho
fe9b6628a076e9bd7646568a0485777b,220247a1c6819fa5522d04a6e45f1bae,781,Không có kho
dc6663bec8229b31ea9ddc3280b663a7,225ca82593d52090f5d0d453ad3484d1,096abb0ccd7ea756dbb01a39409c46b4,Ardie Son
c197b373891f7641ea70506253f5a64e,23473a64beb6c7dd0b03d1c68a5c96bb,41007a0e0593f070af4c87a8fdc78ddf,Không có kho
60b9759d750b7d5576259a1148a4ef51,23552d3fdecb59c34e1ad2a06c666c66,696,Không có kho
a7b34db4fc996ece3d99524a028bd661,2379d69751b1551e986e0a8fdbde9141,42688cbe8b6ff0aec9837377a5a0c2ac,Không có kho
3f53fb90dd431d44482ef046b460d258,238d40250ae6c048d8a4e72b7c66b1d0,9e73127ff34947f2b43b5165f614e2fd,PUEBLO VISTA POLYMESA KAI MOUSIKI LP
b344279cfeb68e2b9a28b5f219073f82,23e972a9c5de108d9b68bbe97b54d483,c666526ebcde54e291330353f896d559,Không có kho
a8be18ea07dd424f51a96bea07376675,23f3ce5ff68a5fd3f646492de081b749,374,Không có kho
6163f3099bbaddb2161114fd94d4b095,241ee421855ec1f170c915a4944de531,c85959fcf73d7bf1c3486bb49487f15c,Lofi | Lofi - 2 | Nhạc cũ | Deep Work | MKT gen
2f9eabe60a11fd9518749b471db004b6,25112434e58e0ca61ff99e7d4eec01ec,652,Không có kho
06a7edbc8fb6c416883fcb6d32122b62,269156d22fb8a89d4cc5c1f50b66e64d,377,Không có kho
e3796ae838835da0b6f6ea37bcf8bcb7,281,434,Deep House - Red One | Tropical Deep House
e4a6546448ba092f2ac4b2f7a55e2ff9,28d5876153750abdf4998c6ca494ee87,70699941e5c0c4f95f6e1ee646e77195,Không có kho
153260bd70208b3a196b030a2b5e8aa0,2955853bc93c79d1728066d8b6a1c3af,3401502b4c84bdc0a00000fb8bfa1aa7,Tropical House
1307a98a034ec7a3fd0b9eba7f03be8d,29b3536139003a9517846990aba22507,359,Không có kho
938b16c12903bb4078ce5a4b68535e4d,2a9968a46419ddb92b44c23f09c671e9,7fde8d1c00b05b9e620f79242263d6dc,Không có kho
0b16e01505449d00ee043097a104ebc4,2aabba5bf528a69a62a47450c567f629,ec52a74740d4ff5e2b86960af94fb1e8,Giáng Sinh Pop - 2 - MKT2 | Pop
3abffb9af2b3c3aff5eba6752b0c71c6,2ace7cbbf95f140e9cdbafe4d7beca43,682,Không có kho
f5a5afa96e2196d2c0a4417dd7310a31,2b11c162f09c3d055f6468c3a9d2fa82,47e4c09d73fe13b72a01d8cee3fa7614,Sóng âm - MKT2 | Chữa lành
cb9f732b5a170ec37392ca0ee62b252d,2b5635834fe9519254055ce15a38bfbc,2aadccd8b77f991c63a15ffe33cf1f46,Không có kho
63cd715ecb93a8aeab5e5e0946a7d973,2b636b04dbab774b316bb30676c51034,3401502b4c84bdc0a00000fb8bfa1aa7,Không có kho
423d91082ea478400a5118979ae8360b,2bc6c45f801a294b24c4bcd09590e938,438,Giáng sinh Pop Cover - Top Hits | Santa Tell Me
89249dc6e5e72075c90691133d930627,2bebe64087d0dd11cc45da79d8aa527a,778,Không có kho
00c8326d09121d84d1ec13de1e2df948,2cc02920d65db95cd4631a59cf710ee5,28aca07693ea197121402e10ae65d802,Không có kho
d5230a41574edf2fade5a3f8a7c2735a,2e6dacda034cba3f19e35663328014f6,be591ed311b797417b9f638e9997b3f5,Không có kho
8c58591c97928a481b8c1913cafa63a5,2f43789930c6ef9c9da67d4f15460712,429,Không có kho
f6d0bd862a1afd41ee7a6f2ade796109,2f756cac839f9bb729365026ff925f3a,81ed0e83fec77a89a9d3b72358743e5b,Không có kho
b892845b6ab8d1e1081eddb1d9550a11,2f834c1b5a85f7007911f1bfd5eee2f2,70fcf76d80b367bb89721bbee8f40d8c,Không có kho
31969f8c9062d125f5bd26ea5e9883b9,2f9991378be22f7dbd457d1e0ab16a17,7eb55d8b8dbf4bd6f7be3ab8f52b11a9,Không có kho
f30043872eeb9c0f9af30236c9a45884,2fa5d5cfca844441cc09760c9ac97eb7,6040a8ffcf982e4bdc87f8dc494fde3a,PUEBLO VISTA POLYMESA KAI MOUSIKI LP
8f2ffdc18b9f72d10d292a01b99e691d,2fef3132554648dafad1409b4cd1591d,52dcdca00da1e9db7430d919965be1a0,Kho nhạc AI - Sản xuất gốc
b5bbe2f1dc900559ebd80988e62c09eb,30686635e8140c234106130d43a73e15,5773b7a265fb9cdda4818c7f6383f144,Không có kho
036f587540d46f6d2b40c960fa5a4a7e,30c5abb55673abd656f15278bf4e7758,660,Không có kho
50857b47a8af0cee349c37ba99946e92,31595c5b00ea22c2b2a347be2db20b65,391,Không có kho
886d11ace52d3e75eca982d6a93fc9ef,31b1e138743f6186b84f3682fa8cee49,b861a372cb42742d351e553b4ba42785,Không có kho
97bd9ad0d711ec9745956409ab2b372d,32578845232a13f0562b2251202a3697,135fc83530dc44f98c4fd9ef8005a10f,Không có kho
a9e9b69645c95820bec7f401ba640903,327734b96c6f1e0d6203753abaf45e0d,725,Không có kho
7d179b975a30acc998652963796af2c0,328f14635c8ab6c4531a0d59964c41de,b3072510df706ed5dcb3c3e81db224bf,Không có kho
6855456e2fe46a9d49d3d3af4f57443d,336,650,Deep House - 2 - Red One | Tropical Chill House
357a6fdf7642bf815a88822c447d9dc4,337,650,Deep House - 2 - Red One | Deep Emotion
819f46e52c25763a55cc642422644317,338,655,Deep House - 2 - An Tuệ | Deep House Đen Trắng
04025959b191f8f9de3f924f0940515f,339,655,Deep House - 2 - An Tuệ | Deep House Summer
b2a530970149dbe0a1e1749c42321c5b,33d6b9e1ad2d543808ad25d77af3adc2,9c4eeb1a6675f3fed2de1941ffffc51f,Không có kho
40008b9a5380fcacce3976bf7c08af5b,340,655,Deep House - 2 - An Tuệ | Tropical House
3dd48ab31d016ffcbf3314df2b3cb9ce,341,651,Pop Cover - 1 - 2 | Pop cover
30cdf502cd5bf82fce00a43a183363db,342cb78b894ff54b442b52824d25c55a,b03bbf0c6df6daa75fb563bc69bef781,Moxura (Doreen Music)
4c04c314776892386b2165b285b5bbc2,351525484c106eb4ee7310fd2a1bf8fb,400e57a8022041b6459bb8d42d84e306,Không có kho
028ea3460d57200ff519e9e6c892a0ee,35b24e049185ab9b1d6b38b8a5371440,0634fe553c08b3a17d98510f75449591,Không có kho
cf5ccc511df0be3f1d675d71cd84a345,35b38399074fb39fe586399d393b86cc,096abb0ccd7ea756dbb01a39409c46b4,PUEBLO VISTA POLYMESA KAI MOUSIKI LP
e7b24b112a44fdd9ee93bdf998c6ca0e,360,652,Piano Cover - 1 - 2 | Piano cover
52720e003547c70561bf5e03b95aa99f,361,653,Indie/folk - 2 - Red One | Indie/folk
c3e878e27f52e2a57ace4d9a76fd9acf,362,650,Deep House - 2 - Red One | Deep chill house
00411460f7c92d2124a67ea0f4cb5f85,363,654,Symphony Orchestra - 2 - Red One | Christmas
2796358ea51dcb9b5728ab95ae39845e,36321e7944c07545de117e99fe747024,b9aa1c50b3b80df8ff8cfff1b52e3a60,BLACK 17
bac9162b47c56fc8a4d2a519803d51b3,364,655,Deep House - 2 - An Tuệ | Deep House
9be40cee5b0eee1462c82c6964087ff9,365,656,Phúc Âm (có lời) - 2 - An Tuệ | Phúc âm
5ef698cd9fe650923ea331c15af3b160,366,657,Lofi - 2 - An Tuệ | Lofi
05049e90fa4f5039a8cadc6acbb4b2cc,367,658,Chillout - 2 - An Tuệ | Chillout
cf004fdc76fa1a4f25f62e0eb5261ca3,368,660,Giáng Sinh Pop - 2 - An Tuệ | Pop
0c74b7f78409a4022a2c4c5a5ca3ee19,369,436,Downtempo - Red One | Downtempo 2
8a6542f86db286ae4f4b4bb084082870,3697c3188ebb9d7d69934088070943ee,e772a6b73b1685249679ffe0f860f8b1,Không có kho
362a58bcc10e628946678031389319be,36f823a66c56130ef245139eced725dd,370,Không có kho
17c40ef15b2e19090d6abe0b4598ff79,36fa7f36082f660cf3af32f4d27286db,657,LOFI - 2
d709f38ef758b5066ef31b18039b8ce5,370,665,Om Healing - Label | Om healing (có nhạc)
41f1f19176d383480afa65d325c06ed0,371,664,Country - 2 - FM | Country
24b16fede9a67c9251d3e7c7161c83ac,372,667,Pop - 2 - FM | Pop
ffd52f3c7e12435a724a8f30fddadd9c,373,668,Rock Cover - 1 - 2 - FM | Rock
520ad31af29092c6d21e0ede8041f099,37324e039879bc37d328c55f1494155f,593ae5e6bfc95d2de22a4e885812b89d,Không có kho
ad972f10e0800b49d76fed33a21f6698,374,435,Sóng âm - Red One | Thiền 2
08a0e117099dcbbd6aa87f025adffeec,3757da7f1f578ecee1bb786cb990aabf,1ffd9efe5d3e99ec9d046d2abc4d716f,Không có kho
8bf1211fd4b7b94528899de0a43b9fb3,378,426,Sóng âm - An Tuệ | Thư giãn
d036c4b7789968867af0e584e8218c75,378264207005a4711f5dfae14ec43e66,82c65e8338bae2c90f5eff08fda2761d,Không có kho
a02ffd91ece5e7efeb46db8f10a74059,379,672,Nhạc Trung - 2 - Red One | Thanh xuân
ed5f268a9548cdc1891b98660883163d,37ef48a7dbd0b51cbda6f9bc3a46e071,3401502b4c84bdc0a00000fb8bfa1aa7,Techno
bca82e41ee7b0833588399b1fcd177c7,380,673,Cinematic - 2 - An Tuệ | Cinematic
00ec53c4682d36f5c4359f4ae7bd7ba1,381,674,Jazz House - 2 - An Tuệ | Jazz House
4f6ffe13a5d75b2d6a3923922b3922e5,382,675,Giáng Sinh Pop Cover - PD - 2 - An Tuệ | Pop Cover PD
2499c0fea3c421b4ca8dcce504327b6e,382340b2abdd19044405d953d8c90982,815a5db0f121c22f8b20714e0b5bc717,Thu mua Halidon
beed13602b9b0e6ecb5b568ff5058f07,383,676,Giáng Sinh Pop Cover - 1 - 2 - An Tuệ | Pop Cover Top Hit
0584ce565c824b7b7f50282d9a19945b,384,679,Jazz - Red One | Smooth Jazz
dc912a253d1e9ba40e2c597ed2376640,385,678,Indie Pop - 2 - Red One | Pop Hàn Nhật Sáng
39461a19e9eddfb385ea76b26521ea48,386,650,Deep House - 2 - Red One | Giáng Sinh
8efb100a295c0c690931222ff4467bb8,387,682,Deep Chill House - 2 - An Tuệ | Deep Chill
d9fc5b73a8d78fad3d6dffe419384e70,388,680,Jazz - An Tuệ | Smooth Ballad Jazz
c86a7ee3d8ef0b551ed58e354a836f2b,389,683,Giáng Sinh Disco Cover - PD - 2 - An Tuệ | Disco Cover PD
c32be3ca63c89a816b3005f32008f1b8,389d93b9043a132cfd1a20c13b730c8f,c81a4b3f2ac1ded035d11d049d65c6b6,Không có kho
faeaf15f5b46442911ddb7970f988104,38da48e57e3ebd5356d22e15cef1d072,137317ac7fb5c837fd9114540b52e144,Không có kho
50029642e323f5c016fc8fa4f9e6f6b7,38dbe8d8535485206f18a7b025c8c5c8,417,Không có kho
a01a0380ca3c61428c26a231f0e49a09,390,684,Deep Chill House - 2 - Red One | Deep Chill
f8c1f23d6a8d8d7904fc0ea8e066b3bb,396,412,Piano - An Tuệ | Soothing
01e42a606901e5df9a91d53af412ae03,397ac0c5a36841ec976f0cc74d8055c6,9d5196c6e2fabddbb01a36cac04ad80b,Không có kho
6abe251dc65bb45490419d34bbb647ea,398ccb52f3248b09d176f4ef2b28df99,0dfa3314ac182ed348d020bf57619512,Không có kho
6f8f2d10e44cd7f8af69058b3fd0027c,39fa9d60c0709d7ccf088d87b6e9d39e,2fedf04a156617a34cf2e92693293026,Không có kho
88156fba8019fb8afe66d293b1c26796,3b9525b0e06ddbdd5e52147e6ad68842,91bb7c8583af612dee6146dd5514ca3b,Không có kho
2836ef6fada55aee3afded6fccdcd583,3bca7ab4f6c8a17a547fd79de3788a61,695,Không có kho
28490972df20f65e3102fc8a64f849b2,3bf06dc81742c1691610a28cbfde96c0,d421c67a3c54af731c8c8aa556faed6c,Không có kho
b54c6537fe1b43904a9e97ab5a16de97,3c185bdf5de39cfc85414e1a4e26c0e0,815a5db0f121c22f8b20714e0b5bc717,CID ĐỘC QUYỀN THEO KÊNH
658899729ec971725c4dd1325e07a297,3c34b9217095cb991627844bc7e05de9,feba7ba8d35d69c76413f20d0c3c504d,Không có kho
519f21027ff6458d1d853857bb2881ca,3c6ecc0087a7e6d45926523ffabcf4fa,75891746514a5825ad07d00e951c551e,Không có kho
c84a2594582cadebdf11c1488dca52ec,3c771ae7ea1d5cb81af40d1bbe28d46f,3d102e50d19f6ba3dd00fbf9b22682d2,Không có kho
4d9138bbe79ef1cd02a5ec14d004d62b,3cbf6830604cf9f926b000887a5c7247,fa1510d1c7e5de337ecabb45fe221511,Không có kho
461389498c6a727afdb9c01ba6fe157e,3dd4b0baeccc6f1bd2f889d0a18dfa6c,46024ce0030a80fdb5af2c3ac36765fa,Không có kho
57b3545c433aff9cf7d5de636b58dd35,3dfbd72defbb4b2f0af49ced1f012e4d,a82e4ef6e7969e810d2a99cd672e2f40,Không có kho
84cc0000bfb55792828961954c69c20a,3e10b4878d72fcc41c72dfc0d437d4e7,ccd474ca2b8ceb967abc6d7e8b46020c,Không có kho
aae182b87872a01b6f44b0d75a78cb7e,3e1dbeada7921e1721b7981f427d615b,776,Không có kho
801781ea0f2a62a16f8e002ddc98c50a,3e3e57b6d4ee0671228679528f5e3562,b03bbf0c6df6daa75fb563bc69bef781,Million records
96a0ccc5c7b038b8877400e7c6e6cd79,3e6f664f92d53917691c27b6a1aa8bf7,3401502b4c84bdc0a00000fb8bfa1aa7,Deep House
4afbfc52ff8f78c96a2c87a593d56cc9,3e87fda61bece40844b7cfa8ee758cc6,2e07e0fe56da956789e9464de992660e,Không có kho
7db0b1946bec74d34d19021e52258d4b,3f0a4c018355406130ee2c9dd31c362c,f4142fb5bb46a40f24a13d500f4c42e7,Không có kho
6213842fdc75e316020df75a139969d5,3f66780e06810b4bcdea3701c40c80c0,c85959fcf73d7bf1c3486bb49487f15c,PUEBLO VISTA POLYMESA KAI MOUSIKI LP
cf0d1a1ed028b28fc5430806f1217a60,3fab49bd79f0ce2cfc70058c9c1d96a3,679,Không có kho
3a1c27cad350499b76112dc86c7c140a,3fadca28270ea5c05545c736c988c2d8,b03bbf0c6df6daa75fb563bc69bef781,Deep Disco
a8095efb13c31ffb46be7f549ae07884,3fb9525a54bf5c4cd1bcf0f88c305f98,734,Không có kho
08c2e2793ec48c3bfae449916d4b0ea6,3ff7604ef830413bc58d3e967299e376,399,Không có kho
18d8042386b79e2c279fd162df0205c8,400,694,Classical Live Session - Label | Carolight
69cb3ea317a32c4e6143e665fdb20b14,402,695,Dark Ambience - 2 - An Tuệ | Dark Ambience
fee7564564a375fe78fa6ef74770ef3a,4025ef32c295f54010926274a52b9867,619e9a9498fb448d6c7669fb7286bec6,Không có kho
bbf94b34eb32268ada57a3be5062fe7d,403,440,Jazz House - Label | Day Night Jazz House
4f4adcbf8c6f66dcfc8a3282ac2bf10a,404,665,Om Healing - Label | Ngủ (chuông only)
bbcbff5c1f1ded46c25d28119a85c6c2,405,665,Om Healing - Label | Ngủ (có nhạc)
2bb69aa8f98c9eb00055ef9ef2122dda,40588dfbc9498d6c75f048c2b2dfc831,1e13636bb795c2a11272f77d147c9770,Không có kho
8cb22bdd0b7ba1ab13d742e22eed8da2,406,665,Om Healing - Label | Thiền (chuông only)
f4f6dce2f3a0f9dada0c2b5b66452017,407,665,Om Healing - Label | Thiền (có nhạc)
0d0fd7c6e093f7b804fa0150b875b868,408,696,R&B - 2 - Red One | R&B Soul
a96b65a721e561e1e3de768ac819ffbb,409,697,Jazz - 2 - Red One | Blues Jazz
e04457d90db0641c4e5f0bf76b967912,40acd7a7d50806a5183fb6a3b88aeed8,b03bbf0c6df6daa75fb563bc69bef781,Frequency
1e0f9f42dfe83f96012a2a41f2c1dff0,40f281e70f9d93c35133b5a6204ae84e,b684bd6a5f74b36dea80c03ef3f4ab16,Không có kho
1068c6e4c8051cfd4e9ea8072e3189e2,410,698,Jazz House - 2 - Label | City Loops
b9228e0962a78b84f3d5d92f4faa000b,412,440,Jazz House - Label | 2601
0deb1c54814305ca9ad266f53bc82511,413,665,Om Healing - Label | Om healing (chuông only)
66808e327dc79d135ba18e051673d906,414,694,Classical Live Session - Label | Viết Tiếp Ước Mơ
8fe0093bb30d6f8c31474bd0764e6ac0,416,657,Lofi - 2 - An Tuệ | Deep Work
99148fdf97ea43064fdee0016660b01a,41659cad972bac701ba5bd54ae6c4e08,365,Không có kho
41ae36ecb9b3eee609d05b90c14222fb,417,387,Jazz - FM | Bossa Nova Jazz 2
7eacb532570ff6858afd2723755ff790,419,387,Jazz - FM | Smooth Ballad Jazz 2
54e56c1f32230604a49315bb15f84579,41d28bac1db9360ff76473d9aea7da5c,8e1af1784ffeed1f21039e76605b38f5,Không có kho
b6f0479ae87d244975439c6124592772,420,387,Jazz - FM | Lounge Jazz
e0c641195b27425bb056ac56f8953d24,421,411,Piano - Red One | Soothing 2
f85454e8279be180185cac7d243c5eb3,422,650,Deep House - 2 - Red One | Tropical Vocal House
faa9afea49ef2ff029a833cccc778fd0,423,411,Piano - Red One | Nhạc cầu nguyện
3c7781a36bcd6cf08c11a970fbe0e2a6,424,354,Cinematic - An Tuệ | Phiêu lưu
1b08f6ad93e0bd483365114665b4fb57,424c029c76bb116241cf3f21f3cc0616,412,Không có kho
25b2822c2f5a3230abfadd476e8b04c9,425,354,Cinematic - An Tuệ | Piano cảm xúc
6ecbdd6ec859d284dc13885a37ce8d81,426,354,Cinematic - An Tuệ | Tạo động lực
e95dbcc46e44993722c306f94ebd35ad,42687fc26b59930e493e57a99c9a3f85,b03bbf0c6df6daa75fb563bc69bef781,Deep House
18997733ec258a9fcaf239cc55d53363,427,354,Cinematic - An Tuệ | Inspiring
8d7d8ee069cb0cbbf816bbb65d56947e,428,354,Cinematic - An Tuệ | Epic
75fc093c0ee742f6dddaa13fff98f104,429,680,Jazz - An Tuệ | Bossa Nova Jazz
5f7727b7739a31f5d1a0f358b3f3eb9d,42b4df117b7abd2e8f372fcf52ef848e,b03bbf0c6df6daa75fb563bc69bef781,Music on the beach
4c9b2afb7d531321cfb947a50dd8bf39,42d62d0b95016d2c0e9b0ff4ffa37df7,722,Không có kho
2cebe96743e89186e61c0854a64db6a5,42fbfeafa00afb6f8dd20f344403560b,acfcd904703abbe603488be2e1335bb3,Lofi - MKT2 | Lofi Chill
f74909ace68e51891440e4da0b65a70c,430,680,Jazz - An Tuệ | Smooth Jazz
66368270ffd51418ec58bd793f2d9b1b,431,412,Piano - An Tuệ | Soothing độc quyền kênh
248e844336797ec98478f85e7626de4a,432,655,Deep House - 2 - An Tuệ | Disco House
019d385eb67632a7e958e23f24bd07d7,433,698,Jazz House - 2 - Label | 2602
a49e9411d64ff53eccfdd09ad10a15b3,434,716,French Instrumental - 2 - Red One | French Instrumental Music
2421fcb1263b9530df88f7f002e78ea5,436,715,Sáo Nam Mỹ - 2 - Red One | Sáo Nam Mỹ thư giãn
fccb60fb512d13df5083790d64c4d5dd,437,650,Deep House - 2 - Red One | Ethnic Vocal House
2f20b09d22ce53f1689a841f34b2d247,43c1badeed662282543668f23aec55a6,e35ba9cb4ef8f021b4b13c4adf6f346a,Không có kho
ac981b9910acdb784b25782a37651a75,43c419555a366291f3e453fe231e75b4,373,Không có kho
13f3cf8c531952d72e5847c4183e6910,443,717,Phúc Âm (không lời) - 2 - An Tuệ | Phúc âm
550a141f12de6341fba65b0ad0433500,444,718,Jazz - 2 - FM | Vintage Jazz
67f7fb873eaf29526a11a9b7ac33bfac,445,718,Jazz - 2 - FM | Lofi Jazz
1a5b1e4daae265b790965a275b53ae50,446,718,Jazz - 2 - FM | Pop Jazz
9a96876e2f8f3dc4f3cf45f02c61c0c1,447,719,Neo Classical - 2 - Label | Reflective Piano
192db8c4c9812619153f7a2de9fa3b4f,447431699a256add58e00c152b55eccc,1d1abc30bf1dbde1b045322af14e7240,Không có kho
d99a706af2a8a8eb26787fd766753d45,448ddd4818323b60cadccb3345e123b5,834bc5b4df7afbb34f4b3a108fb14189,Không có kho
d61e4bbd6393c9111e6526ea173a7c8b,449,440,Jazz House - Label | Cultured Jazz House
e9d7f6913c8dddb900e7b6f7533c1a06,44a36ef6014c01a270e92b34904f738d,8b34f7c1595d5425ec0d98e53f495ca6,Không có kho
7d1910d63c1a1154f9c69fa1a0f13937,44c71f40cd7a2027e6d81f96939085d8,167fa6376d8b50d729684cef15d18554,Không có kho
941e1aaaba585b952b62c14a3a175a61,451,698,Jazz House - 2 - Label | Brassa Style
9431c87f273e507e6040fcb07dcb4509,452,718,Jazz - 2 - FM | Jazzhop
49ae49a23f67c759bf4fc791ba842aa2,453,718,Jazz - 2 - FM | Christian Jazz
320a136f3e3736252e4c27f377d45921,45314e41716836d8f02ae0fd15fa21a1,c05a7b7645444f6a82928d2996ef2b0c,R&B
01835ae84de505f68a5630c3f72c424e,4532a18de849c88e0c75078e6594d335,1d147437408423ed8f9494f9cdb2c029,Không có kho
8e7534e0fb9aff200e95a42bd7605dbf,4543f82e11603d0b6e2dcc237cbab094,d6f0607b97a7263f4ba95a6603b9082b,Không có kho
821fa74b50ba3f7cba1e6c53e8fa6845,455,721,Jazz - 2 - An Tuệ | Jazz
250cf8b51c773f3f8dc8b4be867a9a02,456,650,Deep House - 2 - Red One | Tropical House
42998cf32d552343bc8e460416382dca,457,426,Sóng âm - An Tuệ | Sóng âm tần số
d07e70efcfab08731a97e7b91be644de,458,722,Sáo Nam Mỹ - Red One | Sáo Nam Mỹ thư giãn
d77807c2ebf0766b4c3f72fc6f5ab58b,4586f654d517a53cd5691f88715ef928,747,Không có kho
7fe1f8abaad094e0b5cb1b01d712f708,459,723,Classical - 2 - Red One | Remix techno
3d0002d4fb97fb0faf047ef11e9014ba,45f75bc735f30261ac0e3079c6a67040,54ccab7c64a28ba6649c49d2e468c372,Piano Nhạc cũ
0353ab4cbed5beae847a7ff6e220b5cf,461,412,Piano - An Tuệ | Màu cổ điển
042f594d6810420a32189ae01e95b5c2,461575c6c0ed4ddd501eab62c54e5140,4e9ed8504a0f4d9eb2d7e79a823fd306,Không có kho
51d92be1c60d1db1d2e5e7a07da55b26,462,725,Neo Classical - An Tuệ | Màu cổ điển
428fca9bc1921c25c5121f9da7815cde,463,726,Phúc Âm (có lời) Cover - 2 - An Tuệ | Metub
68ce199ec2c5517597ce0a4d89620f55,465,727,Neo Classical - Label | Reflective Piano
e836d813fd184325132fca8edcdfb40e,466,412,Piano - An Tuệ | Dreamy Morning
ab817c9349cf9c4f6877e1894a1faa00,467,723,Classical - 2 - Red One | Classical Deep House
877a9ba7a98f75b90a9d49f53f15a858,468,723,Classical - 2 - Red One | Classical Cello
dc6a6489640ca02b0d42dabeb8e46bb7,469,723,Classical - 2 - Red One | Classical Piano
b062899794e0e774e82022c306cda114,46aa646e4449fe98edc208acda895501,357,Không có kho
63da530847cc8e1312dd6b3f5dce9b70,46e02ad74b9b93c0b501d7251a9356b2,faefc21b949bfb6c368cc7ac257a346a,Tropical house
26337353b7962f533d78c762373b3318,470,356,Classical - Red One | Classical Kids
8e6b42f1644ecb1327dc03ab345e618b,471,356,Classical - Red One | Neo Classical
ef575e8837d065a1683c022d2077d342,472,650,Deep House - 2 - Red One | Deep Emotion Male
1aeea445e3b7a382420644ac9f497fff,472ade5b88f89d77676f1d206d700d51,81e308046a06b2e4c192d398d18e9116,Không có kho
2050e03ca119580f74cca14cc6e97462,473,730,Downtempo - 2 - Red One | Overflow
25ddc0f8c9d3e22e03d3076f98d83cb2,474,655,Deep House - 2 - An Tuệ | Deep House Melodic
5ef0b4eba35ab2d6180b0bca7e46b6f9,475,733,Piano - Label | Piano Premium
598b3e71ec378bd83e0a727608b5db01,476,734,Neo Classical - 2 - An Tuệ | Neo Classical
7e00ae9bd6f3e0f7a38b330c38560c35,476c73ea669f462c6cd00dde492c7244,360,Không có kho
cfee398643cbc3dc5eefc89334cacdc1,478,650,Deep House - 2 - Red One | Deep Emotion Female
d18f655c3fce66ca401d5f38b48c89af,479,735,Jazz House Hunt - Label | Jazz House Hunt
6ea2ef7311b482724a9b7b0bc0dd85c6,480,718,Jazz - 2 - FM | ACID JAZZ
9461cce28ebe3e76fb4b931c35a169b0,481,697,Jazz - 2 - Red One | Smooth Jazz
f770b62bc8f42a0b66751fe636fc6eb0,482,655,Deep House - 2 - An Tuệ | Techno
eba0dc302bcd9a273f8bbb72be3a687b,484,747,Saxophone Cover - 1 - 2 - Red One | Saxophone cover -1
218a0aefd1d1a4be65601cc6ddc1520e,485,759,Piano Cover - 1 - 2 - Red One | Piano Cover -1
7d04bbbe5494ae9d2f5a76aa1c00fa2f,486,762,Baladas Romantic Cover - 1 - 2 | Baladas Romantic -1
a516a87cfcaef229b342c437fe2b95f7,487,763,Deep House Cover - 1 - 2 - Red One | Deep House Cover-1
c3c59e5f8b3e9753913f4d435b53c308,488,747,Saxophone Cover - 1 - 2 - Red One | Saxophone Cover - 1
854d9fca60b4bd07f9bb215d59ef5561,489,764,Pop Cover - 1 - 2 - Red One | Top Hits Cover
6d679278ea712c1e2c8719d1df9196d8,48bd8df8b617ac9e50fe5b7e317e2d9a,9641d5ae810df53bd36d7f202d9d9a98,Không có kho
8a76b43e1bf4fd1e9e1622543e47a422,48c87b25cec2ac6b5730693609bdc0f9,3d102e50d19f6ba3dd00fbf9b22682d2,PUEBLO VISTA POLYMESA KAI MOUSIKI LP
c410003ef13d451727aeff9082c29a5c,490,765,Indie Folk Cover - 1 - 2 - An Tuệ | Indie Folk Cover
559cb990c9dffd8675f6bc2186971dc2,491,766,Rock Cover - 1 - 2 - An Tuệ | Rock Cover
87ff08a5baa74316cf16b7b20303b623,491bf3bd500d63eda52bb6c7038e6f8f,18d7106874e970707bba634b6ae5ef5e,Không có kho
1be3bc32e6564055d5ca3e5a354acbef,494,771,Deep House Cover - 1 - 2 - An Tuệ | Deep House Cover-1
35051070e572e47d2c26c241ab88307f,495,772,Reggae Cover - 1 - 2 - An Tuệ | Reggae Cover-1
b534ba68236ba543ae44b22bd110a1d6,496,770,Afro Cover - 1 - 2 - An Tuệ | Afro Cover-1
7380ad8a673226ae47fce7bff88e9c33,497,773,Cinematic Cover - 1 - 2 - SXN | Cinematic Cover
05f971b5ec196b8c65b75d2ef8267331,498,774,Neo Classical - SXN | James Quinn
3cf166c6b73f030b4f67eeaeba301103,499,776,Nhạc Trung - 2 - An Tuệ | Nhạc Trung - 2
17d639b1f5b36f00a4bed4ae12db722a,4a27183009b1ed34aecb89da7cd034c4,b57dcb012d2d09e95db7d6f6a9bb767a,Giáng sinh Lofi Cover - Top Hits - 0 | Christmas Lofi
6692ae990365e533c72510c5b31c3ac9,4a31dcab72da700d313f74f9337934c5,096abb0ccd7ea756dbb01a39409c46b4,Audiojungle
24830190aaf77fee6e5d807bdc6b64d3,4a9ad23900e9ba73a16457ae482d80e5,e95dfcc0b2bcbc5d427f103f823fc656,Không có kho
0bd5a971d0e29f8915b04e2b8814ced4,4ac9df063c2df53f8163df78d185ebe4,c18e8c362fb2ff1e8f06b00bb78ed057,Không có kho
d5c320401b1368e8b9b82489e9d1ece6,4b1920c38248bed9c97e0cffc76999bc,8be58c415f272809c90c3981682b85d9,Không có kho
0ed8b4f647a7d7e375a72bb0495928b9,4b97813ea1c1b19c8e6086e733e18fca,c85959fcf73d7bf1c3486bb49487f15c,HALIDON MUSIC
c7481a8a9dfef7fff8f01b4842451f58,4bb6db3a3b89e779a49add4ead7167ba,762,Không có kho
c0bf6f24749870fd433b66081773f18b,4bbb5c250473e01bcf1be40c0db5a55f,beea81abeb432c3569c59e20535f0571,Không có kho
a82a9a76d24f459a9ea605dd6ed22e56,4bde04a766d456d19968bb13efc794f2,0ac71dda667aeef2b066be67fbc00d25,Không có kho
31e60fa73a021bd7157eeb26ffae4a63,4c0f72a35f3775ec7c7ed76258ccb7bb,8e7f6bb9c20690d3a3a62c3411a96bdd,Không có kho
31f32bc94ec14c3db66877ea755ac9e4,4c1cc35f86910c7208dcfa81f7258b43,386,Không có kho
06b7195e1d8f6d9a2071d7c1002f5860,4c77f724b8dedf98f2f1e925995af239,406,Không có kho
d23a74b9bd63f2d7e803a5c2de311ae1,4c8a0492c48ae74ae224c9d539bcae1b,896fc05d6d29242b6eee68b69f254154,Không có kho
df61332bb6d5d1368a99722c95877da9,4cf6b145e0787a1b4d6cafd00116c671,faefc21b949bfb6c368cc7ac257a346a,Không có kho
8b85cc81758f7241b3399957e5c5d742,4d3df9a45dd9ee5817572cd895dd9dd9,bfcb05a2bb86bfbe4950bfbaee7091e2,EMVN
54953cdc91a2fcf98f939088e76642cf,4d549c54f6e3e63eb4d65fcd26396185,b03bbf0c6df6daa75fb563bc69bef781,Sharapov
1739eb74e9421f417b3dc5960497ea67,4d6bf88d025a31e3f2e437198d5512a2,427,Không có kho
b7bd6225d3c526b37ac0c4ada23f9eaf,4d9b17d0412d56e3fcafc9c8147a9444,b03bbf0c6df6daa75fb563bc69bef781,Roman Horbatso
f0b6456c8879c355b6276efcce9703a1,4e167fe224229d30c1f8a8ae5a24557a,eb7b96d1d1f3f55641a03b5c2adcf9e7,Không có kho
bdd6d2933f717e689242aab33b6f93b2,4e9431304b5be13aedb673ca97e0ea4f,d66ccdfb8ec62cc24b853deb059357de,Không có kho
a78cf46de7849f17c076192fc28869d6,4f440e98f958483c4d5b3080db1471a6,ce03f8693332c73318d10525f0d24ecd,Không có kho
b263de07e43ddea60d256d3ad37544a2,4f7b79d7dd799d3db5567a73ccc4028a,42259b99db44d77813130b3a3fb42300,Không có kho
cee631121c2ec9232f3a2f028ad5c89b,500,777,Piano - 2 - An Tuệ | Giao hưởng Hàn - 2
5b69b9cb83065d403869739ae7f0995e,501,778,Lofi Cover - 1 - 2 - An Tuệ | Lofi Cover - 1
b337e84de8752b27eda3a12363109e80,504,723,Classical - 2 - Red One | Classical Pop
ff4d5fbbafdf976cfdc032e3bde78de5,506,779,Sóng âm - 2 - Red One | Chill Binaural Beats
0fd4e9fcfae260f459a8cdcf05ab4753,5060ab9618888114d81c19a7655fc752,740e91c2d8cb645690fb0a960ce5c40b,Không có kho
2d6cc4b2d139a53512fb8cbb3086ae2e,507,781,Giáng Sinh Cover - 1 - 2 - Red One | Giáng Sinh Disco
2e07ff77ef3aa866a88188a80113bfd7,507f733e60f434d7d2012fb0be627787,b03bbf0c6df6daa75fb563bc69bef781,Katya Ria
389bc7bb1e1c2a5e7e147703232a88f6,508,779,Sóng âm - 2 - Red One | Summer Night
e2230b853516e7b05d79744fbd4c9c13,509,779,Sóng âm - 2 - Red One | Stream Flow
c1896243c0ff5f19b41a49bdf6660410,50950758c19157f38a60f8b91b56785e,eb92126cdd87866ab3028e85a7f00822,Không có kho
b654e7d946b475b20a7403cc77f5a615,5097851abbbbcca1322f3367cd8ae6b9,9e73127ff34947f2b43b5165f614e2fd,Audiojungle
9b199325817aa8f22b30661e4dc476d6,50bd57ec0bee7c8943fb6e8e8c342bb1,770,Không có kho
759f9091c6850dd731b855611cdfb6ae,50e100ab63a0de879e5e3188b85d45e3,12480640c019959725ea684e28d9086c,Không có kho
087408522c31eeb1f982bc0eaf81d35f,510,779,Sóng âm - 2 - Red One | Forest Rain
36f5131cf244be34304916957f3db6c8,511b7fc2090e0aa219e02205d3dfa23d,bfcb05a2bb86bfbe4950bfbaee7091e2,Không có kho
03d1a829d906422ad61600e48996b8b6,514bee31f2f682496a21c71f92ee97ce,00c448d0537005090b8d7d233b87c0b8,Không có kho
d20dcea9e8c504a8c4d64afd1d45a2c3,515f92c0751921a56f40369cdb87ee06,25f9b77ed38d44047df4cca4470e0afb,Không có kho
f7b5a1b3d911770d1ef7108b11ddfa36,5243e4574d45281fab7241a99b803f79,a44b5b34393bfc51605370be2d00613d,Không có kho
a2ae1f02b4e97c60342f615a5c27be0a,5302d5f15f15f9557d912a18a131c75b,39d075df69c235f9b164112ce088ff00,Không có kho
c4f5e74b2fb7aa1cf8411559571bc25c,53e740730e4dc28da667ff7d2d40beeb,20f58aaa474f6f0b3978fca0206278ff,Không có kho
3d5f55da90442aca3c0cf6f50ef98373,53f8ac410bb3c6573ee59bdc28c93ea5,723,Không có kho
5afa42c4ecd88967816f959e2e467e31,546b784ed6a9a245381406c892725beb,a90f03b723cc8eaa74884db9f28f5c25,HALIDON MUSIC
bff21c5a9799bfb43e3b723386cc5402,54799de7553c2c999081c93cbbd70521,378,Không có kho
76b976a99b0711cb7ce134062f77cddf,548bc6f5b085be98febbe2108cac5d0a,eda779676a7d9aa5b3f645f2a5d72cc4,Không có kho
98d49fc81431955a74257e044d4f8a3b,550fb00aaaf38f26f0dead6cc6b7c732,3991546ea41cb8b60e062046f3bb3a6e,Không có kho
d12fbc113e4eabee1b105e1dfeb49ed4,552dc744e9b91c6f0efb64fbe4b46b5e,e701ce4ba9c5c7459dc65512d2a59e50,Không có kho
d88a4f04b732ce7ddbce7793c4103608,5544e994444f26466aa73b203c5f09b1,9d4ae06fb2805863b9df7ca8b66b8ebf,Không có kho
625dc3fa7bbe702e5beb66e701b57b8e,55855434adf4099cf9b343028c1736c8,51472657ba13c8bc9442bd061612246d,Không có kho
ddd4ca8770eb51ee7f5997728cfc860c,559e7a84a83ab975bb5fe97191114325,07c01319d73071ccccdc96aed8cd0f24,Không có kho
1de35f7cdb3523c14470932946ce1167,5638b8c5de2e4900d6347e31963aa1b2,5394e8bee40d98fbd7a238a0760d4a1a,Không có kho
fa75a281509d7ed66e213d1c3f652993,56d9aa39f3e80e2d7c76b81ce9123073,5c29bbcc1d9b46fe5f9720d082c5b23e,Không có kho
440393de818de670b2516a69d3a9a965,5769e0e565f4f908d6d4d2bd90bd1846,672,Không có kho
5448a9ab42b6c30c38335f4d63ec7b38,577f5a7306eb2eeb37ff59360e461b23,f56329e7dbf204ccd048ace543923a7d,Không có kho
8dbb80c370631e2ecf389f6d7b6d9e40,57cb4ed6f741ac59406e7ec3c7f5a619,acd692bc5f4596436f960a79169c2a72,Không có kho
a32d9ec790d081d6b0c249d39d2f94c5,57ebde4944ec73b9c27b285eb58b988a,664,Không có kho
1408ba3a3689c9cd1fe6e38232af7280,581a18fd040388c1cbb13c7b12514c6d,04df2bcf8f5637d9e850966e9d1c0340,Không có kho
af5d4d5c0f06576023bc8ffee7a17109,58387f86de7e5ea22fafbafb305e8444,58900f2906f08d1261cfe6684295cefb,Không có kho
a5758fee30d4c3f8b36a928c49294c46,583e4b21667ebd972b9830bfa2329198,b03bbf0c6df6daa75fb563bc69bef781,Tipsy
9afacc69096c64e4494aa63969d68a30,58433734f0d9ebe6499b195baeb68670,716,Không có kho
56cd191f875f1338083955c301aec72c,585e12642954fd7c426bd7c9433bb316,6dff9adb589f789e9643ae6dfd315192,PUEBLO VISTA POLYMESA KAI MOUSIKI LP
690a8781708a80555bc884702af76e58,58a18b8027af09ead7b7e7fea029b59e,b03bbf0c6df6daa75fb563bc69bef781,M.O.O.N. Pro
4b6e0c6e2018309a2f16266a692038d1,591abd0d78cfce2a5d3cbd61345d334d,7ef0670f5ab4b0a90d6bdd19f14bc2c1,Không có kho
f33505d741ff9463ac6039bb698d9ccb,59558f38d52245bf102a777864e68f66,439,Không có kho
d45138c2701db332eb67ddddb4b4e81a,599d4e08288a6921944a36f08be21903,f00292a65e150634c480c77449198601,Audiojungle
3f33cb2fba568734cce9dc5bb15011bb,59c403d6c6323e2fe6254cc2e7e94981,361,Không có kho
b9d624cc5f3ab4188fce8b481a390428,59e0117ee38aff34e79cfbbfac700110,82b3bdff278a4d68763208dadabaae16,Không có kho
54b7effe83cc2945c98679d22babb8d0,5a1df83df8cba559ba0b3027d199d2f4,210db5539804f95c3bfc1d43124bad2c,Không có kho
e8bee7a694f9e01e486e7b0d77260e50,5b472b2d82f693cb7400e8340b3e56ce,2991fa032a7837869c24fd0353707367,Không có kho
1197a3cf0a4a381316ee0e0b66e921ac,5b91deb53f4d26b96cdc6e0154cb6bfd,096abb0ccd7ea756dbb01a39409c46b4,Relax branding MKT1 cũ
1895aef08324309781a03aecda49cd18,5b9d73a4521b7bd528a36555f7ebba1a,a10109e36892d4ce101dbf019c2ce658,Không có kho
e5a047f26921fefc7a96f8cb6551b804,5c2c0426190d473c9d0a7fa639aa5cce,7591ed190a7454fbbbe78b36a155cbae,Không có kho
6a1f152623cdb5bacb3438dbd1d72e7a,5c408b81a789c3c92a8eb4e8a77df6c0,b03bbf0c6df6daa75fb563bc69bef781,Beat Boutique
e426e4531ea5d42924339b2ea6828ebc,5cadb8e3167489da03e52a4fe05a8b92,ae09f75759394a92c8a4d87eba736025,Không có kho
41becb8df491595851191cfa91db8550,5d759e7a247f509beedcd1788320a33a,432,Không có kho
39fa04a993a09f20f8be49cfe84eb5b5,5d7814dd9845f88b23d58912086e66f9,730,Không có kho
528c3a8f8630a194cfe385fef77ff959,5d9decc9e29f2e7532355f43276a60d5,394,Không có kho
995776532ad55ba88a2636baef955706,5dbb0b1a9540e0fc79b2f89fcff60040,408,Không có kho
ab1e9c3266996490b089e8be8bba7d5a,5df806cd5fe95caa919cdc7c1694c881,421,Không có kho
8700caeded0955c496bc751fc3e574d6,5e48324abc4192724e2d647418d542d2,c4d051b7297afefaa1a79b90d636d427,Không có kho
8b7b0ee0a046342bc74f4c04fbc9d5b3,5e484fef73845d964c0a3b799961255a,53a8f7661ccc30aca0ab5d22b28c7b00,Không có kho
3012155f0f9ac5a104b6b90c0d654e0e,5e6dfa43cc52434103f953c86697ce12,1db574643d1933efbbc9a92dc423cebe,Không có kho
46fd31afa3506218d30862dbf27ff3f8,5ed2f5422e6a79fc3aad0471c5419b35,096abb0ccd7ea756dbb01a39409c46b4,Epidemic
4ec008b676b3999545c98ad9531a3327,5f1a49b96b9be0c548529f17ca53ed05,c0937a321ee494b92847e54b1cbc0fba,Không có kho
8626bca81cc9e5f13800296a38624c4e,5fa4e6ee1ae5231a259a8bd8db3f7a75,f00292a65e150634c480c77449198601,Không có kho
ba16b98fa1a4396ca4d50247624e119e,5fb17650a4932183abb9208ce9f74f76,740e91c2d8cb645690fb0a960ce5c40b,Madabeats Records
e23fa2c9ab6068febdebb3d83b32a866,601114557784d4722c9242d7b7efe19a,f4c9415c28371e06f444b42156b574ba,Deep House Cover (Chillout) - 1 - FMG | Chillout
0ddab5e1a463aa867c1fb2e3504a5728,606514550b6deeb4f47f8079d05feb6f,431305f72915393037b7a213a15354dd,Không có kho
d5e5f08b3fb4a88d4006cd4e67354fb3,60982c254f6f60861ca51ebf924b7b19,a46593989de76528a4cfe88e66d7a210,Không có kho
889844d14e4205858680a4ea2fa0031f,60d62e8c1874f8da16a00a942bbfc5c0,3401502b4c84bdc0a00000fb8bfa1aa7,Future House
116bea48f5704576490a178952dd762a,620219636606f8f74983fff245f69c69,c7c5089f5386ff730da29bfcdb3d0333,PUEBLO VISTA POLYMESA KAI MOUSIKI LP
ea510f6ee0e04cc7ab17a25b71175855,6247ac5429b1165812259dbdf90285f5,8bbac27c696ebffa45a9b8da924ab95e,Không có kho
277be0990051b2404ab252e55dc8af15,6268bd392cf45e500ac51c08bb368442,e9428103b52c7c14beabe9e2caa93a41,Không có kho
0c789aaace92fb61a2324ba1f3b8ef7b,628337e996b5158138df083fe6fb83db,405,Không có kho
fe0230b0b1c5238cff31a9c6a25cd368,628f4190bf9ab21892e1bc2ec778c37e,fcf1586c58027bd0a9a1fcceab4e1c1e,Không có kho
91053a829bd3cafc67fde13eb4b57d4e,62ccc0085117f78b88bd8b7fb7a49ba8,5a330b42aabf37484991988af8dd06cc,Không có kho
c3c6bfdbb61f299e5987bfeddfce96e8,63390a7430435d956e01e39d9c6a4647,3a53ed27d1883838588ebd93fed0259e,Không có kho
dd73accf6a14cbaee2e3c49cc7fef3b9,63662099d6d4bc20ab191715766cc4a5,d584e39df76e55e95a12f676f4bce15d,Không có kho
291ef0d91ad8a4da6a2ebec9d5cc8bbb,63a0fa5e7a666b6935d19bdec2ac71d3,c85959fcf73d7bf1c3486bb49487f15c,Nhạc nghệ sĩ submit cho mình
0da6bda95fec4272a1b86522bad280e9,63ae425d17921720f24696c06609185c,49f37efeea0a34f1a554c0f1d8387f0f,Không có kho
4b8aa35436518f26158af12c62354d31,641c7abcb29c6714b15a1b48f470a5e2,76b043c3d3552f3f1bd01c1d59a66857,Không có kho
a07b416b59c7a951ff024f5e23618d53,656259f17c9682a3073b50030bb2114e,af95cfd0298f9916a50aac87a49fdb27,Không có kho
8d62b952cfba03aa8af7fd059d63fee4,65abcfd768fc12b44efce914f96573c2,7820dd0b57b466543660560ee6d08cea,Không có kho
8a0ddae677f2bdcdbfd76e1863f4a4f9,65b1d36a81d89a526b3fb39c197a9c9b,c85959fcf73d7bf1c3486bb49487f15c,Lofi - MKT1
aa3b548d3545209745c1a5768f555742,6606191941efee93773f25c46a3f6621,096abb0ccd7ea756dbb01a39409c46b4,Nikolay Statilko
73c24b86ee21ec9f40535c98dfdcf9e8,6610897807adcffb91bd4252ad2dbe09,382,Không có kho
fe5375958199bc93ce717fab0d532cc4,66592d561278e89bb9407c5620fb5ef8,c3d2a7292ee334e7ceb7aa9eebbc5c21,Không có kho
0ec9bc69024cd2254d6d2159f5088b4d,66d9c32543242fe104c6111f947d6887,397,Không có kho
60669cc001e9b6e295437b7fc8025250,678d03a46594d64e17c4a310649e4d8e,51fa151c04b62aec1786159d22134222,Không có kho
c219d1a4fb7fb4ee05797e2967ea02f8,6797c4c8d8596fa92a5f8a3584ce34da,358,Không có kho
054cfd8ac5e649ad964d888b81b12f88,68076fe495a192265383e7e05f6f9461,815a5db0f121c22f8b20714e0b5bc717,HALIDON MUSIC
55d011b2f8dda13d6d6c0c1682991635,6856dde11f78b85eea7b1ead00ea4e42,29f44c9cad2f154e0530411209250da3,Không có kho
5f36bd8cc81866f64b74aaf1fcb35d06,6941a52658930fbc74fb91e3d6d0960c,e3facedf5fae83c0ef0538d6cf4ca90f,Không có kho
22a4cbd43da12fcb25bf187f656340d7,695055d99505d4512a1f8d07e3bd16d4,dae0110786186fb522ba3f4594db5c0c,Không có kho
90824b77fc8d8e38bba14a5fec98a178,6a2497f96850c6a3768d541c4a92ed54,c892750621fe223d244a54acd545ca0e,Breath Of Heaven
d4703df1981ac8cbfecbbedf64865616,6aed86ee4b86080aa996b6dacc18439f,f216eba3a62ce8deae8aee064eca8c21,Không có kho
bd4e3e421df39a5ec0ca090120034830,6b2f224320eb679c9ce9e08e73476f39,b03bbf0c6df6daa75fb563bc69bef781,Daniel Borchert
3c6f4c70264e15b25c5170ea10651568,6b3b2c7d61680e21aede84cbf7032ab0,433,Không có kho
f23bb0979d84231d51068e0b2aff0631,6c00886793a8751543f419a9fce01b9d,58900f2906f08d1261cfe6684295cefb,Giáng sinh Jazz Cover - Public Domain | Giáng sinh chậm
7961929654234a326365cc566ac947ac,6cce86d207efcf78d3419f3bc05f940a,c892750621fe223d244a54acd545ca0e,Selah Instrumental Music
6e188b6d1433b3469fe63045fe855f57,6cdd86847bfb2cfcdb32aade32a6cdf3,c85959fcf73d7bf1c3486bb49487f15c,Lopills
331ba695a077e3ab4edca0163cd6485e,6d0e4ea4111b107ee3da9b5196bf1393,32a43ab330d44b44a7c43c50dab72480,Không có kho
3edea725df78cf7e7d0590addd06a5fa,6d71586a7e5dffdd4581e7c1cb3fcbd5,8c4f339883e911664d607bb8127a586c,Không có kho
efa618ee5292c207d920d1eb61cdf269,6db6d94f3c733bca867b45cc38c136a5,a1222dd200a5d481b04f4cd8650598c0,Không có kho
d82fcb899bbc7c36a5576655591507e9,6e136f2e6f57bdf1f927d3cba76ffb68,9edb9fb6e372897c31cfba8f14084f6c,Không có kho
3a67caf127efb297dbe05ee8eba410ab,6e1431eb51d3bc55083f8ddc7feace84,815a5db0f121c22f8b20714e0b5bc717,Audiojungle
630fd6ede8f1d2321a3cac2c2b8da02f,6e46eda705ce40b3f83c920680329593,d646cca6d15ed0ffa550ebf846b37c02,Không có kho
dd8d6f53ac7b04c3fd1e55470433dd5b,6e8326013f37374403d1e1149dcd0b45,9664c5d787f078b3cecc553d3f1c6963,Không có kho
9e441d9d3464ff5c4e04ea46b90a1171,6ef263847947e370922846bcde89d498,6b4487e17f47defaa38e376e4f53a8ba,Audiojungle
6e6268b5ac92b54abe3501a6a7c788f0,6fa5829b676d5ad0328aac8d6d86a638,450fad3ed98ad0acf0a2e2b63066a638,Không có kho
eabed4dda81a3e45f537272deb9870a0,7058d14d6b70d49c648a1c90076f16fd,430,Không có kho
374cf24e9ecc1cbd6f22de08f9aafecc,70aa3fe27c22ee9a5433b56e22b76daf,cef6587c62c5eff8b54c3afdf41254f3,Không có kho
5bbb9a1649e546d9417711fc785f50bf,7144a5b47c89aa7ea7c523e256c54c13,b03bbf0c6df6daa75fb563bc69bef781,Das Ohr Digital
18c205aa0c0cc07888df3790ec9b8f3b,714f6504c522fc5ab0387de8dcf39365,390,Không có kho
adbcad50ec0816553822249ab7b3cccf,7164305e7e4b60e2167762142bfbf82f,c85959fcf73d7bf1c3486bb49487f15c,Không có kho
aed240e9767fbedcdd54708f18f7bcb7,71bc496dd0b916afcd62974fdfef6eac,b03bbf0c6df6daa75fb563bc69bef781,Leo Kodian
06fe3b26f6ebae63261a45cb02101cdc,7241ffa59b8cfe90b153e7cfe3a82fb8,419,Không có kho
737fb5d88193c7372578b7814a726d9a,72548edac17b549c0f05da745bad71ac,457989e1a6e29c356a7a2ee22f482cb0,Không có kho
39ba47cdf98d686a19e5f1e1c668f604,72c9bd781dfd52342d27a60246d3ef69,5c91a562d033fdf594abe3b44b5768de,Không có kho
8eaa9cf7b0bfabbf9ed589b38d48103e,72e3503571f4d1d43fc121aa7442be52,5c89f0a71acba3f2e3b423efbf3dd5e0,Không có kho
cae11d51768a3e19c1aaba662dfaa7d1,732d92bd0204ba6f136fb5a88f0005a1,a7ed785c2dd17024dbcf34ebefc0ed6c,Không có kho
d8819c7bfa50d2dc6dbbd13722a309e4,754042c6f0a65086101b1be1c89b1a11,428,Không có kho
03b4668d3bdbdf03938651ccdcd93b7c,7585fc0b1a1aac508a64f29a82a4e5b5,2cd7ec4fffc244d2f1ef5225841ed59c,Không có kho
b5c2c8deca37bfda4ece2345c730dc6e,75901fd641aa5f71f78cb56e40eecd30,3b5bffb512fa52825c64122ea403c5b8,Không có kho
44f78e560ae8916c83b417ae690b03d5,7590af2726573c81eb0becff6134ef15,773,Không có kho
6efbdc0d8f1989b3c51a7289b801d764,75ebefa9ee8d84f54af7ccf7645b10c1,a90f03b723cc8eaa74884db9f28f5c25,Epidemic
3eca15da190a69a7970f620a106d5f66,7660629455a6082bac6f69f5be7f454b,673,Không có kho
3b9677f654c2069e988f5fcee16b198e,776677701a0de0cc4aba9d5db1fe30de,3401502b4c84bdc0a00000fb8bfa1aa7,Chill Deep House
0aecd984fbaf91045647b1a0fd00d789,777207ae092a22f29403eac57e7e291e,367,Không có kho
225a2cf115c92b91a9e73ac8c1760187,7855dff7637dedf078049165c1c55b7f,383,Không có kho
7dffeae72b5080dbb0df05989ea416ac,789fdccd0f5d500e8381fe47bcfe984f,376,Không có kho
f2381b022fd9ee62b73a72caa5b79d03,78bee92394b10b7adf65603a8f8d9669,f5239dac8aaff4b0a121ca54876ac185,Không có kho
16f53ff67570ae0a13ebe6cd8afeb0f1,78d6d276452ca0ee4a1ec462c98dc927,11870827e7ac2dcf9e2bfb26745af04e,Lofi Piano/Keyboard
49a146641e5d30a454a3dffc5382c4f6,78d9f6f47d6e8b722634d1160513ef16,5314cec7e55dae201dd2b0d39d7792ef,Không có kho
d4612f949d1dcfb0a889699a1a3c251f,79548bd1ed22f0f80ad4938d6589504e,b03bbf0c6df6daa75fb563bc69bef781,Deep strip
9fc52b0366507ba65b17aa47a1167cbe,79acf21e65f6f80f71dbdb4d62429883,10a5870f75d2de19fcf483b8b9b3f93c,Không có kho
9662f0d20e83f6552a982f82f4393e75,79b0a46d1904961952e0fd48a5c968c9,7d38843504be756b17fe8e9adec4c832,Không có kho
3810f1043062e999d8afe2bc682f7e51,79b1664e03eb0a82241e7aa42500a5db,c0a3a39c8e7f3dbe0a6da93abe869412,Không có kho
f2dafd0f735a89a509310a2ced322498,7b27a980fa0fdec3aaf916f3e18fe001,411,Không có kho
538f524296bfdabeb32adb3548a7ba93,7b49520cae0924ff37a4abcb7a63d5a7,f0eeca85a1c4c101962841187b2db9d2,EMVN
acf5fd6bf95f24562e04da0459b933e3,7bce6f420e05da48ca7c7ad0d1ee316c,49cbc25b9b12901ed3a456b3a6636a00,Không có kho
746340acb66649ef597e529d2f13fe86,7bd220fc6e8a7ac643f17794a9a1b616,c6e1d0621cf52a7dc10b0cf9c9de9edb,Không có kho
d26aa9c4eb41de1fe419fc829be802e5,7bd8d210ad463ef64861129f9c77e786,676,Không có kho
4fc91640c88eb7e4437a54ae7c8e2a4e,7c67fcba84d154242c7569990baa49a3,cf5438c9140ea18b7a12358933095ce8,Không có kho
ef90ca51718065f74f01fafb29ac21d7,7cc0f7f7ac01a35de0496485573e0d88,acfcd904703abbe603488be2e1335bb3,Không có kho
31a77421271e434e2a3f9299434f8442,7cd5b9590444aa3a65e3b7c31cfbd7ef,a8b869c728ab4271d46db12aaa46d263,Không có kho
da263cdc70835204cd40fc40d6807799,7d8718eb848bcb92ee8c1593a280bd2a,8e954ffd8cc2529d88cb5367eccac62e,Không có kho
0e2908ace71645353389187aeb1d4a07,7d8d84531abb5cc272c9de4ced5b43b9,cbec94d670a29ae716fbb8b5052ba766,Không có kho
d28807adb0cf09df9b70e2bb02e78a2b,7db5b4b4331a53fd6170f89e27c77b59,b03bbf0c6df6daa75fb563bc69bef781,Natural Deep (RA music)
42663f0f83912df25fb2937466effdfe,7ea6dce218d211df27a9992673e47e19,58900f2906f08d1261cfe6684295cefb,Giáng sinh Jazz Cover - Public Domain | Giáng sinh nhanh
33bd1724c57f0f6e48e2135dd4df8b21,7ea8d30df5b227f5b553b7e17ad09e3c,ad52dc0caaf866aa3dfcbbf1dfa61431,Không có kho
575d8e4fea5ffa216809a37e28d2b6e3,7efa6ec21774a5e3a8bb830e8d62493e,9eb1bd19925d5c385d151a1d9c4acf65,Không có kho
4efd2a2d83223356f6b59edf16c7bddd,7fa850712c8538a863fbfcf9ec26ab6e,650,Không có kho
cc8ca6984203319f89d7377d0c4b65ff,8052e72fc26d24d8c7b17f23a11e69df,b03bbf0c6df6daa75fb563bc69bef781,Extra Sound Records
85b90fcf4d85038540441fef2656d505,807de902eadf2313d2d16e16debba06d,09784861f48851f310f3f4428067f23f,Không có kho
db515364605307cbe12f5f898c92a44c,8080dec11b01cc377d4ea26540a03721,ebae7f14cd0139309bf184498922cf3b,PUEBLO VISTA POLYMESA KAI MOUSIKI LP
d6284f6b2d6bd8221a9e761bef82e61d,80b249de1abe6605c21e88550099ded5,bfcb05a2bb86bfbe4950bfbaee7091e2,CID ĐỘC QUYỀN THEO KÊNH
4e90270138adb7990fb07e3ec6563409,80d3ec90da906aca078805b38b9cce49,650,Deep House - 2 - MKT1 | Deep Emotion Male
45b854bf30ae8129ea0d00b1627e4017,8186de187f15ee69ab7bbe4a58275b95,b03bbf0c6df6daa75fb563bc69bef781,Sensoria
d0fbe8fc980a896947427cbdc420e0bf,81a11a7d71c8bfe5768f9c6d08c9ad7f,ebae7f14cd0139309bf184498922cf3b,Audiojungle
415f4f6c8bfc845274454acc9726c069,81bd8ca47a2729e7adff80ece017e3f7,b03bbf0c6df6daa75fb563bc69bef781,Mark Music Records
a1feab023f0acb15d44e20fc186169f8,821a6937230c28d5398b19d0be8df21b,dec7e6ab2dd4b596bd8d07411ca66585,Không có kho
82f109056c03be5636d1e3bef93db583,8222fba0d3d90b95f35fb3455000d00c,111243c15d7b53fb687fecb940adaf12,Không có kho
6cbc9c4e217af9d58dacddd2fa637589,825cdd3f6abdd11dbfc4e688f40bc84f,cb5ce205f6adbc7d274eab673b791e53,Không có kho
6e2b27d46df441ff95101b8459e17e3d,8284560fff8bad5ae3ec1c2c7a240a7c,43964c3a6594835ddb8333e51f085118,Không có kho
7726d1a0baa0eb8afb581572690f79e7,8295f18c30012a1f44d5a321f27e20de,5df6d52501bf6c6e1756907bf5e7a503,Không có kho
8ae3aed01bb5cb902f394008b4484772,82bc908cd55bce177fe949571e6d006c,0b2d18b60fe864e8d5b7a6b270d08e38,Không có kho
f55a10dc5d5d10065960352b2dfb9d68,847dbf1f2817c3672cb58c567f97d46d,bed77f71b0f552713721f34c587ab5b7,Không có kho
60e998b8429554b42cd88e537654fec5,8484d4316ba335eb7604583f7d3b2441,0ead7c68214f51a7e6ba8c78e58c96b7,Giáng sinh Jazz Cover - Top Hits - 0 | Giáng sinh chậm
fb06df5fad10b6aac8109690f7d48923,84e30ed5f0468799ed615edb8a2603b0,c9636d9ed9cf54be92ddfc0ebf3d6a31,Không có kho
8fa384c14dc139275ae59b3ff19f090c,85e0f58782fbc3b50f00bc28d727ecea,096abb0ccd7ea756dbb01a39409c46b4,Palash Sunvaiya
46216228ce7ee63f2ecc113657a7a3cb,8606cf55cc690f96a3e092773493f3d2,b0c1e4a016dba0650909a905e6a07970,Không có kho
378da066bfb4e6e47b8d41c0c0cde373,865838f44c7027403ea22adf04b90b23,faefc21b949bfb6c368cc7ac257a346a,Deep disco
aa7f025a9f44a643b3f8800830227644,865e96e0acb07c7dda413b19e515a90f,54ccab7c64a28ba6649c49d2e468c372,Không có kho
696a1973be2a58b4405f1ec8a6192fb1,86ba469506752b2b817185dbd51a181b,38991731d0d9ffecab08096847742c5f,Không có kho
642cd5ce3c92cd138a12f94bad0959e6,86e58cd8078f620af5407d9fbbd189ae,f2ed24591f46c991ef7aac30e6715725,Không có kho
06f1d97712c5a5338e970656d341fa53,86f7e320bf5328d638c076b93f4fbd20,fba459104c8674ae5623069604493fdf,Không có kho
a6b809ee5d5833d3bb6c5286dece775d,871c579b0ae35d1dc92431b50f5311f7,b03bbf0c6df6daa75fb563bc69bef781,ACE Kings
4925ffd8a6d88bece2388e75ae1cc143,87d8acde97c70ede8a13e5ab27925698,b03bbf0c6df6daa75fb563bc69bef781,Không có kho
8f0cffdac03d7fe5c5dded137187a560,89a4dac9e3d6e34979c9fd2ab7a77904,0b2d18b60fe864e8d5b7a6b270d08e38,Giáng sinh Relax Cover - Top Hits - 0 | Christmas Piano
5537226a013ae3744d2deb799516a37d,89cee30eabc0cccc6eac552d51b1b8fe,aaa6ad165640761e4508dfb8c350e05c,Không có kho
2e14894fae0be286157b79e633353ef6,89f1ef4f05a304fc9bca875de4052948,e415fb00c932e2e878172257c82d482a,Không có kho
56a697798ba54a31e62e13381ded224c,8a37aaee02b6eb052e44ca628466a957,b57743a92645e7d3c0ac4597c4d112d3,Không có kho
cbe0dfdaa5c815f629554ed521b8827c,8b7031193c6b31fd381e6dfb193f5810,52dcdca00da1e9db7430d919965be1a0,PUEBLO VISTA POLYMESA KAI MOUSIKI LP
b22957a44de277bb9472ae82206ae9da,8b80839f5fd9388f01e75b654c7df087,b03bbf0c6df6daa75fb563bc69bef781,Different Twins
38af592a56d926bff59a4a576fdb1bd1,8bc195f4767703bce5b9d10aa3e52784,c5d7b9b61ffdcddd62e6a1ad3ac19653,Không có kho
cb4b5de15435d09a884c3663bdd9e93e,8bea4ca73dd0d0c72be54fc17faa844d,438,Không có kho
301c9b88fe3547519c6a42b45bd4abf8,8c5536e288297acddd651f896a65c93e,fcfa2d1f5aa68b2ad62d0f3eb4b67a34,Không có kho
a79bd18d3f82cbd81344e0291dd3007d,8c94260431f85ac0ffd8b5c810d92f87,59b0e7982f367465a7d30c668a95bc3d,Không có kho
c9b242356b070c506d8ab0e3b23d6d67,8cb5d41f4d9c0c48e0f3801d6a265849,a90f03b723cc8eaa74884db9f28f5c25,Audiojungle
59ddc875910d9a9e556e497113d88667,8cd333aa791ddd6dc8a847cebe720219,2fb7c236744830042382b8132ed6929d,Không có kho
492ecb5eca73d5bb9b6400f3e4583575,8cdec2c04a08f3ad631b84293cc015dc,9e73127ff34947f2b43b5165f614e2fd,Không có kho
6261485219564f34bbd08806650ccad0,8cf83d6d2a7a901240fb77dab3920207,b57743a92645e7d3c0ac4597c4d112d3,Audiojungle
12ede9b144ea234b6b1bd5728aec696c,8d06865fad1cbe86c2ee819c8c8824fa,c8810eedbd3e93a543ec007365ce8aa7,Không có kho
853e629a3323c79baf4a541c66a54c02,8d48eee5d58601b8cda8532d03fe07e6,ebae7f14cd0139309bf184498922cf3b,Sóng âm - HG | Thiền
6a84e5c63b8257f6dc44c8927e3f5e51,8db80e2a53bc4f2ba5a76f2ce3198e27,cec93b0da204090d145a7bf9f2fe80de,Không có kho
3d50b8ab2f2369793973e571f4f7a7a8,8de7f3dbe29ecf7bc78373054b752212,353,Không có kho
4a5210e3d8ea4c8bdc137f0cd5401014,8e11d18d043d2913f39378b7cf65674b,d1fa3756e297223de10c399ab607216a,Jazz
c76f146398e9ca2628f359ebbcbb030f,8e97986a080a87593fd3121d4b397cf0,656,Không có kho
342828f929276cbba001082d24124deb,8ebe6dfcbcd9a24e9abb4e6529c21bac,2991fa032a7837869c24fd0353707367,Deep House - 2 - MKT2 | Deep House Đen Trắng
0fccd37352c040e639c24e3cdcdf1bf1,8ee821f36d8da82eb3bf709450962de6,067cbf06fee3a3b272d011cb2035d562,Không có kho
82e59213c8539a605b1d94aad7d622a3,8f12beb53d8b40e664de68dcb42787d7,b03bbf0c6df6daa75fb563bc69bef781,Markvard
096c6adcb2416fcd915737d28faafe39,8f3adfb2430413f53ce3214abe09343b,3701d93158b064d983a4884afd43e5b7,Không có kho
0e39db5b42ba51d8d7deec8bff222add,8fbbda99ee5ad88b298d0271c1529a3e,b3d54f60769ae5acb5e6712318a47e4c,Không có kho
7211eefe9ec1e60406653e21b700fa9a,8ffca2f01c41490e9e9d4ad862862a81,52dcdca00da1e9db7430d919965be1a0,Jazz Lofi MKT 4 kho cũ
d019f9c641c8e7f4f88d483aaa9820c3,8ffe224eb7ba169ce7cd0e889da7b7a3,b6dbcfe5af20a85082ce0d4ae0d0b185,Tropical House Hitkend
d0645b53151f02f82e4e1271d5f3591e,90055f547dd3cdf8516cd193cc95e3b5,655,Không có kho
4b6d33bece272fb2c7b56d3abb9d70a0,900e57a718f9a36aa2ede9c60c359b0e,b03bbf0c6df6daa75fb563bc69bef781,Spectrum Recordings
0ad9f909f8f98cfc6c93ddf5abd39329,90195f01c731bbdf99ec429b38b219b7,fd083c9663bf0d55e81a2480fe62ff78,Không có kho
0491e07bc6650e61909234e26f4bb007,903a6faca653a8d85df5ea6dab343194,77e54d6743b95ca628d44f9897c60ec1,Không có kho
485dd4f0cfb53c75520135d9129c983c,905647fa2b738feb78fdd586147ea711,402,Không có kho
98e02d20c365aca2548357eea20fe3c5,90ebc17fe052a4e4931e554d5c976993,3401502b4c84bdc0a00000fb8bfa1aa7,PUEBLO VISTA POLYMESA KAI MOUSIKI LP
4165bfa51f5a9f4122b3d23076937124,918437d4b95105e2612c46098e8b098f,515b15c6afe699fb512d1afc0be8fa69,Không có kho
f27a3ceba7f9cdbd0a0fc49fa8e58e85,91b2f53cbfe34c0783ba392a8d2e9a35,3a0d37b2e4c270e4bf0be69c51c961f9,Không có kho
cc4a1bfc079868a4aa5f7246c119523c,91fcd04671701d3133e856ea3bb0bb3c,fa8572b0ab56b749dc84f01038df7532,Không có kho
901d80108fe8aa94907979af23b2d321,922087ee307bafb6396ea4a48522cce9,353,PUEBLO VISTA POLYMESA KAI MOUSIKI LP
98dce83da57b0395e163467c9dae521b,93,433,Afrotech Cover - 1 | Sunset
dc4aed48a7a12355ed5ea9839ca60dee,93b15006aca28a582a9a6a96a4f932e5,63f9efbd4023fac90151dccc82ebd7fb,Không có kho
fb0596c2e2d94b7bbca644b0d633dc77,93b951be6c66a186741398e845daa585,996d37489b8b79773694c833cf032d3b,Không có kho
f4b9ec30ad9f68f89b29639786cb62ef,94,430,Deep House Cover - 1 - FM | Deep House
147abf63c08f422d3769f74328d2b5d2,948a83d519cf672baaf10bb2ddf35d3d,eb57b8f7c95275584620a9f389de804b,Afro House
812b4ba287f5ee0bc9d43bbf5bbe87fb,95,430,Deep House Cover - 1 - FM | Stereo Love
53e871986758050af4080bee606be11a,954343caed6de11d5eea3cd868102c34,52dcdca00da1e9db7430d919965be1a0,Không có kho
8e90c2e58be5c6c6bbbe150c49a2a36d,95858ab2157a2f0d7856818990334ca2,680,Không có kho
8f04057d927512ebf8c52163eb500adb,9597700b2fb175925beb07d78e5ddc5f,f4c9415c28371e06f444b42156b574ba,Tropical House Hitkend
1f10cecdedd481b144c38e9a68c56da9,959e0b5b0b5972921bbcee957fff700e,c7c5089f5386ff730da29bfcdb3d0333,Không có kho
7524de9834b68e5c43484cfec7c0dc85,95a28f9a0cebfe0a52d80d4e22a680da,e3cc1efd0ac9bc3b12afff86797f95a3,Không có kho
26657d5ff9020d2abefe558796b99584,96,387,Jazz - FM | Smooth Ballad Jazz
cf21068035592b24f90e4a6042705d86,961f2d1d8a9ce24fad41fb94bf74f3c7,420,Không có kho
d75f2d613c6027e867e30659b64a2463,962ba16a95d3015af2f4cd4bc41ba9f6,3208dc360a6177aae1d28f6af68b72a1,Không có kho
12347258ed45696b8765e1db30805ce6,9668ff0e89b62da2363bb6c779b5f391,eaa919e8ca866cd21f39f4bf5839910f,Không có kho
baf2fbf41a6ad9881b40a0dffa96f71a,96da51ff58c9fe92ccbae4f9fe29c76d,b50824c18a381f843ad3e256ef6de6e4,Không có kho
e2ef524fbf3d9fe611d5a8e90fefdc9c,97,387,Jazz - FM | Bossa Nova Jazz
d3f30236b674f6d3af2f5d34a4f1a862,9795fc416246d0369db16d1842814539,d8b346195c3b21d2af08d4b61fdff6a6,Không có kho
7e53f7d31f3b68f87713d7b3fccec769,97e3b73c68a28450342ac93157e93a1f,772,Không có kho
ed3d2c21991e3bef5e069713af9fa6ca,98,391,Kid Song Cover | Tiếng Anh cover PD
140cbecd8bc44535b2aa0f3ca955e26a,983a7cf83ff2707d7ecaf64699501739,682fd4d766fae0afb1f65310952baf28,Không có kho
dede5ee0017cf82b752569a696430efb,98860056390a25a90f7247eff1aad125,bc0fe400a0d0e74ea1fbb363b1a331c9,Không có kho
ac627ab1ccbdb62ec96e702f07f6425b,99,391,Kid Song Cover | Tiếng Anh viết lời mới
68eef3bfc7fec85fd7c1a356900339a2,9912f151452b301dbca64b6cb6860e30,ebae7f14cd0139309bf184498922cf3b,Không có kho
ec3c3b25e89fa7afcb8739cc3ff62e04,997056afb9e5b3200b1e3de45a053e05,c85959fcf73d7bf1c3486bb49487f15c,Clovr Records
9e3a0270bb40fd57602e95ec72d3527d,998bd8c6498ef91d0365ebab2df45d37,11870827e7ac2dcf9e2bfb26745af04e,Audiojungle
de4140e774d4ede81328b7c60e1dda6c,99962ba986f08862c496bae970438b00,151369002de7504efef6709ef2bce586,Không có kho
385a004e2e13e5a2e3a9bfaf24a3322d,99afa16db1276fa2442b256799a7715a,431,Không có kho
0816fbed8308e57ccb574558af8706cb,99bafabeaa09c3b540f88d7b57d98dd8,665,Không có kho
69133223d09c95b267cf15d5673e1766,99c7f780b47ec141803d06db4c718bbf,ccae6211c69056daeb3ae997f131f862,Không có kho
49e0c88ece3560e40436cdcc5300ddd3,99ec43f734fc3ddbdd39ad045e57315f,c05a7b7645444f6a82928d2996ef2b0c,Không có kho
a879690419bb9c5afe82abaa495a61fc,9a11cf957bb582d2b4e7be2daabb615e,384,Không có kho
33b75803199e62c63baabb74413c6f72,9abee5a72ef949c67a00af3a3c8fc7d4,0c9766054c092168aca3d2e2c1322f7b,Deep chill
f798c3858dd86dc4d111936863d1eb3b,9afb241052d825f53e46c7bbe5c5a2cc,8a7b26de2675d60dc1a3c35a656f982e,Không có kho
8f48a6a4027c26441249ca11f9b2d1b0,9afdf6006b786b5697b44b05db7d38f4,cd680c8f9c5d8d714f095a06aed4eb8e,Không có kho
dcb34a5172aff81a8fd7cefcae94b406,9b0a075bee9c2f5df019cfda6af6a734,364,Không có kho
5959055e48d421ef3c05be91fb29d03e,9b510b692de6eed58693e9fc76fdd3d3,39a1581044aab97ae12d8607369bfd2b,Không có kho
64bbc29a4c291b471cbc5d96de67de29,9b950607bcfbe13098a12913595acf43,b03bbf0c6df6daa75fb563bc69bef781,TFB records
1fc313b0f309b451eab5d715cc0b085b,9bbcd6d3f93931fdaf2c0aa90be01468,11870827e7ac2dcf9e2bfb26745af04e,PUEBLO VISTA POLYMESA KAI MOUSIKI LP
605d363676bcda49286decf2ac3cf6da,9d16d7d16e4cead4c5fba41aaa2c321d,331e17dfc1349c3f68dfda8cb5d4e981,Không có kho
ddf1c10c176677a9996125a945b9acbc,9d616e7c55092c4322a011929159d2d3,40bc8447e1026df050c25206500ba0dc,Không có kho
35c32b3ecb0681baf596b9ba28044554,9d70cab2398f772a26893d7cb0b11000,e8e13bdfac9b72d6433423789039f2a7,Không có kho
26145954bb3ab7d5da82e32f24559df7,9d8cec184abfdc142e5b4298b5cc41eb,f9b8516fdd65a60c4be4b83ae8958538,Không có kho
8fc45f1d37dabd4cc0950de5593c525d,9e98245e09c0e9e939e3b8d1e6ea3d54,b9aa1c50b3b80df8ff8cfff1b52e3a60,Thu mua Street Phonk' Records
a60c17869ea6926025ca01ccfb10d816,9ecd148826b52cfbee512861c7909f1f,e7bd483ab473c98ddeafc616c0aeae2c,Không có kho
257cf2e7f61358bf3fd669a2d9379eef,9f455ea4c1048603913d061a02a299a7,721,Không có kho
80733dc55d66ebe531b78539c2c17f3e,a0474cd4ab1035b752cdd248f22cd681,b03bbf0c6df6daa75fb563bc69bef781,Maniana Records
f83d712b55ae98e24a67a914571625a2,a128471096d458d199894fffdeff5164,ba7cfaa2b63c550128a5d3ad518c2ce9,Không có kho
49bd7c960bef3999d5e917e7ee1b6e71,a1430793f7739a29be7937858afe3222,7378224b057292d567b0195695101c4e,Không có kho
1ef224a5dec8bd4852abe59656f3e513,a1c1815d135ed488582ea2f27db95794,657,Không có kho
79a03999b7bb6c19a1364e4688a46291,a1efa37f002f4473d20617eb938f6eff,b6dbcfe5af20a85082ce0d4ae0d0b185,Không có kho
107cef618c523f4b5191effde2fba74c,a2251268673742dad6c38a4915f90863,b03bbf0c6df6daa75fb563bc69bef781,Hitkend Records
83a6b42bbf4da42359b091df8853ded9,a2a0b38e93eaa8553641f286140b9b15,fd3d859f32387cb6791d2d914e0cd749,Không có kho
45b0c60efd797ef2e61b7b8ff342c27c,a2d609a9258e03ed2c1ea8b5c13f431b,096abb0ccd7ea756dbb01a39409c46b4,Kho branding MKT1 cũ
9dc6312ae8fd6fe605e65b801c14fff3,a33bb84587fc78d68f2dcd023e26463c,400,Không có kho
c55b771d87b50c5295e5aa72256b232b,a368db0926d9c3320072f57b596afa53,b9aa1c50b3b80df8ff8cfff1b52e3a60,Không có kho
a83f2594c7e0e4522a424e98dc3bb96f,a391e4a57e923e604d143f61a9637c68,ebae7f14cd0139309bf184498922cf3b,Audiojungle - MKT1 - Sáo Tây Tạng Tài nguyên công ty
bea1b755abbf3af4bf951e1c93a55bd4,a4146dd29df757570c79149ea339613a,655,Deep House - 2 - Red One | Tropical Chill House
9777ede85afd0b2cc00f4ea017de396f,a48afc0d816ce67514028d97a6cfd024,78e70bb150d8813dae6c79c4d53bdc89,Không có kho
a5eb98aeeb324ed55cf7c73ddffff43c,a518d19d79bccedc98609d343491c1a5,5f942d8e38ea0305e29ba6bc221f7e01,Không có kho
9f84b111b714964961414dcea1c032cb,a541b4648765ef72c1363e50eff44c10,3d2a87df524cc25906c2e7eced279fda,Không có kho
80af9b5212ec7fe1c170e5e1ea9016b8,a56709ed8bbb293a350f9b73c195d0fe,a3712089843a6c8851c4051396759247,Không có kho
f87a26d76cfbff9cf1c5b0a5527561c1,a6c2dc672ae614cec14933fccbe77553,5aed70d399d90316e49591e14a7a304c,Không có kho
8787e93642dacabada23285753202696,a6d6b82c23b5ecf147ef2dec82d37127,b03bbf0c6df6daa75fb563bc69bef781,Zero claim records
ecffd5b29f9a581d3d9735bf53043481,a6f64772f28736372d831fc5ad5142c7,c31b7c8b91bff9ff267f4b144c92d3ad,Không có kho
8a4e7d6e4eab30ccda3bc9d2a67b5bb7,a7707c82994121f7a34e45ab28c52bc6,c7dacac15ed58a3fe119d7c8782cf13c,Không có kho
91ebd84b8bd98ee8f92702fc3c482c86,a793959f85b9f715c0f4f4148e7732da,b03bbf0c6df6daa75fb563bc69bef781,Rainbow Gum
8d3ba45e298cd761ca8892dc3815f77c,a7d90a676a6b13ffc02e762d30a433e0,e6e45fc4298bd6a92517ff6dabb25e89,Không có kho
3f1176278bf3959b2d78f76819c0f103,a8655eda4744198a11e5d3c704546082,eb17a0245ba1ef0c436581389938e7e0,Không có kho
974fac91ce1f8823c67ecd58d06bb73e,a86b840c1127dfaa825ecef6dd37d764,3401502b4c84bdc0a00000fb8bfa1aa7,Pop House
b324189fad6dce42b8f45f4903c7f834,a8ba4f5246021af0b6c15de6cb6a7594,90f8ab596c56a88309f738a1224464d3,Không có kho
200cc9902632cfe8a4c2c973fdd5f6dd,a9a760cbceb68628d4fa5b90391e626d,440,Không có kho
17e0d6ad034bd26d01ccdbe2bc172bf3,a9ce533c3b45d973e1ecd75be95f0c6f,b03bbf0c6df6daa75fb563bc69bef781,DJ Goja Team - Out Of Dimension Music
0329500956f31df8b1a10c2ed6c1b6b7,a9e6487b2f7caa98d4ea6d54ac7cfdef,096abb0ccd7ea756dbb01a39409c46b4,Tymur Khakimov
8ddcb8d3b1480b4e33f15ad32deaabaa,aa334800b6090b4e491207a79ff543c7,726,Không có kho
4f26e14bab215613dd775e3465766df0,aa4f8ec6a00638c00a94a8fac508e758,0ead7c68214f51a7e6ba8c78e58c96b7,Không có kho
891cfc7b3eab852e51fac4f7203561f3,aab6313bce2fbecfd9239103ad17cbb7,774,Không có kho
9dd7e625a414c84ead5d1934c4834764,aaf15feaf03b4f2a95a6973c8fde7afd,23f9e2c71251dc39797548db69d1c579,Không có kho
00cd61f47f2ced8f3f31c83183d0bb83,ab11b0c9c47789d62ffb8dc890203f56,416,Không có kho
6840f91b89ea5f5a08c80fc503b46bdb,ab99d5ca888373c179bc864aaa1e9b9f,356,Không có kho
b7b4a6aa996a4fd8eab3ddc6621b70c6,ac35b523f8e5dccc6583e29e39e77343,b03bbf0c6df6daa75fb563bc69bef781,Three Dot House
81f0cdea89bfc9060327057aa6f185ae,ac546574a61f8306993a78be9ab9c9e2,096abb0ccd7ea756dbb01a39409c46b4,Piano Relax - HG
ef17d92a3b2debefe9a292cd73f9e7a0,ad27dce1dd3ee7361b82a09d35742bdc,2fb7c236744830042382b8132ed6929d,Deep House - AI | Deep House
6be6db8bfc6bd4704e1fd72c5c060085,ad2bff6406be7c93fa687a6d6b4a71bc,52dcdca00da1e9db7430d919965be1a0,Adobestock
61f1c736289f2066389db3f85631a31a,ad313fc430f176fb673ee452c715fa9e,18bcead7882c8ee8f47b2ddccbe3a619,Không có kho
a4fe9e503127d26dad165409e23939b2,ad55c0b9f105a588f3ba94f749e6b91e,0f6f5e1f5e2321f32a2c1e51df91e754,Không có kho
264392f1fccb4aa6a263a84be310c429,ad7cbf6a08c60ece18cdb88094e15211,c7c1e3e4e68c926adfd435a0f9365a0c,Không có kho
4387e1a3aabc5a63e1cfd0c1748934ac,ad988d58a3feec401afeaf516b32e228,b03bbf0c6df6daa75fb563bc69bef781,AM house plus/Music Trap Records
c3cfe47ea34dfaf120301d156f790943,ae2494da5774076268ef375d8942dedb,410b9b440ed654c7561ce09ac56d1b7b,Không có kho
fe94c6c25a8f48abb9d606d01b976fef,ae47c05d9a920fdb258e7ead2381495e,674,Không có kho
aaebfead33bf1ab22cb9097ef07bce72,ae7c4ead9e80da3050f728707a75da76,de767ad1d1db8dfe6db486fc319dd9e2,Không có kho
d2e950623dc3b7e06e6fc2c1698d3251,ae8df17169a0aeb1036a8e40f0aa3962,41d7ac11194e26ebb8849804876ad799,Không có kho
00ed1976123df4054c5a57959961d33d,aecc48ebd80d465094978b613cbf9ac8,761a30f2b14b8f2584795b658aff8adf,Không có kho
194997739fbbf4ff5569d79a4cb7a0e4,aef0ef021528845ca8f67b4f91a41c25,683,Không có kho
4b46306cb65f08fc560cc1d74c244a16,af843c5313e07b4d43a8a9eba6882f97,b6d0bb68ae37e9555c119d66840fc9f6,Không có kho
36a392f7e421a2b099e8c726d95b7469,b02f6543a271c85891ebba8c05f4298f,b79ade0aeb12c8a8085ac9c63f981d12,EMVN
d3d6fa1e397648b44debe2adc2e44e71,b0e5eb2b3b2a22af7824175098b033c5,f30a2276f6a8bb838831e68dd7699209,Không có kho
924dc28449c80932b327e747915acb0b,b14eb1e288bbc796167616c0c3070487,668,Không có kho
e9162f92a3edc2318d617fcea6342691,b16baf45d6afa83f011692eed44a58ff,37213ef2afd7331f8ab6d61aeda4abda,PUEBLO VISTA POLYMESA KAI MOUSIKI LP
498a0b6e73755ad92d402ee19f25123f,b21131f572ba58d864cfd3e35f64d99b,b1f7ec616cb7adac5896a1050fe9db65,Không có kho
caae14b62f8f3ecd414a8623ad241495,b24436ebf457eb6c493b3923d3d01d19,363,Không có kho
77973183bdaa715f26ab18bf6bdcf9a5,b2bb70e7bee305d9c19146b90a4e4e01,11256ccd598ed8e356a330d5e863c9c7,Không có kho
3c59e1c092c998599a57ca21f2a4f2ba,b329211750787a5b794c9df638d0fe16,ebae7f14cd0139309bf184498922cf3b,Audiojungle - MKT1 - Sóng âm Tài nguyên công ty
0debbbb506129c74d1053a1a8e8e3812,b32d136608a2b972551bebaa62a51d18,fe4d9ebb29e6a9f32259e4950dc4611d,Không có kho
748bf2fe2f8b373e443deea2bdc9af19,b421977b704d56522199213be5573a71,ed83380ed16f04ed21b32b67db34d285,Piano bật CID | Hàn Nhật sáng
1f9924b999521cb7b71e8ec83f7a6846,b442c4545a7fc8c3d15525109682e01a,424,Không có kho
72c41f4b9bae7d3d1bb1fb4789b9b418,b593ec31532156ed89c02b32190af278,e01f986dabd980c54085455e70dbace7,Không có kho
2d178c8abf6b5fbded070e1b717f02ea,b61e76d781ee6fb3790684ee8257a4a2,309a1da6997c4e6759b725e9a2e09189,Không có kho
ccc9d5e0a6c1961ea630f98c4443487f,b6591aa16b6083c14b776fa3db02013f,f9c7423a72859e61bb7723ebc7d3868c,Deep House Cover (Chillout) - 0 - FMG | Chillout
4a9b7453f5a1dc99b172bddbbc5959bc,b67111b99e30a1e85832e62e7160282c,096abb0ccd7ea756dbb01a39409c46b4,Không có kho
89a63d607adc34c960871e5578242858,b6b9ab342f992b078c949ce5ba1658ca,c85959fcf73d7bf1c3486bb49487f15c,Submit
078680ca21d37445427348ba7904dc48,b8954fa4adbd33650590ec3c28f779fa,735,Không có kho
b292e6f153256b183bab9fbcc29d8a28,b897f0ab5721243a535fef496a20ee6d,37213ef2afd7331f8ab6d61aeda4abda,Audiojungle
c3dcecedaf7a4e04d8ed00710806a7d2,b8c0ed8429b936d8a910bcd0bd2674e5,375064f6327464a716bda82737c504ad,Không có kho
899f069841ffa4134ae347267ea32e62,b8ddee8faead6671c2b2ac5d2f5f5653,b920da067bb3bdc30d1ee55b91164a47,Không có kho
8462d25972a2b5f10400bf23d96eddb5,b8e6990adecb4078c0b08a78091dcbe3,37213ef2afd7331f8ab6d61aeda4abda,Không có kho
58bf842803faff5c6ea251337deb026f,b8e6caa8604337e95c30da22e272af52,5942dbfb18eaf2ea4b4d8135a9ef5619,Không có kho
3b6aa99bb9a04a30df56e8d79e0b82e6,b93927f58f6757f65d4b446ae234e0a4,404,Không có kho
8811e6ffaf9bda524725b21c4d215bb5,b988fe8eee68072da39242350ee4bdd0,b03bbf0c6df6daa75fb563bc69bef781,PUEBLO VISTA POLYMESA KAI MOUSIKI LP
573d6a3cbd8c6857a79dea6425fb0098,b9e9a55cfc24f59bf69b64079dd74d05,21b5196813f4e0b2f124bb63d4dd39f9,Không có kho
e63a3a9d1b50ddf70daac07e516a5fba,ba9d6d519b47c5355bf633004f5b672b,b03bbf0c6df6daa75fb563bc69bef781,Matga
ec6de03e1539e197bd56e378f9f60b39,baa192cc7811a460c2b9b2e7dd944bbe,c85959fcf73d7bf1c3486bb49487f15c,Thu mua PVMM
b11da9c10126faea41675ba77ce7b6c3,bae94f161ffe559a4e28c4896fe4db86,52d47ccb63db46c716e427b1b92199df,Không có kho
6e6143e8fbb681277ec1532107fdb50c,bb48e58c5ed271f283be28122433f3e7,d26593a991267e0de4297ed4c6c0723e,Không có kho
01c51ac42bcea19fb7224ea65ded4f6c,bbcfad6ea16a77c864ef95f9c577dd68,cd16cbdb94572059c183e2d73c65ec8b,Không có kho
444fca305dad8083254cb0b8e55798a8,bc22d987d47f50036fa51138f6b3b2c3,b9aa1c50b3b80df8ff8cfff1b52e3a60,Aurorian ' Records
081f085ad5833b3078a63f1f84dea2e1,bc4df7976abab9fe51af8088ccfc4a86,9dfcb21e248b06616ba3137f5cb38333,Không có kho
aa365ce4a3f3655b62fd2d3dcd445e8d,bcdcc4f79639043af3c6bc584e98726c,b03bbf0c6df6daa75fb563bc69bef781,J Cardenas
5069ebeac91b57cff0e06e234826dee8,bd128ef24a26e5703f2d205ad9e5ca71,375,Không có kho
81d27c89f1db95ba3d8da2e7d7454a4f,bd1f9fd8402fd0b3cc251d259fb6679f,765,Không có kho
1c3c1e2900bdddd447f32f70eb5c1d37,bd57823ed77827c592fab0716accebfb,acd692bc5f4596436f960a79169c2a72,Giáng sinh Lofi Cover - Top Hits - 1 | Christmas Lofi
d855c7cba46e6fd8c127a58f9ab4045d,be19dae2b5ce4a9e7f1e3194562718ac,fbbcc7943867b53b925136ca4a91df36,Không có kho
1c32f7409b48304b45cdc3052de3a14c,be75a4bff3424b7aa03b1bb322ace8ab,e772a15348c906cc50546d15c5ab661e,Không có kho
118cd8dce171618dab917205599d525a,be7bbdf82fc2551d5e03ba0ab21052db,b03bbf0c6df6daa75fb563bc69bef781,Tropical House Hitkend
26112987b9f28f03b269745856ab48aa,bea2fbab25fce19304e911905735b519,700ffd3bee2e33178151432ea5c073c0,Không có kho
50db79200132b31c65c25f7095938076,bf8e6baa3c91c217dba3665b51fe70dd,c85959fcf73d7bf1c3486bb49487f15c,Purple Cat
3b63eeb92df718e1a130fcf9b5adb0a3,c06a6fbdac00c8cc2db1c3bdbc4f78fa,0042543309ef50113452823c53bf8cea,Không có kho
fd481918ca8a04fb789a88eedbc538dd,c0e372e1a871c9409f41617b3124bbb4,48c9066088964bf32b92d63c9f6444d8,Không có kho
9a734936ab3e021042b4046bf285e16d,c0ee12ba131f10310ca6011c90914688,ed83380ed16f04ed21b32b67db34d285,Không có kho
d810b4bb1e903fd3daa03abac1f7ed49,c10c9bbe16e62883c6768e43f4c8ce64,1acc12566618ff56f6e3b9c3e09b493b,Không có kho
128b1f236f5cb7af8b2c7bc3f3518cbb,c17a66307ffad1e922a51056e2778db8,7ef0fc6fc15da0d2f2239103d4b816bb,Không có kho
f229659d51d291f21e2c1dbb0ec56641,c24c1d1fe45e74ec836c2e83ea6b4a89,ebcecb38f81030718cd4398b99898846,Không có kho
3c3329f91f15e06194eea7f5ad3182b0,c2b748025c397837d0e03da5baa83bb6,698,Không có kho
2b32eb779b5272938d6b98b8ea6152af,c3045b4bceadf538ffd162ff64f5795a,398,Không có kho
a56e511cc3b09b1ad3358a3b1673e433,c30802a3b2455c9cbf7a56205bfa9694,b03bbf0c6df6daa75fb563bc69bef781,Records DK
767bd480f1b68622d376b6ee41284c20,c341b4fc137e390756d850a095fd2da3,89d40ff9962cfce13928494c39b3e925,Không có kho
4dc57bef5ee154b4fbc1389cab468020,c35dec633c7222f48fcd4a17659a7fd1,3826d4d5c42aea1c566227b18c6c220b,Không có kho
336d4b356c786335f810c0112856026c,c3acade4193d7f2de43d3b15560d68ae,8e1af1784ffeed1f21039e76605b38f5,PUEBLO VISTA POLYMESA KAI MOUSIKI LP
9bc9b48cd6a0a94d9052461b734c68b2,c4189b933d90d4db096e904fe79b0365,606f12aa38de4ce4e369daa0c41205f9,Không có kho
aadac9c026d584978ad7e1afa4c7eeb7,c4c784bb5a3790a5e8cbd6845685a9ab,c85959fcf73d7bf1c3486bb49487f15c,MKT2 - CID độc quyền
c273d589b707beb510f3dfaa40f2879c,c59b6e713b037497bf69bba29159aaab,6b4487e17f47defaa38e376e4f53a8ba,Không có kho
7eaf7dccdbbd2aa0327dae3af6618a6c,c5b2969a1822726c148f95986b93a450,dfe1c9057dafed9defbb2ca9deafc62a,Không có kho
dc039e167cb7cad92b7143287b867e6c,c5c334d8d658eee7aa43cf3ee86fbb1f,e1da4f552a4cad3d304f1469cb039cd4,Không có kho
90ae28fa73097a28144f6023c8d08a07,c63958edd6009caa572ccda89b339318,79f145ba1025d2127af0589599720f11,Không có kho
7f5b2d224b895da5f6977018bba13a7e,c65e6715e216e9d967436513df602afc,f9c7423a72859e61bb7723ebc7d3868c,Deep House Cover (Chillout) - 0 - FMG | Chillout - FMG | Chillout
f3d23a18994f47932a522a71650f2a1e,c7070474bcfc7f28654b09a306bd4806,86d56d3e3b1087950f42d6b4ebf29a02,Không có kho
21a8599e2d66920d97470c63db6e02c6,c755fe1d226deef4a51e20fd37f53353,e192cd94242ffb5ae59fb07c538326ab,Không có kho
6f9204412c3183ded60d53b6d199829a,c77d917528fe5520d4119fdda04ee376,3401502b4c84bdc0a00000fb8bfa1aa7,Deep House (Kiểu Cũ)
6c34b71e9444a150c9fcefaea84e6c16,c7dd3eb673ae58fd01d2b03b136348d8,3c402dc327abc9667e6260a439928721,Không có kho
5efebe3f33ebd300d1bee01daced3357,c7fe992296691f40856977e70e2ee6f4,c85959fcf73d7bf1c3486bb49487f15c,Jazz
8ca9f97e02e730d1efe031b2556a2768,c809272fd1b8d833bd8d3240ec406575,9dbfcf28a4cd0423bba30176617e0c41,Không có kho
67f35e7f3f3ca06acdf6a61d7744aed7,c82ecd55bc4640b7dc5120e6f03b556d,403,Không có kho
a3f959e21fd96eed167882ae17807a03,c834b8e6389d9be2f8a01960954f7f20,23b3335f4fb0782f43a43928bd27e95e,Giáng sinh Relax Cover - Top Hits - 1 | Christmas Piano
f4d240bae525b763c1ffaf4de1cadf4a,c88e7f2a685a81661ee652710b8953ef,b03bbf0c6df6daa75fb563bc69bef781,Lucid Plain
768e783f642ce535ecbf153613fe6c55,c8b3bbd533b9f9083c5b6a918405f47c,0b6dd0e346efcc23bbf0cd649086e6dc,Không có kho
154faf3a1ecd50277c8a83572b69e18f,c8c49b403d088957fa24b865f1aefad7,c06fcae184edd67b7675341d7ae2fe70,Không có kho
3067e409bca6b6fbfd5ee858a90d140a,c8e9a5bf305fe2384fcf9f780e8fedab,3401502b4c84bdc0a00000fb8bfa1aa7,Melodic House
4dd6c5d0fcf56620858a76bb75f46c39,c9c97a2772bbb7248f2e06b9614ca231,3401502b4c84bdc0a00000fb8bfa1aa7,Tech House
fd3c10ecf389c173ea27f74b8a1f556d,c9cd57d81824e0bffef5cf8fd4f005ea,815a5db0f121c22f8b20714e0b5bc717,HalidonMusic
673a8ca6c7397f669d31320589044a10,ca0fa9ec9334d8cb14dd4fa80ae96ade,18a8e7056e0d1db0e1b5ed0dbde650f6,Không có kho
c9fd3b199b40907b21cc5f48e45bb323,ca14eb3baf8c3718a8b92c8714ca0358,b03bbf0c6df6daa75fb563bc69bef781,Nora Van Elken
4a7aad236ee33133834e49538f9a3cb6,ca26841db7e10360ac3b47c33980b526,77460607b38332e1c2939f13174e8f51,Không có kho
24b4557d089c8cdd85e978cf65b7adad,ca8ddc94324a0acd7ca09aaec4363b89,763,Không có kho
ec0bab39eb4149074ab524df043ede98,cc673ab41e23146e671f7e6ac487774f,88f3afdecfac473a17f12ea4ea559ed2,Không có kho
4246d7bfc91669af6ac189d39ad02713,ccafccc22055a034a4780b932c137254,759,Không có kho
08982a1d6c286ae6ef366314d6158fae,ccb8127d151805a999a4d2b90f272e3f,82b3bdff278a4d68763208dadabaae16,PUEBLO VISTA POLYMESA KAI MOUSIKI LP
260a5f622c555f593b0aba17dd9da6fc,cd7291451d28fb38684d2a7250496668,23b3335f4fb0782f43a43928bd27e95e,Không có kho
739135104aa9a26afcd6fb439d9c6635,ce4210cb610d5208bdb3dae2acb2eb11,380,Không có kho
5b997053cc9445b0ce1cc187fbe479bd,ce8a13fa1624e81432ee4963ed221c2a,66a6d2f5f1f71420b19413ceabb4a2ed,Không có kho
6a22014e99be92a840b3d70b12042f8f,cee2039ba566f6ddd1f3a9eae6467295,11870827e7ac2dcf9e2bfb26745af04e,Không có kho
1eaa6ff7d39a5ab5e815d5a0bb9d38fb,ceeca1268b1ce474a7ce78d4f458cebe,a76363bdf7853648b5bbe46feff282af,Không có kho
c4a5209f7f9e0e44011e15b6525b872f,cf73e155d99d89e419e26481cb4b9af7,b6dd47fc6e7330aa1c98821cc1652d9d,Không có kho
949fbd89497372f0bf2aacfa4af23444,d00c60e58e630e745c76e83924b3df6d,096abb0ccd7ea756dbb01a39409c46b4,Melnyk Ihor Olegovich
b0c531d824db855c4cba6d2dec1cb05a,d06caf273345cacaa145b19205a77a13,b03bbf0c6df6daa75fb563bc69bef781,Stoto (Save the Panda Recording)
2916ad2521db93c095615c0d2c4acf75,d1972a1578e96d375f1bb84d5c5e42af,c398df951a4153b9c8141b7e6a089dfe,Không có kho
64aa90eea20801b38d4122c876c5f096,d1afd90d30720de8baef972eca78313c,425,Không có kho
bea1abfcf4201cc9a964b078debd59e9,d1b65b32e83123b77dc9dd99048da433,47e4c09d73fe13b72a01d8cee3fa7614,Không có kho
e40460093ad42513460185f99e6614f6,d1fbd494b50ebfc80d363645eb2390cb,b03bbf0c6df6daa75fb563bc69bef781,Deep Territory (bổ trợ)
88b5fe4fc92f3437e51ab273533b6095,d258002dd813e752733574a766281518,7bc9150e510640124281f28b7c827835,Không có kho
2811b43034f730132e3c926c9be21557,d2b0a7bbb51c75d7ffe5c606b9a99725,88d02e90d78f75456f63d8499d20f734,Không có kho
428374c9828542a007316d461af8c465,d2d29ee44517157cf3c4325016871005,0634fe553c08b3a17d98510f75449591,Giáng sinh Jazz Cover - Top Hits - 0 | Giáng sinh chậm
5276e42d789655cb0f2cd0962384eaaa,d2dcf90b9db19e1a154100ffa957706a,0634fe553c08b3a17d98510f75449591,Giáng sinh Jazz Cover Top Hits - 1 | Giáng sinh nhanh
43ec97a6ba34606965d5862db27f8469,d30524a061c3c6bee61f60e600d22732,52dcdca00da1e9db7430d919965be1a0,Storyblocks
a1ff2293eabf6aee8a51e16637386dd2,d3c0a76a8f16a7be6e5d57b531b74d74,23f01820881e3ddaa9fabe281659f6f3,Không có kho
363d1b696b0ef90c778ad4c7c0c99d08,d3cc90601d2a848d65efb1da7336435d,5bc7d90796c6c9c5a8027ce36379e625,Không có kho
4989ea6572308641ca7643e972f76d8f,d3dca6930bbf863057c49cfe6a0e7b5a,096abb0ccd7ea756dbb01a39409c46b4,Orangery
125dcc6c2294dc7260572931492a77f4,d3fb47ac10d0218f1a17a5522077e587,675,Không có kho
ab5ac5f6f36b81b0da02f9351a0683d0,d45b074b6cf15bd85baf0b43ba55faeb,cc1c0cc982299e6deea8e8fbe75c75c4,Không có kho
c35186038136cb0fa2288cd01579bd76,d4ac3b263cfe760e31e1d0c6d5e75593,694,Không có kho
f5fedadb89fe61db2936a393045dbab2,d4bdd1d367f4676245d68fe3910467dc,c18e8c362fb2ff1e8f06b00bb78ed057,Jazz - FMG | Tropical Ballad Guitar Jazz
d93d50134f405505ba2b797443f76336,d4f6e04047b23cf4b25570d2a51ba76f,410,Không có kho
5f6c58046f35dc87da69fe67d9e36a53,d53c37a4e5e95e1fb1a9fbdfd10b3d63,315a3ae75e211e06b2f2efb3ece1cb5a,Không có kho
b8bad0f249a7a106a618606392fa4b25,d58731e83800a14bb829ce0350f46cf5,b03bbf0c6df6daa75fb563bc69bef781,Epidemic
695b45839e49f03a48bdb7d19a204709,d5edf2ea477f25677efbfd8d15688082,f386b3536a0487f56fb448d0002bc068,Không có kho
ee42b43f71867682c9cf7d0086efa6c0,d6057f8219bf84d04502610084ec275b,87644daab956c5d4108ad03aa61cbd2c,Không có kho
b87cdba9f146813ea2e1eaebef4bbfb8,d6169c568047c4db1ceaca287e65652e,088d88ccaaa1d21316971a62dd9326b6,Không có kho
f225db142e16fb85702a4f9bebd61c90,d659aa6b35e621cc3c3ca1c140f0b74b,458339051bedc9a360b58571a22260f7,Không có kho
ff08ddef9402d0d8314548113b847433,d6a33dbc23f8e0e571c0cc7927e00a7b,c328c24c2a0c7bc00b4dfa6645908115,Không có kho
d41ce9e2639686b709520dd7f81646e5,d7095dea819eed4ae101974cf4e23b0a,423,Không có kho
baacc471cc448327daae504280eebef2,d70f19c581819046c28af8b1dcaead64,43806675a873d2e56ebe8c57d3ade39b,Audiojungle - MKT1 - Sóng âm Tài nguyên công ty
a3e1540dfb1779101b7b70d8f4164f26,d70f451c15de6dab11ce80db244e1076,415,Không có kho
2887bf9f90ec28f0c793a220224c48b6,d73decacfbb2ee3e07e95746df8e5913,f4c9415c28371e06f444b42156b574ba,Deep House Cover - 1 - FMG | Deep House
0ea8998fbb05acf2a24fd44fcc94a47d,d792dd9c60073e3493ce5f7f42789158,393,Không có kho
c66f9a0719d7ed98117e5a949dd706e8,d7a0f2c3473634f1670d1a37a013d2a3,1b50cf421a1ed3031284bb460816c2ef,Không có kho
e14c984850daf8737dd031585e9f829e,d7ccc55f37f007ddfd29c9f303b4a21e,414,Không có kho
f4a7a738c9fc64f8bd89b44487a148f5,d80849d4b0b393293f778a9ff624f557,18a8e7056e0d1db0e1b5ed0dbde650f6,Piano bật CID | Soothing
0b2988010fe7f56b8a398f6701c417ae,d8d163233b995ae617f90014be221779,372,Không có kho
ad8c3463b5d1f9e8d659d5ac853dd298,d8dbec7993e0bd43facb2205bd84dcba,658,Không có kho
2f52ee0013013bdbac1d0d122552fae9,d977c52cc2554e354b9cc117c35b85de,99e3f1f9e5fb4bdd200c608633eb10ff,Không có kho
003eafdecaf47dff6ee6b4fa5620af2e,d99f4c8703eb973cf385b344cfe15000,5cffd08718bc7fe454153218ce9bb9e3,Không có kho
b75c62a856c60b07be076666e818ba43,d9dbe03e4773382f669c781df017d5a4,5dda04cb85a62d375ebd5a7e639480d6,Không có kho
c91cd4b72e0c1c1bfe1e68fd68041e18,da0d2e106cec4717cfa480d7413f65e1,684,Không có kho
aace322228901974540fa24612435905,da55ccc2270174410f7a603326f8f116,c85959fcf73d7bf1c3486bb49487f15c,Lofi Jazz Records
1aa8d8799607cbb2942756291eafbe1f,da9b8a27125758893affbbe495e6d583,723,Classical - Red One | Neo Classical
b4c916bfaad5edfdb65992aa87c75c4f,db2e5388685ae3f410f9f79753dcdf6e,f4c9415c28371e06f444b42156b574ba,Purple Cat
30d13ddb1631fa645370d15dbcd63472,db6829bfcc9823e27ee51919524250d3,1e708a1ee331dae3e9f3b148f43b93f0,PUEBLO VISTA POLYMESA KAI MOUSIKI LP
64fa9d282434594e037ff9ba2cb64ecd,db68e10981c724d498dcb1c9bec2ff4a,9c6557e251f003af1deba89724c571e1,Không có kho
a98d348f0f52475a4559499c2e464ebf,db8017cba8f05d428779f1d684ab0ed7,fe78b8f837ed04efdf9d4e2599286f0c,Không có kho
1bc375d2dcf93ef885aa15f9781d592a,dbd50fd6241f8e42b1de72cac10fe43f,48731528c8fed01f30c26c5932d4a61d,Không có kho
f577a8890baecc1e49e23cffd672bf35,dc050c437099baa1fccf2884e0ba8b06,b03bbf0c6df6daa75fb563bc69bef781,Epic Tones Records
480f5038891454848a6e1350e6e350ed,dc1aa1143abfd1c2f7045ef0089ba8f3,bceb6dd23b8506314cfc966e48bb5ece,Không có kho
e4026a1e5e207dcf5b145c9425fd3252,dc969b0f00ad84ab4da2e9c153a25fcf,9cb358c4058bab28e3d05ed693f434d0,Không có kho
05f4df83138f0638f3642816885ed6ce,dcefef8a9db3d1c637996eb481b9e8e3,a3cfbce36c3f2985fd0c6d493708225a,Không có kho
f7b1c6c9bcf453a5474236903eb1319e,de0013aeef809b6a68719f07f03c47d4,f4c9415c28371e06f444b42156b574ba,Không có kho
28a635fa9ef0cbc452e3df6da0e38d91,de1412a7f1a13fd3c1a1481d20c1bcba,54b053b6e9b1099592141ceb10fa20a8,Không có kho
0d0dad4a2cc9e78212517674b60267d9,de5aba908eaa2a76fd04dc669f68aeb1,8a6e7bccb009c383b51a333c14eb67d3,Không có kho
e97ed4a40542034c7fcadf239eaf1ebd,de961ca01ef065ee7136194c62300e67,135acb6aa95561e959b38dd2df3fda00,Không có kho
f7dc23c2a7587e8748c37b49c741b2e4,de9e00812ec0490571a21655120cf975,c5d7b9b61ffdcddd62e6a1ad3ac19653,Giáng sinh Pop Cover - Public Domain | Santa Tell Me
5baa924e92cdd92bbbd09a2eaff8ad9b,deb2416daada2fb0079144ad0dc317de,c85959fcf73d7bf1c3486bb49487f15c,LABEL HUNT
28eafd590c079d033e1b431f9fdf4998,def4606d850758f2d862dd16bdc5e364,b03bbf0c6df6daa75fb563bc69bef781,Hit-Zone Music label
b9c9579ee20da23c94ec3073d420040b,df0106d5884ca91e350c59bf9693ac15,d7a82f3c8082491b0c98fd8556e5fcdf,Không có kho
73e0345593697ee5676da4a02273effd,df80522107d1e615cb01e25e31cd3d00,654,Không có kho
5b2cd8187b1925d15c43c910659e606c,dfc23711dacf186693edda5681951d32,f9c7423a72859e61bb7723ebc7d3868c,Không có kho
efcd0df2f43e1acaa2a8c1815392099e,e0daa570293fbfcf70feab88e0f44441,c85959fcf73d7bf1c3486bb49487f15c,Purrple Cat
0c394e6ecaf29c9067728944606e34ea,e0f98a946c92015d94789b6316d70bd0,71bd7b49e1a27e807250d4f9ad7191b5,Không có kho
edd93941ea1c423913000602bcdc3b9f,e20f9d530389cc87d20da8613c63b603,9643ecf81f1e88be5e8098b9bef7fac7,Không có kho
643596278b2bf2c27e6412aa08c7a836,e223a641da285153eb64b47cd807afe8,3401502b4c84bdc0a00000fb8bfa1aa7,Chill House
7cdd400a840fd646bfbe166219ccdb3f,e250ebcd82eb9bab2dba525028a8fb5b,717,Không có kho
9c3c848959f53551ad29e7321f7627d3,e2f768f6a6af76f477f1228882a9b06c,27ceed1bc03cf2c3264b1e0790477769,Không có kho
3071115bd44a07de0b40be4f50099b01,e305b93403c062e2a025e377d69aaecb,697,Không có kho
8d25ed16f8d335666911c7b5cdc17c90,e32d9405f49163184cd924786cd9c078,7a6b9323edfb18edeab9ee73311d4c8f,Không có kho
cc70298fdc0a776ef121c6cc60930d2d,e4781e14a2aa85de473ee56a35f2f037,c85959fcf73d7bf1c3486bb49487f15c,PVMM
b30cc63a426cf693ec9c5591f0b43984,e4a735b5c5c9d2d816bf292d77b04c63,15ac8a4328e1a0d58e8e6de2d9620fcf,Không có kho
d3a83287d01035340edf633355c9a303,e5031634e032742a0c328b393d28ae8b,8020d0e9a9fa67977c825273789a20df,Không có kho
f88b13f3112c6704edfdbbf05c68b743,e51efe8afeb2a1a13c40ab14e6f4b8ec,b03bbf0c6df6daa75fb563bc69bef781,Deep Universe
28cd2179c8d4d6235f042e69a836257f,e6a6232e04bef3fc5b67327b7d626b42,054825abadf1d3743157a831a7303645,Không có kho
70e001263664fbe3ed4a36f44a8e6b8d,e6ab9adbe693d6f5bdf8311d7dd46bcb,d4a8681a00b160e6ce8cb44c252747f4,Không có kho
7dfea1186c7d0e349aae64008724fa13,e6e741fcfc28d55c52a317a79fead6e3,7ed543b98f449c0b9cffab6863842aa0,Không có kho
84ce7dcf8721d736f12ae0d2068347e7,e73ff1825cc0d7b8798b369dce873e11,64760d6690f5ada7c8b29a8119cf5e46,Không có kho
03db12f3da07cafbdcdd8dc6f4bb8a5a,e8459f3a516e554c5ebe71f5996124cc,354,Không có kho
ccc192f393f5fa2035aad9f8c9c7372c,e8a4d98c2eb3a387b67285046054bb78,6dff9adb589f789e9643ae6dfd315192,Không có kho
b923f84f9ae10df43e1dad2ab90a744a,e9067361ac29a8d5ea5d1b54dc5264aa,bfb34cf2bad89d03571ffaa17b17faf7,Piano Nhạc cũ
adb284465423d9296131d48ef9fa1997,e92a108e25961666639b9ab5337a88ff,421992b3edcf253d0dbf3a497e17433e,Không có kho
81dd65aeb49ee531d630c0a03a746844,e9560875b0a9c87307a06e462ceff6ce,231a239c95a14b36870a44d99c5cb805,Không có kho
071f4556f2df99e461a9b0e285337be3,e9b7443aeb53de7f66a626228a2db57d,74d7049be0e0f3f703d211a760c889c1,Không có kho
1fb59b29e221965a61da304e64f8b177,e9cb98d78ddb49fcfb0bac87dc0a7958,e0fc4744bfbc4bb14358374016014b88,Không có kho
e1bf588bb2b2f801bc75654dc4bf94b1,eab0dbec41decba59260d88c5253cb4f,b03bbf0c6df6daa75fb563bc69bef781,Day dose of house
89e78a0d7a09fcd1168284da9433c4e5,eaf8a199065473088beeae9d0a74a8a4,b03bbf0c6df6daa75fb563bc69bef781,Danny van Rooy - Founder of Multicolor Records
1ae7d440d017d12beba9623f17b81e2c,eb1415ad677f9af5aa6a9d8fc22548e3,096abb0ccd7ea756dbb01a39409c46b4,Sergei Grishuk (Сергей Грищук) Relax Nga
cd356917c8941ba9b1e6252fdbc9f00b,eb955183015e3afbb587d25cc344d4c4,c4a53fc9345e4cfb5078ef88eeb7b6bc,Không có kho
d44ce3ad0fbd3266b0c334548d77f4db,ec045c282b38c429ed760b41f7c4d285,733,Không có kho
fd742540cff05a62d7048e6cd2562212,eca77d913cd99c30e2e4f0d31cb3f243,b79ade0aeb12c8a8085ac9c63f981d12,Không có kho
5857867b0dddf8f0cc4e9878fd86f3dc,ece6ae9e201ccb06233fadbb49a5d3a2,a90f03b723cc8eaa74884db9f28f5c25,Không có kho
7d8769082d113dc1860fcbcaecdbe550,ed0f69c078af8385e09d8dd6cc520cff,11870827e7ac2dcf9e2bfb26745af04e,Lofi Mix Guitar
31393294dea2c7d5dd5a4385d160bff7,ed61050b436967c7edce14e21beb8fe6,396fdb47be1dbebf1f4182cb61eca62c,Không có kho
d66732bc8314b63f2ff4f9f868ba0fa7,ee31e343b9611191e4764cf8295b17d9,37213ef2afd7331f8ab6d61aeda4abda,Chill hop
9fbe8035182ef521cf28ecbf24b179a9,eeb5a15d591464bd3afe94c3d7df286d,096abb0ccd7ea756dbb01a39409c46b4,Martynas Laurinavicius Whitesand
69563e41f003d997166fe39f413d05b2,eec913e82957104d620577605ab29e55,ec54ec499d34730ecd56c52ae1e19659,Không có kho
190f62aacca1c1c44962509e4a71af2d,eed3dabf8fd672c91ae906d1ac5fe454,b57dcb012d2d09e95db7d6f6a9bb767a,Không có kho
104e24978ff1715e8c46ca36729e7a90,ef2fe7d8c8281d19c19db280a57e6610,8936bdabfc3ca8f09cff4b75ed4498ce,Không có kho
2a044564c5ea5c3b8e47cc79eb603103,ef33a7acc9d2632c8a4e51dcffbafc08,c85959fcf73d7bf1c3486bb49487f15c,CID ĐỘC QUYỀN THEO KÊNH
8b780df1bdebcd997c9560659a87294c,f080dffe37a00d603f9fb51eb97b3a6c,b03bbf0c6df6daa75fb563bc69bef781,Pofiqist
ccd421757a14f0ca0ba752c44cc8cfbe,f08e9e83b9e654255c53c7590e3e5a9c,389,Không có kho
459a19c03f6a0fb837a71781c40037b0,f1b7dcfc86cbfe133baa961f419527eb,418,Không có kho
f68ac5257a214f6fd7e60d572d20e428,f40d54a650e6f09cc70a8c0053820c74,651,Không có kho
608a441d323c576079fb434c12faba3d,f43dffbc17c24dc65c3792908fb63b9f,d440e0050e8585bbcc2f303575222053,Không có kho
c5d6b0cdf9b4bcbabd69837b7ac8e1f6,f485a576ed8e56d9effa96d291c4a74b,2b788b855970aaeed922dcdb6225c502,Không có kho
b297aa5b8ec9db92f6f82ffe8b62d964,f48df4eae5158eba2fea3f477725dd74,6040a8ffcf982e4bdc87f8dc494fde3a,Không có kho
3126946c2b2f66acf865432f909e44d5,f493d218aaa1fc75f0780ef5451865ed,8c2dace319eca387ca62de5898519b83,Không có kho
e215862f4dd91601d8eb20a307f6aa47,f4a9daa0b91c230d00025eb3a1234ce7,678,Không có kho
d31a435654e73eed8d9dcd8f6a8665eb,f4f539e164fe7409b8d5d19e1a4dbec4,db5b53cba3d31d8b2e76b9ac5b7e512f,Không có kho
bcede4f1e5a5c7d9fe399484f50e7a2d,f5c9a3f816e160e29d4a4a1af295cdfe,b03bbf0c6df6daa75fb563bc69bef781,Lowly
f0b52bede80abe2b6b29d578554e24ba,f5cbc706184ec212310bb8ccf0f0c834,adb890c73a2b32805b5352232852cd17,Không có kho
e20addb32065cf22af28a9e6e19947c3,f5d457f012c295f22f5f570449d7a3d2,381,Không có kho
e391a1cd4906c9dfe6bab48c5f3c7c4c,f5eb3ebefd5d844837ffd0bc9c8a33af,377e8c179ea7a4dc0232d46710bcb63f,Không có kho
3b23d0db0751b08f51baa9ecf7548e79,f5fbb222cce55abc2ed6f22cd218bcd2,bfb34cf2bad89d03571ffaa17b17faf7,Không có kho
8a3eb2909fd39ebebb6345f2fc625a6a,f64d3c1ee01bc5a07fcd5ba6f1d84355,382cc67aad1fdda6768a4d14e7901d66,Không có kho
9e1367fc9b193fcc6d0c3137d3141ec3,f7ac3a8874a0d71abd743d72ee9073e4,75ef48d95d0659e790c85b6593c6ddd5,Không có kho
9a5d8dd23e6f4455aa53339574eef3af,f7ad47684cc098e57d95680d734fe0b0,436,Không có kho
0e13bbee579768830fac0ddf1ad584bb,f7c10c0a6a751aa4383a8bf2c51bc7da,028d18012b98b62e44d1b795be9f6747,Deep House Cover - 1 - FM | Deep House
a36bb370a464a297ab9300063f9d7148,f7f154e3df132603a1f1b37fc89fe44d,096abb0ccd7ea756dbb01a39409c46b4,Oleg Gorbonosov
e22d67682e798ccc617bf70f3fc329a8,f817d68013f36dc5b259aa8ab176b397,b03bbf0c6df6daa75fb563bc69bef781,Fradiano Hasani (Don Tuco)
bc1155fcbc412b9724d5d529a97301ea,f8535fc6164fd03bbe5e111abd5250ac,b03bbf0c6df6daa75fb563bc69bef781,"Hannah Kelly, Niklas Thal"
c11e1eb8f526964aa184448995030e6a,f897e4f1111d99f445a6e3d340f12838,b03bbf0c6df6daa75fb563bc69bef781,Inside records
d66301163eac77fda38f1c53690d7089,f905d6a9d4969514f5d95e505ef34aef,65e61f649865102c3a94ed6a9870f6b6,Không có kho
70b9c26bd9b48da71cfd4423c0acccc1,f9feb94b6e121b9ac48839cb08e85b02,d4a0bcb8c6b26210b238d09c529d1bd6,Không có kho
72d1f987d9fc4ef3748a9f90657cc1c4,fa96793a337b8eea82f411be2ae5afbb,366,Không có kho
6cb4d8bb3b20276276a4db2ab7b13d06,fb3daf9e6921170419757f8c98ababd7,5f942d8e38ea0305e29ba6bc221f7e01,ALEX INSOURATSELOU
92c9913af795faf8f4c7a8ef8b0808b8,fb55720a60772ced683836e9e95259e1,8936bdabfc3ca8f09cff4b75ed4498ce,Classical Độc Tấu - HG | Độc tấu Piano
7dbe6566132f82fe26711ee3479b64a7,fb668098b95e3f0c88af2619a65c3a68,4699610bc0e6ddd87ce8232d273259ed,Không có kho
dca37779df012da6fdc5dcc345054010,fbcef5e88e0319bd8c988ff015752c0a,413,Không có kho
a25cd6a8c6f2122a2dbcc6ec91267ae6,fc6d2e8110bc249c78e3892596d43bf3,a69f35133dbe95166ecb0bc14ce0b20a,Không có kho
62657c071f7298b990dd5eac89a1b951,fcc37eebfe8b605da834d79bf5bac4b7,d42d7b3fa588b90b3e8ca86e8d32ab35,Không có kho
1526c9e7fe302894a9147a1a6f2d850b,fd2974fe83cb8dd93d0c16f4c5f84eea,815a5db0f121c22f8b20714e0b5bc717,EMVN
56d3c812d54176d97cbadbe567d7b61a,fd71f0e358fcd888967800972d3799c1,c892750621fe223d244a54acd545ca0e,Không có kho
770cff1a2b400d22bd529e7a87d3f680,fdb2b8518b23e1ee8d8f098e0cf18eee,4e184ab903e385219b45d2db2a9921a7,Không có kho
f3041669045a3bf39ce960b3b77c9195,fe0272f4537835e08aa6e3541e246c26,385,Không có kho
9d7757c025d40198f0e812938b1017e1,fead57a6e4512cb25fd5c0acbb756774,d703db6518da3cabb8fd61b26931334d,Không có kho
895e75cae062b9f737a083d7772b3f6a,ffefb3cb9895617319f420b69b9367bb,1e708a1ee331dae3e9f3b148f43b93f0,Không có kho
