dim_artist_sk,platform_id,platform_name
c344336196d5ec19bd54fd14befdde87,5877,kana_ism
927e838a450e2fe6225edfc3d12e2463,5879,hiroshi1216
4b7147dea804df0cb40380152680314c,35888,M.ARLEN
055e31fa43e652cb4ab6c0ee845c8d36,5880,sati5280
98b84f413adb58109496b42ebd1263ff,34568,Đặng Phú
6d378765f17a856b7ba8bf1541cafb69,5881,drone_aerial
dffac38df13c3a801f1b8994f9303bcc,5882,crepeytor
98f13708210194c475687be6106a3b84,20,Forest Music Group
c1cdd433a18e3949d6e64b68564a7c0d,5883,droneokinawa
7ed2d3454c5eea71148b11d0c25104ff,5884,dronejuku ドローン塾カタヤマ
75877cb75154206c4e65e76b88a12712,5885,marineserviceao マリンサービス碧 宮古島
15ae3b9d6286f1b2a489ea4f3f4abaed,5918,Shuto
90f4760fcc9b69c13da7368c5c2917f3,5944,vld.creanga
2e907f44e0a9616314cf3d964d4e3c93,5945,pauls_walks
ba1ccf0271ba8fb4766db5c608f1012a,15369,Julian Grey
a87ff679a2f3e71d9181a67b7542122c,4,Public user
5070c864690416ae860eede18e5c7e4f,15180,Phạm Thùy Dương
b5e93461a6b1f9f5f6542740442d2233,15207,Nguyễn Gia Huy
926ffc0ca56636b9e73c565cf994ea5a,5946,BlahBlahRom
9e05fb01c4c2aa78872ff38b73e69197,5947,ionel.ivan
0c2a1b8eada4803abd90386df241cbf3,5949,ponturidecalatorie
e148bbf8d64abf4aac7ea4a3c5560aee,5950,romania_hoinarind
800b03685c22049f049801f6841861a2,5951,wanderer_inparadise
0d43f5cbdcf4166b6d53833a4ad60cb1,15498,Attila Léner
761efc843ff05ab74ed358713dd51c1b,5952,walking_sightings
e769e03a9d329b2e864b4bf4ff54ff39,5953,eifel_airshots
8cfef17bee2b7a75a3ce09d40b497f6b,8492,sản xu
0e87de457be3fffbc57408200d762452,15181,Phạm Thùy Dương
2f0928c25ff3f884e8d2fa38835bd328,5954,carpathian.life
a67c8c9a961b4182688768dd9ba015fe,5955,Sol Searcher
edb446b67d69adbfe9a21068982000c2,5994,Satoru_Ueno
233f1dd0f3f537bcb7a338ea74d63483,5960,beauty.in.trivia
63d196328512c582293ce6c845521bb6,35445,Tyler Hawke
d8577a104f9962cb3533946068f61dae,35450,Holly Rae
094366eaa7a4b5d7f9ed227f212b3649,5961,spectrumwalkingtours
5698620bc382e43590e89eefc3097d3e,35889,M.ARLEN
583ec298b104e8f1d60fe7315ffd99d1,15371,Julian Grey
6eae17727b4e77cfd9d81da1f7176317,15370,AshnIris
baeabb8ff01160eec0b5db7da2805f57,5962,Sebastian Tadla
31839b036f63806cba3f47b93af8ccb5,817,Lê Quỳnh Anh
9b72e31dac81715466cd580a448cf823,540,Lại Thành Tâm
680390c55bbd9ce416d1d69a9ab4760d,5963,Ramblin Man
c67ba7c4c5c0cd4cc3e3a7146fe5c015,5964,Anatolie Vataman
a8849b052492b5106526b2331e526138,578,Thái Vũ Hoàng Huy
94cb02feb750f20bad8a85dfe7e18d11,5965,Eifel Moods
95c8f422f9c3308d391cbcefae21d5ad,5966,Thuis in Heimbach
8682cc30db9c025ecd3fee433f8ab54c,5967,Ferienhaus Kürsten
192fc044e74dffea144f9ac5dc9f3395,668,Lý Huyền Minh
647bba344396e7c8170902bcf2e15551,545,Bùi Đình Vũ
ed265bc903a5a097f61d3ec064d96d2e,546,Hồ Quốc Đạt
9823c9091899dc6f227f9133ba2dfd30,6702,Pani z Dronem
f29e2360ef277f77595dfae0aab78138,6703,medlindrone
c9c346f0d25cac2d93439db2c736bc8b,15594,Tiago Ig | Tiago Ignowski
8c97dbeee3b0d40ced7f514b99a93d93,5968,landliebeluft
631e9c01c190fc1515b9fe3865abbb15,5969,Hometown Eifel
857c41bc36ba2d1be4e16d321e3f15b7,5970,Eifel Hiking & Touring Adventures
c988286fe12719e8bb8c6e76c05e5963,35458,Helios Healing Space
32e0bd1497aa43e02a42f47d9d6515ad,5993,Valentin's Eyes
374d37146f8e631a2adb03fd6818b497,35890,M.ARLEN
fcd4c889d516a54d5371f00e3fdd70dc,5995,hiroko.nogami
8d3215ae97598264ad6529613774a038,5996,Shinji Kurihara
077fd57e57aab32087b0466fe6ebcca8,5997,Andy【絶景を探す学生】
df46e19efffe9c4cd3e8808359aa8c8a,15500,Lê Hữu Phúc
8d317bdcf4aafcfc22149d77babee96d,747,LuxeBeats
d76d8deea9c19cc9aaf2237d2bf2f785,5922,aeondronelife / いおん🇯🇵ドローン
979a3f14bae523dc5101c52120c535e9,5925,rezarahmadanii
a8a427afafda854020c951467cc2b4b7,5926,Eduardo Pantalone
c8afe805c097dab1f1e5bdd57f8d2931,5927,leonsview
8ae1da0fe37c98412768453f82490da2,5928,favero.matteo
05f17e3cfa5de42020eaa6df34fb4805,5929,kyle.arasani
15a50c8ba6a0002a2fa7e5d8c0a40bd9,5937,desprefluturi
62e0973455fd26eb03e91d5741a4a3bb,5938,4k.vin
fc8001f834f6a5f0561080d134d53d29,784,Hà Ngọc Tùng
4c26774d852f62440fc746ea4cdd57f6,5869,yuto_isla_miyako
7e77e4a1b051ec0a510b48eaec2f3a3c,15373,Valnoir
e49b8b4053df9505e1f48c3a701c0682,748,BeatBurst
1f74a54f39b3123ad272ca0a06e7463f,5870,beloalex
94f192dee566b018e0acf31e1f99a2d9,5872,donguri_photo
7ee6f2b3b68a212d3b7a4f6557eb8cc7,5873,jimmy_okinawa
85d6e9c8255c0364fb67b5ac8a25eea3,5874,airik_fpv
b16539e3ff2250a2bf164a92b030633c,35463,Cao Bá Hưng
767d01b4bac1a1e8824c9b9f7cc79a04,5875,androne71
fdc0eb412a84fa549afe68373d9087e9,5876,DKdrone
c950cde9b3f83f41721788e3315a14a3,5893,onakasuitana0313 宮古島のカメ山さん
3ce257b311e5acf849992f5a675188e8,5730,Ngọc Bảo Nguyễn
164bf317ea19ccfd9e97853edc2389f4,5731,Đà Lạt Chạm 🇻🇳
c19af480c40e343bbac3e2c01967b09f,5732,MICHAEL WAGEY
0a988fc2992add2d3233e19c7aadfdea,5733,Philippines tours
f3c013d50e1737ca632a8f17e5815afc,15595,Amélie Corne
bdc8b08ca966b6626e1f186f03c9a060,5811,Saurabh
f9322b146574d9da9ad32ad879ad373b,5844,Andreev Bajet
73926ad475a40a4cb676b8d4516cd767,15375,Valnoir
2f4e2fe0d640b5eca5eaa6de05759928,15266,Tiệm tạp hóa
ac411f98b72734d56053360159f88447,15267,Tiệm tạp hóa
648ca16436a0cd9ae1e2e53ad9879f6d,35891,M.ARLEN
f41ff84e7cbd129397c11f8c5d20c0f4,5845,LKDroner
f19c44d068fecac1d6d13a80df4f8e96,5848,Quynh Anh Nguyen
1b388c8b7c863fde3f559142fdc123b0,5849,Halim
234a1273487bf7b2e2061b9b56373a29,5850,Duy Vũ
805163a0f0f128e473726ccda5f91bac,5852,Jonathan Olivarez
ecb287ff763c169694f682af52c1f309,5862,Reihan Agna
4722176876d0b766e2ce8328108416b9,5863,Lộc Đàn
7cdace91c487558e27ce54df7cdb299c,5864,Thành travelfilmvn
4669d6db6d5b6739b9194e999d907924,5865,nachan_photrip
8c76acf2b5b98f72bec5c3e3b258f122,15596,drone mood
a7471fdc77b3435276507cc8f2dc2569,5866,jonah_joynas
fc9e62695def29ccdb9eb3fed5b4c8c8,5867,kaji_trip
5b3b3e573becfa5d7fac4916f8bc0fed,15186,ABC
b476828992f393a09339cf6270d30aa8,5681,Tim Ulrich
8a20d7c7b4ca634d08739cf614e6063c,15188,abc
c15da1f2b5e5ed6e6837a3802f0d1593,788,Trần Thái Bảo Hân
82489c9737cc245530c7a6ebef3753ec,794,Lê Huy Hùng
ccb0989662211f61edae2e26d58ea92f,755,Jazz Mosaic
f812eab186eb17d72275bb38b918913d,15502,Paolo Paragas
1efecd1fe0d67b4fb82c400a180be64b,15215,Out source
b056eb1587586b71e2da9acfe4fbd19e,749,Bliss Sound
872488f88d1b2db54d55bc8bba2fad1b,754,Lunesis
14db62200d8bf46551aa214accafe1df,5683,Mahendra Fpv
1959eb9d5a0f7ebc58ebde81d5df400d,5684,misanuhoho 社畜社会人
07bb5fdef1ee99d35eaccce14f8b5540,5686,Luca Epifani
0de95629f8faacd3fa1695c6bdb5e019,34042,Nam
aba627e6575de48bcd4fc3be3d373c21,35892,Ghost Meridian
c7c30fd0053ed68c64821a269de80267,35443,Tyler Hawke
59c9f0277cbbf1d0a7d7dbb4bcd46315,34095,Sĩ Phú Quý
218ac3fe3df6ff2c8fe8f9353f1084f6,5687,Azim Toktogulov
1f029c1e1abaaf0605807b7f91552d36,5688,kaikaidapanda
cc96ac7f344eb79af7ef8d461389813a,35477,Cao Bá Hưng
a992a9e939240ce589accf70240bddda,8089,Lê Đỉnh Kiên
7d5c5d752a36bf2c89c4e8a2467aad13,11167,Hà Trung Tiến
f5aa4bd09c07d8b2f65bad6c7cd3358f,7143,Trí Nguyễn
8ba6c657b03fc7c8dd4dff8e45defcd2,5689,Le Kha Tien
9cea10c7ff109c6e61727a0d45492ead,5690,Phan Anh Flycam
5ba47c07b9b6a8f2718d94fa3f48fe9f,5693,BiBiReviewcảnh
a6b8deb7798e7532ade2a8934477d3ce,5712,Anhelina | visual diary
5e7d00134ba3a8b3e37edf5038bc51fc,5713,Timely Snaps
0fe6a94848e5c68a54010b61b3e94b0e,5714,Timely Snaps
380a2d63cef1d5d702278e2b561e2e51,7144,Duy Đỗ Khắc
6e4243f5511fd6ef0f03e9f386d54403,5715,𝐑𝐨𝐥𝐚𝐧𝐝 • 𝐕𝐚𝐧𝐢𝐥𝐥𝐞 𝐮𝐧𝐝 𝐌𝐞𝐞𝐫
e49eb6523da9e1c347bc148ea8ac55d3,5724,amber | hiking | travel | photography
2109737282d2c2de4fc5534be26c9bb6,5725,Video.Trailer
80b618ebcac7aa97a6dac2ba65cb7e36,5728,Huân Ở China
024677efb8e4aee2eaeef17b54695bbe,5729,Mèo già ham đi
be925cdb6f03c1b58212df4c2831aedd,35893,Ghost Meridian
cedb0f1d9cba94cdb32f8ee05c8485e3,15504,fly_with_andrei
b137fdd1f79d56c7edf3365fea7520f2,750,Jolly Jolly
912d2b1c7b2826caf99687388d2e8f7c,751,wanderwave
860052df4915de4d6c3deac9f7ebf5cc,5734,Explore Philippines
3f26de5213216fe4c8a797b1ad68d771,15597,Dawid Wysocki
e347c51419ffb23ca3fd5050202f9c3d,5750,Jason Fenmore
a4c42bfd5f5130ddf96e34a036c75e0a,5751,Manoj
c7b3f097f4810cbb3c4b18c09ab893bc,5752,SUBLIME DRONES
23f09b21324d1ed3cd722109bd55d6e7,5753,𝖯𝖺𝗍𝗋𝗂𝖼𝗄 Hoenlein
048e9aee4ffe42efbf7865f0bd5a2fa4,5668,joannehollings
f864749bcc30eb76d8b8a043bc0ee97d,35444,Tyler Hawke
b24d21019de5e59da180f1661904f49a,5664,caidenjacksontravel
f900afc719d7d86bd7d17b9d3be0aafe,5665,Jason Charles Hill
9398a81b705d554c0e94ef6b2081ffd4,15598,Dawid Wysocki
5ebe5626b9f1cd89fbb9f665a527591f,15610,Nora Elen
45961dd50e46379442318098474e0ced,15562,Eshagh Sadati
7052dac9f266e7843faf319350765a98,35460,Tung Maxx
069d3bb002acd8d7dd095917f9efe4cb,580,Đỗ Trần Hoàng Nam
54d69e23f13017d66d2d0a23415072ac,35446,Tyler Hawke
4d386d01419c083e8df5de53eb5a0254,5666,Katia
c34a7191f6e9948068b83e7179ea3da8,5667,withaxie | voyage & randonnée
b9fdece3130f9e19955c2c3f087168f9,35894,Ghost Meridian
f8b18593cdbb1ce289330560a44e33aa,15047,Νίκος Παρθένης
c4ca4238a0b923820dcc509a6f75849b,1,HG Media
c41dd99a69df04044aa4e33ece9c9249,5868,drone_pilot01
4360d878e132d5e4f3a622d5edae7d34,35482,видеограф | монтаж | съемки
70c96c4ef725a5fd488815d60a1ec206,15513,Johann M
fae0b27c451c728867a567e8c1bb4e53,666,Bùi Khoa Trung
037a15f03246f075193b2a295ba4c466,14081,An Trung Kiên
6081594975a764c8e3a691fa2b3a321d,711,Lê Phạm Hồng Thái
d107823e8deaafd46ec69bba2601473e,35461,Phạm Hoàng Giang
2823f4797102ce1a1aec05359cc16dd9,756,Ecliptica
69f00c668860dd2a02c612891ddc762d,13912,Bùi Đình Dũng
7da9599ceaa0dd2498d02cc7985f5bde,13613,Bàn Bùi Trọng
e1b97c787a5677efa5eba575c41e8688,14709,Bàn Mùi Sỉnh
fcc5b727bd30570766d15fb2d4e4ccd5,15378,Jolly&Friends
8df707a948fac1b4a0f97aa554886ec8,715,Diane Sherwin Velasco Tungol
45ec4f558dca1921c3f77b0a787b204f,34598,A&R Trà Giang
8f14e45fceea167a5a36dedd4bea2543,7,Admin
b2cbc0a549ec535998da8223cde1099e,35447,Holly Rae
30841bea013ba7357328165089fd6b47,35462,OM Himalayas Healer
01f78be6f7cad02658508fe4616098a9,550,Phan Duy Trường
bc2ed059241324f16bb08d020e634321,35448,Holly Rae
052ec8fc3baf1d017b9a0f7559a18b5a,35464,OM Himalayas Healer
e38b50b909f7a76965c768c3b64cd9e7,35465,Cao Bá Hưng
4c1062cc42d7e3c64306cbee964db44f,15244,Nguyễn Tuấn Anh
772d316613da8c54672c54d3fb5aaa58,15245,Nguyễn Tuấn Anh
e84cb7cbad2a4a01372580399d53816e,35466,OM Himalayas Healer
dba1f3f1753db3b8a2921d97d6f4b86b,35467,Cao Bá Hưng
cdb1b8659398b6fc3d538fb524493d5e,35449,Holly Rae
be315e7f05e9f13629031915fe87ad44,7694,Thu Quỳnh
ab06a50152f06f7f00b44b2189565b75,35468,OM Himalayas Healer
79e10a2be96e1167fe27825b47b040de,15246,Nguyễn Tuấn Anh
f4cc4b9bf4dc2237cb88718132e9fb7c,15385,LUMARE
e92c58a6493efcb1f0e995c58a60b620,15381,Mateo Cruz
6c8075e295e3f39797ded21a0a94ed08,35451,Artist Eggie
308fa1ba116122db3d87cd0da6e145bb,35469,Cao Bá Hưng
7c8ba697dbc0c69dbdbf8a1a544e788f,15217,Không có
757eaa74c03af8ec29203a6a0c3457aa,35898,patana
65658fde58ab3c2b6e5132a39fae7cb9,536,Lữ Đoàn Tuấn Khoa
25e646de1d14a0538e631e7f3605eb12,15193,Nguyễn Văn Vinh
ebd75b8970e12771b1aab92eb59cf0c2,15256,Điện máy Tuấn Phong
4857c95f8baac1053d07c7ff89b527cb,35470,OM Himalayas Healer
81616e9ab54cc3e36260f80593a4cc33,15071,Oli Langevin
e0ae4561193dbf6e4cf7e8f4006948e3,5878,fido_drone2024
b5200c6107fc3d41d19a2b66835c3974,8466,Vũ Phan Quỳnh Anh
12bcd658ef0a540cabc36cdf2b1046fd,6543,Đức Nguyễn
ddd3ac78a14a615e003287228c6ecff0,35471,Cao Bá Hưng
4ff6fa96179cdc2838e8d8ce64cd10a7,5410,Xi An
8f57f8197501fe0c3d8913e717632812,15614,M.ARLEN
196268d973fe71025e5e9a9b6ef4c6f1,15600,Calen Rivers
a2daf6d006b9b09d13bdb15017a4d714,35483,Elias Nordheim
8cc9db4e58f997f9ac4cd4dce9b06d3b,15599,Evan Thorne
2dfe1946b3003933b7f8ddd71f24dbb1,5155,Kęstutis Paškevičius
2a60eed05079970d61abad679da7ae8f,15618,M.ARLEN
dec9c56e749d1e55a8efbd3fceafdaf3,34601,Lily Wu
8a7129b8f3edd95b7d969dfc2c8e9d9d,5669,Marvin Kuhr
8909a6e385b0fbc1f3885c00ae838de7,5670,Nicci || travel & photography
63a8f9e307f0bf4473c24dd4db17cebd,5671,Liana | Slow Travel
c66dd00e5fc44ba8de89d7713fedcd50,5673,Cody Mayer
f1ee083baf7bb88affb4bbe77dd229f0,5674,ksn_tv Tate
045752bc5c7f705cea3cc14c036c261c,5675,andrewiwanicki Andrew
b0d6951563a26ffeb2405a9653b3b422,5694,Aftertone
dfea0768cc6ba51dd20c7224016b0bd7,5695,Nara Photographer
7f848746fe2599dc199a75f0d02fc3d6,5698,Seda & Dijwar | Travel Filmmakers
309e788d39ad52b4d43dd4001adecaad,35472,OM Himalayas Healer
fae9389a7378751dfbd769fc5786f319,15601,Nora Elen
6fbd841e2e4b2938351a4f9b68f12e6b,5138,Ahmet Kurt
1105d4e261b6276bc278026b729386d6,15613,SØLACE
64eec0c3fb6b12c43f51ec9e9c773fed,5054,Marina
449ef87e4d3fa1f1f268196b185627dd,15388,sønar
bc6249acce910185a80f3152bd16adde,15383,sun:set
f69b857233949c6a79158d4bb7ab5061,35473,Cao Bá Hưng
5c971edc0c2cc92fc99b5a3609450cb7,5699,Aris Kamarotos
84f5ddd735176becc72c3b1ff424149e,5700,ÜberfliegerBayern
bac49b876d5dfc9cd169c22ef5178ca7,5701,Enrico Ausburg
ba500f04049a8eece1e23e36ea7bbab0,5702,Jetset Lens pro
f7dd39d47c6f28f7877155ccffad0192,5703,Lê Văn Anh Tài
3b5e2c9be5002e87e0477099db5ff21b,5466,Lê Anh Tuấn
92dfa194391a59dc65b88b704599dbd6,5468,Nguyễn Văn Bảo
ae06fbdc519bddaa88aa1b24bace4500,5469,Đức Mòm (Trần Hữu Đức)
baed9f51d412c2514ee46a0942138ad6,5470,Minh Hiếu Japan
301d01984fa7dce86bab6d4d613b6678,35901,Ghost Meridian
bb2da85c47ec0d635ae708645f47475f,35474,OM Himalayas Healer
64c26b2a2dcf068c49894bd07e0e6389,5472,Đường Chân Trời 🇻🇳
41a6fd31aa2e75c3c6d427db3d17ea80,5473,Ben Prescott
25dd30ae03e63faa6b82d5a6a8dadff4,15616,SØLACE
aa3e602dc876a6d7dccff51c07840900,35475,Cao Bá Hưng
fbffdd7e918c7968f26dfa4088cc84ce,15617,M.ARLEN
4dea382d82666332fb564f2e711cbc71,5474,Long-Nong Huang
266c29a5d874af62d87413456e07d700,35690,thereed
fed2feba540053a436306e3993642e7a,15386,velín
65173795697c8229dd202ad94e821bab,5475,Andri Laukas
23712318a400454a2c049f165106d985,5478,PHILIPP MITTERLEHNER
ac2460b56866901d732f996b82b69d31,5479,Joe Hall
c6e81542b125c36346d9167691b8bd09,5480,André Alexander
24f2f931f12a4d9149876a5bef93e96a,5481,tom_juenemann
f4f691ac947fd92b7ab3c33d3f90bfed,5482,Wildlicht
03b2ceb73723f8b53cd533e4fba898ee,5484,Philipp Heigel
d7b431b1a0cc5f032399870ff4710743,5485,pelle.faust
1f5f5b265100daad35b3a491e1c55351,5486,Simon Hird
139042a4157a773f209847829d80894d,5487,Adam Firman
56c3b2c6ea3a83aaeeff35eeb45d700d,5488,Ken Hagen
2706d952855897483572487456d4498d,34300,Nguyễn Quang Hiệp
10d4b366f410a1275f7b684f07a28456,15258,Nhất Tín Computer
5300ef422e613b74fbf759d293aaab6a,5886,reya_drone
5c6a2ff5001c13fb4b0425a45e5b8e11,15604,Nora Elen
d902c3ce47124c66ce615d5ad9ba304f,5489,Josh Mccabe
1bc2029a8851ad344a8d503930dfd7f7,5491,brendinkelly
75394e5f44eea02f577f82aaf9c7a091,35995,Phạm Mạnh Thi
2ef6b53bebd1a794aa0fe7749ed72393,15387,Leo Marin
f01acd85b5e40e93f565627a8bb8bd98,5492,Mikesugianto
59b109c700b500daa9ef3a6769bc8c6f,15195,Nguyễn Phương Nam
fdbe012e2e11314b96402b32c0df26b7,5493,Chance Jackson
ccea163536ff22f5706464b2d5cff933,15220,Trần Đức Thắng
57b33ae6c0bf00c454900bea31d88893,15221,Hoàng Kim Toàn
aedebcb18edb997470daa998aa9a326f,35476,OM Himalayas Healer
297599ea587669a83f7d30846c397b72,35902,SØLACE
85f3375756047fba207ce9b85780313b,5494,Brooklyn
cca8f108b55ec9e39d7885e24f7da0af,5677,nathanleeallen Nathan
228e338fddcdf62a8065110d0b5f87fb,6706,jaxonanderson
674f3c2c1a8a6f90461e8a66fb5550ba,5678,Ernest
166cee72e93a992007a89b39eb29628b,5679,Hannah Wright
e3d389ef8c92b280760c6ebd647c2cee,15259,Nguyễn Lan Anh
87784eca6b0dea1dff92478fb786b401,5691,Biển vô cực Thái Bình
16449cdd169d248c891506ac8628480d,15394,Mikael Dorne
b597460c506e8e35fb0cc1c1905dd3bc,5692,Hiếu Nguyễn Photo
d3e2e8f631bd9336ed25b8162aef8782,5414,Nguyễn Trung Hiếu 1995
973cf0f1e5cb6a86bcc5a188d698a7bc,15196,JD Wander
689aa1f4357cb7072554e435dca9a370,35478,OM Himalayas Healer
d8b08550cd94134c41e87ac5ab772552,35487,m0nd3r
415185ea244ea2b2bedeb0449b926802,5443,Huy Kiên
bbdba257f96ea1bfa6e0aa829c59984c,15229,Bùi Mạnh Ninh
4456cdcdb5224d37e0219099d42e0639,15620,SØLACE
602443a3d6907117d8b4a308844e963e,6707,Oxalis Adventure
8697b0e913b66de79d5edfb73cdf07ca,35903,SØLACE
aa1ec9091310e2f702004015db05a86b,35479,Cao Bá Hưng
587b7b833034299fdd5f4b10e7dc9fca,5444,Hữu Đức Bùi
3d3d286a8d153a4a58156d0e02d8570c,5446,Dương lâm nhất sinh
623a1f8e55863044aa680a8fa581c36a,5447,Nguyen Khuong (Samson Sakata)
dd32544610bf007f0def4abc9b7ff9ef,5448,Huy Billy
67fe0f66449e31fdafdc3505c37d6acb,5449,Dươnq Lâm Nhất Sinh
0e2e84a82d94dc94d5749d44d4c6c73b,15395,moonveil
9a6a1aaafe73c572b7374828b03a1881,5450,Garazi Diaz
95a7e4252fc7bc562a711ef96884a383,5451,Khắn Xù
febefe1cc5c87748ea02036dbe9e3d67,5452,Tran Duc Hung
8ae5780d22688d976ebce9d8fb3db81c,5453,I N S L E E G R A M
107030ca685076c0ed5e054e2c3ed940,5454,Nguyễn Minh Tùng
211b39255232ab59ce78f2e28cd0292b,5455,Le Tuan Anh
a89b71bb5227c75d463dd82a03115738,5456,Trương Văn Hải
9665de2e7418849f980048e2bf816d30,35488,m0nd3r
c7e274f2fe950fbc3d82d36fb2f245f8,35480,OM Himalayas Healer
cdeb62ca10f63c94f575fa8f7f7a2b1f,15197,Nguyễn Gia Huy
17d079a0102e73dbd8c7cd98b6716b5b,15230,Bùi Mạnh Ninh
73ead3de69a5f3dbe5e6010b87e68727,35489,m0nd3r
007619eedbdde16adf6849f0e993f245,35481,Cao Bá Hưng
78aafe78cef466668ddd95d4d9d7e1ad,35743,Milo Maren
618b0fffdfdb50766e4d51574bc4e533,5457,Quang Hà
1475b0b5094e6f4f7dfc284649259195,15607,Nora Elen
28a543c2a9eee8c0d6fbfaff7ca7e224,5458,Hạnh Nguyễn Xuân
67e91755751b124a5e752c5fdcaa3a48,35904,SØLACE
9d05c2d955b24bd5d20b1638156ea0ef,5459,Lương Đức Dũng
fb4c835feb0a65cc39739320d7a51c02,5460,Joong Jin Hoon
b9009beb804fa097c04d226a8ba5102e,5461,Thanh Hưng
d63c4a5e9b600279c3da776f6113a400,5462,Huy Phạm
00f842ec2fc7bc8a6968c511f44dba04,15399,o:reliz
2d1ef8f39d2c1590daf9a3737c8a931d,5463,Tduc
b426b30042abbc15e363cb679bbc937d,5464,Long Cao
4275f89744278864da88c2fda68ec4e9,5465,Hà Bùi Khôi Nguyên
7c4121d27bf970f00f1dfdcee8f43a5d,5467,Mỳ Nguyễn (Tiệm ảnh của Mỳ)
b05bf587ec7ce83518b72eb0d011a353,5495,Tyler Lekki
971bbe989ad132e834b0ccb3f32e92ee,15277,Kang Jalan
d8e1d5073bde1c96433e0463f000bb35,15198,Nguyễn Gia Huy
0a54b19a13b6712dc04d1b49215423d8,5888,alexrebel_fpv
a631032a4ca53c968fd251959795ec39,35456,Cuong Tong
fc1618c9ae39989770371191790a772b,15611,M.ARLEN
cfaedf8d25fee6179bfc4bcb64bbbfbd,13885,Bùi Anh Việt
ad22e184c6cdfb585ad39195d1905acd,15529,Matthew Williams-Ellis | Wildlife Photographer
a3bf6e4db673b6449c2f7d13ee6ec9c0,5889,miyakojima.drone
7cfd5df443b4eb0d69886a583b33de4c,5887,AtsushiBlue💙Okinawa
51a6ce0252d8fa6e913524bdce8db490,11149,Bùi Duy Thành
fc95fa5740ba01a870cfa52f671fe1e4,5890,kawakamiseiichi しまの映像屋
3d9dabe52805a1ea21864b09f3397593,5891,ky_miyako 宮古島に恋した'98
f1daf122cde863010844459363cd31db,5892,kensuke442
818e9b09babdd65d130adad9a4ca9274,14052,Bùi Giang Nam
8e887cf8e64ab8e7173701a979476567,13636,Bùi Hoàng Anh
db8229562f80fbcc7d780f571e5974ec,14707,Bùi Hương Giang
3b05c9c3cce88159fe7c551d3e49a6df,35778,Sylvie Jord
0829cab14fd3f2444652a9cf2b779732,13897,Bùi Hải Nam
b4eb391ccdb1a22629fbf8a3b7950cb9,13719,Bùi Hồng Nhật
8f72f7d9931feb4ecedbb2c0722575eb,35905,SØLACE
5e83596334400305514565ee16b9106d,14632,Bùi Lê Thanh Nguyên
1de6b7909d0cb2fa54f7e321f505a4b9,13803,Bùi Minh Hiếu
f3102064ef90bf7d811c330f976366f7,15404,Nguyễn Quang Hưng
fd570928c75cc9b4e22488e1661d846e,13685,Bùi Minh Thái
09859012c567eb2b02d10dddf624e9d3,11403,Bùi Mạnh Hùng
8973ba741e7bd6450d8023552f43728e,5894,Junya 宮古島
4375b1899f2a38ba3d4c7d08793325ec,13625,Bùi Nguyên Quyết Thắng
33853141e0873909be88f5c3e6144cc6,5895,tm2_drone
b2f627fff19fda463cb386442eac2b3d,601,Oleh Pashkovskyi
66afc259774549a5e84fc678fddbaf14,14564,Bùi Ngọc Minh Long
b85437cfc53b6de51098f159b0fb909d,14111,Bùi Như Ý
8dbdbf0cedc89e9a82967a7d983c11ca,11199,Bùi Phương Anh
a914ecef9c12ffdb9bede64bb703d877,5896,OurWorld
d47619b92cebc6ebfa07969ab5370ae6,5496,Kammeran Keola
bdcc41211aa62a8f10f26d1a2d1727bf,5497,nickolasyee Yeezus
0390aff9c68eeb7b64fbebe21c878de3,13927,Bùi Phương Nga
75144d9c8780608425dd34bfaf7b96f0,14069,Bùi Quang Linh
d1efdc26e7d42a249391d16f255b2060,14146,Bùi Quang Đức
f9fd5ec4c141a95257aa99ef1b590672,5897,Awin
eecccd8ff4107946c78d42265cd474b5,5898,Roberto C. Lopez
a081c174f5913958ba8c6443bacffcb9,5498,ohyeet alexander
d149231f39b05ae135fa763edb358064,5499,ericmattt
6e923226e43cd6fac7cfe1e13ad000ac,5500,Vince Lim
87a7f631aba283357925824464be7f74,15233,tuyền
0cfe3c931a81acba365b335768dd0d93,13793,Bùi Quốc Chung
20ba66f905957b34253d9d7abde919f3,11455,Bùi Thúy Hằng
7cd5a1d4664804885ed5092f68ff1842,13828,Bùi Thị Diệu Linh
cf3b784c8593890043b17e24088125d4,13938,Bùi Thị Hoài Thêu
bca314ed6a27eb1a7ce8434de54e3453,13871,Bùi Thị Huyền Trang
878df06ce009b583ce76653891aec539,14139,Bùi Thị Hương
aab085461de182608ee9f607f3f7d18f,11284,Bùi Thị Nguyệt
fdaa09fc5ed18d3226b3a1a00f1bc48c,5504,faurezarisyan Reza Risyann
2e51055e7d09f972c49336144993e082,13792,Bùi Thị Nữ
7303a103c93fea0445384d6ff3f3d1b9,11289,Bùi Thị Phượng
d3696cfb815ab692407d9362e6f06c28,5426,bo_xiang_0709
609c5e5089a9aa967232aba2a4d03114,5428,Zeric 帶你發現台灣｜旅遊 景點 空拍
eab0141b79354969d1edd234fbc07422,5429,rex7ho
3c06891375b688d31554f6770fbce90a,35490,m0nd3r
fd0efcca272f704a760c3b61dcc70fd0,5900,s_ken.ken /kenken
fc1d0d2f2375b7a4b27ed621c335b19b,15622,SØLACE
faa1331e559d91ff392d9d6adc6adbc5,15531,Không
70a32110fff0f26d301e58ebbca9cb9f,5902,Indunil☘️🇱🇰🇯🇵
4c0303ffb193bd5e66078909a15268aa,13845,Bùi Thị Đại Giang
f4661398cb1a3abd3ffe58600bf11322,5901,Andrea’s Journey
bacdf41fd247d01b0203e599892f99ba,13619,Bùi Trung Kiên
63c3ddcc7b23daa1e42dc41f9a44a873,5709,dronesnorway
a1b07b8980c5acf5ef69cff16ebb1f42,5685,𝐃𝐫𝐨𝐧𝐞𝐒𝐡𝐨𝐭𝐬𝐆𝐨𝐚 | 𝐆𝐨𝐚📍
8b5040a8a5baf3e0e67386c2e3a9b903,913,Bùi Tăng Nghĩa
5705e1164a8394aace6018e27d20d237,897,Bùi Tất Đắc
01067f6f4ec8b1a0843daccb97664995,12563,Bùi Vân Anh
e87152a7cbeb2c3262d51598e1de52d5,13635,Bùi Văn Hoàng
92977ae4d2ba21425a59afb269c2a14e,975,Bùi Đình An
386a7f403925290ad57578b781db32c1,11160,Bùi Đỗ Huy Hùng
a3d68b461bd9d3533ee1dd3ce4628ed4,950,Bùi Đức Chính
69ee114722e3e7df044c4eaec11ff77c,14075,Bùi Tuấn Anh
3d9728c728f49af2642c560be7cc3f79,12553,Bạch Quang Huy
004a68efcee088ddeaaca5c5a3afaa2f,12558,Bạch Quang Hưng
d3f010d6bc392b904f63ce5792891b71,13850,Cao Bá Mạnh Cầm
e2521b89f813157a3f50c5c8d0d3086b,14626,Cao Kim Mạnh
de073d2cffa991f936d6a7aa7bca3425,14131,Cao Minh Hiếu
967162a0b2dc0483ad3d0f47dfb1e9ac,13703,Cao Thanh Tú
ce11641e056f7b59aef8e9a42eaeb65b,5704,Duy Le travel
182340c28a4350468fce307ff1bab29e,15192,Phùng Đình Hơn
ae5eb824ef87499f644c3f11a7176157,5656,Ehsam U Din
af87f7cdcda223c41c3f3ef05a3aaeea,5705,"We, Travel Buddies"
99607461cdb9c26e2bd5f31b12dcf27a,5706,CRAIG PEAKS
ff70ea41bc4d78c076f1a002add81da6,11436,Cao Thiên Trang
26fcf9e127023b55bc1dab3feacf45a8,13775,Cao Thành Tài
204e8ec7bc7abc1ff3934d44157fd691,15467,Marcel Van der Horst
35cf8659cfcb13224cbd47863a34fc58,796,Cao Bá Hưng
d7f71f28449665f9eefc114e5e7d3e7b,13747,Cao Thị Hân
e7fbb55818def36977ba4a90d82958af,35906,Henry Rolando Pupiales Camuendo
36165c62f7b7df72863d470d73302627,5708,Tropicalpassports
44fd3d54368ffe700c4d10c32fc61112,11359,Cao Thị Oanh
fe2bea6aeb9a3568ed12ac54fdad114f,11365,Cao Xuân Sơn
c48eb27d5b0a288f5bbf1545c218e001,13677,Cao Đức Tùng
0cf5d42e34cfeb8ae58bf0b5eca73375,15236,alexandramoldovan_photography
49844ba129a1cbc3d964703fcdb756ba,11376,Chu Quang Huy
69620311e27d6437b226e8925801d6b2,13727,Chu Thế Lộc
34d2379317fb3635602ad19abbabf397,13571,Chu Thị Hương Giang
2a3e953a5e3d81e67945bce5519f84c8,13844,Chu Thị Phương Thảo
5a23ed9882ba5a661cedd76afc3415a4,11174,Chu Thị Thoa
2c5baeed3fd870447056fc00bf792427,14544,Chu Văn Thắng
18903e4430783a191b0cfab439daaef8,5707,Lina | Travel
810462d01f318bd13e628a77fc3f92c0,5710,World from my eyes
c10f48884c9c7fdbd9a7959c59eebea8,5711,paugershots
f266449cd5af9f0a409d02703b414f94,13605,Chử Văn Hiếu
b49c21e3241ca30fdcd45758f44abe07,13890,Cung Tuyết Nga
c8be071dc1fa4062d7638bb7c9d17afb,13864,Cù Huy Thành
26864bfba07bfdc89934ec5ca9367ab9,11323,Cù Khánh Linh
bf25356fd2a6e038f1a3a59c26687e80,5433,junrong.tap - Junrong的旅拍世界
ee389847678a3a9d1ce9e4ca69200d06,5406,Darius Paano
110209d8fae7417509ba71ad97c17639,5407,軒儒Steven
0678ca2eae02d542cc931e81b74de122,5408,Craig Richards / Australia
e17a886efc21fa45b9dc49a17c29dcf1,5409,Taiwan Visuals
3891b14b5d8cce2fdd8dcdb4ded28f6d,5415,Otis Production
7fbe9c04f99dbfbc738ae9079740a314,5416,Awi - Chasing Dreams
4db73860ecb5533b5a6c710341d5bbec,5417,Hau Tran
e531e258fe3098c3bdd707c30a687d73,5419,alex_a.ni Alex艾尼
88fcf48a99a38a0ffb078d0d5762dc1b,5420,molly888666
07dbd9a180c7cc69cada7b982c5ae82c,5421,UONGX 鐵牛 - t_teut
ceb0595112db2513b9325a85761b7310,5422,pinmi_0919
7cc5ca26d6fbb6db2b134ef07cc68925,5423,seed302811
44ba1d022ff64c3e9281781b13d0eef9,5424,𝗝𝗲𝗿𝗿𝘆 𝗫𝗶𝗲.𝗙𝗣𝗩
8e621619d71d0ae5ef4e631ad586334f,5425,𝐉𝐮𝐧 𝐘𝐮
2afc4dfb14e55c6face649a1d0c1025b,5434,Jovil Villarojo
f740c8d9c193f16d8a07d3a8a751d13f,6598,Bibek Dulal
ef9280fbc5317f17d480e4d4f61b3751,6553,HayDay Media - Phóng sự cưới
8ad56037830fcf5c6396aa69b1c252d0,6554,Gia đình ViVu
8b4f8b2d42f965913f12bc47f15dddfe,14093,Cù Tất Hà
118bd558033a1016fcc82560c65cca5f,6561,Adi Putraa
88bade49e98db8790df275fcebb37a13,5435,markonthemove Mark
0a3b6f64f0523984e51323fe53b8c504,5437,taiwanaerial 🇹🇼TaiwanAerial🇹🇼
479b4864e55e12e0fb411eadb115c095,5438,chun.1989 - taiwanlandscape
80e4c54699b5b8cf8c67dd496909fceb,11370,Cấn Việt Anh
e3c9cb08585a40829bc88130b0b8ebdf,5439,Muhammad Ali Vikry
04da4aea8e38ac933ab23cb2389dddef,5262,Ashok Ramasamy
cc638784cf213986ec75983a4aa08cdb,5263,Ajay patel
6332a8f62e3a9d5831724f2ffe55cae0,5264,Drone rental service
3dcf9c448778a2c94e663093cadd91aa,15234,nature_of_estonia
f127a3f714240273e254d740ed23f001,5265,Anirudh Shangari
59b85c256f758c22eae6fa45913205db,5266,Saurabh Kumar
4cef5b5e6ff1b3445db4c013f1d452e0,5267,Akshansh Kumar
02a3c7fb3f489288ae6942498498db20,5268,Krishna_LM10
254fa7691a1ca09ccdceaf216a7afc13,14613,Dương Quang Nhật
22f7e834551fbb0f6ea55b04889e8eb1,6562,Nguyễn Huy Hoàng (hoanglangthang68)
1b72746255ef01f9d75400995c62ea12,6563,Tâm go chiuuuu (Hoàng Chí Tâm)
fd4771e85e1f916f239624486bff502d,5716,F r e d e r i c h
1dc3a89d0d440ba31729b0ba74b93a33,5269,Aerial Indians
c4bbac870026694953a91cbd99149a13,5270,Droning done right
60eb67dc94898061636fa066e0e5cd33,15237,Vlinh
08aac6ac98e59e523995c161e57875f5,5271,Xi An - iamxian07
2f55707d4193dc27118a0f19a1985716,493,Karlo Dokupil
23676d53987033371f526c5c6eb56150,15534,Deepak | Travel | Wildlife
e8855b3528cb03d1def9803220bd3cb9,5272,Chih-Yuan Chiang
205e73579f21c2ed134dbd6ce7e4a1ea,5273,ss_photo96
59ab3ba90ae4b4ab84fe69de7b8e3f5f,5274,Drone-Newbie
480eb54452f63abfa7f2eb0ffb1c62fe,11222,Hoàng Hải Yến
5e69fda38cda2060819766569fd93aa5,5275,Kody Kirby
ed383ec94720d62a939bfb6bdd98f50c,5276,benhuang106
e4da3b7fbbce2345d7772b0674a318d5,5,Default User Template
81e793dc8317a3dbc3534ed3f242c418,6567,Huy bị flop
dae3312c4c6c7000a37ecfb7b0aeb0e4,5717,Nikhil Prasad
a3e14106dcb15870b3819617e636ed7d,15407,Dythin
7b806e466d358875191619d70dfe2091,15535,Tom Fisk
0b33f2e8843e8b440dd8caf7086995b0,5719,Roberto
e34376937c784505d9b4fcd980c2f1ce,5720,Callie Donaghue | UGC Creator
0a90e4944afb2476c3021501c165a937,15072,Sergio Scandroglio
5a66b9200f29ac3fa0ae244cc2a51b39,5721,Stephen
25daeb9b3072e9c53f66a2196a92a011,5718,Nikhil 🌏 Travel | Drone | Timelapses
770f8e448d07586afbf77bb59f698587,5277,Kenny
82f292a22966b857d968fb578ccbead9,5278,grassdodo - Grass Lin
10cd8cca7d33d4526cf4c264654762c6,5279,travel_a15 🇹🇼
5b658d2a925565f0755e035597f8d22f,5280,Julian 居明
980b2e71a187f092466c13bf42cd6413,5281,Mute Planet Productions
a4c07618e910823c1d3d95a2e696e75f,13690,Doãn Việt Dũng
972cda1e62b72640cb7ac702714a115f,6595,Adam Denzel
136c2f0599b3a0175c544b72e4861b9f,6600,Travel is Life
c94a589bdd47870b1d74b258d1ce3b33,5722,Best Austria Placez
07e87c2f4fc7f7c96116d8e2a92790f5,5427,rexx.peak
91e82999cf7e45da1070ebd673690716,5282,Chung Hsueh Wei
5ca359ab1e9e3b9c478459944a2d9ca5,5283,Vincent Tzeng
0b9e57c46de934cee33b0e8d1839bfc2,5284,Monsoon
151de84cca69258b17375e2f44239191,5285,Leon Eik
48237d9f2dea8c74c2a72126cf63d933,5286,Supra Terrae
e339e9f77caa07d6be8acfa2fceb178a,15238,Angelo Vieira
6e7d5d259be7bf56ed79029c4e621f44,5290,WADE 李維| Storyteller
0cbc5671ae26f67871cb914d81ef8fc1,11176,Nguyễn Thị Thanh Hương
be3087e74e9100d4bc4c6268cdbe8456,5291,志遠
7e8750d4a701596732953c160d2ae096,5292,yeh_chi__
3bc71faebe42e1639eb6fded38d714cd,5411,Marc Peter Punzalan Uy
56dc0997d871e9177069bb472574eb29,5412,Noe Caffesse - Nomadic DNA
dbe1a0a2c9bd9241b3499318bf96f756,15536,Tạp Hóa Hồng Nhung
cd5099c73f75235d60ec0e90c4a092aa,6599,Dương Hướng Nội
7a576629fef88f3e636afd33b09e8289,6601,Nghe gió nhớ cố nhân - 听风忆故人
ddb1b62e0c8c0b8b020fb2a35cee6494,5413,kobe_weng24 - Kobe
7a2347d96752880e3d58d72e9813cc14,5440,shao_yu_fpv
d96eed18098da6ab5c15dd856998e4bd,5441,Syed Ali Tirmizi
a0dc078ca0d99b5ebb465a9f1cad54ba,5442,Diego Gonzalez - Drone Taiwan
c75b6f114c23a4d7ea11331e7c00e73c,547,Nguyễn Trường Giang
02c9aaa85c90be06dc2e1a1effe79e73,15239,Dương Thế Ngọc
bdc363788b2b48c031bf406cf15aa252,5445,Vĩnh Thành
d72a7ed33514158ae5e68ed6d80177b9,5483,Jake Guzman
c900ced7451da79502d29aa37ebb7b60,5490,Ryan Resatka
b635f9e3c038855c68c2704f08caeee1,5178,黃思瑋
265eceb6d4d961057f1b483a558e2885,5156,Alex Kad
fb642b781020b2aaeb1a7cee29acc915,5157,Clément Proust
a6da680bcb675843419f2ba88a7ab7b8,5158,Danilo Arenas
19d19f93a4200dca6148155b8ccc0afd,5159,Samir Smier
a7d4c5e52848263151f75565644e7367,14129,Dương Minh Quang
348a38cd25abeab0e440f37510e9b1fa,7140,Duy Kay
d94fd74dcde1aa553be72c1006578b23,5723,@mavicairtime
2c8ed8587468aec2462a3914f154e570,5726,Geoff | Travels
ba2cf4148007ed8a8b041f8abd9bbf96,14708,Dương Nguyễn Tuấn
05f7136bcb0b2ca2dff08f65bf468a55,15213,Dương Hoàng Vũ
56710c488f68ac4f0fc3d54a7464821f,11349,Dương Phương Thúy
7b16a52cf3727c22984590c4f4c36039,14096,Dương Quang Hải
4ceefb51ae9ec399a69540c895f4519f,11141,Dương Thị Mỹ Linh
8f7b2d9100577f77aa8fbb4f51c0366e,13867,Dương Thị Na
c0cb3720a75ae4f06cab3cd260c7be14,13620,Dương Thị Yến
e53ba686b7ad2ec7825f0f4afff80a1b,13586,Dương Văn Hà
84a2f99497af741e33d2ffa9f05857ba,13664,Dương Xuân Quý
dc363817786ff182b7bc59565d864523,5727,Keejay Valenzona
40882bebd317419cfcea3adc3dcfae6c,13582,Giang Hải Anh
ab11f404829e4df8aa00c84437b20f0b,14605,Giang Minh Thành
a7aeed74714116f3b292a982238f83d2,576,Phan Trọng Bách
15d0beeeeaa7f86a5f2c6b493c29776f,11424,Giang Đức Thuận
9596fef7e29086a6ab33b42e326c9a73,13878,Giáp Thị Kim Cúc
c4a215133d24223a0bb308787ac7b7f5,14584,Hoàng Anh Vũ
1f5069142727648138a54524b5beeb58,5170,Olli | Naturfotografie
9161ab7a1b61012c4c303f10b4c16b2c,5171,謝國衡 (Wallace Cheah)
8df7c2e3c3c3be098ef7b382bd2c37ba,5174,Chung Yu Kuo
ffd2257b586a72d1fa75f4ba2ad914e6,5175,Leon Lin
843a4d7fb5b1641b0bb8e3c2b2e75231,5176,HuluCat Chang
54391c872fe1c8b4f98095c5d6ec7ec7,5177,Shou Cheng
25e95f3f099c48ac55080b306cfd0590,14548,Hoàng Bích Phương
1d6a9227d0ca7c7bf1b61e9673bc50c9,11462,Hoàng Bảo Ngọc
fa3dade3a49305f27f64203452ac954c,5180,Han Sheng Lin
6eb6e75fddec0218351dc5c0c8464104,1180,Hoàng Công Đông
21928eda50b8057eb6708e3c4d52faed,15199,Bùi Mạnh Ninh
3b7d09dac07c9ccd3aae2025cc195250,5181,Tikih | Tourism & Lifestyle
5cde6dedeb8892e3794f22db57ada073,5182,Dronerist
c8da655dbb57d68ec776f214a7908b6d,5185,Dhaval/Aerial Cinematographaer
c8d12113e2258af31914e88130b917f6,5186,Pratap Parab
ae3a12e662884604c069b4dfc5a13afd,5187,Vikram Kumar Das
988dce1898dfda74527351927d9575b2,5188,M A H E S H G O S W A M I
525b8410cc8612283c9ecaf9a319f8ed,7160,Quang Huy Nguyen
15c58997f6690dddb7c501e062a2d1ab,34262,Thanh Phong
8819159f9246232ed1299a7414448ab4,5256,Kalash Chakrawarti
250b164d84ea39a488422da8500786e6,5111,Prima Anggriawan
92d1e1eb1cd6f9fba3227870bb6d7f07,11324,Hoàng Diễm Linh
5677498ba2a6142dfd3aa5cdc8bb687c,13924,Hoàng Kỳ Anh
ebbb5ccb88b2cd2e2224917a325f903b,15537,Kelly
3dde889723e33ace6af907cd5cc8e187,5257,RANVEER SINGH SISODIA
36fa3ecc0b2d2bfe0bec0f2b369f24db,5258,Riyaz Ghanchi
f968fdc88852a4a3a27a81fe3f57bfc5,5259,Rajaa Monnapillai
6018df1842f7130f1b85a6f8e911b96b,5260,Kiran Patel / Aerial Cinematographer
9b425b229521a86a612a40a846e1c76e,35996,Hà Văn Dương
b937176da86d4bb5f0ac63aaecf540ea,5287,麥麥Maimai
8859a81bd114df94d9f432350c934f4a,5288,Hua 華威
f2925f97bc13ad2852a7a551802feea0,5289,說書人Vocal
00c37b7a1f13daf967813da9b68937f3,34244,Phùng Viết Huy
8221b517f4d3949ba20ece4bb7622216,34245,Trung
c091c668b03abceaef7ef656d431228a,34246,Trung
9af90570766dc67878480baabf2ae95a,34264,EMIL (muhamademil)
599fbfc771d63d7ec5efbab7981f963c,34247,Văn Trường
55b1927fdafef39c48e5b73b5d61ea60,1153,Hoàng Duy Phong
22852db60a3406b42630a69fbc08e4a2,34249,Giulio Aprin
7929d0c1c363d229873f32a2364556f9,34250,Quang Đỗ
6d34d468ac8876333c4d7173b85efed9,5735,jack mcdermott
105e822401e5551873cc80584f19c649,5736,MIKO TIOTANGCO
d6c2e7c74cad027b49b4369a0548ddfb,11304,Hoàng Dương Hải Trang
d5215023c7e116864efd4f4965fe6b91,15062,Hoàng Huy Đô
2dace78f80bc92e6d7493423d729448e,790,Hoàng Duy Vũ
a2a750ff64f34c66249d0f7d3dd42004,15482,Vũ Thành Đạt
445b6949ed8860ca6175e8c89464ba85,11217,Hoàng Huy Đô
3b93d91c6ca4990fffd61e37d9235acb,15194,Hoàng Hương
b95589ace5256d2cc7a706bbe4ab9f13,14624,Hoàng Hải Anh
9b4192ee086949047cfc64d86d895c2e,13689,Hoàng Hải Yến
9c01802ddb981e6bcfbec0f0516b8e35,976,Hoàng Hải Yến
79f56e5e3e0e999b3c139f225838d41f,11441,Hoàng Lâm Uyên
2931063739d4a2ea969474ff753bf05e,34254,Đức Đào
8ab924f2c6e3f58a1f2c28a5d1632868,34259,Indra Sutanto
ec470ad3d3fb68337b14d514b9e73238,34261,MGMedia
8a010f0312373c02e0d15cdfc56ea416,34265,Huỳnh Thanh Tú
7fe3d1eba30c8f2f8de4261ce4352f48,11435,Hoàng Mai Diệp Linh
694d7355190adf16029c39d3cfd83e1b,34268,Toàn Trần
367c9ae075bd4d63b91356f0206bebe5,34248,Dương Văn Đạt
765be53f0233ac540e58b3a6c1ffdecb,34251,Rashid Noor
aedc756071fdab015aea24980d0d248e,34252,Đặng Thái Tài
6b42d6afe7bce581dcf2545803ebce1d,34255,Triệu Hải
0d421851a74bb57909d9f1ab77c4795b,34256,Huynh Do
46936add066bd6422b3ac74a0ccb7174,5745,Lyes K
956d72455bdee25732b0f1966ddec813,34257,Phùng Viết Huy
68d09dd5c421c971ce49a02d8e3b3e83,34258,Long Nguyễn
24871a24babba7a37fcd8eab5a1e8e11,34260,hajoj.karem
ebcd0fb1c44b0ed07842254daec4c3cc,34263,Nguyễn Sĩ Phi Long (Govin)
b89c07b45920d06987ec53f9d7f7bb70,34266,Hứa Hoàng Gia (Bụi Adventures)
aff857de2196e157fbeac66b619bfe05,34267,Shivanshu Negi
8e175535ca639d6fec9225e79dbf7699,34269,Umayr Utmaan
a754fc1765a45a6bc1a034140afd0669,15288,Marc Anthony Saylon
7b7324f8841c5f9a929c7c3a3cb60391,15414,Jaxxon
1e29c56ad0f221a5aa3f0553eb72055b,34270,Toàn Hoàng
c7194685a175f368541ec160792b2a7c,15412,Phạm Trường Giang
86f7bddf621db0ef88789a9fd5074b85,15484,PHẠM THU HUYỀN
e6e9099e59636a015536fbb07f979201,5737,Johnny Ferniz
9a0ee0a9e7a42d2d69b8f86b3a0756b1,5112,光曦 刘
2406a0a94c80406914ff2f6c9fdd67d5,5113,Luke R - Luke Reid
9e95248d9b714a96f47fd159b4c6e911,5114,Jabriel
d324a0cc02881779dcda44a675fdcaaa,5115,Jędrzej Koralewski
878a0658e652765c4979dba411787e43,5116,adib aqil
4d419d5b4274ea8faaf4f37410b97bd6,13851,Hoàng Minh Hồng
dd4143061640d55fb312dd0ce8afa76e,14639,Hoàng Mạnh Lâm
167ccbe15cc1664c9a63c20ac4c6a55a,5739,Dave Nitro
c7be03f5d811ed29c328526ca8ab0d61,5742,Miguel Echano | FPV pilot
2b6bb5354a56ce256116b6b307a1ea10,11392,Hoàng Mạnh Đoàn
ecee8e3d2a658757f9b45c209ce3b82d,15409,Michael Mayer
2262f6bf50905ce704300a4ebe7f14bf,15289,Alex Carboni
d0f4dae80c3d0277922f8371d5827292,5738,Sandrine 🌎 Australia
e0eda8d7f3e989da400a82781def8eac,24430,MARA
9be681ea06f52111e4c1ef99d3763770,5740,CLIFF AND WAVES TRAVEL AND TOURS
edea298442a67de045e88dfb6e5ea4a2,5741,KC Lintan
31f81674a348511b990af268ca3a8391,5743,Rob
78631a4bb5303be54fa1cfdcb958c00a,5744,John Austria
4363f14c8e54babb17770c2b4980ceed,14535,Hoàng Ngọc Khánh
0f3ea482c9513bf4548f302a46d9932d,14652,Hoàng Ngọc Sơn
a0cce36de7a1457b6802255fcec69081,14185,Hoàng Nhật Trung
1f4477bad7af3616c1f933a02bfabe4e,927,Hoàng Nam Dương
197375e98eac65e65da5ff18ec512978,13745,Hoàng Nguyễn Đức Quang
ae0e08163d22befd4635f47bef1b6e3f,5117,Roman Stavila
be3811292c9b557753b303d5d194cf60,24427,MARA
edb947f2bbceb132245fdde9c59d3f59,5179,Camp Weng
07e99f116b916656b3fd4f7dd58a3cbe,24428,MARA
4ffb0d2ba92f664c2281970110a2e071,5118,Виталий Зорин
a5fdfa672284da6bf4f4326e2b3698bd,5119,Constantino Filmes
6aadca7bd86c4743e6724f9607256126,5120,Jean Ferreir
037a595e6f4f0576a9efe43154d71c18,5123,Joem Castillo
a1c3ae6c49a89d92aef2d423dadb477f,5124,Chris The Island
37f65c068b7723cd7809ee2d31d7861c,5125,GENBEJA Photography
4928e7510f45da6575b04a28519c09ed,5128,joshua sanchez
15212f24321aa2c3dc8e9acf820f3c15,5129,Lindsey Mateo
7a4d21f40402d068ec5369232b395901,15486,Attila Léner
c64a9829fa4638ff5de86330dd227e35,5130,Vasilis Karkalas
8744cf92c88433f8cb04a02e6db69a0d,5131,Guohua Song
99064ba6631e279d4a74622df99657d6,5133,Bentley Alexander
d903e9608cfbf08910611e4346a0ba44,5137,Krypto Trekker
69f62956429865909921fa916d61c1f8,5139,Omar Elsharawy
6991aa40ef4b66fb372bd171ba9ad7f2,24429,MARA
5ef99d16d1954578b0df2f38b866449b,5140,Uthman Abdulrasheed
47817658c89f15d634d488fabe77d4e2,13679,Hoàng Phúc Ân
130ea938864f051b9a40c85b6a713306,5141,Rasmus Almqvist
58155fc7f528a19b9fc3599b65047290,5142,Ahto Palmre
fa93e5500dfb05a3ff656d5a483bbd71,15291,Silvio Gaetani
c9319967c038f9b923068dabdf60cfe3,5144,Nico Becker
fe4b8556000d0f0cae99daa5c5c5a410,5145,Tom Jurman
a59a9c2e2ec7250a16e4fff6367e953e,15415,Phạm Thu Huyền
8f1fa0193ca2b5d2fa0695827d8270e9,5147,Ravenswood Photography
482db0ecc10b8a9984ae850c9ada9899,5148,Mylo Kaye
64ee1a382d8e7aa1e05b1601aeba124a,15419,Julian West
8708107b2ff5de15d0244471ae041fdb,15495,Aarzoo Khurana
62442aaa48b9cbdbb0d7a7ef536149cb,35304,Red One - Nghệ sĩ sản xuất
26c0a195973b46ba52a013c89dd82315,5150,Adili Family - Ashley Adili
876e1c59023b1a0e95808168e1a8ff89,5152,Lucas Bocato - Bocato Films
b1562246c02be63bac86a26684cdce58,15426,LoganWren
fde9264cf376fffe2ee4ddf4a988880d,577,Stefano Raffa
5a4be1fa34e62bb8a6ec6b91d2462f5a,5153,Helmut Meijer
63a99723ebb3af94d52b474c3b21dbe1,5746,Philippines Travelgram
6a57122a72d2bd5e8a156c678952f88b,13662,Hoàng Phương Chi
56d326d8139f904b679084778f1b3285,5747,Bryn North
cfc34923abd8b6492345ffa5b9f40f46,15292,Stian Ovrevage
a1255c9dbdcd635143d172dee1b8c0fe,15544,Siêu thị điện máy Pico
189e3f782cbb3f4cc1ae9702adca884e,11381,Hoàng Phương Thảo
c5ab0bc60ac7929182aadd08703f1ec6,636,Irving
73eb26ad4e0c9d3f4a7bdede7856b79a,13870,Hoàng Quý Nam
e832d017315675c79731378fad5c15e6,13624,Hoàng Sơn Tùng
a5dcd040486a679c3f649e721d8351dc,13818,Hoàng Sỹ Mạnh
18a411989b47ed75a60ac69d9da05aa5,5154,𝗩𝗶𝘁𝗮𝗹 𝗚𝗮𝗹𝗮𝗯𝘂𝗿𝗱𝗮
cb8a08a240f3ea7c99b220d24f54f477,5160,David Pickup 🇬🇧
8452a95c40e2b232acd9b8a8712935d7,5161,Connor McManus
9c25dc28b94e5226f1983330dc421cec,13846,Hoàng Thanh Lâm
74707d064c4eeda12c3bf2f1807a7198,13774,Hoàng Thu Hà
6dd3e6a48b7117f6ae04a6664beb740b,5835,𝐴𝑢𝑑𝑒 𝑒𝑡 𝑌𝑜𝑎𝑛
6fd9a99a5abed788d9afc9d52d54e91b,5836,SHORT CLIPs
32f84b597629f37d9ef53d714fce6fa1,13855,Hoàng Thu Trang
d1e39c9bda5c80ac3d8ea9d658163967,5837,VACOfpv
17b525960417571dc1220766bbced337,15295,Jolly&Friends
c7dec8e09376bf8e859d022ac42037b6,15545,Nội thất Tú Linh
76f376382a50bd4859e50a81e701da10,15422,Julian West
49ad9d5423f3fcc69626dcbfb7bddb48,11328,Hoàng Thảo Vân
a01ef14cfea1aaacee576832f80ab8da,12577,Hoàng Thị Hương Ly
ae2cd9938873f32a93b6c858bf62f26b,13889,Hoàng Thị Nhạn
a91bc76c2a6302e573badedcbf57bf7a,5838,Juls
1db3fa8e5bbd04882892f478a301a311,5748,Philip Boquiron
0e98aeeb54acf612b9eb4e48a269814c,5749,Patrick Magbanua
cb1d78edc3b427d8f919a169d6931636,11442,Hoàng Thị Thanh Thủy
e775a20f0553c08010a113c9c67de544,14062,Hoàng Thị Thu Hà
677e09724f0e2df9b6c000b75b5da10d,824,Hoàng Thị Linh Ngân
39abd1c6e1d6aa57455adf5eda4325a8,14094,Hoàng Trung Huy
168908dd3227b8358eababa07fcaf091,956,Hoàng Thị Phương
dfae769c739093f5225cecaf4d5a612f,13672,Hoàng Trung Kiên
2ebb6c06bdc16ef37ec965c6b325b5c6,15294,Jingle Haven
5e5dd00d770ef3e9154a4257edcb80b8,5804,Kevin Bielau
208e2e328d9f46f5e897b6b06fb98a99,15491,Jozef Papp
e68a83370faacfab07ae1f8aaf5352bb,5809,Christopher Hussmann🌍
1a4789e18b41063f512f76ebc5409d42,14596,Hoàng Trúc Quỳnh
e0ec453e28e061cc58ac43f91dc2f3f0,831,Hoàng Võ Hữu Phước
d81f29a9985d0eb4adc0279e79a9ec75,5805,R Y A N > M
9873eaad153c6c960616c89e54fe155a,5806,Anthimos Mavromichalis
681a23b0649e61ca572cb5bb8db206ec,5807,Misti Anderson
b448d8292fd27ae25bbc2e09ad43ff88,5808,Gabor Gal
4c7a167bb329bd92580a99ce422d6fa6,5810,Denislav Detelinov Kandev
3e89ebdb49f712c7d90d1b39e348bbbf,919,Hoàng Trọng Đại
744124ddc0b2f3e512a0b7a7ee60b645,14701,Hoàng Tuấn Anh
e7f9ef5ab27988091ed7ba2cae40384e,13925,Hoàng Tuấn Long
be5acb71f959598767dd12c4732e537d,15317,PALMERO
b803a9254688e259cde2ec0361c8abe4,11377,Hoàng Tuấn Phong
9a5859b8f76280c97c0c185a19d17014,13849,Hoàng Tùng Dương
cd4e9ea43d04220d6f90db0e66758a51,14510,Hoàng Văn Bửu
b1bc40d056bad6ec6949d9bb6fee5e84,5812,Josef Matoulek
848474d80d20998fc6dc0106da7d8bcb,15296,Jingle Haven
56138186020206c2b1d99be41c8dc9b8,13681,Hoàng Văn Hiệu
4f47f68c8ad4792d404d2ff5e57c97ba,15423,Jaxxon
421b9ff13e012545c871fff7824cd12a,11187,Hoàng Văn Trọng
62cb1b02c845efe41e4f41b8c1fc87fd,13810,Hoàng Xuân Hải
0f975e34d0dba01feac553cb9dd64857,13757,Hoàng Xuân Khanh
2835acf1b5aaa6ade0d10b4c977e912a,5815,Psi Chung
f93486bfff38ca69d76d85c089569a09,5814,F̆̈ĕ̈d̆̈ĕ̈M̆̈ŏ̈r̆̈ĕ̈n̆̈ŏ̈
ff1ced3097ccf17c1e67506cdad9ac95,5816,BestoftheGlobe_DroneShotz
c6c61abda705fbc0728c076d60ed74b8,5162,Saksham Soni
eb30fa42eeb3bf429cb7e3a3d7061b3b,5164,Eclipse Chasers - Rebecca Anderson
9c22c0b51b3202246463e986c7e205df,5165,Serg Alesenko
d814f4e3dcf9e6f473e213232b9ba115,5166,sascha Mayer
8c4f839b287d8a4d311eeaad4f8ceb97,5167,Volkan Yılmaz
885b2c7a6deb4fea10f319c4ce993e02,5168,Kenan Turguç
aab11087c24981eb0e03846792ff5718,5169,Nirjhar Basak
75f266633433d20abf6c1a13d97e7491,5183,Ranga charan
04112144566d77d75f935b26101dd71d,36065,Vyce
ffeabd223de0d4eacb9a3e6e53e5448d,575,Lê Huy Hùng
0b774deb49c7b25bd808ba1079ccf236,16562,Nguyễn Kiên
c97123ea1dcc3807e91be30b3fa0c2de,16563,Tín Phan
1d98edfd003bcd59e957739802965f19,5184,Arshif
2e9f978b222a956ba6bdf427efbd9ab3,5189,An Amateur Hobbyist Photographer
47698c15fb83a1e5bb1400accbb17f82,5190,Discover India
9b523b0c92185f39a0da77a82c51b46a,5191,Photographers @ Pune
9d03333181fb0f6bd495e8b157259880,5192,Anand Jadhav
62781274c42619851e9eddb19e2c8441,15496,João Coutinho
666448e909901d786f4016828c1312c9,15297,Jolly&Friends
71e10dcaca7de439d56d0f02311d6b10,15298,Jolly&Friends
0ebb145bdffd37c6947bd60c251df1ba,5132,Memet Öz
72cc4c5e6cbde70aa374bf94076ad722,14581,Hoành Thu Trang
d1588e685562af341ff2448de4b674d1,5817,vista.de.pajaro
08fc80de8121419136e443a70489c123,5172,Jeff Chiang
6f8caa0e6413027cb7a12f945151cb8d,5173,Jiajie Yu
1d9520cc0635e5fa8a8e565e92541a97,35907,energy.fpv
2cc73b24083105c3d488cc61b606d4f0,5194,P R A S H A N N A
0b96d81f0494fde5428c7aea243c9157,5195,𝗥𝗮𝘀𝗵𝗲𝗱 𝗛𝗲𝗻𝗱𝗲𝗿𝘀𝗼𝗻
f08c64512c2ce6b9642b58563e9c029b,15547,Máy in
22508552d3fc22f867e33e6c56b30b16,5196,Akash Madhavan
f799c7725ba6830f41f0a8f886c6ff94,13778,Hạ Duy Tú
ea06ed6e977637a81ea9d22b3090e28a,5197,Vivek Rawat
a428bc20ca44f5d446cee54837b4fd6f,5198,ꜱᴡᴀꜱᴛɪᴋ
fa7518562603d5c4a7ad69e2e5726f5f,5199,KP - shootwithkrish
e0d2fe50debfaec6b2d7bafdd9d936c8,11430,Huỳnh Hạnh Nguyên
a80ff02f8227904e65413f89ee1719e6,15283,Rohan Shahi
f4d0e2e7fc057a58f7ca4a391f01940a,5200,M A H A R A J A N P O U N R A J A N
f50c7035e532c49a0f6993d988e2e843,5201,RAJU
b32d54edfbef54504db682d7d6d5be8d,11303,Hà Ngọc Huế
4fbe073f17f161810fdf3dab1307b30f,5202,Sharik Sirguroh
94130ea17023c4837f0dcdda95034b65,5203,Sachin Kuruttukulam
4ab7331b2a992a4c4fa54280bc7b50de,24433,Finn ft. Helios Relaxing Space
2e6d9c6052e99fcdfa61d9b9da273ca2,5204,David Raj Konwar
fea16e782bc1b1240e4b3c797012e289,5205,Michele Rinaldi
6774b084b4e8c3189c507afa8a861a2d,24434,Finn ft. Helios Relaxing Space
8977ecbb8cb82d77fb091c7a7f186163,5050,Antonio™
996740de914ced0902e686373e319391,5044,Nicolas De Bilde
d66a1a0b677b9f693c310e2fb2748a54,24435,Jason Darryl ft. Helios Relaxing Space
56bd37d3a2fda0f2f41925019c81011d,5045,Drone_d’idée
6651526b6fb8f29a00507de6a49ce30f,5039,ryderkimball
dbb77b62ae881389d42bc4b906066292,15301,Jolly&Friends
ba6d843eb4251a4526ce65d1807a9309,5042,WE ARE PILOTS
a4bd4d2b1cc64abf1fffb8103da2b890,5081,Tim Przewloka
fe663a72b27bdc613873fbbb512f6f67,5082,Aurora Suhonen
9ce3c52fc54362e22053399d3181c638,5085,OLiwvAIR
71e63ef5b7249cfc60852f0e0f5bf4c8,5086,Joe Werlitsch
31ab328e47c4ea3fe3015eb7eaa59af9,13596,Hà Phi Long
93e4d7106625e1b0f2eb8af065c83452,14645,Hà Thanh Hoàng
6a6610feab86a1f294dbbf5855c74af9,5104,Mudassir Ali
70f250e2d762fbde8a2e70eabf6eb953,5121,Sergei Garenko
5516adb142fcb18a017c72602abbdb6d,5122,Anil Sharma
cceff8faa855336ad53b3325914caea2,5134,Aero Drone
3ec27c2cff04bc5fd2586ca36c62044e,5135,Vitalis Nwenyi
0e79548081b4bd0df3c77c5ba2c23289,5136,Altaf Shah
4a3050ae2c77da4f9c90e2e58e8e520f,5149,Afonso Oliveira
197838c579c3b78927e0cd15ba4c9689,5093,Igor Deshkin
358f9e7be09177c17d0d17ff73584307,5094,robi zaborski
45be58330c9a2ac2bc408ec210820fab,5095,Enrique from Pexels
90fd4f88f588ae64038134f1eeaa023f,5096,Milan Vachhani
5a9542c773018268fc6271f7afeea969,5097,Bhargava Marripati
f5ac21cd0ef1b88e9848571aeb53551a,5098,Rafael Moura
91bc333f6967019ac47b49ca0f2fa757,5100,Cheng Shi Song
2c26f9a59b0ba61233e6fc0af8e47f14,5102,"Be The Observer - 
Angelo Vieira"
7db181be25ab69447b69a185006d9b03,13657,Hà Thị An Hòa
a8dbb2bec6ec3e82cef906b52cebbe7d,11418,Hà Thị Dương Hòa
7e4429bf8fcc328eb0f0582743865a66,15303,sun:set
23264092bdaf8349c3cec606151be6bd,15430,cường
03a3655fff3e9bdea48de9f49e938e32,5103,Lukáš Vaňátko
2654d1a3f16bf62d0dc4f91fa3ec9377,5056,A girl with her drone
949694a5059302e7283073b502f094d7,11385,Trần Ngọc Hưng
47e338b3c082945eff04de6d65915ade,5083,T.D. Quinn
a714ec6796f638ba4d5792f78dccd134,5084,Elina Kübarsepp
214bf5f943f8aa073d06965c1dd2fa86,35729,Forest Music - Nghệ sĩ sản xuất
e140dbab44e01e699491a59c9978b924,5013,John Gisis
b28d7c6b6aec04f5525b453411ff4336,5020,Endless Horizon Visuals
2fd5d41ec6cfab47e32164d5624269b1,5021,Jan Tomášek
e36258b3c74f08054a974a5fe1703f9c,5022,Mariusz Mleczarski
79c662560b0a5f1ae00b623ad8c775e3,5040,ODLOT | drone studio
c7502c55f8db540625b59d9a42638520,5041,Sinéad de Buitléir
b17c0907e67d868b4e0feb43dbbe6f11,5023,OLiwvAIR | Drone Switzerland 🇨🇭
d62bcf67cf8ef4536d0ff0204922214b,5024,Tommaso
b6e584419a62da6229cf347e5ccfa166,5025,Victor Alonso de la Fuente
f02208a057804ee16ac72ff4d3cec53b,5026,Wild Drones
853c68de7253cdd55dc37be410a45c60,5027,helly_n7 - Nick
bf8dd8c68d02e161c28dc9ea139d4784,5028,𝓜𝓾𝓼𝓽𝓪𝓯𝓪 𝓚𝓲𝓻𝓪𝔃
8beca3817318ec14b010b1e4a39b4380,11374,Lê Hoàng Viễn
ca172e964907a97d5ebd876bfdd4adbd,5029,Luca Valenti Palazzotto VPH
faad95253aee7437871781018bdf3309,5030,Evgeny Zaharchenko
f775ec264c01adf8189da19ec86676fe,14594,Hà Thị Kiều Uyên
5e15fb59326e7a9c3d6558ca74621683,6324,Mạnh Quân
90cc440b1b8caa520c562ac4e4bbcb51,6220,Dudubangbang Travel
abd987257ff0eddc2bc6602538cb3c43,6221,I Am Sorin
bce9abf229ffd7e570818476ee5d7dde,6229,Chad Gerber
c80d9ba4852b67046bee487bcd9802c0,6175,Hưng booking tour
6933b5648c59d618bbb30986c84080fe,6106,Nguyễn Quang Huy
421740375847b6249d9383615831c23b,6126,Tuấn thích bay
a415a6169544d0fb98640cb469497580,15304,PALMERO
bd898b3aa551025f930aa4638ab497c8,34287,Waseem Alam
27e66bc810ee3025f895daca7dfcd3b8,34288,Aakash Selvan - Aakash Tamilselvan
be8e18628d3b1e19f8f9eb2ae7d913ca,34296,Vũ Gint Dương
84e2d85ac232c681a641da1ec663888c,6117,Nguyễn Bằng
f449d27f42a9b2a25b247ac15989090f,6045,Nguyen Ngoc Anh
0a716fe8c7745e51a3185fc8be6ca23a,6479,Daniele Massaro
f56d8183992b6c54c92c16a8519a6e2b,6542,NGUYỄN ANH KHOA
1bab3ee1fcee95ea059f452e9c6face6,15305,LiOra
7baa3894c1163d4ecd5acc9b4cda2c4a,34290,Jeff Gu - Jeff Christian L. Guab
55d3833ccf0805f16f14edde0562ce32,34291,JD Torroliza - JAEYHDAEN TORROLIZA				
7b658e43a7708347c6d7bc39f253b903,34292,Duncan Longden
c24a32c563290f4347f8225282b56247,34293,Sáng Hồ - Hồ Nhật Sáng
02b710980274801e7136781fffa997c9,34295,Mel Cortez - Mel Norman P Cortez
7f502868f37805e9c0746200e0bb7ccf,34297,Nguyễn Song
e089f46f54a3f4123a6cd11cc45fb64e,34298,Nguyễn Ngọc Song
c652aee4df4084c621a094692ee6f6c9,34299,Dương Hoàng Vũ
3370ed268c7bc0d259b20a5ac3615332,34286,Sujeepan Sritharan
9e0aaeef6b914a9091beaaec19cc2e34,34289,Dima Malihin - Dmytro Malykhin
32a2bacb528ea401c06b17376cad237e,34294,Simone von Schmetterling - Simone Cora Stemmerling
ae581798565c3b1c587905bff731b86a,6518,Carbzy
a9b94e2e91ee1dae4106f72c3e48880e,8049,Vu Tuan Anh
b0285cbf334be23be58e7ff353af1af2,8050,Huy Nguyen
9379c23ac12dc94053207373040bc791,6536,Shanth
aeaeb80c3d5feeb0e2c2c7b0938045c2,14122,Hà Thị Lệ Hằng
34e157766f31db3d2099831d348a7933,6537,DHEERAJ
806a19775027cf2f84c129d410ce1c8a,6540,Quảng Ngãi có gì? (Văn Thông)
751f915c24612ce66dba400a86a0909b,6541,Niii
d556b595eef47660153b8eddebbc2b12,6544,Lê Hoàng Thoại (Luca)
cf77e1f8490495e9f8dedceaf372f969,6545,Tynchtyk Mukhambetov
64dcf3c521a00dbb4d2a10a27a95a9d8,6503,Malthe Zimakoff
865bf46435bd84fa5d89f64cf3ba7347,6504,Kevin Hense
5523d651bfb642be33057a3b78d02c9e,6505,Alexander Wieck
6a711a119a8a7a9f877b5f379bfe9ea2,6506,Ronald Söthje
f3adde26e4fd2dcbfbc56c48396a6d23,6507,Yeti
58d2d622ed4026cae2e56dffc5818a11,6508,Chanasit Tangtrakul
99a2103fcf4f2c44d1f9f75553274025,6509,bamgraphy01
a3fc981af450752046be179185ebc8b5,6510,maarrcc
5b80dc3087306fe93a4dca4faadaf71c,6521,CANRO SIMARMATA
5798df74de9eda02fcf3d1ffb13201fd,15307,Twinwave
391f63b419f364635c25479cc36c4d0a,15435,Phạm Trường Giang
4d19b37a2c399deace9082d464930022,6523,by_zobi
534488729ab74ff059356cb58c9907ef,6524,elawandering
82356b37a12462391abf004c8362d389,6525,thebeautifulshub05
40afd3a37cca05efe623b7509855c73a,6526,Hải BCam (Blackite Camera)
46f5ffb3777b7659bb35da6ddab19e05,6527,Nguyễn Hoà
52bdba949576e6bcec5682a4993bfb58,6528,Võ Huỳnh Văn Phong
ac10ec1ace51b2d973cd87973a98d3ab,6529,Shruthi Kamath
b1790a55a67906c18bd9a046e17c5935,6530,evanfawell
0a7d83f084ec258aefd128569dda03d7,6531,Hammad Farooq
b9a25e422ba96f7572089a00b838c3f8,6532,Arthur Zudov
90fd26a243f6d14c4b3df082cdc8da66,6533,LAEEQ ABBAS
ffa9b486ad206c638c657b7ed335635c,8073,Anh Tuan Van
564127c03caab942e503ee6f810f54fd,8078,Ryan Vu
5d44a2b0d85aa1a4dd3f218be6422c66,6534,Abrar Khawaja
a2fe4a2da6142e344912c6636a8f4758,15308,o:reliz
7f8dfc182100b72f5e7cb91f63f9c8db,6535,ANUNAY SOOD
8722c8f495dcee23f39d5519735e1f71,8086,Anthony Võ
9af08cda54faea9adf40a201794183cf,8087,Tô Tuấn Nghĩa
172ef5a94b4dd0aa120c6878fc29f70c,8088,Trịnh Hải Phụng
1e0f65eb20acbfb27ee05ddc000b50ec,6500,FABIAN HUEBNER
df7f28ac89ca37bf1abd2f6c184fe1cf,791,Hà Tiến Trung
692baebec3bb4b53d7ebc3b9fabac31b,6501,George Andronachi
8a0cd50ecce34cfd150d3d512ccf42cf,6473,Ardian
f4e369c0a468d3aeeda0593ba90b5e55,6474,Nguyễn. M. Quỳnh (Bin Review Cô Tô)
c0db17c6772e2a26cb133ad3ba389cce,6475,Rohan Ugale
ab49ef78e2877bfd2c2bfa738e459bf0,6476,Ceejay Talam
1ce5e897cda6aeb211dffe8d514f4365,24447,Jonas Hale
51f15efdd170e6043fa02a74882f0470,6477,Ryan Bates
6a1a681b16826ba2e48fedb229db3b65,6478,Benjamin Charles Trickey
cd49f7f7616e5661b97901dc688b4385,24451,m0nd3r
959ab9a0695c467e7caf75431a872e5c,6481,Jonas Naumann
889091ff744069cab08dc605d162a8d3,6482,Fabian Greza
6b3a8f76ca145c9db850d0d318d381a6,24467,Parallel Sun
4559912e7a94a9c32b09d894f2bc3c82,6483,Marvin Walter
83737bd24629509312dfb95953407119,15310,Leo Marin
cfa45151ccad6bf11ea146ed563f2119,6484,Maximilian Lehrke
263fc48aae39f219b4c71d9d4bb4aed2,6485,Daniel
6affee954d76859baa2800e1c49e2c5d,6486,Manuel Dietrich
37b47bc2fe01ddcb1c4673a4419c7e13,24470,Parallel Sun
4d7a968bb636e25818ff2a3941db08c1,6496,Michael Hochsprung
c4127b9194fe8562c64dc0f5bf2c93bc,6497,Marcel Lesch
45a766fa266ea2ebeb6680fa139d2a3d,6498,mercoollov
5fd0245f6c9ddbdf3eff0f505975b6a7,6460,Vietnam's Hidden Gems
dead35fa1512ad67301d09326177c42f,6461,NALDY LEO
dca49d1a5928cb1c1ac064e9137c8b0f,6462,Dev Noel Ybarra
7695ea769f021803c508817dd374bb27,6468,Luca
7297f44a1c4443049b235b59ac3ebadd,6469,Daniyal Qaiser
7f687767ccf20fcea1c9dc4a5adc2326,6362,Daniele
d9fea4ca7e4a74c318ec27c1deb0796c,6488,Mario Radtke
685bfde03eb646c27ed565881917c71c,6489,Daniele N.
3d387d2612f9027154ed3b99a7427da1,6490,Lukas Freinberger
cd17d3ce3b64f227987cd92cd701cc58,6491,Sabrina
e3d3df46b70f76b21404bf38e34f3802,15311,LUMARE
aa8fdbb7d8159b3048daca36fe5c06d2,6492,Daniel Marcus
def130d0b67eb38b7a8f4e7121ed432c,6493,Daniel Schumacher
fdc9538552329dc72122809403b3238a,24449,Jonas Hale
aef546f29283b6ccef3c61f58fb8e79b,6494,Benedikt
f29a179746902e331572c483c45e5086,6375,Gokul GK
8a662c4cd8df28eeda49c30da8bcb92c,24452,Parallel Sun
5a570102ff1655264e06f782078b5af0,6353,Rein Martens
7792a0500b5aabb4b072d113a160d200,6354,Overdosed
660724e3d5d5352745be10a2b89a1f84,24453,Jonas Hale
d20f6cbf98b2efd688d5e33c2920b586,6355,Alexander Wedler
495360cbf18a7d5004ff72f49254e069,6356,Chris (figge_photo)
0af03ed6bc08aa81017a8453e36cdfa9,24454,m0nd3r
df3aebc649f9e3b674eeb790a4da224e,6357,Justin Mullet
a822554e5403b1d370db84cfbc530503,6358,Hồ Gia Bảo
6320267b4965e7a50b2996cbd2d6c60f,24459,Jonas Hale
51db672ac302a163017367f46d48f602,6359,Agnesnicolee
7fd29ee0cb4b910d96d0ef86f16c8854,6360,Farid Sharifian
0608bbe8fc09e0880e7d866d513c7c53,24466,Jonas Hale
38eb982ee635354d3febf457beeee736,6361,Ajmal M Hameed
075b051ec3d22dac7b33f788da631fd4,6363,Cao Minh Tâm
cd53dd33e57a598301a7c1c07e35a8d6,24469,Parallel Sun
84c578f202616448a2f80e6f56d5f16d,6364,Jose Andrade
85ea6fd7a2ca3960d0cf5201933ac998,6365,Tom (palm_treeves)
f8580959e35cb0934479bb007fb241c2,6366,Emjeii Amira
271117ee875c80c7e9e912c23b6469a4,24450,Parallel Sun
07b6f0c87d1dc9f9ab8e8543b60a419a,6367,Josh Burkinshaw
0599ed8cdae6949af69385a4b59ff0dc,6369,Lili Roessel Photography
ce169541394fb573900fb1bf0e0e8d38,24464,Jonas Hale
6ffcc0d3641930e3d8980ec43343ccc5,6370,Patrick Morris
15825aee15eb335cc13f9b559f166ee8,6371,NiTin Raj
e1517246f55a92dc53dd2133ebb12837,15314,Mateo Cruz
b762a19d81c2b8d11d04ca87453af7b5,15326,Mikael Dorne
37007545a7abc397017002fc9a713ea2,15328,moonveil
8d7c30cf7b10b49f854c2a295a5c9413,24465,Parallel Sun
83a17b1aec90395c67bba676be661288,35405,Helios Healing Space
5ef78f63ba22e7dfb2fa44613311b932,6372,ETt Lame
e0f19f64f086e393ceb0cf4a8c561b51,6373,Shafique Bakush
aad21787ac6487a4c71234ac4141e1a8,6378,Tom Rbg
