fact_po_detail_sk,po_detail_id,po_id,qty_order,repository
766ebcd59621e305170616ba3d3dac32,587,270,1,98
f79921bbae40a577928b76d2fc3edc2a,688,295,7,274
df0aab058ce179e4f7ab135ed4e641a9,1148,499,20,334
b9d487a30398d42ecff55c228ed5652b,1108,479,23,268
471c75ee6643a10934502bdafee198fb,1524,547,1,370
8c00dee24c9878fea090ed070b44f1ab,1525,547,1,370
e60e81c4cbe5171cd654662d9887aec2,1526,547,1,370
979d472a84804b9f647bc185a877a8b5,213,64,66,268
5cce8dede893813f879b873962fb669f,1527,547,1,370
bd4c9ab730f5513206b999ec0d90d1fb,161,47,8,321
109d2dd3608f669ca17920c511c2a41e,1528,547,1,370
0aa1883c6411f7873cb83dacb17b0afc,191,52,55,315
aa486f25175cbdc3854151288a645c19,1529,547,1,370
6cdd60ea0045eb7a6ec44c54d29ed402,184,50,40,318
a1d0c6e83f027327d8461063f4ac58a6,42,16,15,143
182be0c5cdcd5072bb1864cdee4d3d6e,33,12,2,100
faa9afea49ef2ff029a833cccc778fd0,423,194,1,
daca41214b39c5dc66674d09081940f0,588,271,1,98
30bb3825e8f631cc6075c0f87bb4978c,589,272,1,98
c9f95a0a5af052bffce5c89917335f67,1106,476,0,
e58cc5ca94270acaceed13bc82dfedf7,1107,476,0,
cb8acb1dc9821bf74e6ca9068032d623,1530,547,1,370
99adff456950dd9629a5260c4de21858,1531,547,1,370
08040837089cdf46631a10aca5258e16,1532,547,1,370
7504adad8bb96320eb3afdd4df6e1f60,881,383,72,256
35309226eb45ec366ca86a4329a2b7c3,1533,547,1,370
a223c6b3710f85df22e9377d6c4f7553,1367,538,1,172
03924fb32bcc6248036e209a716e3339,6205,1384,1,459
ab233b682ec355648e7891e66c54191b,654,286,1,100
c75b6f114c23a4d7ea11331e7c00e73c,547,258,1,
3d2d8ccb37df977cb6d9da15b76c3f3a,655,287,1,100
26408ffa703a72e8ac0117e74ad46f33,656,287,1,100
24e01830d213d75deb99c22b9cd91ddd,3961,894,20,380
eae27d77ca20db309e056e3d2dcd7d69,205,59,1,
274ad4786c3abca69fa097b85867d9a4,204,58,4,
757b505cfd34c64c85ca5b5690ee5293,201,56,24,
18997733ec258a9fcaf239cc55d53363,427,200,1,
eecca5b6365d9607ee5a9d336962c534,185,50,10,
1c9ac0159c94d8d0cbedc973445af2da,156,46,8,313
1d7f7abc18fcb43975065399b0d1e48e,154,46,16,310
cf63547fadc1aa6e897a62291e0cb124,4889,1066,1,99
b1d10e7bafa4421218a51b1e1f1b0ba2,209,62,18.25,268
045117b0e0a11a242b9765e79cbf113f,180,50,16,310
4c5bde74a8f110656874902f07378009,182,50,16,
a4a042cf4fd6bfb47701cbc8a1653ada,171,48,8,322
1ff8a7b5dc7a7d1f0ed65aaa29c04b1e,172,48,8,323
f7e6c85504ce6e82442c770f7c8606f0,173,48,8,321
0777d5c17d4066b82ab86dff8a46af6f,163,47,16,308
6c4b761a28b734fe93831e3fb400ce87,157,46,16,
47d1e990583c9c67424d369f3414728e,148,45,16,321
7f1de29e6da19d22b51c68001e7e0e54,135,44,32,
42a0e188f5033bc65bf8d78622277c4e,136,44,16,308
7eabe3a1649ffa2b3ff8c02ebfd5659f,206,60,206,268
69adc1e107f7f7d035d7baf04342e1ca,207,61,44.22,268
3988c7f88ebcb58c6ce932b957b6f332,137,44,32,310
3b8a614226a953a8cd9526fca6fe9ba5,215,65,10,274
e369853df766fa44e1ed0ff613f563bd,34,13,10,95
b4288d9c0ec0a1841b3b3728321e7088,657,288,1,100
2f37d10131f2a483a8dd005b3d14b0d9,658,288,1,100
605ff764c617d3cd28dbbdd72be8f9a2,586,259,30,317
0ff8033cf9437c213ee13937b1c4c455,659,289,1,100
e2a2dcc36a08a345332c751b2f2e476c,820,350,1,156
07a96b1f61097ccb54be14d6a47439b0,689,296,50,268
c06d06da9666a219db15cf575aff2824,690,296,7,274
4558dbb6f6f8bb2e16d03b85bde76e2c,821,350,1,156
6ecbdd6ec859d284dc13885a37ce8d81,426,199,1,
eb163727917cbba1eea208541a643e74,211,63,20,252
115f89503138416a242f40fb7d7f338e,223,72,5,274
bcbe3365e6ac95ea2c0343a2395834dd,222,72,25,268
149e9677a5989fd342ae44213df68868,170,47,75,
06409663226af2f3114485aa4e0a23b4,158,46,16,
0e65972dce68dad4d52d063967f0a705,198,55,50,
140f6969d5213fd0ece03148e62e461e,159,46,16,
b73ce398c39f506af761d2277d853a92,160,47,16,
7ef605fc8dba5425d6965fbd4c8fbe1f,150,46,16,
a8f15eda80c50adb0e71943adc8015cf,151,46,8,321
37a749d808e46495a8da1e5352d03cae,152,46,16,307
b3e3e393c77e35a4a3f3cbd1e429b5dc,153,46,16,308
a8baa56554f96369ab93e4f3bb068c22,142,45,16,310
2b24d495052a8ce66358eb576b8912c8,145,45,16,
a5e00132373a7031000fd987a3c9f87b,146,45,16,
8d5e957f297893487bd98fa830fa6413,147,45,16,
ca46c1b9512a7a8315fa3c5a946e8265,214,65,50,268
e165421110ba03099a1c0393373c5b43,233,79,86,262
a5771bce93e200c36f7cd9dfd0e5deaa,38,14,5,134
6c3cf77d52820cd0fe646d38bc2145ca,882,383,7,274
3871bd64012152bfb53fdf04b401193f,622,277,1,100
d67d8ab4f4c10bf22aa353e27879133c,39,14,15,135
a733fa9b25f33689e2adbe72199f0e62,623,277,1,100
ec5decca5ed3d6b8079e2e7e7bacc9f2,127,41,30,
84d9ee44e457ddef7f2c4f25dc8fa865,199,55,50,307
6f3ef77ac0e3619e98159e9b6febf557,210,63,30,250
9766527f2b5d3e95d4a733fcfb77bd7e,165,47,8,312
96da2f590cd7246bbde0051047b0d6f7,177,48,100,
8f53295a73878494e9bc8dd6c3c7104f,179,48,75,
8f85517967795eeef66c225f7883bdcb,178,48,16,
bf8229696f7a3bb4700cfddef19fa23f,174,48,16,307
6c1da886822c67822bcf3679d04369fa,1368,538,1,172
0e3a37aa85a14e359df74fa77eded3f6,1369,538,1,172
fc221309746013ac554571fbd180e1c8,181,50,75,
cedebb6e872f539bef8c3f919874e9d7,183,50,16,307
82161242827b703e6acf9c726942a1e4,175,48,16,308
38af86134b65d0f10fe33d30dd76442e,176,48,16,310
2a79ea27c279e471f4d180b08d62b00a,155,46,8,312
f2217062e9a397a1dca429e7d70bc6ca,149,45,16,
1385974ed5904a438616ff7bdb3f7439,140,45,16,307
63dc7ed1010d3c3b8269faf0ba7491d4,217,66,10,274
0f28b5d49b3020afeecd95b4009adf4c,141,45,16,308
903ce9225fca3e988c2af215d4e544d3,143,45,8,312
d1ee59e20ad01cedc15f5118a7626099,1370,538,1,172
069059b7ef840f0c74a814ec9237b6ec,126,41,30,
e0c641195b27425bb056ac56f8953d24,421,192,1,
8f1d43620bc6bb580df6e80b0dc05c48,1109,479,5,274
210f760a89db30aa72ca258a3483cc7f,883,384,47.4,268
55743cc0393b1cb4b8b37d09ae48d097,651,285,1,166
81ca0262c82e712e50c580c032d99b60,1371,538,1,172
08419be897405321542838d77f855226,723,309,50,244
8248a99e81e752cb9b41da3fc43fbe7f,1140,496,1,
5b4a2146246bc3a3a941f32225bbb792,3446,113,1,166
a597e50502f5ff68e3e25b9114205d4a,194,53,51,316
289dff07669d7a23de0ef88d2f7129e7,234,80,42.33,264
0a09c8844ba8f0936c20bd791130d6b6,144,45,8,312
577ef1154f3240ad5b9b413aa7346a1e,235,81,34.2,262
ddb30680a691d157187ee1cf9e896d03,435,204,10,276
45fbc6d3e05ebd93369ce542e8f2322d,216,66,50,268
5878a7ab84fb43402106c575658472fa,167,47,16,
006f52e9102a8d3be2fe5614f42ba989,168,47,16,
3636638817772e42b59d74cff571fbb3,169,47,16,
13fe9d84310e77f13a6d184dbf1232f3,224,73,30,268
d1c38a09acc34845c6be3a127a5aacaf,225,73,20,269
933670f1ac8ba969f32989c312faba75,4861,1058,10,275
ab8df9f7733db5611fd53748f1db282e,4007,902,0,398
43d762ca733a839226415450b0dbf9d2,3966,894,25,389
0d7de1aca9299fe63f3e0041f02638a3,674,292,16,310
8fecb20817b3847419bb3de39a609afe,675,292,16,
dc6a70712a252123c40d2adba6a11d84,676,292,16,307
9001ca429212011f4a4fda6c778cc318,3591,759,0,250
884d247c6f65a96a7da4d1105d584ddd,650,285,1,166
10a5ab2db37feedfdeaab192ead4ac0e,691,301,50,268
1b84c4cee2b8b3d823b30e2d604b1878,6206,1384,1,459
30ef30b64204a3088a26bc2e6ecf7602,652,285,1,166
11b921ef080f7736089c757404650e40,556,261,30,
6e2713a6efee97bacb63e52c54f0ada0,557,261,20,
1bb91f73e9d31ea2830a5e73ce3ed328,558,261,30,
71a3cb155f8dc89bf3d0365288219936,677,292,10,
cf9a242b70f45317ffd281241fa66502,1361,537,1,366
a9be4c2a4041cadbf9d61ae16dd1389e,1362,537,1,366
32b30a250abd6331e03a2a1f16466346,809,346,8,152
9683cc5f89562ea48e72bb321d9f03fb,1363,537,1,366
03e0704b5690a2dee1861dc3ad3316c9,1019,412,32,341
060ad92489947d410d897474079c1477,221,71,39.15,262
1534b76d325a8f591b52d302e7181331,212,64,42,270
3644a684f98ea8fe223c713b77189a77,200,56,24,
9cfdf10e8fc047a44b08ed031e1f0ed1,226,73,5,274
705f2172834666788607efbfca35afb3,227,73,5,275
539fd53b59e3bb12d203f45a912eeaf2,237,82,20,270
ac1dd209cbcc5e5d1c6e28598e8cbbe8,238,82,5,274
555d6702c950ecb729a966504af0a635,239,82,5,276
58a2fc6ed39fd083f55d4182bf88826d,192,52,33,316
bd686fd640be98efaae0091fa301e613,193,52,50,317
0336dcbab05b9d5ad24f4333c7658a0e,195,53,30,317
3295c76acbf4caaed33c36b1b5fc2cb1,66,18,6,207
a684eceee76fc522773286a895bc8436,54,17,3,161
1c383cd30b7c298ab50293adfecb7b18,35,14,10,118
d490d7b4576290fa60eb31b5fc917ad1,600,274,1,166
19ca14e7ea6328a42e0eb13d585e4c22,36,14,7,93
b2f627fff19fda463cb386442eac2b3d,601,274,1,166
a5bfc9e07964f8dddeb95fc584cd965d,37,14,10,124
08b255a5d42b89b0585260b6f2360bdd,590,270,1,99
9778d5d219c5080b9a6a17bef029331c,82,27,10,167
ac627ab1ccbdb62ec96e702f07f6425b,99,37,20,
c3992e9a68c5ae12bd18488bc579b30d,602,274,1,166
d86ea612dec96096c5e0fcc8dd42ab6d,603,274,1,166
fbd7939d674997cdb4692d34de8633c4,76,26,4,281
32bb90e8976aab5298d5da10fe66f21d,72,23,1,99
9cf81d8026a9018052c429cc4e56739b,604,274,1,166
c361bc7b2c033a83d663b8d9fb4be56e,605,274,1,166
44c4c17332cace2124a1a836d9fc4b6f,606,274,1,166
effc299a1addb07e7089f9b269c31f2f,1364,537,1,366
a9a1d5317a33ae8cef33961c34144f84,585,259,30,316
758874998f5bd0c393da094e1967a72b,314,136,50,270
dc82d632c9fcecb0778afbc7924494a6,607,274,1,166
cf1f78fe923afe05f7597da2be7a3da8,1365,537,1,366
3a0772443a0739141292a5429b952fe6,559,261,20,
a9a6653e48976138166de32772b1bf40,560,261,40,
db85e2590b6109813dafa101ceb2faeb,566,260,15,
091d584fced301b442654dd8c23b3fc9,208,60,14,270
d2ddea18f00665ce8623e36bd4e3c7c5,73,23,5,100
e2c420d928d4bf8ce0ff2ec19b371514,71,23,1,98
6a5889bb0190d0211a991f47bb19a777,1366,537,1,366
a4f23670e1833f3fdb077ca70bbd5d66,260,89,43.73,256
82aa4b0af34c2313a562076992e50aa3,162,47,16,307
fa7cdfad1a5aaf8370ebeda47a1ff1c3,164,47,16,310
7e7757b1e12abcb736ab9a754ffb617a,166,47,8,313
c0e190d8267e36708f955d7ab048990d,219,69,25,268
ff49cc40a8890e6a60f40ff3026d2730,1333,533,1,160
8edd72158ccd2a879f79cb2538568fdc,1334,533,1,160
a3c65c2974270fd093ee8a9bf8ae7d0b,108,38,10,310
9cb67ffb59554ab1dabb65bcb370ddd9,1335,533,1,160
3d779cae2d46cf6a8a99a35ba4167977,1336,533,1,160
eb6fdc36b281b7d5eabf33396c2683a2,618,275,1,160
67d16d00201083a2b118dd5128dd6f59,876,374,3,155
e48e13207341b6bffb7fb1622282247b,1337,533,1,160
e555ebe0ce426f7f9b2bef0706315e0c,692,301,7,274
7f1171a78ce0780a2142a6eb7bc4f3c8,724,309,10,274
352407221afb776e3143e8a1a0577885,877,374,2,156
c4d2ce3f3ebb5393a77c33c0cd95dc93,3863,842,20,334
e2ef524fbf3d9fe611d5a8e90fefdc9c,97,35,50,252
ed3d2c21991e3bef5e069713af9fa6ca,98,35,10,276
2723d092b63885e0d7c260cc007e8b9d,109,38,100,312
c7e1249ffc03eb9ded908c236bd1996d,87,27,3,161
68d30a9594728bc39aa24be94b319d21,84,27,10,172
f033ab37c30201f73f142449d037028d,80,26,2,152
704afe073992cbe4813cae2f7715336f,886,385,0,274
f0bf4a2da952528910047c31b6c2e951,4860,1058,116,251
dd8eb9f23fbd362da0e3f4e70b878c16,878,374,3,161
e94f63f579e05cb49c05c2d050ead9c0,1448,543,1,138
2dffbc474aa176b6dc957938c15d0c8b,1449,543,1,138
5737c6ec2e0716f3d8a7a5c4e0de0d9a,322,121,3,256
c5cc17e395d3049b03e0f1ccebb02b4d,1450,543,1,138
4f8bc5ac1dc2b49434efe9e72f183de8,3864,842,20,
f7f580e11d00a75814d2ded41fe8e8fe,1141,497,30,250
8ce6790cc6a94e65f17f908f462fae85,1142,497,10,274
b607ba543ad05417b8507ee86c54fcb7,3967,894,20,368
65cc2c8205a05d7379fa3a6386f710e1,1020,412,32,360
cdc0d6e63aa8e41c89689f54970bb35f,619,276,1,167
c0e8517b1fe0b5270f3f41d4b56d6118,3595,763,0,250
d09bf41544a3365a46c9077ebb5e35c3,75,26,11,205
d9d4f495e875a2e075a1a4a6e1b9770f,46,16,4,147
f7177163c833dff4b38fc8d2872f1ec6,44,16,6,144
67c6a1e7ce56d3d6fa748ab6d9af3fd7,47,16,6,152
2838023a778dfaecdc212708f721b788,51,17,10,172
9a1158154dfa42caddbd0694a4e9bdc8,52,17,8,155
b53b3a3d6ab90ce0268229151c9bde11,55,17,3,162
eda80a3d5b344bc40f3bc04f65b7a357,267,96,13.62,268
3416a75f4cea9109507cacd8e2f2aefc,41,15,10,106
6364d3f0f495b6ab9dcf8d3b5c6e0b01,32,12,2,98
698d51a19d8a121ce581499d7b701668,111,39,10,
3def184ad8f4755ff269862ea77393dd,125,41,10,
a97da629b098b75c294dffdc3e463904,107,38,20,
93db85ed909c13838ff95ccfa94cebd9,86,27,2,156
65b9eea6e1cc6bb9f0cd2a47751a186f,105,38,20,
f0935e4cd5920aa6c7c996a5ee53a70f,106,38,20,
68264bdb65b97eeae6788aa3348e553c,660,289,1,100
fed33392d3a48aa149a87a38b875ba4a,1004,393,18,268
e0cf1f47118daebc5b16269099ad7347,813,347,1,281
ca9c267dad0305d1a6308d2a0cf1c39c,679,293,300,
79a3308b13cd31f096d8a4a34f96b66b,5057,1122,1,430
62db9e3397c76207a687c360e0243317,6207,1384,1,459
bb04af0f7ecaee4aae62035497da1387,1275,526,1,369
6c8349cc7260ae62e3b1396831a8398f,45,16,9,138
642e92efb79421734881b53e1e1b18b6,48,16,10,145
17e62166fc8586dfa4d1bc0e1742c08b,43,16,14,205
f457c545a9ded88f18ecee47145a72c0,49,17,10,165
d82c8d1619ad8176d665453cfb2e55f0,53,17,2,156
9f61408e3afb633e50cdf1b20de6f466,56,17,10,160
c0c7c76d30bd3dcaefc96f40275bdc0a,50,17,12,171
28dd2c7955ce926456240b2ff0100bde,77,26,7,138
35f4a8d465e6e1edc05f3d8ab658c551,78,26,2,147
d1fe173d08e959397adf34b1d77e88d7,79,26,4,145
ad61ab143223efbc24c7d2583be69251,74,25,6,207
e00da03b685a0dd18fb6a08af0923de0,139,44,24,
013d407166ec4fa56eb1e1f8cbe183b9,138,44,16,312
b73dfe25b4b8714c029b37a6ad3006fa,620,276,1,167
85fc37b18c57097425b52fc7afbb6969,621,276,1,167
b89c30965ebc74912de879f22da62dbf,3597,764,120,393
0768281a05da9f27df178b5c39a51263,1021,412,10,370
2387337ba1e0b0249ba90f55b2ba2521,1005,393,5,274
7cbbc409ec990f19c78c75bd1e06f215,70,21,10,274
fb60d411a5c5b72b2e7d3527cfc84fd0,1276,526,1,369
f2fc990265c712c49d51a18a32b39f0c,324,140,70,244
17d63b1625c816c22647a73e1482372b,411,186,2,
3fe94a002317b5f9259f82690aeea4cd,316,137,30,268
8d3bba7425e7c98c50f52ca1b52d3735,319,138,5,274
d759175de8ea5b1d9a2660e45554894f,1277,526,1,369
06138bc5af6023646ede0e1f7c1eac75,269,98,17,268
ab1a4d0dd4d48a2ba1077c4494791306,1278,526,1,369
48aedb8880cab8c45637abc7493ecddd,288,129,1,
7f100b7b36092fb9b06dfb4fac360931,271,99,20.9,264
a8f8f60264024dca151f164729b76c0b,1437,542,1,360
d6baf65e0b240ce177cf70da146c8dc8,264,95,30,268
cfa0860e83a4c3a763a7e62d825349f7,259,88,68.38,270
c6036a69be21cb660499b75718a3ef24,1120,484,20,
f7664060cc52bc6f3d620bcedc94a4b6,266,95,10,274
66121d1f782d29b62a286909165517bc,3452,736,1,205
3a15c7d0bbe60300a39f76f8a5ba6896,1121,484,30,
0efe32849d230d7f53049ddc4a4b0c60,885,385,30,250
cdd0500dc0ef6682fa6ec6d2e6b577c4,3593,760,50,250
03c6b06952c750899bb03d998e631860,252,86,15,316
d645920e395fedad7bbbed0eca3fe2e0,40,14,10,206
fccb3cdc9acc14a6e70a12f74560c026,680,294,4,324
dce8af15f064d1accb98887a21029b08,3594,760,10,274
bf56a1b37b94243486b2034f8479c475,4515,980,1,431
1595af6435015c77a7149e92a551338e,681,294,4,328
52c409f1571f500e28f490a302a12540,3596,763,60,274
a9df2255ad642b923d95503b9a7958d8,3866,844,0,244
060afc8a563aaccd288f98b7c8723b61,4890,1066,1,99
b83aac23b9528732c23cc7352950e880,327,141,50,268
ad13a2a07ca4b7642959dc0c4c740ab6,315,136,8,276
cd00692c3bfe59267d5ecfac5310286c,328,141,10,274
f81dee42585b3814de199b2e88757f5c,3969,895,10,
432aca3a1e345e339f35a30c8f65edce,318,138,27,268
c24cd76e1ce41366a4bbe8a49b02a028,253,86,15,317
94f6d7e04a4d452035300f18b984988c,300,133,3,326
34ed066df378efacc9b924ec161e7639,301,133,2,325
3493894fa4ea036cfc6433c3e2ee63b0,591,271,1,99
dbe272bab69f8e13f14b405e038deb64,592,272,1,99
473447ac58e1cd7e96172575f48dca3b,3455,737,1,100
577bcc914f9e55d5e4e4f82f9f00e7d4,302,133,3,327
6a182a16e66268d7ce85fcfe945df787,4253,953,10,
36660e59856b4de58a219bcf4e27eba3,262,91,28,256
db6ebd0566994d14a1767f14eb6fba81,1438,542,1,360
caf1a3dfb505ffed0d024130f58c5cfa,321,139,6,274
def7924e3199be5e18060bb3e1d547a7,3456,738,1,100
01161aaa0b6d1345dd8fe4e481144d84,236,82,30,268
e1fc9c082df6cfff8cbcfff2b5a722ef,3457,739,1,100
f29c21d4897f78948b91f03172341b7b,613,275,1,160
851ddf5058cf22df63d3344ad89919cf,614,275,1,160
99bcfcd754a98ce89cb86f73acc04645,698,302,1,
b1eec33c726a60554bc78518d5f9b32c,702,302,1,
d6c651ddcd97183b2e40bc464231c962,703,302,2,
bc6dc48b743dc5d013b1abaebd2faed2,323,121,8,258
aa108f56a10e75c1f20f27723ecac85f,4878,1064,1,99
606c90a06173d69682feb83037a68fec,4879,1064,1,99
58d4d1e7b1e97b258c9ed0b37e02d087,615,275,1,160
7750ca3559e5b8e1f44210283368fc16,616,275,1,160
5d44ee6f2c3f71b73125876103c8f6c4,617,275,1,160
48ab2f9b45957ab574cf005eb8a76760,624,278,1,100
233509073ed3432027d48b1a83f5fbd2,625,278,1,100
d4c2e4a3297fe25a71d030b67eb83bfc,728,311,1,
5751ec3e9a4feab575962e78e006250d,729,311,1,
afda332245e2af431fb7b672a68b659d,822,351,1,156
632cee946db83e7a52ce5e8d6f0fed35,823,351,1,156
f0adc8838f4bdedde4ec2cfad0515589,818,349,1,156
3b5dca501ee1e6d8cd7b905f4e1bf723,819,349,1,156
13d63838ef1fb6f34ca2dc6821c60e49,3459,741,1,100
6aca97005c68f1206823815f66102863,598,274,1,166
3435c378bb76d4357324dd7e69f3cd18,599,274,1,166
8a0e1141fd37fa5b98d5bb769ba1a7cc,697,302,2,
afd4836712c5e77550897e25711e1d96,699,302,2,
e5841df2166dd424a57127423d276bbe,700,302,2,
b9228e0962a78b84f3d5d92f4faa000b,412,187,1,
1068c6e4c8051cfd4e9ea8072e3189e2,410,186,1,
a666587afda6e89aec274a3657558a27,326,140,12,274
b4a528955b84f584974e92d025a75d1f,701,302,2,
45645a27c4f1adc8a7a835976064a86d,626,279,1,100
24146db4eb48c718b84cae0a0799dcfc,1026,415,1,
9edda0fd4d983bf975935cfd492fd50b,3462,738,1,100
73c03186765e199c116224b68adc5fa0,3463,738,1,100
51e6d6e679953c6311757004d8cbbba9,3464,739,1,100
56503192b14190d3826780d47c0d3bf3,3460,737,1,100
677e09724f0e2df9b6c000b75b5da10d,824,352,1,155
795c7a7a5ec6b460ec00c5841019b9e9,826,353,1,155
fa3a3c407f82377f55c19c5d403335c7,827,353,1,155
c2626d850c80ea07e7511bbae4c76f4b,828,353,1,155
d554f7bb7be44a7267068a7df88ddd20,825,352,1,155
9cc138f8dc04cbf16240daa92d8d50e2,630,281,1,100
b7bb35b9c6ca2aee2df08cf09d7016c2,631,281,1,100
42e77b63637ab381e8be5f8318cc28a2,628,280,1,100
051e4e127b92f5d98d3c79b195f2b291,629,280,1,100
9c82c7143c102b71c593d98d96093fde,706,282,1,152
500e75a036dc2d7d2fec5da1b71d36cc,707,282,1,152
918317b57931b6b7a7d29490fe5ec9f9,287,128,100,
883e881bb4d22a7add958f2d6b052c9f,1027,416,20,370
2f29b6e3abc6ebdefb55456ea6ca5dc8,1168,513,1,138
77bdfcff53815626ecab7f6a1454f007,4876,1063,1,99
540ae6b0f6ac6e155062f3dd4f0b2b01,1439,542,1,360
8f121ce07d74717e0b1f21d122e04521,268,97,10.68,269
185c29dc24325934ee377cfda20e414c,627,279,1,100
d8e1344e27a5b08cdfd5d027d9b8d6de,2771,592,1,340
b71155d90aef3bc38cb92db5a9afe4ce,4877,1063,1,99
abd815286ba1007abfbb8415b83ae2cf,632,282,1,171
26dd0dbc6e3f4c8043749885523d6a25,633,282,1,171
93d65641ff3f1586614cf2c1ad240b6c,1022,413,50,250
6766aa2750c19aad2fa1b32f36ed4aee,634,282,1,171
ce5140df15d046a66883807d18d0264b,1023,413,10,274
ce78d1da254c0843eb23951ae077ff5f,829,354,1,155
8e82ab7243b7c66d768f1b8ce1c967eb,830,354,1,155
e0ec453e28e061cc58ac43f91dc2f3f0,831,354,1,155
291597a100aadd814d197af4f4bab3a7,642,284,1,205
eaae339c4d89fc102edd9dbdb6a28915,653,286,1,100
9b698eb3105bd82528f23d0c92dedfc0,643,284,1,205
208e43f0e45c4c78cafadb83d2888cb6,1143,498,50,250
22fb0cee7e1f3bde58293de743871417,870,374,15,339
d516b13671a4179d9b7b458a6ebdeb92,879,374,2,162
07c5807d0d927dcd0980f86024e5208b,713,303,1,
43feaeeecd7b2fe2ae2e26d917b6477d,872,374,30,366
a7d8ae4569120b5bec12e7b6e9648b86,1176,515,1,361
4aa0e93b918848be0b7728b4b1568d8a,3061,594,20,
1aa057313c28fa4a40c5bc084b11d276,3062,594,20,
a532400ed62e772b9dc0b86f46e583ff,637,283,1,172
d714d2c5a796d5814c565d78dd16188d,4147,928,1,396
810dfbbebb17302018ae903e9cb7a483,4148,928,1,396
39059724f73a9969845dfe4146c5660e,270,98,5,274
9701a1c165dd9420816bfec5edd6c2b1,1401,540,1,363
28fc2782ea7ef51c1104ccf7b9bea13d,1402,540,1,363
ae0eb3eed39d2bcef4622b2499a05fe6,708,303,1,
1ecfb463472ec9115b10c292ef8bc986,709,303,1,
e70611883d2760c8bbafb4acb29e3446,710,303,1,
6081594975a764c8e3a691fa2b3a321d,711,303,2,
19bc916108fc6938f52cb96f7e087941,712,303,2,
d14220ee66aeec73c49038385428ec4c,714,303,2,
3f5ee243547dee91fbd053c1c4a845aa,3058,594,10,
6bc24fc1ab650b25b4114e93a98f1eba,736,317,1,100
a5cdd4aa0048b187f7182f1b9ce7a6a7,737,280,1,100
e995f98d56967d946471af29d7bf99f1,734,277,1,100
443cb001c138b2561a0d90720d6ce111,648,285,1,166
55b37c5c270e5d84c793e486d798c01d,649,285,1,166
f9028faec74be6ec9b852b0a542e2f39,838,357,1,
3a066bda8c96b9478bb0512f0a43028c,661,290,1,171
be3159ad04564bfb90db9e32851ebf9c,662,290,1,171
8757150decbd89b0f5442ca3db4d0e0e,663,290,1,171
cc431fd7ec4437de061c2577a4603995,3059,594,20,
0a5c79b1eaf15445da252ada718857e9,3060,594,20,
8c7bbbba95c1025975e548cee86dfadc,644,284,1,205
5e9f92a01c986bafcabbafd145520b13,645,284,1,205
0ff39bbbf981ac0151d340c9aa40e63e,646,284,1,205
303ed4c69846ab36c2904d3ba8573050,647,284,1,205
83f97f4825290be4cb794ec6a234595f,1177,515,1,361
1bd4b29a8e0afccd9923fe29cecb4b29,3063,594,15,
494ba9ff03bdad881378a6fd4092a6c7,3064,594,30,
f60ce002e5182e7b99a8a59b6d865a12,4282,956,20,
50c3d7614917b24303ee6a220679dab3,718,303,2,
2afe4567e1bf64d32a5527244d104cea,719,303,2,
6cd67d9b6f0150c77bda2eda01ae484c,735,279,1,100
a8ecbabae151abacba7dbde04f761c37,808,346,8,369
6e7b33fdea3adc80ebd648fffb665bb8,807,346,8,138
edfbe1afcf9246bb0d40eb4d8027d90f,740,112,1,207
2e65f2f2fdaf6c699b223c61b1b5ab89,741,112,1,207
4588e674d3f0faf985047d4c3f13ed0d,1144,498,10,274
e94550c93cd70fe748e6982b3439ad3b,742,112,1,207
866d90e0921ac7b024b47d672445a086,3865,842,20,391
8df707a948fac1b4a0f97aa554886ec8,715,303,2,
e7f8a7fb0b77bcb3b283af5be021448f,716,303,2,
788d986905533aba051261497ecffcbb,717,303,1,
5c572eca050594c7bc3c36e7e8ab9550,743,112,1,207
217eedd1ba8c592db97d0dbe54c7adfc,738,318,1,207
df263d996281d984952c07998dc54358,739,318,1,207
68d3743587f71fbaa5062152985aff40,4893,1072,50,252
a732804c8566fc8f498947ea59a841f8,4281,956,20,334
b1563a78ec59337587f6ab6397699afc,1088,454,8,138
8b4066554730ddfaa0266346bdc1b202,1090,455,61,336
0f96613235062963ccde717b18f97592,639,283,1,172
4ffce04d92a4d6cb21c1494cdfcd6dc1,640,283,1,172
67e103b0761e60683e83c559be18d40c,641,283,1,172
754dda4b1ba34c6fa89716b85d68532b,1091,455,88,337
9246444d94f081e3549803b928260f56,1006,400,47.4,268
d7322ed717dedf1eb4e6e52a37ea7bcd,1007,400,5,274
04c6906524cd877e833fe26ddaddc62f,4776,1045,76,444
dd77279f7d325eec933f05b1672f6a1f,1116,484,20,
0eec27c419d0fe24e53c90338cdc8bc6,1117,484,30,
c7635bfd99248a2cdef8249ef7bfbef4,1124,485,16,307
c21002f464c5fc5bee3b98ced83963b8,1125,485,20,334
08d98638c6fcd194a4b1e6992063e944,682,274,1,205
24681928425f5a9133504de568f5f6df,683,274,1,205
556f391937dfd4398cbac35e050a2177,684,274,1,205
a26398dca6f47b49876cbaffbc9954f9,1087,454,8,205
3328bdf9a4b9504b9398284244fe97c2,685,274,1,205
109a0ca3bc27f3e96597370d5c8cf03d,686,274,1,205
185e65bc40581880c4f2c82958de8cfe,746,321,1,145
8d317bdcf4aafcfc22149d77babee96d,747,321,1,145
e56954b4f6347e897f954495eab16a88,265,95,10,269
e49b8b4053df9505e1f48c3a701c0682,748,321,1,145
b056eb1587586b71e2da9acfe4fbd19e,749,321,1,145
03f544613917945245041ea1581df0c2,1089,454,10,
5f2c22cb4a5380af7ca75622a6426917,720,304,2,
feab05aa91085b7a8012516bc3533958,1145,499,10,
386854131f58a556343e056f03626e00,5551,1238,1,
7d771e0e8f3633ab54856925ecdefc5d,1178,515,1,361
1f50893f80d6830d62765ffad7721742,880,374,5,160
14bfa6bb14875e45bba028a21ed38046,69,21,10,250
723dadb8c699bf14f74503dbcb6e09c1,4894,1072,5,276
0537fb40a68c18da59a35c2bfe1ca554,744,319,1,145
5f0f5e5f33945135b874349cfbed4fb9,745,320,1,145
2cfd4560539f887a5e420412b370b361,1123,485,16,377
e515df0d202ae52fcebb14295743063b,1030,418,10,
afdec7005cc9f14302cd0474fd0f3c96,1031,418,10,
8e54d6b523b279543ac12a0f7333cd3c,3867,845,100,250
b137fdd1f79d56c7edf3365fea7520f2,750,322,1,167
912d2b1c7b2826caf99687388d2e8f7c,751,322,1,167
5b8add2a5d98b1a652ea7fd72d942dac,317,137,10,274
a1d33d0dfec820b41b54430b50e96b5c,752,322,1,167
7f5d04d189dfb634e6a85bb9d9adf21e,687,295,50,268
6f2268bd1d3d3ebaabb04d6b5d099425,753,323,1,166
872488f88d1b2db54d55bc8bba2fad1b,754,323,1,166
ccb0989662211f61edae2e26d58ea92f,755,323,1,166
2823f4797102ce1a1aec05359cc16dd9,756,323,1,166
4502591a3be059858cf9e9d763134ee3,5552,1238,1,
b1a59b315fc9a3002ce38bbe070ec3f5,261,90,2.42,268
dabd8d2ce74e782c65a973ef76fd540b,1179,515,1,361
bf62768ca46b6c3b5bea9515d1a1fc45,758,324,1,167
fa14d4fe2f19414de3ebd9f63d5c0169,759,324,1,167
2ca65f58e35d9ad45bf7f3ae5cfd08f1,760,325,1,167
88ae6372cfdc5df69a976e893f4d554b,761,325,1,167
7f975a56c761db6506eca0b37ce6ec87,1011,404,3,98
f33ba15effa5c10e873bf3842afb46a6,1012,404,3,99
4c27cea8526af8cfee3be5e183ac9605,638,283,1,172
6a10bbd480e4c5573d8f3af73ae0454b,635,282,1,171
c5ab0bc60ac7929182aadd08703f1ec6,636,282,1,171
6b180037abbebea991d8b1232f8a8ca9,1013,404,4,100
70162fe655ec381ac6312ebf026aac54,3868,845,20,274
6a2feef8ed6a9fe76d6b3f30f02150b4,1092,457,50,250
3b712de48137572f3849aabd5666a4e3,1122,485,10,
496e05e1aea0a9c4655800e8a7b9ea28,305,134,16,
2291d2ec3b3048d1a6f86c2c4591b7e0,664,290,1,171
84117275be999ff55a987b9381e01f96,665,290,1,171
fae0b27c451c728867a567e8c1bb4e53,666,290,1,171
86b122d4358357d834a87ce618a55de0,773,335,1,160
4e0928de075538c593fbdabb0c5ef2c3,774,335,1,160
8a3363abe792db2d8761d6403605aeb7,1146,499,16,377
a1d50185e7426cbb0acad1e6ca74b9aa,1147,499,16,307
68b1fbe7f16e4ae3024973f12f3cb313,1093,457,10,274
8597a6cfa74defcbde3047c891d78f90,1119,484,30,
766d856ef1a6b02f93d894415e6bfa0e,1014,408,6,207
d58072be2820e8682c0a27c0518e805e,806,346,8,205
6eb6e75fddec0218351dc5c0c8464104,1180,515,1,361
f2201f5191c4e92cc5af043eebfd0946,767,331,1,161
3a835d3215755c435ef4fe9965a3f2a0,768,331,1,161
2c620a8c232f32aa9e7dcbc90102b253,3869,846,100,250
c255c05246a081654a0267cbb725f5a7,3870,846,20,274
c0f168ce8900fa56e57789e2a2f2c9d0,775,336,1,138
959a557f5f6beb411fd954f3f34b21c3,766,330,1,147
d840cc5d906c3e9c84374c8919d2074e,765,329,1,162
5807a685d1a9ab3b599035bc566ce2b9,764,328,1,161
eefc9e10ebdc4a2333b42b2dbb8f27b6,763,327,1,147
06997f04a7db92466a2baa6ebc8b872d,762,326,1,162
4ea06fbc83cdd0a06020c35d50e1e89a,770,333,1,98
288cc0ff022877bd3df94bc9360b9c5d,769,332,1,98
09c6c3783b4a70054da74f2538ed47c6,1149,500,20,
2b38c2df6a49b97f706ec9148ce48d86,1150,500,30,
4a213d37242bdcad8e7300e202e7caa4,1130,488,0,274
41bfd20a38bb1b0bec75acf0845530a7,1094,458,2,
f197002b9a0853eca5e046d9ca4663d5,1151,500,20,
298923c8190045e91288b430794814c4,1015,409,50,250
8c6744c9d42ec2cb9e8885b54ff744d0,776,336,1,138
98d6f58ab0dafbb86b083a001561bb34,873,374,30,367
aeb3135b436aa55373822c010763dd54,871,374,30,365
f1c1592588411002af340cbaedd6fc33,777,337,1,138
e07413354875be01a996dc560274708e,778,337,1,138
67d96d458abdef21792e6d8e590244e7,779,337,1,138
53420bd6e6798761679772a7dd012674,4723,1032,50,250
69a5b5995110b36a9a347898d97a610e,1129,488,50,268
8c19f571e251e61cb8dd3612f26d5ecf,263,90,6.52,268
06eb61b839a0cefee4967c67ccb099dc,310,135,15,
9dfcd5e558dfa04aaf37f137a1d9d3e5,311,135,30,307
89f0fd5c927d466d6ec9a21b9ac34ffa,325,140,30,245
320722549d1751cf3f247855f937b982,320,139,30,268
2ac2406e835bd49c70469acae337d292,1181,515,1,361
08fe2621d8e716b02ec0da35256a998d,1016,409,10,274
9a3d458322d70046f63dfd8b0153ece4,1193,515,1,361
dd03de08bfdff4d8ab01117276564cc7,4724,1032,10,274
a8e864d04c95572d1aece099af852d0a,780,338,1,138
7143d7fbadfa4693b9eec507d9d37443,781,338,1,138
551cb238f4895024b98d1943b708de7c,3871,847,100,250
d35b05a832e2bb91f110d54e34e2da79,3872,847,20,274
db346ccb62d491029b590bbbf0f5c412,3873,848,100,250
2b44928ae11fb9384c4cf38708677c48,115,39,100,312
da4fb5c6e93e74d3df8527599fa62642,120,40,10,
4c56ff4ce4aaf9573aa5dff913df997a,121,40,30,
a0a080f42e6f13b3a2df133f073095dd,122,40,10,310
5ef059938ba799aaa845e1c2e8a762bd,118,39,50,
76dc611d6ebaafc66cc0879c71b5db5c,128,41,10,310
c8ffe9a587b126f152ed3d89a146b445,124,40,50,
a42a596fc71e17828440030074d15e74,1194,515,1,361
7f6ffaa6bb0b408017b62254211691b5,112,39,20,
5fd0b37cd7dbbb00f97ba6ce92bf5add,114,39,10,310
73278a4a86960eeb576a8fd4c9ec6997,113,39,20,
07e1cd7dca89a1678042477183b7ac3f,119,40,10,
ec8956637a99787bd197eacd77acce5e,102,37,50,312
6974ce5ac660610b44d9b9fed0ff9548,103,37,50,
c9e1074f5b3f9fc8ea15d152add07294,104,37,50,
38b3eff8baf56627478ec76a704e9b52,101,37,30,
f899139df5e1059396431415e770c6dd,100,37,20,
5f93f983524def3dca464469d2cf9f3e,110,38,50,
2a38a4a9316c49e5a833517c45d31070,88,27,2,162
3ef815416f775098fe977004015c6193,85,27,8,155
43ec517d68b6edd3015b3edc9a11367b,81,27,20,166
7647966b7343c29048673252e490f736,89,27,10,160
fe9fc289c3ff0af142b6d3bead98a923,83,27,11,171
202cb962ac59075b964b07152d234b70,123,40,100,312
2ed80f6311c1825feb854d78fa969d34,3874,848,20,274
f85454e8279be180185cac7d243c5eb3,422,193,1,
b6f0479ae87d244975439c6124592772,420,191,1,
7eacb532570ff6858afd2723755ff790,419,190,1,
d1f255a373a3cef72e03aa9d980c7eca,418,189,1,
0deb1c54814305ca9ad266f53bc82511,413,188,1,
66808e327dc79d135ba18e051673d906,414,188,1,
42e7aaa88b48137a16a1acd04ed91125,415,188,1,
41ae36ecb9b3eee609d05b90c14222fb,417,188,1,
8fe0093bb30d6f8c31474bd0764e6ac0,416,188,3,
45f31d16b1058d586fc3be7207b58053,1152,500,30,
55b1927fdafef39c48e5b73b5d61ea60,1153,500,20,
e8b1cbd05f6e6a358a81dee52493dd06,1154,500,30,
fe709c654eac84d5239d1a12a4f71877,1131,489,10,
b90ba83119860d7f6a6dfaab9f2aa150,4302,938,1,407
b052e2e0c0ad1b2d5036bd56e27d061c,4303,938,1,407
e0c7ccc47b2613c82d1073a4214deecc,4199,938,1,406
86dba86754c0ad93997a11fa947d97b2,4200,938,1,406
11b9842e0a271ff252c1903e7132cd68,303,134,15,310
37bc2f75bf1bcfe8450a1a41c200364c,304,134,16,307
cb5f984421c93f1efb42b53a43f83c3a,4009,906,1,338
6693a7aacb8a2e74c6f5fe91bc39864b,4010,906,1,338
b14680dec683e744ada1f2fe08614086,4011,906,1,338
0dd1bc593a91620daecf7723d2235624,3880,850,1,370
a1c5aff9679455a233086e26b72b9a06,3881,850,1,370
b2eb7349035754953b57a32e2841bda5,306,134,40,335
8e98d81f8217304975ccb23337bb5761,307,135,20,
a8c88a0055f636e4a163a5e3d16adab7,308,135,20,
eddea82ad2755b24c4e168c5fc2ebd40,309,135,20,
950a4152c2b4aa3ad78bdd6b366cc179,312,135,15,
158f3069a435b314a80bdcb024f8e422,313,135,29,
25b2822c2f5a3230abfadd476e8b04c9,425,198,1,
3c7781a36bcd6cf08c11a970fbe0e2a6,424,197,1,
470e7a4f017a5476afb7eeb3f8b96f9b,757,323,1,166
c60d060b946d6dd6145dcbad5c4ccf6f,1118,484,20,
5d616dd38211ebb5d6ec52986674b6e4,1017,410,1,
51ef186e18dc00c2d31982567235c559,874,374,11,171
4b0a59ddf11c58e7446c9df0da541a84,875,374,10,172
49c9adb18e44be0711a94e827042f630,869,374,15,338
7bfa32686d200c64cb46de03ac2eac0d,4252,953,5,392
5680522b8e2bb01943234bce7bf84534,1185,515,1,361
2b6d65b9a9445c4271ab9076ead5605a,1186,515,1,361
c36b1132ac829ece87dda55d77ac06a4,4777,1045,50,445
085ccaddbd3aa270b1d72beef6bbc5ca,4778,1045,74,446
69dd2eff9b6a421d5ce262b093bdab23,6208,1384,1,459
7ffb4e0ece07869880d51662a2234143,5058,1122,1,430
094bb65ef46d3eb4be0a87877ec333eb,4259,954,10,419
5101a4796c5127131b2112e2bc6fe02b,4260,954,10,420
7a9a322cbe0d06a98667fdc5160dc6f8,4896,1074,7,274
285f89b802bcb2651801455c86d78f2a,1155,501,50,250
e22312179bf43e61576081a2f250f845,1156,501,10,274
4aaa76178f8567e05c8e8295c96171d8,4684,1010,30,
5265d33c184af566aeb7ef8afd0b9b03,4685,1010,30,
4f284803bd0966cc24fa8683a34afc6e,1187,515,1,361
1aa48fc4880bb0c9b8a3bf979d3b917e,803,346,50,361
7fc63ff01769c4fa7d9279e97e307829,4019,907,1,338
ef50c335cca9f340bde656363ebd02fd,1018,411,1,
c44e503833b64e9f27197a484f4257c0,1188,515,1,361
82c2559140b95ccda9c6ca4a8b981f1e,1189,515,1,361
160c88652d47d0be60bfbfed25111412,1190,515,1,361
b20bb95ab626d93fd976af958fbc61ba,1191,515,1,361
0188e8b8b014829e2fa0f430f0a95961,1195,515,1,361
9adeb82fffb5444e81fa0ce8ad8afe7a,1196,515,1,361
ae5e3ce40e0404a45ecacaaf05e5f735,1197,515,1,361
7c9d0b1f96aebd7b5eca8c3edaa19ebb,1134,491,1,
801c14f07f9724229175b8ef8b4585a8,1137,493,1,
fd06b8ea02fe5b1c2496fe1700e9d16c,1133,490,1,
fd2c5e4680d9a01dba3aada5ece22270,1135,492,1,
47a658229eb2368a99f1d032c8848542,1136,493,1,
92bf5e6240737e0326ea59846a83e076,2772,592,1,340
f565bb9efccaf6986443db0bf01018bc,2773,592,1,340
228499b55310264a8ea0e27b6e7c6ab6,1585,553,30,382
571e0f7e2d992e738adff8b1bd43a521,1132,490,1,
c3e0c62ee91db8dc7382bde7419bb573,1138,494,1,
ccc81a97c1535f9a631b9db584a264e4,3875,849,1,396
b24d516bb65a5a58079f0f3526c87c57,1220,520,1,360
1d72310edc006dadf2190caad5802983,1221,520,1,360
d82118376df344b0010f53909b961db3,1381,539,1,361
4e0d67e54ad6626e957d15b08ae128a6,1382,539,1,361
cd0dce8fca267bf1fb86cf43e18d5598,1383,539,1,361
5ca3e9b122f61f8f06494c97b1afccf3,1384,539,1,361
86e8f7ab32cfd12577bc2619bc635690,1385,539,1,361
363763e5c3dc3a68b399058c34aecf2c,1386,539,1,361
4fa7c62536118cc404dec4a0ca88d4f6,1387,539,1,361
0c0a7566915f4f24853fc4192689aa7e,1388,539,1,361
2bd7f907b7f5b6bbd91822c0c7b835f6,1389,539,1,361
359f38463d487e9e29bd20e24f0c050a,1390,539,1,361
e4acb4c86de9d2d9a41364f93951028d,4688,1013,16,251
56c51a39a7c77d8084838cc920585bd0,4162,930,1,405
60495b4e033e9f60b32a6607b587aadd,4163,930,1,405
8f19793b2671094e63a15ab883d50137,1586,553,10,383
49af6c4e558a7569d80eee2e035e2bd7,1587,553,20,380
001ab2fa029c064a45e41f8b2644a292,4897,1075,25,250
1770ae9e1b6bc9f5fd2841f141557ffb,4898,1075,2,274
5446f217e9504bc593ad9dcf2ec88dda,6209,1384,1,459
834a3bd235bca0caa53141f2ebc30438,3876,849,1,396
8d9a6e908ed2b731fb96151d9bb94d49,3877,849,1,396
63cb524a9f51b7858733e1108bf556fa,4285,936,1,405
ae3f58a127f6c1f12c4942432d1f246a,5537,1234,1,459
9e886e4b377efe990f936dde0d9c98ca,5538,1234,1,459
70117ee3c0b15a2950f1e82a215e812b,5059,1123,5,415
8d749ea54f6657b0396c204d3148da60,5060,1123,5,392
f466e84e4d899dda09be2bf2d3d7ece3,5061,1123,10,
e7d161ac8d8a76529d39d9f5b4249ccb,4760,1037,109,251
35464c848f410e55a13bb9d78e7fddd0,1548,550,15,
c88d8d0a6097754525e02c2246d8d27f,1549,550,50,
6b8eba43551742214453411664a0dcc8,1550,550,5,
4e6cd95227cb0c280e99a195be5f6615,1551,550,3,
351b33587c5fdd93bd42ef7ac9995a28,1552,550,3,
18ead4c77c3f40dabf9735432ac9d97a,1553,550,2,
a08e32d2f9a8b78894d964ec7fd4172e,4901,1077,50,250
98986c005e5def2da341b4e0627d4712,1554,550,1,
b2dd140336c9df867c087a29b2e66034,1555,550,1,
4e9cec1f583056459111d63e24f3b8ef,1556,550,20,
596f713f9a7376fe90a62abaaedecc2d,1557,550,10,
e7a425c6ece20cbc9056f98699b53c6f,4902,1077,5,274
05c7ac946880ad7eed28166b478c7277,5062,1123,20,
35a0f1963430da063133ba27d695f851,5063,1123,20,
91a4d5c9c78d0de89b38ff408f49f39c,5105,1165,52,269
a7971abb4134fc0cfcec7d589e1ebcf6,5032,1119,1,339
91c77393975889bd08f301c9e13a44b7,5033,1119,1,339
63a99723ebb3af94d52b474c3b21dbe1,5746,1278,1,
1db3fa8e5bbd04882892f478a301a311,5748,1280,1,
0e98aeeb54acf612b9eb4e48a269814c,5749,1281,1,420
020c8bfac8de160d4c5543b96d1fdede,1559,550,2,
3a20f62a0af1aa152670bab3c602feed,1560,550,1,
2e2079d63348233d91cad1fa9b1361e9,5034,1119,1,339
173f0f6bb0ee97cf5098f73ee94029d4,5106,1165,7,275
3e1953b572576cc82887d4100a29a02c,4283,956,20,391
894b77f805bd94d292574c38c5d628d5,1588,553,20,381
dca5672ff3444c7e997aa9a2c4eb2094,1589,553,20,367
4ad13f04ef4373992c9d3046200aa350,3253,688,24,268
a09e75c5c86a7bf6582d2b4d75aad615,4028,907,1,338
608b30e45f4b60adb254a8127a6da8ef,4251,953,5,415
ec99dd0bbd9458bc47d4b550b55aa1b2,4256,953,20,
6950aa02ae8613af620668146dd11840,3479,746,1,100
e8e0dd181e4ee545195120626098bfba,3480,746,1,100
6d6968d87c240c699190e2d8c029fa9d,3477,745,1,100
b071cfa81605a94ad80cfa2bbc747448,3478,745,1,100
1e747ddbea997a1b933aaf58a7953c3c,5064,1123,40,282
aac933717a429f57c6ca58f32975c597,5035,1119,1,339
c731077c04035ac9e92a3706288db18f,5036,1119,1,339
97af07a14cacba681feacf3012730892,5037,1119,1,339
3a4496776767aaa99f9804d0905fe584,4899,1076,26.5,251
b9cfe8b6042cf759dc4c0cccb27a6737,4900,1076,2,275
ac0b236e346da355400a90fcc7e28be6,5065,1124,5,415
bdb3c278f45e6734c35733d24299d3f4,5066,1124,5,392
9f4768b4bd4a205e1d3a60398ab022a2,5068,1124,20,
739cf54211aa6b75dd3001d54064e7a7,5069,1124,30,
29921001f2f04bd3baee84a12e98098f,1558,550,15,
846c260d715e5b854ffad5f70a516c88,805,346,26,363
4edaa105d5f53590338791951e38c3ad,1403,540,1,363
186a157b2992e7daed3677ce8e9fe40f,1404,540,1,363
3de2334a314a7a72721f1f74a6cb4cee,1405,540,1,363
b7087c1f4f89e63af8d46f3b20271153,1406,540,1,363
c57abe86de4e516e12dfa386053fbfe2,3248,681,5,275
46771d1f432b42343f56f791422a4991,1407,540,1,363
b132ecc1609bfcf302615847c1caa69a,1561,551,4,166
bcb41ccdc4363c6848a1d760f26c28a0,1590,553,20,365
0e1ebad68af7f0ae4830b7ac92bc3c6f,3245,681,50,268
d309cd6396e744600c943fada20f686a,3246,681,7,274
6d9c547cf146054a5a720606a7694467,1408,540,1,363
87db7e7138edb20aec02bb8ca2281dd0,4255,953,20,
e564618b1a0f9a0e5b043f63d43fc065,6210,1384,1,459
54e8912427a8d007ece906c577fdca60,5553,1239,1,434
4fbe073f17f161810fdf3dab1307b30f,5202,1161,30,456
d63fbf8c3173730f82b150c5ef38b8ff,1534,548,1,370
748ba69d3e8d1af87f84fee909eef339,1535,548,1,370
b5a1fc2085986034e448d2ccc5bb9703,1536,548,1,370
d1a69640d53a32a9fb13e93d1c8f3104,1537,548,1,370
b60c5ab647a27045b462934977ccad9a,1538,548,1,370
17e23e50bedc63b4095e3d8204ce063b,1539,548,1,370
1373b284bc381890049e92d324f56de0,1541,548,1,370
d010396ca8abf6ead8cacc2c2f2f26c7,1542,548,1,370
819c9fbfb075d62a16393b9fe4fcbaa5,1543,548,1,370
82965d4ed8150294d4330ace00821d77,1346,535,1,341
0e55666a4ad822e0e34299df3591d979,1347,535,1,341
c73dfe6c630edb4c1692db67c510f65c,1348,535,1,341
bcc0d400288793e8bdcd7c19a8ac0c2b,1349,535,1,341
4c22bd444899d3b6047a10b20a2f26db,1328,531,1,162
92af93f73faf3cefc129b6bc55a748a9,1562,551,4,167
7b5b23f4aadf9513306bcd59afb6e4c9,1409,540,1,363
ac45088df2e8d3cd2d8fbafceb920878,3247,681,15,269
5129a5ddcd0dcd755232baa04c231698,1591,561,2,98
b3af1c7992383988a4bd73c7e9f14759,5554,1239,1,434
d72fbbccd9fe64c3a14f85d225a046f4,1592,561,2,99
0f34132b15dd02f282a11ea1e322a96d,6211,1384,1,459
9a83eabfb7fa303a2d85dbc6f37483e5,6212,1384,1,459
512c5cad6c37edb98ae91c8a76c3a291,1410,540,1,363
06a81a4fb98d149f2d31c68828fa6eb2,1593,561,3,100
2067e2650cd701ae71c68080f9dbbdc1,3255,688,10,274
f016e59c7ad8b1d72903bb1aa5720d53,1394,117,1,152
14d9e8007c9b41f57891c48e07c23f57,1395,117,1,152
4d6e4749289c4ec58c0063a90deb3964,1563,551,21,378
c5e1ab9c931df8f5e4c5a8aa53837d52,4257,953,30,282
54072f485cdb7897ebbcaf7525139561,1411,540,1,363
0e4e946668cf2afc4299b462b812caca,1412,540,1,363
0ebcc77dc72360d0eb8e9504c78d38bd,1594,562,20,207
29c0c0ee223856f336d7ea8052057753,4254,953,20,
7f5fc754c7af0a6370c9bf91314e79f4,4034,908,1,339
032dd17b77fab7d51a476c5ff2b5659c,3242,680,4,
59f51fd6937412b7e56ded1ea2470c25,1413,540,1,363
6786f3c62fbf9021694f6e51cc07fe3c,1452,544,1,363
536a76f94cf7535158f66cfbd4b113b6,1453,544,1,363
e275193bc089e9b3ca1aeef3c44be496,6213,1384,1,459
3bbfdde8842a5c44a0323518eec97cbe,1454,544,1,363
1e3b21cb226c39b6aa4634f820b372f3,3252,685,5,275
a60937eba57758ed45b6d3e91e8659f3,1415,541,1,341
23ad3e314e2a2b43b4c720507cec0723,1416,541,1,341
9a1756fd0c741126d7bbd4b692ccbd91,1417,541,1,341
309928d4b100a5d75adff48a9bfc1ddb,1418,541,1,341
30c8e1ca872524fbf7ea5c519ca397ee,1419,541,1,341
90db9da4fc5414ab55a9fe495d555c06,1420,541,1,341
9aa42b31882ec039965f3c4923ce901b,1421,541,1,341
0ed9422357395a0d4879191c66f4faa2,1422,541,1,341
856fc81623da2150ba2210ba1b51d241,1423,541,1,341
489d0396e6826eb0c1e611d82ca8b215,1424,541,1,341
299fb2142d7de959380f91c01c3a293c,1426,541,1,341
970af30e481057c48f87e101b61e6994,1427,541,1,341
0663a4ddceacb40b095eda264a85f15c,1428,541,1,341
56352739f59643540a3a6e16985f62c7,1429,541,1,341
411ae1bf081d1674ca6091f8c59a266f,1430,541,1,341
facf9f743b083008a894eee7baa16469,1564,551,3,155
0a1bf96b7165e962e90cb14648c9462d,1455,544,1,363
fcdf25d6e191893e705819b177cddea0,1494,546,1,367
5e76bef6e019b2541ff53db39f407a98,1456,544,1,363
01d8bae291b1e4724443375634ccfa0e,1457,544,1,363
675f9820626f5bc0afb47b57890b466e,5992,1346,1,473
e4a86b0d7bf4c46d7d550a92b0b2fcae,4915,1081,20,251
d88518acbcc3d08d1f18da62f9bb26ec,1595,563,50,379
2131f8ecf18db66a758f718dc729e00e,3256,696,4,
4ea83d951990d8bf07a68ec3e50f9156,3257,696,1,
485843481a7edacbfce101ecb1e4d2a8,3258,696,4,
e53a0a2978c28872a4505bdb51db06dc,1232,523,1,366
e034fb6b66aacc1d48f445ddfb08da98,1233,523,1,366
81dc9bdb52d04dc20036dbd8313ed055,1234,523,1,366
9996535e07258a7bbfd8b132435c5962,1235,523,1,366
7bccfde7714a1ebadf06c5f4cea752c1,1236,523,1,366
a9eb812238f753132652ae09963a05e9,1237,523,1,366
d38901788c533e8286cb6400b40b386d,1238,523,1,366
b3ba8f1bee1238a2f37603d90b58898d,1239,523,1,366
a9078e8653368c9c291ae2f8b74012e7,1240,523,1,366
4122cb13c7a474c1976c9706ae36521d,1230,522,1,152
a87d27f712df362cd22c7a8ef823e987,3259,696,1,
d961e9f236177d65d21100592edb0769,1565,551,2,156
452bf208bf901322968557227b8f6efe,1572,552,10,366
d54ce9de9df77c579775a7b6b1a4bdc0,3260,696,1,
95177e528f8d6c7c28a5473fd5a471b6,3261,696,1,
4dcae38ee11d3a6606cc6cd636a3628b,1458,544,1,363
1abb1e1ea5f481b589da52303b091cbb,1459,544,1,363
07042ac7d03d3b9911a00da43ce0079a,1460,544,1,363
f337d999d9ad116a7b4f3d409fcc6480,1544,549,1,138
89ae0fe22c47d374bc9350ef99e01685,1545,549,1,138
87ec2f451208df97228105657edb717f,1597,566,50,250
95151403b0db4f75bfd8da0b393af853,1461,544,1,363
ad71c82b22f4f65b9398f76d8be4c615,1462,544,1,363
fe70c36866add1572a8e2b96bfede7bf,1463,544,1,363
be53ee61104935234b174e62a07e53cf,1566,551,3,161
655ea4bd3b5736d88afc30c9212ccddf,1569,552,25,338
1cd138d0499a68f4bb72bee04bbec2d7,2774,592,1,340
2ba3c4b9390cc43edb94e42144729d33,3976,897,15,339
c09f9caf5e08836d4673ccdd69bb041e,3904,851,51,250
2cfa8f9e50e0f510ede9d12338a5f564,4863,1059,1,274
5b5e6cc50cefa5e9f1f5ca272b136475,4036,908,1,339
ac73001b1d44f4925449ce09d9f5d5ca,3266,702,5,393
073b00ab99487b74b63c9a6d2b962ddc,3267,702,5,392
9c8661befae6dbcd08304dbf4dcaf0db,3273,702,30,282
522e1ea43810e90242942ccc0995dae1,4905,1078,14,250
8e1ad7941398486f8cede7799b886b58,4319,957,1,410
bb7946e7d85c81a9e69fee1cea4a087c,1324,530,1,366
3546ab441e56fa333f8b44b610d95691,1325,530,1,366
c70daf247944fe3add32218f914c75a6,1326,530,1,366
17fafe5f6ce2f1904eb09d2e80a4cbf6,1327,530,1,366
18d10dc6e666eab6de9215ae5b3d54df,1567,551,2,162
9c19a2aa1d84e04b0bd4bc888792bd1e,1598,566,10,274
6074c6aa3488f3c2dddff2a7ca821aab,5555,1239,1,434
13384ffc9d8bdb21c53c6f72d46f7866,4261,955,1,396
a4d92e2cd541fca87e4620aba658316d,3268,702,20,
5d0cb12f8c9ad6845110317afc6e2183,4262,955,1,396
d360a502598a4b64b936683b44a5523a,4037,908,1,339
63154d5661f774fb7d2d11701d466aa2,3905,851,6,274
1cd73be1e256a7405516501e94e892ac,4039,909,1,339
ca4b33532855080dfa79cf8a925d146d,4040,909,1,339
54c3d58c5efcf59ddeb7486b7061ea5a,4906,1078,28,250
c91e3483cf4f90057d02aa492d2b25b1,3269,702,20,
cf8d8c66b1212720e569b0bd67695451,4917,1081,7,252
3f7bcd0b3ea822683bba8fc530f151bd,3270,702,20,
bfbb56bee68d99affaa64f189045d5f2,3271,702,20,
79514e888b8f2acacc68738d0cbb803e,3272,702,15,
b7ee6f5f9aa5cd17ca1aea43ce848496,771,334,1,160
e57c6b956a6521b28495f2886ca0977a,772,334,1,160
6a450490f238b4ddff085d66a916a206,3598,766,1,207
dfa92d8f817e5b08fcaafb50d03763cf,1568,551,5,160
e7e69cdf28f8ce6b69b4e1853ee21bab,3599,766,1,207
8d7628dd7a710c8638dbd22d4421ee46,3600,766,1,207
62e7f2e090fe150ef8deb4466fdc81b3,3601,767,1,207
228b25587479f2fc7570428e8bcbabdc,3602,767,1,207
6a8018b3a00b69c008601b8becae392b,3603,767,1,207
c254e7753095807e1cca159e48eceb21,3604,768,1,207
a05d886123a54de3ca4b0985b718fb9b,3605,768,1,207
774b0e07753b0b94d1a1c5b0543b5fe1,3606,768,1,207
967990de5b3eac7b87d49a13c6834978,3607,768,1,207
60a0575ee6ce460e1d86c0e9d281c4f1,3608,768,1,207
649a066d415bdda4ce2a7088292645e0,3609,769,1,207
f95ec3de395b4bce25b39ef6138da871,3610,769,1,207
6490791e7abf6b29a381288cc23a8223,1499,546,1,367
cfa5301358b9fcbe7aa45b1ceea088c6,1500,546,1,367
5cbdfd0dfa22a3fca7266376887f549b,1501,546,1,367
77f959f119f4fb2321e9ce801e2f5163,1502,546,1,367
0c8ce55163055c4da50a81e0a273468c,1503,546,1,367
49b8b4f95f02e055801da3b4f58e28b7,1504,546,1,367
3fb04953d95a94367bb133f862402bce,3481,747,1,379
b7fede84c2be02ccb9c77107956560eb,3482,747,1,379
cb953f6ca5923f7517125db46ed1293d,3483,747,1,379
966b6dfb6b0819cc10644bea3115cf20,3484,747,1,379
dfeb9598fbfb97cc6bbcc0aff2c785d6,3485,747,1,379
ab4f2b5fd96ca65349119909c1eada2d,3486,747,1,379
944a5ae3483ed5c1e10bbccb7942a279,3487,747,1,379
0c9ebb2ded806d7ffda75cd0b95eb70c,1505,546,1,367
b5488aeff42889188d03c9895255cecc,1506,546,1,367
ebd6d2f5d60ff9afaeda1a81fc53e2d0,1508,546,1,367
1cd3882394520876dc88d1472aa2a93f,1509,546,1,367
41a60377ba920919939d83326ebee5a1,1510,546,1,367
ebb71045453f38676c40deb9864f811d,1511,546,1,367
0f3d014eead934bbdbacb62a01dc4831,1512,546,1,367
2b3bf3eee2475e03885a110e9acaab61,1513,546,1,367
83f2550373f2f19492aa30fbd5b57512,1514,546,1,367
bc7316929fe1545bf0b98d114ee3ecb8,1515,546,1,367
db1915052d15f7815c8b88e879465a1e,1520,546,1,367
253f7b5d921338af34da817c00f42753,1521,546,1,367
3fb451ca2e89b3a13095b059d8705b15,1522,546,1,367
df12ecd077efc8c23881028604dbb8cc,1523,546,1,367
7949e456002b28988d38185bd30e77fd,1570,552,15,339
7bd28f15a49d5e5848d6ec70e584e625,1571,552,15,365
076023edc9187cf1ac1f1163470e479a,1583,558,1,
4cf33e18ede11b79827bc78b7f2075ae,3611,769,1,207
d87ca511e2a8593c8039ef732f5bffed,3612,769,1,207
c4fa7aecedac73641320d24d5bf3bf38,3613,770,1,207
6add07cf50424b14fdf649da87843d01,3614,770,1,207
d8c9d05ec6e86d5bbad7a2f88a1701d0,3615,770,1,207
78d69f40906679a976dc4d45cebffbe6,3616,770,1,207
db68512896941514a089c37392f0683b,3617,770,1,207
4da9d7b6d119db4d2d564a2197798380,3618,771,1,98
820e694038fadbf9b60b834215b46fdb,3619,771,1,98
4baf54f36935058bcc696fcef3f4689b,3620,772,1,98
c5b270a763686e776039618cc709f3a6,3621,772,1,98
856b503e276cc491e7e6e0ac1b9f4b17,3622,773,1,98
a1afc58c6ca9540d057299ec3016d726,1573,552,15,367
ecdcd675b3a4cbb5578baf72f255ec21,3623,773,1,98
cc9657884708170e160c8372d92f3535,3280,705,50,250
60a70bb05b08d6cd95deb3bdb750dce8,3281,705,10,274
0e4ceef65add6cf21c0f3f9da53b71c0,4907,1078,5,250
576d026223582a390cd323bef4bad026,3908,852,1,99
1a551829d50f1400b0dab21fdd969c04,3630,774,1,100
fd4c2dc64ccb8496e6f1f94c85f30d06,3631,775,1,100
398475c83b47075e8897a083e97eb9f0,3632,776,1,100
faafda66202d234463057972460c04f5,1608,584,20,334
acf922154627f6788918f03c42b123cd,3633,777,1,100
e2eabaf96372e20a9e3d4b5f83723a61,3634,774,1,100
a098b2eb3138551138d127925d092d67,3635,774,1,100
48042b1dae4950fef2bd2aafa0b971a1,3636,775,1,100
cae82d4350cc23aca7fc9ae38dab38ab,3637,775,1,100
895daa408f494ad58006c47a30f51c1f,3638,778,1,100
ba304f3809ed31d0ad97b5a2b5df2a39,3639,778,1,100
4f11b55f57612f06fe9638b99f6c66e6,3640,776,1,100
22c5a901070d1c2ad33e821d071ae97e,3641,776,1,100
300d1539c3b6aa1793b5678b857732cf,3642,777,1,100
7ae11af20803185120e83d3ce4fb4ed7,3643,777,1,100
258e130476290221f597c56d351224b6,3753,801,1,160
2e3d2c4f33a7a1f58bc6c81cacd21e9c,3754,801,1,160
cd3bbc2d7ca1bbdc055acf58609e6c24,3755,801,1,160
3341f6f048384ec73a7ba2e77d2db48b,3907,744,1,99
e593c562359c3c2e42a22b808d3383e7,3906,743,1,99
91f9fec9b080c74297a55c392b5f40a4,3756,802,1,160
b4affa4f6b27df047d63d66fe4ac5600,3757,802,1,160
8a057268a74a5f1201285aa667585e15,3644,779,1,338
d0aa518d4d3bfc721aa0b8ab4ef32269,3645,779,1,338
b5a1d925221b37e2e399f7b319038ba0,3646,779,1,338
a2cc63e065705fe938a4dda49092966f,1609,584,16,307
0d8080853a54f8985276b0130266a657,3647,779,1,338
0d4f4805c36dc6853edfa4c7e1638b48,1574,554,40,268
70efba66d3d8d53194fb1a8446ae07fa,1575,554,7,274
7e1d842d0f7ee600116ffc6b2d87d83f,1577,555,7,274
cff02a74da64d145a4aed3a577a106ab,3648,779,1,338
49c0fa7f96aa0a5fb95c62909d5190a6,3649,779,1,338
45cef8e5b9570959bd9feaacae2bf38d,3650,779,1,338
c203e4a1bdef9372cb9864bfc9b511cc,3651,779,1,338
e1021d43911ca2c1845910d84f40aeae,3652,779,1,338
2da6cc4a5d3a7ee43c1b3af99267ed17,3653,779,1,338
cf88118aa2ba88de549d08038ae76606,3654,780,1,338
07211688a0869d995947a8fb11b215d6,3425,734,1,370
a495eebbfa243b79c5b9b224c482d0c2,3282,706,20,334
c819904dde95535c60452b16c1c494f6,3283,706,16,307
c1d0f19c3f827daf0edd3e69c3b195a9,3284,706,12,
72b386224056bf940cd5b01341f65e9d,3285,706,10,391
05e97c207235d63ceb1db43c60db7bbb,6214,1384,1,459
310cc7ca5a76a446f85c1a0d641ba96d,3655,780,1,338
9ddb9dd5d8aee9a76bf217a2a3c54833,3286,708,42,268
14678db82874f1456031fcc05a3afaf6,3656,780,1,338
a22d33b4a00c165507a61f3bed4b5149,3657,780,1,338
30a237d18c50f563cba4531f1db44acf,3658,780,1,338
07845cd9aefa6cde3f8926d25138a3a2,3659,780,1,338
9da187a7a191431db943a9a5a6fec6f4,1167,512,1,341
9627c45df543c816a3ddf2d8ea686a99,3660,780,1,338
af5afd7f7c807171981d443ad4f4f648,1576,555,40,268
da9e6a4a4aeca98588e4dd77ceb37695,3525,747,1,379
0e4f5cc9f4f3f7f1651a6b9f9214e5b1,3526,747,1,379
b87470782489389f344c4fa4ceb5260c,3527,747,1,379
ead81fe8cfe9fda9e4c2093e17e4d024,3528,747,1,379
9bdb8b1faffa4b3d41779bb495d79fb9,3529,747,1,379
30a0b73609456022ae729282fd9753d4,3530,747,1,379
e761813f83dfc86fa1c6e0da5510c3b8,3661,780,1,338
a14ac55a4f27472c5d894ec1c3c743d2,1610,584,20,
7a6a74cbe87bc60030a4bd041dd47b78,1611,584,10,
2b346a0aa375a07f5a90a344a61416c4,3662,780,1,338
ddf9029977a61241841edeae15e9b53f,3663,780,1,338
b67fb3360ae5597d85a005153451dd4e,3664,781,1,338
6915849303a3fe93657587cb9c469f00,3665,781,1,338
1ea97de85eb634d580161c603422437f,3666,781,1,338
95d309f0b035d97f69902e7972c2b2e6,1578,553,60,338
