dim_artist_distro_sk,artist_id,artist_name
77f49d9058f41bbb5e09166a07df31d3,35G4ELRI3bPXVCVbpheIT7,ALH
9e65b51e82f2a9b9f72ebe3e083582bb,(empty),Bmyshadow
dc162ad028fbb8ad78241a0d1b70b547,3bQJfGrGvhxgCVrojc0pm3,Chilliax
549537bb6a047a55d05b127c9bf26a7c,1FBIiINl66MNYgnWfPQVnC,Classical Helios Station
65104dfd54672616cc4d41f7380bb03f,0je6q43vyvTPhEHrs61nNE,Helios Relaxing Space
bc5b16a1e35087892110a34b8ef30695,3jUcnB6fV7otsSyWYGw7qR,DawRos
66cdb2b25b4a30e2fd956e2a9f459132,5knDfi64NZJ1zWn8B9VBSx,Valnoir
a5c1a6aa89b77f70d34344545f31dc42,3b0TLzX6FkeQvv9daBtFBe,Goson
ee36befc6bc2aa168dc304665fe344af,3wNJwsU6r4xpkMMgrHBlqY,HORT3N
f125ccd1ad454b24a6fa8cc9f51b3511,0fpmY6na0MesGqdi5AjC38,Hitkend Club
2203d5e18b4f925b186c4c824b6ff9ee,2BGi0t7XS0pDdmTPilGIe8,Sober Chow
58c189f0b34020b4b0ed6c957ba963d0,4916V2MuzFT62WpTGgm64H,Ahntown
1d831fe149b68be233825f6c0568a75b,4ejQ2m0ZDqCOPUGCxkJrVu,MD Beats
f056fa711db80b3350534c2910acd717,1Hz217zvB3bbsIYne4KBK9,Hitkend ChillLab
49c3de068af5cd49b6b9c18cb9c15092,5v43b3lwqNByrZho4yvmC1,Vaso Lipa
69b0b3fb66a0a91589be013d516a6533,4df74iFn5aSG2wp7moVRl2,Baccij
3fecaf6874cb14bf614367f0c5e245d4,78KdHaTjR4TGUU2RtpLVae,SØLACE
0aa386da05153a9ea5f160d1d0c3125a,1uJBreG2i5VFQnFjAWHgaJ,HolliSpark
25163a9bbea62f27691fb0c983f9dd51,4aEUIrByxhLHcOfzeMbmO8,Maxong
252db5d6a3e255a858efcd4ca7a86fd9,046QcFem03fMvN0xqbJyGZ,Future Leo
e43e1e3564ef792fcb5e3dfe1229c135,0OvAdt4y8gH1lnUOCRxf9D,Hysaze
faf83c63cd219b267858f63a57ba9379,2SSTxQXwZTmxs3MjIukiEj,Clara Noelle
c605525c250c740aac2c1028e2af876a,2HzakzAFsbcNVwShi8AXL3,oxinym
c042b613b8317feda7a43265b5ec2889,3U86ENktrj7XqYyRPDS4t3,Swilled
209ca37221bf3e9629b313209081025b,0YCxUPdyawqhmkvGFtwfz1,Toli
743eafc8143c0b088038d1f554f12b4c,4PU29hSA8Bn2IQYjAj4dQm,Hampus
bc5b16a1e35087892110a34b8ef30695,3jUcnB6fV7otsSyWYGw7qR,Jason Darryl
4f8bd4ba371f18c2d464c1d557ab63fd,2HTMpw5UmlJ2sUap8z5ZbU,kust
f3d75328f135e02fed30ef311cfb4a43,4SYTMJWp1zw7CeOqO6Nk2K,CMT8
2d57c4061de2588e7af8b7f344d4e9bf,1Hz217zvB3bbsIYne4KBK8,Hitkend ChillLab
e1429ab04ccbb29dda46ef1e0f34ee12,2pKmFxy1mDDIbBmZtKeQiu,Venteris
e91224067fb7a555bc68c57e331caa85,1Hz217zvB3bbsIYne4KBK10,Hitkend ChillLab
31171c5c6edb888d811a848e895db204,69kFCyHDE14cRD1cctCCcd,Marin Hoxha
a9db40a448941b7a3d117ed8d294fdf3,6pUq01lliyxlSqPxHIviNa,Deepest
58561efeb1712312416be70668475e94,2xYJLtVdKyxkTRc27CYIlk,BTWOB
549537bb6a047a55d05b127c9bf26a7c,1FBIiINl66MNYgnWfPQVnC,Scott Joplin
5a2dafbcc69b241eea533c522bfb4efd,7JrTDlWRSL9eBaAjAuVjK7,Soft Strums
e4581901214c59a3dca2b4d11a88ea15,7gjIrPoGRWrG0ymsV5TZ16,rshand
c3e515caa22b743503f68bfe84be7f56,4svfyz3khh5cBnmCFWjCzv,Kolya Funk
b18f0d7eab32f98c649b6b3b28b1bee0,3oUdZXXBzOEw5BWNaPOeaZ,Jolly Jolly
daf87db7fe998aba200a87b3e9d5df69,64wxhMRrsa8XBt0ACid8oJ,Mit Yoo
b2dc7ec3d63a823f6b5eda1828828e97,2huUeOXso2qC3L0JdJJz7u,Vinsmoker
638556a165bc0dd0700bf137b8883348,7gAbIQOGMoPh5J2VtRF5Ks,Stephan Baulig
4f0539890c0ed6fcda916ad0a8c472db,1CeVb2cWlNtdeuL4QEF3MN,Ivan Blyashenko
8582485d1fce9cedebfad22c17933128,3dU4AZYmMeJ64U5eD8gbur,Christian Meldal
ad91b0967c0c6c2aff65a5dbc549645d,2C15mEsXxAqiKWKG4skXHY,Eyemad
9133e91fb547a67ae52f4a9d898115b0,58WXNNzK0zCGACA6FbSrEc,Mikael Kristian
414b57b9401ff49fe15a6fb8dfc0a531,36CalRdKWyx4YOzzJhgEz0,Divint
9bd0f684b157b6a384c70bf3c3264bde,05qvZreQgj82j4gXKT6K0T,Mariline
10addafa5ee5c421787dfceed68ab031,0mgcipbSSbhDQ5RhMcqi4j,B-auu
60c3c1e6d363b0a1c4088b6bfa7976df,3nkzMW0ivn8et0ag1144l6,LupoBianco
baf2ba20f8437bc462757b54ef7ceafe,2YCbhOqlgBUYSAumA0hSM9,Tury
e2c167da3a9c75ec4e1b500feb6ca393,4bWUSOEk4qhaAM251pddKo,Juju BB
e97a8ecd810340790eabad1b4b329caf,0Fsb01bxuDn24gYAB2msQa,Reklast
1201e1fe74269129b7e9ebf379902284,6Md6D3kotxhFzyHnSWBU6L,Neo Lofi
072f335484d244e494edcd2dd1ab4e9b,0fpmY6na0MesGqdi5AjC49,Hitkend Club
e71d46e02830be0dd9cf8943ddbc337f,31uZ3BDcfdOwQ96irhuwle,Stangen
46f9d32b5aa09090263bba1a3df291a4,7bXAbZ530mAWddOM0Md2kS,Hexagon Cup
682c750b10930d879d5982c1d1291324,4WTpSxFymefBBNEzOh7LPW,Quentin tch
1e6e6396fb072c06de0d38dae002bd17,1SBoQTgHLHfOY6bKVc5MeR,Idin Gorji
835d88df50b07b6f38f0a16a1fee6e46,32GGJjfMkTmqAE86fmdBS1,newshade.
8834f8a35abed25e200d0fed6b25f1ca,4YXLutVpiLc7OiqR5zgVJy,Lymez
9509a4b88504390f5da14a7ca8020b54,3iGthn6RykA9JUHnilAIr0,Krynoze
6292adcd4a1e572fe164a598236da422,1ppPctMVAtXdP9m1MRVsVp,Mason Parks
3094987da233b542d6d45ec4d11c0e8c,5DjVwKIkSMhgmo8vRiNsmf,ZAYU
9e65b51e82f2a9b9f72ebe3e083582bb,(empty),NVADA
3fab7d7af48c219ef5a4e57e7a2d6665,6RaXGK6k9dt5lMJasbOHeg,Pierse
157d4a9c4539b402539db32170ed77ac,3goTcT8vE6cwQihVfz3Vbh,Marc Vanparla
4a16c2193ea88728377bc3e9707ea605,24EBk1z8Q7zppOqXGctcnr,MujjO
cec66092625668f5e2da72824d198255,1ExbHTwjAHCB0JBa5Jk7VK,Lunaco
da1be04e48a4a81cd29109728a914672,4xKBABo7nBTHEh8DHQYDhp,Xernea
5baf51986489971a3806f7f61b747a28,0fpmY6na0MesGqdi5AjC40,Hitkend Club
9e65b51e82f2a9b9f72ebe3e083582bb,(empty),Helios Relaxing Space
883275d575c941ab0929e32ab2a22b56,0Z1g78JEjg1BhRNw6hToVm,Dreamfield
ecfd354af2f7f48e8fa2d0cee425b0b4,75TTHqbTvMOttu5BC9dare,TEMP!E
bda8680c98e436d98d62075b1d28da8e,234bJca6lBtwaEK4IpHtD3,Rj One
2f11e0c61ef65333a2259ac62e78753e,4Nd1BgwuzlAs37qebIPyAj,l o u k e y
28b77abe24e5b7e98403d2e299c9b6ac,6G8Vv979uOK1e7ZBIX2rzp,John Skyfield
ce1194cdefe023c9f99dd4a630796b90,0m43xJQ7Yl17aRdpg0f1xk,Nozén
0a905e8394ddd8927b2aec425f9d9075,4OXLC1g1hr8sYgvy5JkLXe,Malpa
4b66ff50c6374f6f7ef4fc6e1cd1096b,26PQWpdPnQBQ0ebVHpeSce,Beatsaholic
fbf4348a469fd3ad33a1632c033e3a89,2o2k4VNOwqDl0EG6TRALnN,Locode
ce1eee7c4ec28239827f2f6261f860c2,5VWzGrsG2hZd3EswEaYEAJ,Calm Horizons
ecb526ffe9a2fa64bf89ac82e37009d7,5NpZmQyt3SvdSwPv0lJQaV,YOTCHAKID
b2dc7ec3d63a823f6b5eda1828828e97,2huUeOXso2qC3L0JdJJz7u,Mihail Cirstea
f16f0cc0a0d8981c07a53e69840b5e1c,1nyVQ73QpKT8B6WSb3fup3,Tio
504bf7abeb066a0a0af9d7dddb33c2b2,7fGRtA9uVytZutR2gPxaAd,aura
1c4e50c1c70036b705c7d00bc933a0d1,7I810vcidfSbw1f8CuVNz4,Mikael Dorne
e2f68b74ade0b3f86f356861377367b7,4j1n7ixazE9OjmGEhuqrLc,Dream Weaver
5d339bd4b2a3bd15097c66c1db9d2c94,4fBRX3kCxb2A9xcM4gdyD3,Pandapush
d38bfaf7e3493590d4f930395add92f8,12PufqR6w54uHrEiOkJnzU,HeɅven
f2486e74e439f4c3be0cb44fe3d13a3a,1Hz217zvB3bbsIYne4KBK12,Hitkend ChillLab
a5c1a6aa89b77f70d34344545f31dc42,3b0TLzX6FkeQvv9daBtFBe,Dreamfield
2dca38c1d3c4297d11f57d4acc6a9f71,6OT5Z0Ob9KodHSIb0WSQ6y,Jolly Jingle
ff3d930ad32d55c564fb90b60254e503,5ejQjLfm6RcKIVWYxxupYj,Emilio
2bb9aea8151b138b2ca123a7f9e392e1,0fpmY6na0MesGqdi5AjC41,Hitkend Club
4e110069cb4fec69be43c472d200bc03,0fpmY6na0MesGqdi5AjC43,Hitkend Club
80581f90871d62ee788481174ca5746b,1qVxgtEbvypmisGUgE4E78,Roamy
ec5e30ee9202c2906f95ef01f121aa2f,2FOMMjQ3QrPttMxpwyoihH,Nordax
95211c6b3a8571286c5121e12e83b864,04xlDQ2RhoOYISsIcP7ia4,Twin
91cfbe731fc896f91bacc01af45f8f40,3iEFlplovNMt2B2l7TWwWT,velín
8de68da5fb27294b77171bb25654317f,5EwR3Ug8qlVaZshixxQvOB,MARE
eeb1181787246b51e7d52377e2f8593a,7akSkOKYotbBKNFfyxpekq,The Weston Club
230a8672337ca468d8700a11a0e46d80,1esGPYEd8HVgZnwtDicKoJ,Rivizion
58fb0145bbf295de26dd8512e9f52b40,2xClWuiJPUhjkwrk0fu3cA,Goland
9e65b51e82f2a9b9f72ebe3e083582bb,(empty),Bayshore Court
549537bb6a047a55d05b127c9bf26a7c,1FBIiINl66MNYgnWfPQVnC,Johann Pachelbel
d0aca2105128a05be9213ccce9c5483b,5juA5r6ZSTTvTuOk5kbv7X,Eternal Polaris
af2e5c152d20944c97dd811cef1d343a,0ZT5sgH6ymb6oNbjoRNt4r,Just Liev
854df7c1de1331f1a09b34a583191412,4iDpCPjyIG4DyhZkJetOQS,iceturn
a890298ba562a65e39d5f9dfe0c20053,191Zk42MacoyAWb8pzEkht,Acousta
0f7f1c52f5f3c497ff2909fd06555f31,7CBHODCZmzwYesarlSnT2I,Moat
cbf9c19ef8e24a2a513431f193080ed0,44MExITkekSElQQqu8r1DH,Pr4ntik
6e4038fb67ba4f4909259c1b17b487c7,0mz0ZT7rpJuWFxJ8lnxdB5,Levis Della
9a3e7770683df746bc8175392f033b8e,0fpmY6na0MesGqdi5AjC42,Hitkend Club
1fe955e9a36bfaf29f2921ff832b476c,02CSsXlCyOTZgxKnmxweqc,Lo-Fi Luke
0f620dec1b8cdb087dedeb737c631c1f,5YMczOrhIIwKHbOVV6VpNf,Thomas Sykes
afea96926b514f3942a39a02bc6549b5,6evlfkHSHNx1mUQwDuZFXW,BLANCE
e3dd9c0d24a5394af48bbe0a013bccc2,5K7h4Ik3vKcHxEiVFVTf13,N3dek
eba1eedc277df9675ef9187ae978c4e2,1BeDagLSzc3lMXJm0NSKNV,Darsena
bda674db160ab2838a81bf7df6c06b75,0fpmY6na0MesGqdi5AjC48,Hitkend Club
123d414e8496008498520861a6cdd457,5qmHB3aI1CfoYudcfOdgod,Lucien
dbec724845fce5dc78a8fa893bb95f3e,5IpsGG9ZMIKdUpiemtPJRW,Mahmoud
b18f0d7eab32f98c649b6b3b28b1bee0,3oUdZXXBzOEw5BWNaPOeaZ,Bliss Sound
0df7973db7846f801a7dac69f87b10c9,1Ab3RBhX8acLBgcV451wsq,Ryan Walker
9ed5d8fb492aff5df3fc29c68984e16a,0fpmY6na0MesGqdi5AjC44,Hitkend Club
62a747225626beab06b45d58ce13f428,1Elez1o6G0sxPQaG9t4fOT,Lost In Reveries
9bfbaa3932e2132174a07fa9bce4d783,0TtBVSCNHItUJOT8PEgsNd,Planet Wave House
9e65b51e82f2a9b9f72ebe3e083582bb,(empty),wanderwave
f3144f4b9aff0eda900d0410ac6a9277,1GLi2q6DFZFtrFeaoEwmsD,Ninalty
f9328e128cac9679e4ea48c3a95dc863,1rzfl8CLmiITNO5pPazlgw,Jazzy Soul
9e65b51e82f2a9b9f72ebe3e083582bb,(empty),Hitkend House Lab
e71d46e02830be0dd9cf8943ddbc337f,31uZ3BDcfdOwQ96irhuwle,HORT2N
bda8680c98e436d98d62075b1d28da8e,234bJca6lBtwaEK4IpHtD3,Rjonemusic
81ded7e31fc0692cf3bf2c2574b4e7f8,72MwqlEeEEem6PF4NycvRB,Helios Gospel Bliss
498b343f993cfa3ab283b8e77591afc4,6s7sxozM3KaMc1b6MKjAWz,Bomshi
775a9e2f3227668d589be89203404d89,7GOabzw3suXgKSSd7VLWnF,Rude boy
21ca0666e04ccd3a28c7121e0c21cd72,27DBIUuMP6IRsfiQshCbaM,MRTY
5df42c4639303bc2afbd2848f6972ab1,2d9dJraHl1aJX41Zew8BeX,Max Mackie
9e65b51e82f2a9b9f72ebe3e083582bb,(empty),House of Groove
fdbd91930c9ef2890c5aea6d266f9316,1Hz217zvB3bbsIYne4KBK11,Hitkend ChillLab
186097c257cc609b7f10221f95fd0888,7vJiwDJ0W6EJuuLg5zGDIO,Daww
c9726c38a5155bb6338f1c3998bf7e33,27yyFyQMY0dgdKDsTdBIsI,Albi
65104dfd54672616cc4d41f7380bb03f,0je6q43vyvTPhEHrs61nNE,Dee Art
96a1ff3fc96df5dbabbbcdff1601b3c6,7cC8GP9mIGOFPEDGEA7D6j,Helios Jazz Club
10ac941545c1dfc3e671057ccf502477,5caepLtda14l4ihKn9BdHK,Dran Beat Station
e0003d808c75bb2cd9bb56638f17ea1a,5ztk5I1MQavXenAHSUVXtA,House of Groove
a9aac18feb092faae0169b71185466d2,1mRJB43i0qK9HubZt4f8FJ,DE3PANK
58c189f0b34020b4b0ed6c957ba963d0,4916V2MuzFT62WpTGgm64H,Ahntow
3234247b553aac50583c637b1bf220d4,4BPVqHEy75j8x1jKcBQ9Hr,Mil Dawn
aaae50e6eb2299786a8793e8c2d19b4f,7j7V4zP6oVnQ2B3oLkSVJ6,CALYX
5395e56be2f2af90a2e52c86a43e721c,69SYSnhjFgw82zaqQ5lmrc,Clairmont
10addafa5ee5c421787dfceed68ab031,0mgcipbSSbhDQ5RhMcqi4j,b-auu
bc80574c2d71f248ccacdaba4bbb83d2,5kpb3keizgJ6qq8QkPIBHv,AN3M
9e65b51e82f2a9b9f72ebe3e083582bb,(empty),Dallien
b2134fa9431ef8bbe627178eaecebed8,1orUqu05S86SBh8EFjdxHB,Cotton Vibe
028218112e21f212ae28d2dc756911d2,56PuDgywHPrbEFyujgPc9V,Rebecca Mardal
d6d55811e27736bb2301c9dce0a5d89e,3XC1TzybOz2MUgUybEoUUf,NALYRO
e71d46e02830be0dd9cf8943ddbc337f,31uZ3BDcfdOwQ96irhuwle,Hort2n
3e2baf369f9f92088e9e6b566d8676aa,0GzzvvQz8SOHQs8vUBgpwt,NILVO
c467a47f9da5e45512f8487485e65643,5M8HxLJaEMTRMBJO2mQ7Fr,Zackross
d87c83744127ed2e398d28b9ae2a2b97,3d9BT2wGDxhFIEtUObYDtg,Harmonious Dreamer
794a39b55aa5e8bda216ad8c93e0f697,2hbYHGP33vdMYXULbpsKaP,thatlofiguy
b317c2503d443a1701402e583ee76092,77vbRLApUtIjEvFLDdL7dg,TWINNS
4913cfdee926a1bc62a288fadbc7feb6,4UHErc0J70FnUW1J87TRT2,Ivan Blyashenko
4f8bd4ba371f18c2d464c1d557ab63fd,2HTMpw5UmlJ2sUap8z5ZbU,Kust
fa214757e59c3e8e8f61e20dd1165382,1eBjc550NNKmWGUJNVtliE,Byond Bliss
79c565bd12a0c5425158950ff23293ee,1yieAUqKnNGaSGegDhTJoE,WaveZ
f2e1626dfd56c0ebb1c18291665aad70,0pYbYmiGEC2nEe02Npg4bp,Tosso
fdc103480d6ab38e1d70c615792e914c,6JgYmh2NkArL7cXbhh6cxd,Abee Sash
061ca3836fc85da30413f3fb3924b726,4OrieKYTAE2aaF5j2r1JYO,KEYMAK
5f3f42d65d0344f9d222b2d2d9f781dd,3aYMIzdswPPo402ppCi9gp,SouMix
1a50350d6bb8fe934f794b1fda2c3025,28OtlgPSu6CGemKKUUpZJf,Music Otaku
2d37ff08035b47c92a35eea53ffaf655,1Hz217zvB3bbsIYne4KBK4,Hitkend ChillLab
aa9ce9fd28905fbc51f81eaf2b43aaf2,12CA245liirmC0XtAdq3IZ,Present Moment
b87d0ca845da5e2cde7dad322508b447,1Z2cOPkxpqZwTYNbf6AwPG,Purp3
8de68da5fb27294b77171bb25654317f,5EwR3Ug8qlVaZshixxQvOB,Hitkend House Lab
99fa8693edb346bc05af35538852e620,7yBwfb0gPOAO5QIuQyvZPm,Naestor
549537bb6a047a55d05b127c9bf26a7c,1FBIiINl66MNYgnWfPQVnC,Frédéric Chopin
ad80bcae8d1befdb3b294371000e3fe6,6Vv1K7d4mYj5X6cfDCkduj,SRFBORED
cbcf533407bb7985d7f28c483e4f0fd6,0fpmY6na0MesGqdi5AjC46,Hitkend Club
f6031f47893b2649240acb3d051d0bf4,5yFBBaSaOUER2FdjYQ0tEC,Sound Skip
6f714ff200efe1a69eeb9a60c344312c,7qARU0sMoDEdpD8zyvmjcx,Uinzagui
9e65b51e82f2a9b9f72ebe3e083582bb,(empty),Juju BB
a121d7806cb5394d156611a8395c3159,3STYzv5CU439PuqKi0CCGf,MGD
8278551299d381994722ae95938d6eab,5UbHC1X5ez55xfl4SHQ9eK,Grisby
726b33fc272223c4c47d41c2954e6058,19YHe4Kx23zAqRzyh1S1lj,SERAPHIX
9e65b51e82f2a9b9f72ebe3e083582bb,(empty),MARE
0d6ab8c78cf277098eeb4fb15da1a5f0,4DcjIeu1vnqF7VzqP4av3d,Brassa
65104dfd54672616cc4d41f7380bb03f,0je6q43vyvTPhEHrs61nNE,Jason Darryl
702ca810a40690ef8b7366e6c2b03d39,3D3ELPXX1yx64WfmZLB8Bg,Iaco
99a742a764f2c5988d694ef559e23a2a,48fFW9rHg6jYYbPPnI1Ye4,Hysaze
bbc0815a7ba7e21e9c91fd93ef8e9dcd,3ZZX3NpX34brwA1wcZP8QA,i.m.karanpreet
ada3d446a89c8bb542ecaa0268219fbe,53gpGyHpJpOOe0UIl0YigG,Alban Chela
51fe4a863214d86bf0256ad7e4d5b61e,1vHgqaT0hIykQzZX1yxV79,MARA
9e65b51e82f2a9b9f72ebe3e083582bb,(empty),Nozén
e766e0aa83aec9548460bbf817e1555f,3NKTeCykiAbxokYogtcB3q,LuxeBeats
fc0f43325203c5b07a47d50b19e353f5,2D6UEdVJeXnvxGHMw6WsEM,Vinsmoker
7213437da6f5a7fde8604856b41260cf,5Ps89n9mdlbdSWROFH20DT,sønar
2337ddbb2080a305cb614cd07b523a65,3UGnoAVboQzf6BhfBh0mgl,Bonne
4870baf36fa8c37cf7e4a036db88c3cd,6epVsx5GlfaQOg5cNe4fUP,BVG
d141f9cbc3769799737c984e83c181f0,2xDRGwHlHoOz2ilHqRsPC3,Cammy
9e65b51e82f2a9b9f72ebe3e083582bb,(empty),HORT2N
549537bb6a047a55d05b127c9bf26a7c,1FBIiINl66MNYgnWfPQVnC,Wolfgang Amadeus Mozart
bb226db5ca875bc019a727e853096083,1heuQgoahSfOdUWa3R3h4U,Kümmel
9c13f811dcec1f9cf37227873f05967f,7q5hfeNEOcoVyIPA9TWt8V,Zyroz
6b69bd75bbe5cfd98cef2f922e736bff,7hFvKdRcluwievforOsBqZ,Doppe
f8e9f28e18335129cef32f9166b0da41,0FUx2oTzlbJ1eR8I9EmpAQ,Stone Forte
8de68da5fb27294b77171bb25654317f,5EwR3Ug8qlVaZshixxQvOB,Emilio
d2b20bcddf2ee80b6949904fd1936a5f,0cXQguDvkM8D5tzFDa9wJz,Kenji
860fc77dfb8170b87ce59ac2a4a074a0,4MtvBs0l4svT0L3QQLwPMM,Wolf Schranze
9e65b51e82f2a9b9f72ebe3e083582bb,(empty),Nelvian
4028f94f10a57736dd7e01ae7baed909,23JfbweXrKbAr99CDYKknj,M.ARLEN
6fcea8424d38739913a9d037f8c64535,6zQB8H6a9DxpgcNexhg77O,GXNXSIS
2f217d4197584a2801529c4d8c62fc5d,7h2ZtZkdMnaX7HRUpcQtjU,MY NAME IS LOFI
5c315bd218126ea6a703a0ce4db20485,5vPjqmiNCvGzFTqtUqgmXJ,A/M
bb57f3b35e01b20953534ee8f887c0ea,1THWbWN4NuoYavAqyTJFd4,Ahbar Muzani
55400bf2a936d2b55b0dd0decaadf471,2XUefIIZ2OBItK1RmHcWcn,Vincent Carry
9e65b51e82f2a9b9f72ebe3e083582bb,(empty),Marin Hoxha
e371b265dc6598a2a8f69ff345c01e1e,5qdyIHpgoWjpZBYN2AwCAQ,Jolly Jolly
6fb60d170f450b81508f17dd83e6d790,3pim5FPuy7H8pr7rIE5zDi,echonight
e46dae9e877c2d32bf95ce9be1c331ab,2E2I4XqkMhd2eoJv7ExGlO,Westerlund
4913cfdee926a1bc62a288fadbc7feb6,4UHErc0J70FnUW1J87TRT2,Resiino
743eafc8143c0b088038d1f554f12b4c,4PU29hSA8Bn2IQYjAj4dQm,KianoOsh
ae21a1839fd0f730d9acc9ad9b29768c,57zzhjfSo12jD4PSDCJot1,Daniel Javan
e1fa1e0d73f0b54488bf72f44db1bdab,1zGuGkz7fYY1h4KBYTLuaz,Astro Loud
3662bcae6b3221086b8d86f2e6fe3b68,1Hz217zvB3bbsIYne4KBK6,Hitkend ChillLab
ada9372058c4661976a71707ce2e1b73,0tenBmuzRDNG5Qn0a295jB,Helios Relaxing Space
f9fc7d42cdd9a1fd37da82633bc13281,3LzdrEuIlDJ0kcAqEacdW7,Tranquil Sound
dadda61c2d26cd7934fb2b90649be5b2,6hV8ewHG3ztpkuoZATWO3I,Small ToK
b86f551ece0d15e41ab61dd9c14948a7,621d1BIjcRjM07eS4qYPYp,Helios Healing Space
79b0528ffc0685c03a35b92247121737,0fpmY6na0MesGqdi5AjC39,Hitkend Club
330b60168cb0ebb652023471a9bfbc22,0fpmY6na0MesGqdi5AjC37,Hitkend Club
0db18a87de56e3b19f059491a7ab77d2,2radibWvmOFH2EvH38zyOK,Beatmad
90a9c086b554db775f98444d3296ae6d,4bawZ5eAkck8evT5dgUHPC,Sloowmi
136bb3ddd19b1c7a55c3053b3f603b26,17RLmeiezqy6VSspNGZJV1,ambifi.
9c6cf35bc777027d0896fb0bf9e27cbd,7M0d2czaURfOceXzgtcA2b,koolmonke
5b9dd1a67d1754e3969517060939ab10,3lYJhHEuDIKj2rqXeNFHxD,Loran
9bd0f684b157b6a384c70bf3c3264bde,05qvZreQgj82j4gXKT6K0T,Robbie Hutton
33cc47fa38b5c6abdc11bc7b241e3975,3gBnd68xkEhdBujCwX6daz,G R I Z
9cfb902771bc9399de558f9a0c1273fe,0l4PZWduQlHbHHm9eCOKrR,Ruhle
84eb605dc542a532b1dcf51d4e6089f5,4PTYcZOp1Om3MttcM3XUBe,SIRNA
6767f32654488209160aa9d8f22f9c66,4vGuhMhcSFW1IdsSrApA9p,Zama Grove
83574d1a842c0c2f59bbe7af237e9427,0blVXkK5S2EGxtMmYY4qXX,Nelvian
673ea922e46e01952194cd1da672f1d8,1rTx9efgWiiMtsEravkbKC,Nofsky
5e6784b888414d17321d9763c8765f98,1Hz217zvB3bbsIYne4KBK2,Hitkend ChillLab
0837ca03e26f2c06941be93f898c2ee7,3jOik7Axf1GmjgV5wQZKtc,BeatBurst
05895481426d2d82fdcb7f9379845ca9,0eGQLgDJaGfvvKv7spAgqX,MARE
44f557363f4461d41d1a980510d3b98d,7tYro3kW5Ocevel9uXDCKA,another silent weekend
c97e61b01410c3520d7db284fbbb77b7,2VD7hi5KkmTgalaFZ8dnls,Benlon
634142a89a636a3049908e0eac14e831,1QXfQyR1frAlfRJ8U8CvTf,The SkyLashes
346d18a493f22f09fa6bdfbb1fe4f58d,3EiWCDpi1waN1XfRY8PMIT,iJo
6c934abd8fad03c9ab6669e068084710,1Hz217zvB3bbsIYne4KBK7,Hitkend ChillLab
5510a807b747892223e2171d45900079,5cbjnkdsTmPqxejdiFdK6b,Stuffed Tomato
760e5a469d6427bfe8e7e35d2f089e66,02H4AInxJeEyyXEXABqf6W,o:reliz
070dcfe0f5b78d2acd57c32a8e9a9162,0VzXnkUTwKDYznbgEvn3Ca,Jam'addict
143ab67c63865dde53636606fc2369a8,0fpmY6na0MesGqdi5AjC45,Hitkend Club
4f2936d9aa90a28abe8243db59f1289c,6AVFcocOjzc1z8AcgDvXD8,Twinwave
5b45aa4d74c5c72bbf1fa259a686d3a0,3ZRN3yt1VGg8NRjb8szYzL,bad at math.
5cb7d3d9077e983b1e05c7f9da4cdca6,2X8egllbK2oH0wvo1moq1u,Løstt
ed560f02e7ec77d8e9a175b2ab92e790,04fOo5LqCn6kuxusKDKJsP,Kxx1sh
549537bb6a047a55d05b127c9bf26a7c,1FBIiINl66MNYgnWfPQVnC,Ludwig van Beethoven
c2663113d336f08eeadcd9014c7ee83f,1Hz217zvB3bbsIYne4KBK3,Hitkend ChillLab
2bcbd27fdf53ce3c8571cc054d885cdb,0MvNTz8H9wp2y1RUrqIa01,Jason Darryl
4d503376253552a53be0e6e423e7a71b,4OQhrp9BYjV8I6wLXGzl5y,White
410409489b2b6dd34f56f8fd22fb69b6,6Znh2plC0Oc6O2ckc29oRa,Hub3rt
549537bb6a047a55d05b127c9bf26a7c,1FBIiINl66MNYgnWfPQVnC,Antonio Vivaldi
b7d4e4630332104c0e6d2ff2d5171adc,1Hz217zvB3bbsIYne4KBK5,Hitkend ChillLab
07fae22bde16d9f5dddd4889bdeb9cc3,304bsdmuVi3vnXSA6yfu3S,kaydn.
c1a2969fabf918c222e87f0efbd209fd,3JqbRDna3cMqW6EbuAVYXz,Deepest
146cf79b8179592fa7417c643737cd38,1QMWPzIxcd1bLmuOyM6XM1,Lukas Dreyers
8f4571ce06338edcf64b971c081d6b38,712vnWfGQrZGXJnnYD50gk,Bazzle
ae05729f1d3b6af56a8cd78e6b4d0734,2QRk8Z1PWFqLElnr1hfNdi,SwitchBlade
60c453c24d96e6a9851916cc7ff0a311,4LjrwGL6ImaewVOcW6kJ42,Dreamfield
702ca810a40690ef8b7366e6c2b03d39,3D3ELPXX1yx64WfmZLB8Bg,Dalexo
0e920eaa2441b73862733f34d1a99f8b,6yXXTf8ox9mzPL8q7FyOYH,Gentle Strings
a20bffcb0af2fa5cf5826b740b852444,70pYHGVzNgZr43TaNiTaA3,Helios Relaxing Space
24276ae5d6eeef6f5271ef38ca855e26,5lmROWXyhhJDAH65lZLDKt,Saimöö
9e65b51e82f2a9b9f72ebe3e083582bb,(empty),TWINNS
f3a20a1f2cdd8f33dd0ff98eab259db9,7MrhS86OpX3RVqftcbiXXg,Majesta
a54ead22be4707f2fb5df62b1c26a6e4,Hz217zvB3bbsIYne4KBK2,Hitkend ChillLab
bc5b16a1e35087892110a34b8ef30695,3jUcnB6fV7otsSyWYGw7qR,Finn
8558ff99dd2ad429ad2899b5f0daf5a3,5w3SUOG1J2oz1vsUQyvIyt,kBeats
a60b1246f2653c3d6dffa52206ce0866,0fpmY6na0MesGqdi5AjC47,Hitkend Club
2084c2dd442f14eb63e9ae0e8f9dfaad,0s0b8dEQMbh5OuHC96ClbC,N!smo
52f0cae57df80c0f23c7e6f50752cfdf,2hjnyvqfmjIzhgxKWt99wY,DawRos
14878350da01ffc2d93844b823b5c8ee,5ae0R7HeSgdU65m7AdT4tX,havfaith
f56f869c72ec37b48002971a4fd7ced1,052xdp6ksdpRbOOcBWfC7V,KianoOsh
ada9372058c4661976a71707ce2e1b73,0tenBmuzRDNG5Qn0a295jB,Helios Jazz Club
a40c4535a3eb17a7244e897d5cfb36b5,0IULEJlEa3K0kEc3QBVtEl,Kriyan
ad28426f45f472ebaa46a0662a33bd1c,5aoWadmXMEC8yUbZK08yBH,Cheri Hanami
18e4a961d976de151f02becec1852e4c,2J1iRNDooCRe5XmvsLm1Q3,Hounar
