bridge_bt_vid_sk,editing_code,video_id
511b69673908b2d5014a1b9ccb4227c0,HGED509D530D88D74436B48EB920976DA4E1,1asn5IgfA-Q
16c16a91769ad20e63a504dead984394,HGEDDC720D843DEA4A4AAB494BA7D4A297A9,1av63ljIf7I
e4073447b39ca555f288a2353940ed89,HGED31F34753B38C416D936DC04276E03355,1axCSPpCf40
a525f0b7dac92fc9c2ccc50fe533aeb5,HGEDB7EB1966A5D64C67A9D4D1AB6AF6644C,1axiv-794xU
92c1a9171f7964d510ec736f909fdc7a,HGEDFAEA82B162244AEBA9DEB542F7A1EB36,1axpsbNIbLk
be34c4e1010a198013c1dc04a71315de,HGED063269BB83454E2CB06474088F0F6081,1az5n8TgVqM
b1dd4bb240f4a14d8bc0fbc528628db5,HGED8DFC3C03DB844BBC831D0548E4BD3FC6,1b-MPZNTVYM
4835b514aa4ee754e929bc35758d9d22,HGED602A3F8743DA4F6C9C05AA53F41CD714,1b0lZOjGpPw
3b9f47842134421ae4132fb5e2ebf600,HGED0BD58AFC68D54D91A6352F5063786A91,1b1Z6oxHbLY
0b98349d694e7b4e1a0e21af1d3e6655,HGEDEC5F70ADEC3544FFA1C1093E0E2DD174,1b4WK-Dk22k
2d4d8f54e9a845cf2aea8588208990eb,HGED333CFD3C16E140768687AE57F601E908,1b5AbizvpcE
a7c3a386da634aa94e5b141eedd8fc22,HGED182D4FF939174E83AB3AB9B7291FA2C5,1b6VHSo68go
abd0276bbc1492509c17b89e134633c5,HGED9D1375BDB17F4C0DACDB3A2860E71282,1b7hLExTF2I
eb58be9ef2148b072c506957fad056ec,HGED33EAABC55CC64CAA8215D514091A2235,1b84xtxDKaQ
c3fb726b4abb508e2cad2565f6042551,HGED1483BB5C919141898FD39841DACE0F6A,1bNjJs7Dak4
06b5252a38b7c424509a92480be1522c,HGED318653C94E904EC1B2C0F15A0D3F6E5B,1b8F6if5fPE
b863fbae612b0fdf95fcb4165da3df40,HGEDEC9ED4C752E8475482337A42247D893E,1bA9xiqZpEk
12d08b887f038676f4d814f111574864,HGED639657F428B04619B74F3E19A61C0F4F,1bOLuKQcH4M
02688dbff716045978bd3f2e53191f08,HGED6A728261D4C144B99B41181ED79A3FC1,1bKRra6Mekg
022e0499dfa44e9c49d23f1b45194925,HGEDF8ADBD80718C4C8794BB45FCD3323CBA,1bLMXCc63Uo
d1af39479578a2b8bbd29f96c0ec55a7,HGEDA8145B265F3B49A5ADF321A639594A55,1bM06JS6uxk
9ed313850146259640034106a441bab7,HGED7B179DAD823A4427B3A4038967EE2F36,1bS7Abu-u6k
d3d07921491727624c2912a625a09588,HGED23EFD42650D54BE9ABE969425EFA9795,1bTj0_1pDnI
e3eec44a463b5430c1c95ec4ce39a31c,HGED6D06665292464F59A49990DE266C261B,1bU7ppZ1NdU
98d3696d3984d786caf992a555ca3920,HGED15ABB3FEAD0D45BDB61F5852C4681203,1bUWC6kkOTA
9b5e995b4d552e35fe2b671d1254f785,HGED17E9C7EEB47F42EEBE774313F24E67F9,1bWKKGu__Ug
30039289030880b5c55765af486c4adf,HGEDC6106D2C40044F6B8376B01BE5159078,1bW_a52VaO4
e2c693c7bdd363dca703ffabc2cc30c2,HGED3EFB0E23C9114D7FB7352D1EC952E489,1bY1F6lwGUo
700994ca4ef3ce65b50044db07360e5f,HGED54ECAE9B397A4334B271849BAE769054,1bZzjHCIGbo
8a639cf46a8e03db58a43fec11361039,HGED63F88CEC2CF84C9DBD92EC171359BDA6,1b_Z8SbLy68
901f207d641d3259af9017c1695df1ce,HGED9D052931F4A84CF284A4080477C097BE,1ba4blpbgeY
0b6d4e3593873e325f0dddd302b3e301,HGEDB2787EA20F324F5D861B667D740A8E50,1baAEfBOCqc
96c9a17a6ded3a64a9799e5f19b22352,HGED49DA31A482744736A807970F93B47D09,1baHr4wSOb8
45ee55796969f6444be37537d06da5d6,HGED9C07D2F09DD94F5D92BD4C667431E75A,1bbm2Lm8GHg
817e14ba3d8aac15d6d9de0e0cfbe5f6,HGED3EE41D02B49444118F424EC1A90165EE,1bc9vs4Cvhg
eaa3387aac4912425a6bc67f07e51599,HGEDE0F3956EF7824531A1D637F00EC0A726,1bcRcQYhjS8
ff4b549ecda7ddd40750bee0f11f267c,HGED0B4F18F54EEF4C0EA425B43B090FA109,1bcZbWOWO3Q
4281657fa383dad6adf028196a3bbb2d,HGED126DEC6E7A86412392AAE01B0F35ACA3,1bd7bd8uKjQ
ae38446363ccfd834963f6d9bba59951,HGED778A0AEFA418433EAE02490F0BFB1609,1bdsZeT-URM
7146d3809f9d2ffbf7bbdca693acebe7,HGED26A2B69B454245D79C9B18B31C7ED95E,1bgEDNfwVTI
1d6ee77d0f8b187d0d26d81e18e08f76,HGED279911BB07A441ADB4064BD4057378DA,1bgi0ZJMjdc
d2f04c849ce653b7d7206ed6c07ccfaf,HGED7CEDAF5E7935448C846FC3FBFE5EDD06,1bhWzoia4ps
91bd71d804bd5658cc23d150510e854b,HGED13CD57A68BCE470C998464F02021BAD1,1bn_9VpXV2M
d2675f17df773db8e5b3915cd3be6c23,HGEDD2C88C87EFD74BB48F6A37912845CA2D,1biGXTM6em0
aff714456a8df44d9b1eee09f9564910,HGED51CBBFB45CCE497A836C12A5B6B40A28,1bkYpCaOUNM
c33592074fef717552a274a1cc0a9c03,HGED84C956D6D4114118BECAE05F2E89679D,1blJW5hKTfE
6cdf77f012b14af8dd9d07474c599da6,HGEDA8E2438B3CD147F68C710276D5B25793,1bsVrkQcLAs
755bf2b598c6832d61824d70bd74506f,HGEDB7DBA94A0E814B8DA070605A82A84369,1bu1ccoHiKk
a181bb596cd060c4a9826f142c484a16,HGED7BD2E39DD6D14D1987626C8CCD59D7AB,1bvyEuH7Hu8
78b2498f940a7099d39f58b3bf7cbd72,HGED00E0D01D60184221A53830DDAC349130,1bwMBUgHTUg
950678e118bd043c69b48d90573fd7ff,HGEDB68DBF5B27074C94924424CE1BF1D1C1,1c3y8iad1wc
cd797d28a3b2d46b28a3790ce6428dbd,HGEDC0300536018A4A0BAF958744BE061F48,1c6Q5Cw7790
16f8a0eb38fb56fef0f80f583c75a025,HGEDB0DFEA2430814D859730265F71D04D9A,1cDx5P3F2JI
a2bf04611c44e6d5925ffbbfdda9a611,HGED55D1BB3DBFCA492EBED0732BEB884EC0,1cEAqzNKNLw
fab2f71cc9cd483dd4f8d65b2d9d0d36,HGED8E152FE0AD074D90BC997071B939A542,1cEZvB4nSaA
3793f409268bfb6e7ec0450cdb7cb1e0,HGED3EF3524926954701A55DC04242DC5BC3,1cEe-OGGkBA
cf4837e86388886fe1fa33d6964f5fe2,HGEDBCE9C4476573496FBC7373C41A668B83,1cEvujWD4p0
1b95964b0cc1fec2718f30cc65f23662,HGED749F4589D636446F9858BEBDB55A0EFC,1cF8PWRePNY
0305af31174c1c2d3141ea3c873e5172,HGED45C8975226EE49B38B5E84EC7FA4A90A,1cJqMHomkWg
817737f30a1d3b06c111e5fb672c8f8a,HGEDA4AF64704E614F67B001687B9B411230,1cM9LGXRNLU
32de6faa3abc68dc67422c23f57e2da0,HGED8B9C96B9EC2E4B70A55B9D5BE1DF5E7D,1cP3KI8vCow
cea37a8bf041bc5b3eb49bb90f6c319f,HGEDA2D998DDF22544F795FAE25EDEE3F49A,1cPKpziGQYQ
dba87806aba947cbf33d6e95b54f21a9,HGED50FBF9D64A064B7397C02B30A25C3EC8,1cPplYLEuEw
6d07f2da928d1c3871e6e5a45519ef9c,HGEDC1BEA2B5D61F47AC8FCDEA885DE631B5,1cS1QPYvtMs
3a515e1a7fce226566c875de1cc64889,HGEDF8F926BA649B441E89AEDC6BE33DD41D,1cVvuvQqF1Q
9fdb317556418abbd27d69665701aece,HGEDD8FDC8711A794A07BC14C0FFF816DADA,1cX1IJNG9iU
5a0c662966b2a1e4fa696e9b90f9d87e,HGED0582EE00C9CB4E95B53FA93ABA5C2E73,1ce6vAKfyno
b23aec4efb58f9e392871570e4ae7adf,HGEDC981284EF4D6492A8FEA963BCEA42DE1,1d-SrQ8PV_s
d07a80e07b624748bff2ad44a2080f62,HGED92CA014A64DE47878AEE28AE1AA8C0F8,1cjIp5LtH0I
3a7790e783cc6c658ee8b4dd074e67a8,HGED676A8C9ED74A4EF0BAA9777FDB636BFE,1ck_2LwW-Jo
7a1706e20de89471f4bfeb412e5adb5f,HGED749319C7B6FD4F339758F96FB6147F84,1cn9SKlEo3A
66f4965f3e61430e3c5c202d0e2c96d1,HGEDB78C683A616944D6847E24D921B39C6C,1cnFO_UNBL4
355cb46546f0f4cf685471da6a1fc323,HGED6AD8D32D130841418F64AAFF064A91B7,1cqGEkhogJY
1bed7e8dc240ec689ada40da45abcf96,HGED4BEC50B3B8064455B18279376A1FAE14,1coQTJOnSVY
e4f7997ffcefed57630657c30629c9ba,HGED41927BEAB3A34BCFAC24DAEE8F27CE82,1cox_oiLjbQ
00b096995c5131f87b825c87e99175e2,HGEDD31F865BF65843309B6FD98EF3422C53,1cp_vsE6Irc
bc40d91e8c1c08f851f6315a3346df59,HGED96DDC6AE3DA64816B75B913CF45B8E3C,1cu68mrQiO8
5ffb5c8c6dbedc2e137753300fe7e5f0,HGEDF0AE72C5F4414E23A261BC2A687D0D8E,1cuiOgN3S_g
1ad7426cea519222e1af85b3b2726ff7,HGED62777350B7524FD2B0B832458604E9B5,1cun5gPmUGc
a7df71d0a697112fba7ea2cfff9c8594,HGED2D1F348C5C1A4AC983FCBB00A26AD5F4,1cwa6JuufQY
34c15a5b0e4df22fe06b9b4deceb6074,HGEDB725618F34214E8680B322C01FB8349C,1cxi3dKtz4o
5c3a62994cf56faeb0e44ba0e3352dcb,HGEDE8A567ABC9E540D0889E7C3FC6775350,1cxvYeL5TUI
b62c6835d46e5c5e744a2a58d27231e7,HGED4FE16C5958EB4EC380B09371B364FA5E,1cyKsafYOlQ
cec84fe558162a427b3f70fdf9a50790,HGED4D50032151CE443BB1D93353B864F980,1cz3W_-rF0U
d534358554532eb8ebc83376f8c4ccf0,HGED29344FDA60694F7FBFEC0BEA66AA0DCC,1czAVhhflEc
cdbfa210f2ce7af540140bfac77be5bb,HGED351A9E1B8DEB44C1BBB93A6C19AB350A,1d7lH6tYvTA
38f5c0095bd15ddb4ebf70397fd688d3,HGED8FEA44C41F2E47D4B2DA364E4D44668D,1czdAULl6mo
1547bc073d44a99998cf2ff44c1cc22e,HGEDD2A95D7731AB4B4DAE4F5B1EA43A7678,1d0gyuO8w7k
539127d29847008c2c08be42244d3ef6,HGEDF8B3934305B14D9F8C2CEC921E553243,1d0sJ2WRimA
69fb30fe23ad7447b667e16c456a954e,HGED47960DFF55A14ACABD1E148DEDF771B2,1d1Ain2VLwc
5b42ff88cef1c19eeb7aedb04ab5dc0f,HGEDE24A303AD2704AEF9250389881D72F7D,1d5HyPtSVzI
93441028bec1af8026017631e71edcfc,HGED54DEB00B0568495D94A8BDD371EDD1C1,1d7ZGdYxUzo
80e22a68d42858d4eec12ca5d812b354,HGED5E0F5B2F5B884D73B607B86802FCDADB,1d8cY21K9YY
1b470cd67832dc4ce04635afd3d1c6b9,HGEDF845D52E72B94E9288FB6F9822EDCA85,1d98w1orll8
ee486acfe0e10103da61b8dcabf977ab,HGEDA94444A014374372AFC9AA437D498B30,1dAJ_ho5oc4
d5a9a7b0f41d07b95dfe254928288aca,HGED980A128243084F499AA8CBB746528A5A,1dDZ2VQJd6U
0681f185123ce0e0f4b03fff5fa0de5d,HGED9942E2F21A114695893A2DC941CEF927,1dGUqz7aiZI
0eb023bef890c58bd6d6a06480c07b57,HGED052FF6854386442497C94A49F4684DBF,1dKtzayyTSY
7d11b39fd915ec8512dd9ccc589a29cf,HGEDA4ACA468EDB94FD294BAF06CB4ECE32E,1dR_1okX4RU
1c448a57b1dc480b9f6d01c779041b72,HGED37525EAD7F834FFC9D4A0FC1E950BD96,1dT-hkqSpds
2a374090342c27f6dbfe569eee3fbc94,HGEDA835490390C84CA2A49CD6D36513C00E,1difIM2O3Zo
a947a2c1265edcd4322514c20201e459,HGEDA108612CBB9048E0B4D2855EEC61E955,1dUjsJlO3hQ
0bda234cae874193274c194e054da043,HGED1A73E6D345244C1983159ED268C59EEE,1dWqz0kKDwI
5974b4a085d5af3282f77534bdb3ca20,HGED5F023AE1D0D14C7CB3EE29E83A06DCF6,1dXzTsRmg0k
ea72cd2a7172fc2b2687f144135b43d8,HGEDB10788E9B6814A2BB626A66B574C3BDB,1dZ5RT8husM
3ffa9c67d04a1cd71a431359bb3d239c,HGED15FBADA7C8F94DB7AE321693C40B631D,1d_TYY5uqws
5fe66fde29356b79219d001397ebd61b,HGED32C156829AFD4F70BEF5ADB46FB94627,1db8gbJurh0
69ea334c390b7a278dd65058e8796983,HGED149DEE662C554CAFA74E97BA33345AF3,1dc5OhlqoiA
55d919d3ace5e3c0830c76164e9d1d85,HGED93039B57E9764AD7839BB8B7C78BC4F3,1deeaqssAJA
fa278551165d2d035c4bbee2670eec3c,HGEDA743CE9609754E0BB682A9FC2E4351CA,1dgsFo9IJQI
58af41b3116b267065ada829df723226,HGED9260ACD86DE743AA876FECCE96593314,1dhSbX2pa9Q
637bececd5ed42875fbe30d4900c1ed9,HGED2855F6373B4943B8B3F83F9589CCD66B,1djmu7x2_VI
2eaa4be055cd4db6c13e62cecd830fcd,HGED336D8F246CB24CE9A38E58E4158DC50C,1djq0LSPTg4
0b3eff4f5add855c031a075d4e726258,HGED79B2C43DB6084B86813B6EC8DFB51CB5,1doslzdXsU0
b82fd497ceb2c0c4b337c27abb54f27c,HGED3D032CAD27C747A2A70C95BD8712E59E,1dpDCknWz5Y
080cd8afe6d7f0a1c3bcac4b1ef18a69,HGED5DEB9A3FFB0E4AABAC3BF5829F28A821,1dpHpeu_BpU
99597eb391582c73f7b1eaa53ff82baa,HGED4AA97C3D292E4E9FB6328958ADE745B0,1dtzFOAATwk
2ae79b01a812b96747005efc594d8058,HGED67B6E9502EBE4C3794DF6A75B14D940C,1duWPq3WWhY
be4b70f5763146e245794d415355409c,HGEDBE2F73372683483990C51E84A1D12F14,1e-y3sVidmI
e5e0c8a965286b0c740dacba71a7f6e8,HGED7B35F1AB31E145E992E19323079D913D,1dxa0VNPvzQ
e9133acdaa61c0cb587241a7b93daefe,HGEDFBA1C8E02AD24E85BBEC878CE545DFF4,1dyIcblX40I
e5e8bcb4f3e0afea23c82307fef25b33,HGED4D90BF16A62E40F49005FA91994B515B,1e0VJMFq8vU
ae596bfccafafcd773d976a8d34ca896,HGED8F9BF4529C2149CA9C021F8CBBB16039,1e2S_9dTaU0
6ae9aeb961590072b6f4499993f30644,HGEDC8B88799166E45839F724A584D10343B,1e5v_B3z7jU
2290cf741065e823d4dcd1ae5d77fe80,HGEDF6B381674EC84586B2D998D9FFC9C1AE,1e765aSnxXU
54d36a52da03b8056c6b72902fa2a27a,HGED0B9436FB310F4608A24A5DF5D99E5D7D,1e7p75Xoz6U
2bea9028e83f7b83e058b533d211e18a,HGED9C44F6FCD4544C34B24CCCD2497C2C46,1eHLoNFWu4I
d40cad5ad21f1adccd6b60d03c4606bd,HGEDDB283C1BD0814E4B820E5C5B1B079C37,1eHQt4rHKNw
65ee1ba45c3d31b361a95474c3878ff4,HGED03D1F5F8753D438C8A8640112AAAB055,1eIILdw5aso
8c010bb1810694305b95a1d849242525,HGED010DB4EFC2874790BC5F32711AFA3028,1eIMiziUFlk
470e96572705fb68ee30e8ba233226f4,HGED7C8009BCB871457DAE763C5EF72A5422,1eI_pZ91cag
a610f14fd32b8fb7d093fed169d0918f,HGED1CB644ADCEB64808A48BECD42E72A528,1eX90UWeJ98
4b1ff5feaae88539b0b150f75065654c,HGED7C1B2F64CF1A4921AFF59C68586F7144,1eNfkWfbZEc
3260059d306e8ee3601c85c2a5824e1c,HGEDD85877A62996496FA7E35D3305DF84A7,1eQgB4GqjFc
459c5845d3ef52c8a1c34d374e9c2ff8,HGEDDBFB607B4BEA4B998060C194FD826A4E,1eS_zFke2-Q
21d579787742ff8570af54d8eafc9e8c,HGEDBFA58F3E0CB24FC3B04C927D00F573A6,1eU_5Riuuyw
00ac5e0c0e6f3fd8f444e10d34d817ef,HGED4925624C32794818B2C52FDBFAC3BADA,1eXUBobk97c
7a81e27068a305c29a9a1d9e57d6c614,HGED62777350B7524FD2B0B832458604E9B5,1eaECXC9wEQ
3f49e293d1e2e8161204439aa89b65c9,HGED171E432CFBBD4AABAEEA9514BD020F0A,1eanOPzRJbU
3a7ed37f183b2b69aaf8bef6ddfbc9d6,HGED4112BE14562C4D559990CF99F8F88205,1ecV-R5y6d8
f531d1ca67e9c7ff0e07927f8a93d6f8,HGED7CEE46F46C8147119FA217478B504A71,1ed22Ax0GFQ
67b75286487f9186908d81023578d8da,HGEDA2BB3190B0104B73B478F26B88EC580A,1eegaChAXaA
84e4ca519634be55b6666f3176342280,HGEDD75560FAFF9E4FC69FBB433431D40BFB,1eeoTrZ7Xbk
ce0927ed8847c1c7ba7d03004cd237bd,HGEDB3C18401598F4534A8C64A4BA80BFE05,1el8xItkWCA
04b478e079288349330726f7922bcb61,HGED7118153D150E4E92AB33638BC1F51726,1epece8D8qY
72925b848ff024a9ec9973dcadec9cca,HGED1C38AA6030434EC5874B9CD5EE373125,1eqNan9kIsY
67b4c747d345fd55a665a4babe1267f9,HGED52643A765DC34C29BA4A2CC537BD4FE7,1eqd6gc8pw8
57bd403a71edc6ed9b9158272a50b1d4,HGED45C950AA399E472388CDDAE425586D03,1eujFEqGNKA
3bd6098941eabe3fffa2c4eceedec6e6,HGED5D050ECE82A7485EB20F34D9EA72FCC4,1evomQv6fgI
f64aa1bc807d5de9552be60a9a430921,HGEDEB7496A364EC4FB6AA3F5B17122DAD88,1ew4Z2Yq3N0
a837153821a62be029331ec2902e12f8,HGEDC5B4EEABBA11489CA5CED54AF803AC17,1ewyaUFH9oY
eb9753fa645e97e3f225620c94fb4da4,HGEDAB669BF64E604EAC9CA60E2C6A61B2B0,1ezsX0v1aAE
107023d612c9f27cadcb28e62a0dca96,HGEDE20696E0228C478698C9928B56E21134,1f-Jjd4maKs
3db23f2510327588b8962c18d9e13dea,HGED1A12B4EBAB094933A1971B5F26FDCF7C,1f07brS1Cco
a8edce050cfe505c42d53bc620cf5a04,HGEDA18D6673912746BE8F3DA276FEC78398,1f0dcm5m--0
7a5b0fa944bbca62326836f93ab8a911,HGED274493D55ADA48D99B9A0029C717D474,1f2-PTht7PE
82b11f025c16f4cfc999c372e6a1d973,HGEDBE9D8F0908BB4236BC844B1BEA68D59B,1f24XcBSvho
e3b9234f477ffc2c7c01e0e943f306c8,HGEDD637948BCADF427F8CC9509C93C07BF7,1f26CyoJcrY
6c2e478e0c7c1e5c1b0d6f6a31f39026,HGED8785C675152F4991AC44DF7D0007644C,1f2e7Wz7GFo
d568c1be7ca9bafbbc790a3f62655145,HGEDE68CF314E91D42F190F8A20AA0E26F25,1f6KlDwO_ew
983521704790a596dddd6c18e697c8ed,HGED2ABC2C8CE599469290CA2DC9D1421171,1fM3_-vYuac
27fd2bda91f3b881a8f45bd2e2b5c833,HGED80BE7549EE8D4A4FA28267DB58DAB7C7,1fEnDLvH4QA
aaabbf3b3147ca06a644927397aa13b2,HGEDD2C05810CBCB4A9DA667130E7C62B9EA,1fHMGIih64A
5c13d8870d77f159131e50904d60cfe9,HGEDBF8EE811223646778C5C908C8B19F845,1fMvctPmk8I
6763eccd1030f2c9564f30cf6af54718,HGED25F3273CB55A40D9A3A7362D74FAC7DA,1fI1LG2SWMI
cf0a2761a80d3d6a76bd314f05da7276,HGEDFE0A947D64294FAAB68BC0152976C5B9,1fJA7iXIB_0
058fbff1990b15c6b18007deb7623e50,HGEDB23EF2F06A7840FFA5CF7C6F7EC9B585,1fJk1HS3ODA
9d2cbf54a91b19756e6068744585a85f,HGED252867296B2F4F2CB1E553DDCAB2F6F8,1fKmnu9IcDY
42946f8a8fb81c0cc9a50c5dd694d182,HGED5853BCE080154672A18247724619B47E,1fN56m11H2U
fe88eaa59be062ba2e9b44325aa03053,HGED0FF78068421342B392801EB827D7E899,1fP_u37a0P8
5c3babc085fcef3b8072fe25c1c1810d,HGEDE2A6C49F10F849A6B7D2AB51F081248C,1fRXRC5P9zA
61c4ca5d44fcaac6d43610fe64ab986a,HGED602323C5C9444CAE8C10CC6140E20D9E,1fRzk5hdBlk
211eb75fb3261d92f15d5c2a4c1fdf25,HGED07BC5D5E68EA43339306C1BDA25EFAEC,1fUQ61QgKRM
2ecf356b75de600154856d85e7d35657,HGED70BDACAC363345CCAC048D83F464038D,1fVVK9t6Mc4
8fc617e221fb4a76be57edb16e1cb307,HGED8785C675152F4991AC44DF7D0007644C,1fW3mJA73as
86d818b0568b0dcb7952cb149fd474a6,HGED823AB2C21BD74968B15C6BEAC4DA882A,1ftLzQbDXCw
bbdee5dc02badada3fe38ac1d0bd1b70,HGED388F18C841CF47E08837011CEE7C847A,1f_E1mYNzcM
cc693e9b54011b442bcc17610269a27c,HGEDDC99E98E6E8E4615ADD68F9ADAA4F044,1f_LUyTq004
2eea37ae767d0ab60629e8ecf2cdbd65,HGED70F73B1B9A7B4B86A929031606092D6E,1fa3TWSRw-8
6198bfe49eba4f1eb6075ae8c993e286,HGEDB8579D5CB294467C98D03626EE413C73,1fb7WLnab_Q
1f4cd299e7de3b1da1226bc8fcf84dd7,HGEDD3FA6FE025604A429D7EBF4C8B403909,1fdfwuC4kGQ
2c81e1ad69b46b2c5e972119aa9e26ba,HGED090A930F3A754C5BB06BCEC8DEA75D84,1fff6jiQb6E
dd5ddf840aba6739226fb499f1bf2d96,HGED2984D1B477064F399A07BAD6B0FCCA32,1fgWWjAjM_A
6983abea7d5b60a448411f53df605a48,HGED1A33D19653B04FD5B52DF716DEC6D0DE,1fh_zpLEWnM
5b24c7eb8c9a1cd166ac74e6744876d4,HGED6E7EA1E013854C0F8057E477A6CFD8ED,1fjccOnVBRI
20645ccbf55f168adafe139dfb7da3ab,HGED3DB91928C03740EA942AEED6F5C175DF,1fn6CT4rgGU
4f1512a4bed31daeba18b18099b55d24,HGEDCBC962E00BF04D35BDE8B80EEC8A7551,1fnkF0xAZe0
6452efe6e199f18a4bafc17321be1573,HGEDC926D31E0CF746588139C9BD2842D31F,1g5Rf5pQha4
3b63b6f1ad5057ab00b1aa70b674b4fa,HGEDF11B4F8ECFDC4669B8A1478D6A08F505,1fyQ0qP_Zg8
f1b24c6eaebb034eb09c8b20ccd890e4,HGED70AA89557852426AA2A9C657A36E0E6B,1fyz906f1JM
81fe9986c404c746a537d2d1df7d21ba,HGEDB1512FC8CF394C12882E9BEDD6F2CF47,1g-7koMcECU
72f7b2dd474d9a3c2a35f285f932f9e8,HGEDA4645F89558F4020A20153BBFA6F415A,1g2VzNKbk4k
13b22c57e2ef2c48ee2fa14e664531b3,HGED8691B7916B594D30ADD38259D80E2E31,1g3l4EQmNHg
f566d5c42897d2f5a73a89d320594895,HGEDFF7D4697AE954EA695FC59D5B4FDAB86,1g4ye-D56tM
e2fd091d873ab313edc8c0b61ff8cf20,HGED480D75B0AA574FDE8D4008EBF2F4957B,1g6WQ853gjE
5ef2e05b09371150d2d6074e71f58711,HGEDA8C7D6E078A84F60BF83EBA69AFEF3B2,1g7uWocXEfo
b285e3b01e1300ac5d2b49602226629a,HGED79342AF702DC4372BB8B86A6FDBD373A,1g8fz4DfhPw
cec0758bf0a89a3eba2aa1a89bcc5f00,HGEDCB52EF252DCD486FA43997AA3BDD6E20,1gCFG0m8RJ0
bfe9017ab6982f5b0ce21d2077006de4,HGEDED9CC9D013E24AD89198F972F6FEA11F,1gCf1gGrU8M
2247e83c4002a81d546f294b2823a974,HGED1E23767F4FC14E8C8481F062B276D3E2,1gDYcXu03PQ
9be768e60c751339de7ebfb9a5eea83e,HGED6AED85B48EE1428A87D52883B30260DC,1gENr0Ld3AU
7555cf1fe9c1d570d73d5a05683d3a10,HGED4133B71DAC5D42A9BE724AB901D1EDDC,1gGItKdT3hI
ff42c8866f4d63b5d2fa732cdba792b1,HGEDCB52EF252DCD486FA43997AA3BDD6E20,1gGzD7sC2EE
c8265385c2b3be1cff4a6690f37f51b5,HGED6446EE4D16594227A533EB5180121305,1gSxH0VgzKY
36aec7086183c790266c8bd962ac1d48,HGED0B56A865468C437683E7854058387678,1gV7kZH-kAs
dda5df031747cef8e163e10a83186fb2,HGED8565172BE0E24A1E89F08D7402778051,1gVaBShp7jY
228186e521ade48fd4c737db0466a660,HGEDAE1BC2E859F341F78D10B948DD8B1938,1gXstoERT8o
9fc10308981ab2a9d5da6df4950f6d2c,HGEDB2F8D01F474C4E25BCA5C28FDBEA658E,1gbAROXqL38
7187442efc5f4476fdf242c84e556088,HGED955487A21B4847C2A01FC2F0874541CC,1ghjp6zXp_k
0fa46406d8e10c4874b62691623c2617,HGED58AE56B822C944B4888E2771BCBF92C1,1gc5UorSi3Q
760781aac282b44c8f01b84266625e2e,HGED047ECD183D684657A579A058453672D9,1gdFbaBIBaU
18c2e83b41c222af0d62d249fd4549b1,HGEDB5D02E320598469190E8B4F8336E49D3,1gfE-Xla6SU
3b9fb17734a0f4c8949214c282cf3ddc,HGED74EA0D6E8E4A4A50AE6652D97CCAF8B0,1gfVF02CqnY
d37fdc885d67083a7ffef90399be376a,HGEDA8B66A946F174A9DBEA12DE36E28D5A8,1gjF1yiKxoo
0b2f538018a040d04f77df5b5aaa4888,HGEDD25D76A354094691956543E84EFB604C,1gmngZhYcqU
bad7f9da6006f9d2807f91f9e105e126,HGED8E152FE0AD074D90BC997071B939A542,1gnfMF_v5Dc
df6218097610b7409bc94db508bc9090,HGED8FD5302917640C7BA9E02D4F316A85CE,1goChcfgUFA
ba0521344bbc8c65a8f43c9df8f0e125,HGED3619E6E8C18D474987819EBAC0606696,1gppwXYl2IE
82a5d78e943b96290dde65820c23591f,HGED4BC4629FC3CD48E4B16578BEEB2B1D9A,1gw-4zErSYU
e3b7bcec7b2b451b73ed4e31e70e0224,HGEDD594AA3258344F93B51D6D79CA1FF27B,1gyQCj7b-lw
d49c8d10928c99e4bf04bc6fd9f3e274,HGED6A0D2A0A88DC4D849502BA26B7E8B684,1gygaYXArYY
e7628a47f10afac85343b69c27508f90,HGED1A4ED41FB7134426A393452043BE5EEB,1h07bUIViNc
40b9f2a02fc13825beb42bfa9e4a34d3,HGEDFEBD87FBCDD44F67AB86D97866CAAFBE,1h0qx1XUvKQ
79f5016e4a16490bdf16247259cb693a,HGEDF41A356C087A498AA6FD5D6F9777BB09,1h0z5PAJkP0
cf9af380b160bd081d7c120ed18c3821,HGED81189F157E864BADB0527CA570E46746,1h1Fyg3ANxU
6439cc3a6031ccfa93d139576669659b,HGEDFE1C2FF2CFB948F5BED2C097F2EAC0E4,1h9GSWOb0LM
268474b34ecbe00e8216b968e547b111,HGEDAFE8EAD138144AD1B822F8336DCF27B7,1hAAJQ50AT8
2c615d682d3df80844b04b53f34317af,HGED42BB3E1657034F109F27BB6813F8D9D0,1hAg2xMQAbQ
841f2bcfc0c73015fe72e17ff0a0df1b,HGEDDD4DA78115F54FA791D0A252942BB2FA,1hBBApPNnrk
3b38288566b43f167cf0936df5a6a18f,HGED295C15138EE046369D3D60DB87F29851,1hIpey9t4Rc
34094d8482a960a2939025047950af98,HGEDFC2604A3ED774C1FAD586ADAB219770B,1hBFicSTLEo
14b38b9144e0773550a15ef516338b04,HGEDF543307B39954B17A346A26977C76AC2,1hFo7Jq4d4I
1f5624aae153897e8b05e425fc2a1305,HGED4AD4D975616B4F5E9DA263F8B4416E2A,1hFrqTfZEeY
0e35ec33d38d17b7bf6bbe5136cde57a,HGED54DB84F5E6B14C3A9F9396C3E0F323BC,1hNQJMXU05g
2a167f43cca03b1343e871261dbc0cc5,HGED3268E7EF05314CA48C3FD704576AD27F,1hPCeZFiexw
3680687b7aa6a87186ad4c0f378c9769,HGEDEB8D8D86346147B1A9D9F9277DA00B7E,1hQSvFslGRw
589d1a379eb465d53e2c9a119850e4fe,HGED7D4BAAA15239435295EBDC990D6FC1BE,1hSXnTyvzZs
7454868c9584204d8176036c6cb11eb8,HGED55751B9516FB4084A392642E7E27BFD5,1hUoTRCiAt0
1f7a4c7e49d3924489a946bf106f2f84,HGED6DDA81F849684BF0B5943A61A5B81966,1hXdHwrDcGk
471a99e7015d84515813dd5274319fdf,HGED0B0AE868E40944ED8B4759D3D6076E22,1h_y8i_Kf7U
b49271af2d7e7d358366be89e1a3ccfe,HGED424D986E876A440FBE5ABEEF63884A22,1ha5MRh7u4s
7571fa22613fff30a3ff7747a746ddb3,HGEDE8103FCAFDF04D4A840BF93F21BC0629,1haqKbtX13s
db27eb5517426d79b879d8fd2f28bfb6,HGEDF18EE55B09FA40D5B1CB6B33C439DAF4,1hcHadPDbzQ
eeb47b5750dd786cdb99ae3f58767869,HGEDAF2BB6073B554DEAAA5429556C695DFD,1hhFAFusl5A
293935c1930f34502d1c612af8a5bbac,HGED56A887796BC84BDEA9C80BF0BF85DF36,1hi8mQIN-jI
fc7af42b1938e92b6b54495f1bd32b9a,HGED85F57BB77DD6465BACF8573AF3DA4EBC,1hkdSRDa0Xc
4a8cacc99cdd223811de2d0b39dfecdc,HGEDEB2CDFAEDC42418DB3D9422ED662899B,1hmlvxAxa6A
502f65d9acfa465116300957ffa1f619,HGEDE41E79066C4A4635B8815B4182D50461,1hpcthOGcxk
36294c16ef4ec4eccf4a328eded06a6a,HGEDC98025F10C704459BD16F96FCDCD4988,1hq4_hU37U0
2cf607930774e26ff8ee5570c76ce567,HGEDFB0D9E98A6234F5B8239A6E3C9593700,1hq63W062uI
bd8f233465f3b0b3caa1cdcd33f7524e,HGED135014C1F17B40D3B6901AF35E9488CE,1hqJzi8iSps
fc86fa5c0c2f9a0c778df460e25d9738,HGED6194555371B14D048BBA037727CC4180,1hrRD9IEh0M
aa5c7aef690e208617f4b33b7e40263e,HGED38800FCC6C75453A923EA145748CFC63,1hrcTR76_7g
7f6f1e51c7c2b6aa8dac9f5153b3562b,HGED536F4F8047FF45ED82BB41CD43E30813,1hvwAtj_AO0
93610aad16db51b21bc9646441495a6a,HGEDBEEB73307B194D1BB5D2A23070649719,1hwN7eMiJUc
b473258164df8ed51f1b37be762466bb,HGEDAAAC9492EC064DB4AE26B53CF172FBA0,1hxEhuogZsY
8fe5ee8cd5154eb10e131f5e8c117d1d,HGEDCC5D5FCC3C064437815A275C2F01B4DC,1hyOIQN1GlM
78099ede556e9039275e90e78ac08d65,HGED0D3B2E0B55C645DFBD7FF6A0B85FD7A3,1hzPZkbFC4w
9373600f3a2dc0664d4e892afe3657b0,HGED72B2AD5647DF4A8B994815D7692484C2,1hzYlITlre8
59ffdbe2985c5f347b17ff16ff307d68,HGED5E137F2C016F48DBB85B96128571A3CE,1i1kgSBsBH4
0c2a3d61df50091ad3db7b3fe4d04abf,HGED9BE13C46868543BFA3AF77ED58DC7BBC,1i1t-tIxb7c
d6513a2060cd738cff90143c0d241f1b,HGED3C1FDC7765FF468195D80A9CF7596FBF,1i2fxZVEGnA
b5a0b9b12ec57a0b7ccb8b488502e3cb,HGEDC10DD02D66DC4C488DA4D17032376576,1i3uLiNeUAc
2a60c06399bb4106603fc321801972c3,HGED8977DAD7454E4ED285C8E23C2FF52AD2,1i3v3I6afX0
01674eca64c5cb6c099d880bcb8fcd04,HGEDD31E193DD0FB42748484BE86E3DC1875,1i42UrQHkzo
83fbfaa19d292e16bb12db4626719e68,HGEDD1FAD7B876EA4AE0B41DFCC976228069,1i4SNuOla6E
e8bb08b12f71a97a9ce55b2649e1cdc8,HGED4D6E53551B71469FBCAB8B2B24161238,1i63EWUUEYM
1449581907408cf913a912c50b075f25,HGED2440BE3ACA9F41AFB4308CCD32A6D6DC,1i7e_FARkp0
c8dbc576646a48a4c61e4d4085b927b7,HGED1465FF20C97A4852A21139EFF4C28EA2,1iAXueZaHUM
55b2dd23acdcfab02956fcd9e678dc39,HGED83E2B32B61DB4FACA855F92AC70D856D,1iB9jEW363M
524e0de0c0058b610e47db43fa4f16e3,HGEDB0DAE3C80D484B7AA1D1D1FCA7BB7858,1iDJuybJAiU
dd1f1f940d6fa98ea5f6f2147a65cfe4,HGED85284B67B6D847BC845DDE1181C7601E,1iDyUzJJdNo
090b1308fc3e7a7f6d210ae83913abd8,HGEDC99946EE57C242BDA22DC32BB18AA1E5,1iEL839d_a8
5d57dd920379297604302ebcb6aee52c,HGED242E5E06CCD1414893A977D8A5C329DB,1iFtbGSe9Uo
10dfc43916edba5e221516ba8655a698,HGEDD93C6ED9631D4F5BAF629E581E41F944,1iGPZSZK3oA
9a4b2f17b75cb2dde2ba41d6d217c34f,HGEDC6E4F47CA2974350BD2D64C96891ADDA,1iGgtXFUk7o
f431bb63e97b0cf251c51cbd0cfa1f6a,HGEDA94444A014374372AFC9AA437D498B30,1iH9xR9Nr2k
d17110da8e15063d287354ece8f3a9c1,HGED8E1AAA14FA144D5EA387BF8CBE051293,1iKrb1Xorwc
978b260ab74242a582cde3cd20bdb9bb,HGEDFB135B60746143818767DFF09E70D6B7,1iMETvrnhHk
2d2e86e8c8d4e994b86192de75f17603,HGEDE5C0C15041A748188BD7453CC4C4DE26,1iPIWw92Pak
75903ab8a0700d9454aaecb9721b477c,HGEDD5DFC1419D5643299B538703F55C6C48,1iWF0oNpmMw
2d47937400851e7ecb537aa061dae32a,HGED9D2248B12B43455EBAC6FD0B10E7307E,1iXvlrgXkPE
10900261a3e7a4a9c060438729f37f6e,HGED38C8332AF9294A419656C7C79FA9C929,1ifID19-ffY
e502bb8257c550f66b4b2b53c290c227,HGED23CD917FB6D649B2ACA300B8D02491C5,1igwtj7j6KI
cb3b6399aef99428e6bbda4e37495da5,HGED47F65688FF424B3F82E54A31988FBF95,1ih-eD6eM_k
2452acce30df04591bf7d8b74a6a9b34,HGED7410DB25687847038308328B5F4450A3,1ihpLvzhQM4
f6ceba645be2148977beb5e014b36d7d,HGED153E65E6AE27490F9EB1CA16CC0BDFEE,1ii7LMjgXbQ
2e93806f2dcb9f19a48771b71c3492d5,HGED4A2044B27A8E4985B9472A29F1317206,1ijOijYJm2c
6b2934bf63f269b39c01817a061b1a7a,HGED42FB93E6CFD0481B9A1204BC74C871F5,1ik4ZUg12Zs
1642db0a1cf5e5a1d633c97b64154699,HGED9A5C05837C77471795A9950ECEFEB588,1ilK9wlIFK4
1317bd2f4b0caa284c684f7994f16fa8,HGED73948B1DBE354807B22A93D85746394E,1ilQIwuvwVs
566709e8cb4731bb37f18e111fee15ce,HGEDD89B14F3E6704E9E81F2B7D79D729E3E,1ilgTTT7Tvo
660dcddb823401bcf39417e93f966667,HGEDDC2C70CCBFFC41C1A047F0E10BE8845C,1inXSsPZxUg
079cf1dc819ebabfaf7c7c41cf2f11b7,HGEDA9FE65A95B8D43A88CF736465C5E82DC,1iqc7ObTjf8
7e2e90ba5596256a2fa1981a48567427,HGEDA399ACA70CDC4C5186F3267AA7D833E8,1iyQRFt2Pe4
6bc1c67b01cf5cdd0465d9e8ccd329b9,HGED4B98C5C31CC14220BDB0D0597B1D2505,1ithVFX33BA
39c65239794d860e901880307a708406,HGED6995757D79C34F0891DBB48B7DFC4FCA,1iubwENyHrA
ab9a064b4813fe624ad79db150409d19,HGED60824012A493439BAF122BBEA4A40E33,1iumEyIli38
133a8c56b483ad5a51ddb1f4dc64baf5,HGED0D10D0B459724E518C83790C699777DF,1ivVUOnmWwQ
dd8126a0fba9436b345da6d0e128e615,HGEDE0D70CB89D2848DA84C90AF4A972F3C3,1ivrazYCIkg
361e4d1821c754d67eacbd6f3db076cc,HGED53D50A8B61FB4C84A0492BAF76965B3D,1j10bBj0J88
7bef7ccd1c15e144d454f1f54e07ce76,HGED79B0D9D6663A493E933467BCB2F4DD09,1j1M02-art8
fafafb089bfb5d949b64526b02f63937,HGED196B1F4419874A60969B5C4882A2884F,1j2FmOUy9dA
2722a52a00c9241eeb6647651a86c698,HGEDA361C7E5674040F68782FED43FAAFFA8,1j2wSOYzJUw
8ee1023402857e54a984407c842e2e4c,HGED370F776939E548CF819FFBAF107FDE35,1jDl7Egc4ek
c3d9b0326dca07fe0fc64376247ee019,HGEDF7267670D86145AFB02C4DD236ABB30F,1jElOFkMCpo
17c114a3183f517722f31d9e735bdd5c,HGED2A9BB6455CE14CCB88ABE57F13EC9A61,1jFUSo47nko
45589d915fde7a83d9c7aa405e8153ab,HGED33D9D72DE2394A60960700F619FD1DF3,1jJWjBrEWzE
3abf9468284f677314132c78dedd18e7,HGED8F47B8717E314EDC8A4A3A8DAF3D1111,1jMe_MpakHk
2e13f158ba9b4ebab6aa148df2ed7c2c,HGEDBD3783DECF424A45A4BF0826F8069FB0,1jO9R_XUd24
d4af0e2746c478fc4c4364491e536e91,HGEDCE87B111C50E479E8E1222F2364A996D,1jObJbWHc0U
329925824d680f8c501aef043ba1bf51,HGEDD7EB77A3AB474508A5F3921DA1DC5854,1jQPkhrF2Zo
423e9a714f32ed4b2e65b93995b930d0,HGED31062AF36D6D466EAF1CCD0FC9E4A1D4,1jU6zUOhop8
b4e18d3107530ab160f39863c7231b96,HGED321827F3658D4DA4A07DFC8B06B2A0A4,1jXflh1ozGQ
d34877a64409156165235f5ad953475f,HGED0A5A2ADFD5834A19931FB95586F7393A,1jYirjVK8WU
0f80611943e31ab0dbeba5ee2c458989,HGED5B6FDCD6127E4ED0A72C23736EC3B439,1jZCUx4qcrY
31947182a8c6d12e6335308fa1e0bbef,HGED70BF7B423BB743F19C8500A4E80C0F80,1jeC5XPlUzA
7e736a36afd29c18affd57a78b51479f,HGED531B5D83A7604024BD2029DD59B76507,1jfz-6VJSFk
9c68df6be51cbd761b9a6fa597414d47,HGED5C1B685F5C4F44F092E815B9B438F4DE,1jsDdhRd5yc
f9f95123d33ea52bbf05cab52363fa54,HGED61A55BA0B1F84E68868712A501B4F4A5,1juFhaZF2Gs
6c683756bc94fafef61a3a77023bc6d5,HGED05D0049CD81E4145A8CB726FA2417E47,1jwNvwtcP58
ab8dafa22ca14adeeaf5f2287c837e43,HGEDC27C9B2817C143AE8BCCF3C6B1F11F18,1jw_2VGYDHo
9348b42d5d47f5a35d6b4a4bef25c64c,HGED3B26CAAB40F145D096985B2FF365E5BF,1k04eDXHJ6A
29ed28879053e09795cf8bc815edd8dc,HGEDAB0EFAAED93840949E1077B3FB067F97,1k49XsLolVY
1509b64e74252842e20102318e3f07d7,HGED4F846D664D2446BA8072B99E692E8B44,1nKsaxsLS9E
56230ae9b5e92011ea2231a83c12fc50,HGEDF44672ED6B3347E6AFCCEF58611AE785,1k8EDQDiLMs
75514c05a1f83e2efdc3a91598f170aa,HGED6FE793E14D1443D69FFC76563230ECA3,1k9xQMLI8js
23f6065ccc987a198dfac434190fa608,HGED5097B985BAED493F82C8B1CCEB427159,1kLaeTSYvuI
a4a1f82f76258e4a3ce348c7a6bbfa98,HGEDE75C0150D0094C33AF9A85E5C16D2C97,1kCcpBSvgqE
4d276640ea7e08eda967cd8de29bb9be,HGEDC1FE6EE33841426DA8343FF79E1A7845,1kEA5mNQTOE
3597d6373331b537f5173b19aecb7e08,HGED21CEF6F48D1447FC8B93240FEACD9E53,1kFIaY_7Bqs
e35705ac2339f06e37dd54edd5af810c,HGED3A2BCC5BD28549DE9D0D49685556458D,1kL50a6XoeA
2446227b42de997c5ab00519d8291f9c,HGED49D66FC67B7F4FDC8FC14605FFC2FF59,1kNcKKlEXkE
45b86754894cb554afbc331dcb322167,HGED53E333840CB64A8986599E5BB96B521C,1kO9oI-OC1o
779a229e78e102833dddd68f9683f592,HGED780DDBCC40824E1EACE89AAEB4D3CA33,1kTjytHQhiA
5d0f23076dfaf7b9a200cd9b34ef3e47,HGED458853C7D10A43629FBA030434766BEC,1kUlMFF_5W4
7b2cc014354ee8f65d91d154976d3cf9,HGED92E4A98408AE488F85EB893397505EF8,1kW-VFQFBSY
44e539a263ae74917af93278e956fc03,HGEDB87E879DA9DF48FAAA55DF59E7532215,1kWX9AOlL3c
2f1335a43f834f5e0a8c1028cd5f0714,HGEDDD74B6F60B8844929FFE0E7F406CC302,1kZyowTqRV0
9e9ae72c60c8969db2f461905b8a8491,HGEDDB2C1D02EE184A6497A9A6EBADA37561,1ka92Pe9Wf4
a0981a71b5ce7ef90d578d981aab13f3,HGED1538B82CAE96430FB584B65D3CF41E5D,1keuYlXvHKM
99432c3df2f3d3dc517d93fd36c6d278,HGED3CA94370583F489EA0716CB31A162E5E,1kgGuGtxSaw
4b4ba9e3c22e3f131a438756930dea04,HGED61E0C4E78E534C08BCEC0F1BC4B7FE29,1kgY3-C9oC8
ac98e887b3bd2d60675a3dd42882723a,HGED8FE6BEFD79074BF39495E0638E851DD0,1kgbCcXE9k0
d7cc28fa0b1106da67f8ca870b53d128,HGEDF8CB0A3C4F3543B088FD3A04ED946204,1kggry69K3E
0a18d6a4a526644993654b7f6c752b11,HGEDC27809E98023421FBB42743E31FAC7B9,1khPUEZASFg
b8ef32aed13fe915ae9eba019156d098,HGEDB6A3A9E2F7084A00BBAABB279B656360,1khl6cMXu40
17a19bd7cc68fc7ecf6e83299e57a114,HGED61A1FA30CDF64029AF1D9AD1F7B7F852,1klxdZq9Wmw
e60a24c2bb2b53b2f5e64e9b1a00eb93,HGED7E83AE655F8849198BA8E62563AF9BFB,1kmrrc3gpNk
dad0735090b3735e2ecc443eb347ffce,HGED141893E440B749C0A0F29894C1B59412,1kpavB5ziBE
ba97264b9a5b6a05d0b4c78bb155d749,HGED5D2C90E736BD4BC3804C38EBE2171980,1kqrVVMAA3o
747ba6ec3a109870aeedc396b87070ef,HGED5BE3CA8F55ED4C179CBA3713F2C95886,1kr65IA2bPg
77fe16e9f78b796f6b0944a1d32c12bd,HGEDCF73F4283EA64E3BA8AA3027B2D74A8C,1krPmwm5y1k
f3f3b89b4a2f2ef04792f48d40a3123a,HGED9B8F4B0CA9BC4E8B8D076AF0C5E2B20B,1krTXFBCOOI
c0cab4a0bacfea9ac7ef75dbbffbc33e,HGED94A8AE63B3DF481292F588EC83859784,1kv7EuI4XuU
1db316407e3fd555763e547f596706d6,HGED7410DB25687847038308328B5F4450A3,1kvLHVHGaGM
3ec3acbf8b2cf71625c9132be2a67df4,HGED537065862D6449AEA7815F64CEDEC870,1kwKp6AuFFU
e67626424b9925a929b27b9a0079d90e,HGED85D2CA90BA1A46E78F1A8D41A421352E,1kwfYBOEJCw
08960763c1ecc545b3b29985d1f1fb70,HGED42E353871E9D40CBB3A6EEF8DBE6A60B,1ky-JUtBnzg
3da9ab6e1656bf03ff1383d28e2de5c9,HGED68129A7CD64946ED846FBABD2627D68D,1l0Yp3SV7ec
84b9ed6dab204f949a4c4f82938ec19c,HGEDA2D9CD577C344F6AA45A10B78A8C21B6,1l1CqLTMoIg
c9bdf7c45f6f09b7ca36a804e6379cfe,HGEDA5AC33281B234A6FAB536BECEA7171AB,1l2bTU6I7x0
fb1bed2c320bfb754cc92339a1e76c93,HGED521EEA157EB44383BDFF4216953FCF01,1l5wpjf3veQ
b3fe32728f69166dfa3f41ad236dce39,HGED9D924D00DC1B42E8803F70AD41F3B47D,1lACAWtxopM
bcdde085e9dedec52a6c753c7a76ebc9,HGEDDDAA2CF708124C88B287A385483F040E,1lCDqFnQfKs
6ab9f3840f8f5bb423afff187b831191,HGED6C5ECE7E9A4544479F62EF2CD8B5A16A,1lE1YLiQlew
7da72f9c543cbe776d5c70d36183a962,HGED2482FAF37CC2453C9C8F94ABD93812E8,1lFZXViyle4
d53544f5f25a10ce6c3e74b724f4d1a5,HGED2AFD74EFE31B438CB6A4FF0AA7825B26,1lHmj10LkSs
58b0f990fd1e199b4003ca49133969e1,HGED74FFBDD1D4384B5C817E735863CE188C,1lFlythZ0I4
a75475dd8b2310f539bf679fffe3e352,HGED9BE3544CC7684DACBE72C751E1B84B4B,1lG0Bup-4dY
86fe26b8260cbd8cd011168d888b82bd,HGED3849D9ECB14A4DD980B30E591F904438,1lGOn1cbULw
7f80a59e675dad7ae6e9fa56040100d8,HGEDB90DA0D67E884BFF8D756DB2D6E8ED66,1lGhKTLb0Rs
ec4b498f1d4ecc5110969cbeb364e036,HGED7FB2E35AEA2A48638A6BD9BC8FC87601,1lHXHqVLwi4
fe202ce88e933f3b70a4632700d34277,HGEDF7D37085F3994C8BAA9DB14D0B59B095,1lI4uQTWyH4
c8183f6e489e1370cf46455d225f518d,HGEDB03827BD43A74BF9871856AB665D1B6A,1lIOj8P6MfI
092829b51b4a3f97a7dd39f6f9e4dd0b,HGED6CB1922C731A4766A98BBD99CCB16699,1lJAv2ZiI8k
1c93516306cb62119ea51258a0d7f4de,HGED450F71137704497F816B9037E8612B49,1lJT4r486Lc
1a97993dbdb45614950b277cd21df121,HGED9CEE0936462941A49CB3532AB4960EDF,1lKoqVXEiCc
f09e1329a7b4f17d6224315c727af2df,HGED093CDE0207ED4AD7883B2109C2647B16,1lL38yHOgBI
b2e53a39aacaa5d6e74f65bb166eea08,HGED39625C20DF544AA5941D164071A04449,1lLqEK1nv98
371e767fa740f27f245147237c1fa45c,HGED53213A30E4E84668990715781ED5C0D5,1lW5aO9w7-I
5c7f7505bd704e080ce784110e024445,HGEDCEEF562C80224B329FF403877CD103FD,1lMYQ05hVpA
b5b0f92872c07f793783e019d8a40748,HGEDFAABA8EA03A64A94A72D31421A6B6AFA,1lO1T0EWg-M
b58a5630e8f6848340c7a52ba8eb51c5,HGEDB5ED4819ABED485C8F0B3FE3C8FBF919,1lO9_gma-wg
2df0f32440713943619a1f4045737c20,HGED3913C9D6475447ED96B2CEC94A78F6B1,1lOKYAfsoTg
c3c3c19080c9aeef11c83be1a8699600,HGED93A60AED95384652866D5DC932AA35A4,1lONyaUq4Jk
7659221b0ae0d8e4ccd2083a1edebe96,HGED6034871AE1A64EDEBDF4C19708751657,1lQg48omEck
df6cc07fe1f751da8043475025e9bf61,HGED33A3A3928A0040F3A7BDFD847C63D87F,1lRRiY4qeaY
afb1d4bfaa90cbc143444812419accd0,HGEDB09279409B9C40BDBA18B7B14ACF43A0,1lX_D3Gf6ZM
243921cab5453126aaf43089cca50ed3,HGED2D88152885AD4D0C8BBB6ADEBAD44174,1lXsO89SPPY
1ce0a0ad764fe694789deb617eaee65e,HGED7C42B9A5DDF24EA2A7D35B0271865CD6,1lb54r-4IZ4
5c5277d8ddc9acb95e1cb7863eed36dc,HGEDCF066EA37B5242F4B3246CC033F96CC2,1lbQ8MiNpN4
918895cfb087e1fc1ada964b509c2437,HGED1A77640D9A434BB19DFDC491EFCE7184,1lcd7gmTcp4
9e26e90c9d8e639157dcc45b5d112c5a,HGEDE6684AFC764847328193B3B6AECB3AB1,1le4OwlYl7k
2661c71983f24ec3c2327ee82c995fa6,HGED4342FA09FC1440EE84D3448320D9471E,1lgDh6rEDAA
213f80615ef142005587879d2af47312,HGEDE184786222E44AAFB1567765D9F2DBBC,1llTmcArIXE
026fa04f9815e51c6064ceaafebf2dda,HGED046A47E4759741DA80F3FFD52342983A,1lhBDWCr4BE
c2df5e93b41a504caac604ff18867749,HGEDFE1C2FF2CFB948F5BED2C097F2EAC0E4,1ljlAruzDK8
f7374b9157f1bf2e8383bd0cde5615ba,HGEDE768A3CE123C49DD8C53B9EC694A1120,1llYqXTE0Fk
72bdae1f2ffbcc5b00fb29cb239fd052,HGED9C902E837BFC4B1FAB4B6793D1D68477,1lkg7bZdYtc
0eb1c831451dfd1558856155f273214d,HGEDB58324EBA1DB4ED2BE8CA97ED388A3F0,1llGkPngpuk
c32acebfe54a95852737963e18786d33,HGED0AFAFD87C1AA4AC9AD58C7B70B363A63,1lnqxeqg0tU
7d90f7c796cd3ac810500f45f80f5201,HGEDB1D1C5A83E50453B954CBF3CA413A9DA,1lptrimG7ZM
375f8926e5fd1cd3dccb2c6ee2a860f2,HGEDBDE5FB410884420985BB8AC36DB0E0B4,1lqKFhTEpQ8
d1e23bdba7018f3ed4606c64784c14b2,HGED5C995E45BB8242B794E3F0B0F7887FA9,1lraQkAgp34
6d8c3217ae2b76062e11ee89afde1be8,HGED34FA934D79324B26B76C1FC5A0FF0A80,1lsqhefryrg
a01f2d15d11544890f737a2eca0e29ba,HGED6EFB60D763E043BA9B3042A569BA62AE,1lt891PXPIw
cf1419ee308a4fad2ceb5d8312b73da4,HGED327B777FD3264A7B8E56A074044618C4,1lth0Fx0FdA
e66012b6961cb6938447ff8f69290264,HGED5B473DD00BD94F3F8F0670B866EFBD28,1luXEtpFiyM
7a155dcc0e7d8a1a5f85d8a156ba4582,HGEDB3799000F1964237AA48E6102EEA6DBF,1luaDXv-gtc
6ebdf5b4f3b0627ec4ec908afd2001ad,HGED0D46D8988A7C401CA9C947EB6B2DE491,1lydzsEUJNc
6fbe6192591c90aec75e3d5bfd0b39c7,HGED35990DC9BD24489497E6CB5A8827C5CC,1m0LuS6mE38
c229ed6b91e643266f9ceb5f672c73d1,HGEDEBA2AB9F76FA479E890E1EA2A62124C9,1m0lNaI1QHw
4ce98f01943921cdf8718b9bbac29b5a,HGED25A1BCEFF8274F939C7801966B90317A,1m2HwTY8sZo
ac7d53ef8c703b5ee7b9ade894f25a2c,HGEDF33C9AFD51D44D92BE5E01AAED06D64F,1m4XzM9Lm9k
5646ac84297a38ba5421cf474cedb8af,HGED5BE0560AE2474AD4B9D07792338B3F76,1mAr-bB8wyI
e2e3f3967e02bf8cc7cab25e81c0b20a,HGEDB7339F64336D4F779624FAE2F261A1A9,1mCBCy4JC1I
745b3202cf3de8bd8aa54a39461a84f9,HGEDF4C090EC4D3A47FF9F5208D402509BD9,1mD7S0id5aw
900a4783293c845e186aa0f7190a6f43,HGED04855838B2BF4471805BFEEC16BD9C26,1mLS7_ByA4M
a180d8f3f059add1e7d11e77c5923fd0,HGED7404D2417B9A41F28C7EAD1FC3696398,1mQNhRBxJco
8e69ce50cdec38c21d11d0d0ae379cbc,HGED8BF395C92E09460F9077DF863BC2FA5E,1mRlKb28ZPU
64721801d0cea8a779be99a3fd215d24,HGED6497A947AC834D23825E7F7A06EB4CCD,1mSil3KF7-w
47aedabe1e3b3a5bb3e136ae03ab54f9,HGEDB62C49EA9D834D649A3FC2B0D5B48E0D,1mTIa_bisJQ
1b7c35de1358e3a7178ec23d82212216,HGED7EC12C403BF14A83841B51AF5A6F5866,1mfjA4VOFDw
7724d2e7c63e13589884b950ee20b71b,HGED4A4F6F9FC072428EAD28E87FF46B0133,1mXklXFch2k
413ea7f85465a46f528f81acbf0fbd07,HGED29F20ABB78814BE0A8CC70F5ED423EBF,1mXo2uzCgWU
75d3bca1090b6571478e013e62edcc2c,HGED03BEF2EE826E4DCCB85B0045E838FFAE,1mcwuG3eT9s
d18cd0fad2ef68f81d0c00d82db1a0dc,HGEDB5B5BB961D9C4983806354DD47790199,1mdDsrk-NqQ
548806cde667e1d062a022f9472dbd62,HGED51D21D99F01D43CDAEDD673BC6790CF0,1meaN1aPHI4
fe2e2139a833259146165c553469fa77,HGEDA94444A014374372AFC9AA437D498B30,1mh3R7jWhDY
6810cc72ef5f24f24c35b537452c9326,HGED1ACD5BD5603E4A719A7962FC3F602797,1mhUEeSa-hc
6cbe9676a8b5b4ea8382909a767627b7,HGED0AB5D576BC3548C092B9A2387F9FF6E0,1mi3kt0bJVQ
08f2b437e5c946917f64931bf226f5cd,HGEDEC28CE1BE5FC4F5CBB0CBE88EB05E2F7,1mit4Z133Js
893b273bb468dda1dca0ad863fbcadcb,HGED2F20DDC915DD48999FB475A8C191BFBE,1mj75h4t3BY
92acf4240a7ffdc5ca03abece4fa4b78,HGEDBBC333F0CDAE43F991A404D3FB416241,1mkMra-I5OA
ab77d251f40a115e1e5c269d9c548e8e,HGED8D4BDE2C036E46B79A26E2940EFDFCC6,1n6SKGfpAv4
c3b0bf5e2aea5ede7da4d4f5bde1bb8c,HGEDF335C421147E440E9A50F9BE9872599A,1mmecHMDJqk
8309a6f4f365aa044226a5b5b548aca2,HGEDF06E6FEC6CEE423689E745C50AECA6EC,1mq_Y0yBZls
859b7d781ae189c2a92433ac6ef8b927,HGEDBE32D7876D3C4718AD368F90D3E1304D,1mt9BsMzAPI
fd07cbe5ee9224919a3cf1e352f8cdc3,HGEDB3C897680D2C4561B587112BA5EE8108,1mtI0X293Y4
96a21c863b515d29b3370c6a1a8a22f6,HGED2A672D2E197D4ED9B4B281BABBAD52F1,1mtU5uj306c
d761994d9d568f9f50258422a3ebe106,HGED0E4FD767606D46E194C17B9FFDF0F3DC,1mvJ8p9Opjk
d0aed3e1bdc7a1b76b3a4e4ec9c87cf3,HGED3A2D001B79864709A87C98DCB7CA9557,1mzUuB9dvfA
b2f650e38ebc818225d52f64c01eccfb,HGED801283FF25A54CDBBE19060033498720,1n33dAVP6HU
e703297a90f08b87a837d8e3ddf74276,HGEDC0E700DCAE2D41959DF175E423EC33C2,1n749awcMQ4
90ca786a31232e1e374f8728d158b125,HGEDFFD8CCD8521A454693E5B8DA1D5CDEE2,1n3hLjvQhd8
b52c9938a35813d234dad5cf6d55a951,HGEDC855347B7A3D41F384B91D14179C3542,1nAKC4bftNI
0dbd568721938280b6933ff951ae376c,HGEDD78E9BD75D4D4AF2A7C13D7BE838F033,1n8ahQ2kFTY
6005dfba2542c877fb3f9543889bf6bc,HGED5D940B40C27F43B7A78EC2A0F3599DB9,1nGK4SDKavY
1a47c6328c3a58b071def1f9af825f77,HGED0A64DD05ABC744E4BAAFCD4D6E541A0E,1nHfpanMLlw
b9b2e658f723022869ada7e8159990e6,HGED35C9ECE29DA5435091754D7A819BA261,1nJfWrJNvg8
aa8189810d87744fcda864865bc3c3e6,HGED2CD6108F22E84A0D9C329A26FD4ABE95,1nM8G_xgYuY
9edbf6ec63042da90add035cdaab6f29,HGEDE539BA1057AE4CC2AA7D5D74C3317F20,1nNSAlxJzdo
ca5615a0dd84926631ff7ce4ed545e35,HGED069BAE0D0EE043F8A5BDB58426A020EE,1nNW2j7A7Ew
d77fa5ddadbe628cf38dad226768a432,HGED0E9E9555C684473B8C0B781B5D54247D,1nNhDFEQnTM
3c7e78ece65a89baff9b3c0e61e561fa,HGED86B68A5E85934FB5B943AA8F3B2F4A4D,1nNm1B2iJtQ
41469167a8cb95c553d456993964b1ce,HGEDF223BD8BE19C41B4A200C25E37304242,1nPbSEBCg1k
10769b0528f20c4a1f35b1127d7161ff,HGED426D75FCA9F94316B20C8E92F06593B8,1nT-YVDCKlU
f0dfcec6bfd667cc450737904b1d8ff6,HGEDC18EDA1EAEDC482AACE308E94828A322,1nX7Ysypwrc
4da2c848180613b9fd1eca128009b3c0,HGED4684C4B09FD64EBE96D069B70153AC16,1nY31Q2iSJQ
c9eba6c9e31e837631f06a36bc5817d9,HGEDCBC9E3E70CEA49798FF87A71D745A896,1nmk3fNyCOQ
e060326aa6570ce26b21034e8f23d3fd,HGED9EF5CA2DAE7E48BCBA9BF303F475A7BB,1ngX9ZBlfKo
e419ff3dd3c3be9d1c2f9724b88073ae,HGED3428FCC69B5F47DDBAE8C80A95C164DF,1nmp9vGMOUc
f6993cf191aee26f18d9fef4d56067d9,HGED75164107C16B48CD846325CA3DECC1BC,1njQOhuZgN0
5652abc2e9ebbbf1869c723133b2155e,HGED64B572CD539C463087184102EFB3A75D,1nlvDmgNTC4
4e24a3cb9276e73e2b82764d58b75809,HGEDE2D39D1629A84FA0BABC47DB3655944B,1nqKvhIeToA
ce42c6a472b1352b3f17834a99b66863,HGED6F11077184B648CD9E17342B148F9DD3,1nqRgCm5d4g
749a4463e0f2895fb7adb99a166f0893,HGED82DEF1113A9C4548A89A8CB8A8274F9F,1ns5rooq_uc
e49728b016341badafbedcd3ae859917,HGEDEE21F7530C6B4345AFE57AFF2B13A464,1nsNKofOsRo
b20ce8a6d4926f852daaf0db43eb17c6,HGEDF25B1B31C09C44428F657A5EE76FD7BD,1ntFOJtBjY8
bbdef4d23a4684ec75c515a13761d033,HGED1C85B9AF0ABD4EDA97F19C47B3D8CF16,1nuPF3c1cVk
67793fcbc65cc3c12141450e0db531d0,HGED5E0EF264E3654F42A640896CFAE1A7EA,1nvRvYPGGvM
831b6aa955b0bc2bd7287211aa116fed,HGEDB10692D753E64C2D9154847C38553A16,1nvc5X8dj6Y
b753839df854989d5b0195d458513914,HGEDFECFCCCF1B334FC0AB7034E3AD9A23EA,1nyLUFilPe8
988e214a42c9fef54f829312360591f6,HGED8E152FE0AD074D90BC997071B939A542,1o3FrIsdIsQ
76851627ac63c95539a322ad3c6b5ee4,HGED0DC423D0622E49FFA49DFC0358E95E23,1o7nK8eoKpk
f4cbe24b7254c8698b6a778af0df3340,HGEDBBD4337CBF5643F282FC281317937E0A,1o8_2FEsCtI
6e218e791864a0444d11cb3dd95ce0b0,HGED8DE597D259164FDBA52455CDE520BFE6,1oDu0VswCwY
f0ca27c2fc1346015cbbbf5c10f1bfd2,HGED804BFE00B3864E9BA81BD338260AFC16,1oG1gSvi06Q
2b609abeca51a48807ac45d8624dab30,HGED99D0873D411B46D3BF54CDEFDB53F752,1oIVVaAFp-c
537123015a5ffdcd75f0a9f4f212b54c,HGED29DA6ADAD1F5496E929E7E001E848F8D,1oIwSao1zZ8
d36569d43858bdca7d0a0e3e7067290d,HGED101379A7DA5640DD9553657486D08EF8,1oM0eJXlC-Y
849cca70fbe3bcfc5d8d3e6abd9d421b,HGEDBCA495E9EB57409D9C7BCA726EA0176F,1oS6Y2uXP7Q
29a735ddab11a146f35abb5586393fa4,HGED85123A49F425491A901DFE93500C14AA,1oSjEI5BfE0
bd245ce9aaff2948d6211c24fcd7fc0e,HGEDEC8883DCD00247F9A8A55F86B5E90CC7,1oUb703yi80
fa6c969a9d32e6e7ac59d3884888ea70,HGED75BE04A59DA04C27833072F044AF050F,1oVZYzYnHbk
63228c8613ceac33518cccdce91f06cf,HGEDF33007381F5E4C2AB2AA49C73233A5A4,1oWH634J7sE
be6758d3016dbf5065dbc579c484a866,HGEDAB824049DF1247F2A9C721C1CA714801,1oY-beTODjs
0d03edf61667775d03bf3dc89a5a9172,HGED0416A9469067462DA3899B1993CF5DB0,1oYzvP3RIL8
e8fc787f4ffef8ef974b5e3bfabc3bec,HGEDB61AF82AB94145C0A5E713B44797515A,1o_R6-62TBo
ed66e32fa5a45fd095a06c42616a3e08,HGED6BD6B2DD0EA9420F82EAFD79B077804E,1obEozlkGn0
5b3957aaead7aa04b03b536cfe6a50f6,HGED6861017BB1FE44F2B1904A1B93D0CFEA,1odlRpv-vXE
5929ee93d8f7361c4406e278d657417e,HGED205622D9630C4B6498DCBDA4A38BD456,1oh6AYAvLhg
818829b7d95746997493edd77ea80048,HGEDFC1A93868ADA4D46B8EE10B208687E1F,1ohjNgk1dbY
c3517ebede028926e9d1e4472bca474d,HGEDC3BBF1B83EB141F38B0D0338241728FF,1oioNp3MMdI
56f6d84100c3caf5e897f48ddfbcf2d1,HGEDAD01B86BABE344B6B2615F26AD6F381A,1oiotkaPgeY
6e32a8bcd307858d0cc4964f650c0b9b,HGED8CADF4A26EF649DC81F2CA54FB22DD0B,1oqfhVB_tac
9e5de37163ed3fceba3ac611bc59f840,HGED9C22F62260F1427182A9D89B4D286F84,1onlFZ6NIvY
1db699f3766b9187968d9567537c8b5d,HGED34217AD5758D4F829840E97DB40D5407,1ooGeQg7zms
95b2bc8f9b30d7131701cf35eb637d0a,HGED51735D131E18457FA32AF5648505FBB3,1oqRNjTFrKE
afd521edf1990a8a1687d6a3d503b3ac,HGED7F079BBB37194196BE1FC6E2E79B45A8,1ou2bPpueSg
71389c6a650df9e0105d2c8a834faf02,HGEDAD0CB3429AC54CD0AD64C82C2F3A4C12,1p75GVHQdpk
34cfc8feaa24f9e2b0dc51b3787dc080,HGEDE32F7DB100564A5686AFE74A3F16F7F4,1ovAqVoI6Hg
ea8686b8dbf716a7f46de6df877f5239,HGED73A4DAE5A9C14A03A5E7E609A1A64BAA,1p7Q5V82PnQ
d541fcfd2a7911e32afe8f65f04bab5b,HGED21166736F079440DB4EC7B7DB2E3DDE3,1owqiSLS3_Q
ecd71d30652aa8221531ced67ce0f0cf,HGEDFDC3992678CC4F669F437ED81A4BC1CA,1owtV6l4YSU
e697d0ba18c9f9d7b26b20b34750d610,HGEDEE3FBCBD10EE4B6EB74392614CCB2ECE,1p-1oo3Ls2k
43b33e3af99ea1ee3a828070a4ecb99a,HGED36C2B1C94DE74E2298361D30A675DF34,1p2ym9YA4wk
d97706351114fe95847ac14dc294932c,HGED2C725474576E49949BCD790F9D1C4F62,1p691p5ohU0
9187b0aeef73ddc65cff56c1532e27b3,HGED8029CBBEFFC64E9AB10041C31FF0087C,1p7lf65JOaY
a9bbee6a3875ef6c2900190e108ef647,HGED27F0F10768E646CDB4E1AD09DC2FF8AB,1p9DQbr-SfU
fe2573344f90a7f5d887f141d0e5200a,HGED0416A9469067462DA3899B1993CF5DB0,1pFrY0dfTmw
24b30ea0fa18ece3b921adaeebed4f72,HGED94785A08F24E4F89985A26C752924435,1pG5guRUaQA
37a0ade50492a4d0fadffff62e57b29c,HGED75B6CCB1264B4049A8B971A4B18228E6,1pIGE7LIOEc
4493080ef0a72862fd3dc25095c38864,HGED192AC6B718BB40DCA0AE72AC9F71E01C,1pIwoe3UXRU
ca45eb006dbdd668a0855360ce5e68e9,HGEDDA7A571F3E10452D89BB4FD5515AF3DC,1pJkSJJglt0
dee1229343058f3d3456debc79922df5,HGED07ABC9A5569E4EF5A0FBA9BF122B2AB7,1pKo0jYJgQo
65f2f33875f4bb54342250831105bda7,HGEDBAC13824CD25401BB9844FDF4E801325,1pLjbdeF8Wg
cf8408e5155db8c70227129d2bf5a21d,HGEDEB67E79D303B4B2F865930ADBF43AD0E,1pLmYnlt53U
344b2ef86abfde00b4bd194e61d33361,HGED1DC5F5A576A3486AAC3E58483016F6BA,1pN62InR6W4
e22425ec4eb99edb843c19de8462a1ca,HGEDE308A0B7EE0F4A6E9B77443E8915568F,1pO8F1n5420
d6429c7235129842dd995c96e20e3d0c,HGED0F17710902954830B00E0784020BB770,1pTpL6vMM7w
30eb4603d4da73e4d0ea4bdc20fbdc13,HGEDBDBFAC239FC84BF19449E2FA6EEFE108,1pWxALjsjjw
32af05afc898d60945eb797fb006ed89,HGED72D790BCBE364311AD7E6FA495278ECC,1pX85LtcmZc
a5a7d343fd2356b877818df1ddcae2c3,HGED711C821BA3874073BB7918A538468627,1pZHNsjXdIE
d8e465ccddb03180896779f19f0d3877,HGEDCD03C408A1D1499A8BE6C7B5E95F930D,1pbMS_xyBC0
b587c9085aa2492a447c05909e0d2601,HGED8E152FE0AD074D90BC997071B939A542,1pg7cVi_N2A
b345c957c54f49142327f914e5b785b5,HGEDDA8DBC6200BC410AB8906EC83A9D4959,1phBRMFY1g8
05cc8def50e6417fc7de8e5652af5345,HGED51783A66CC30464786FA4DC3D22A9713,1piqjVsvYik
f62652cd7206e82e240a4da4dc4e51d4,HGED77A321952544487E87AFD64A796F6BEC,1pisNhBWvQQ
4c057f2cc8e09a8be1f77c5220158d45,HGED7FFFBD5F4A374C45986BDF648EF5DD1D,1pjKLbNGCvk
1801cee9aabf8b83640d5f222491de41,HGED8847D57563F74978AF94289532198B5F,1pk3Mp1FBZQ
c658ca45d41acdd988b5a76616bcc4cc,HGED070F66EAFF104937936A21C1766EE761,1poW6gDFSOk
638ef2e9efbccbb13ef5e09b987bf3ca,HGED90A1A825243E4904BED4508269B8A24B,1prQqVeQDLY
f596a4dac8a630f26dc1c18608265684,HGEDA6EBBC00F1F2408B9BC2F33CEF9163F7,1psR0NbSMWU
5a42b069a5ef1f20d7ad3f06912b4be9,HGED9591B947CEB74F4DB5CBC421D123EA7A,1pt_22Q0ZLs
f5036cc019972108d60d612515837127,HGED655EECA9A54145C29DA9B0B3A9C0DB1D,1puHfmYsNDM
96ec136ab186cf867dff7b3ddc5dfd06,HGED92DA0ABB434C48C5A4D3B1207685134A,1puMqt098qs
d9914dbdbbc9fa3405ef9af09493ea11,HGEDF4F130A8CDBB403EBE455422FFA5706D,1pwTrrOtW5A
5ed9468e1f4e0fe51d6426bbb61d0c2e,HGED0EFFC1E8686B435ABF0EAEDB4F46D024,1pxUW4YdAuI
105caf5240aa5e80aa61af3262cb7b1f,HGEDD8F8D590770A45EF81843A2ABFFE3086,1pyljtpXAbU
dbd2d6cca68ca054dcdc3b69196b21ac,HGEDFBB94F8089504039A2B1BCCAB86DE4B2,1pzBPFyxhqs
dc48ef9edc9f94e4bd65a9dfd40a0bec,HGEDA31C0FC69B884E79A5E971194E03DDCC,1q8W001HZwA
5cf7462bbbbd2f0924e936ce08fa5158,HGED75D1BF54FF0C4E1E8E249604D5A699C0,1q5sidHwASU
54503b0c2e88a4faa2d887f347129c74,HGED9055F4C50D714F46B9935AFDF9061C86,1q7gh7_yiKo
ed0dfe3e340d3d0a5d429e7253e904e1,HGEDA0C6276B16334F17BFDCD7190464F6C2,1q9fMqI0VCI
792a8d86d9afc2a5d5069ec3218dc9d9,HGED7C82FFF85B22430DBD9B89CF98AF8575,1qBDC-BJb-k
bbdf5df6d24e3c522820d7f8eb19c7e8,HGEDA7A391C301EE49FA9D24DB0A1A1A2EF3,1qE1Al7l8ZU
6021d9a6f06c9ba83c557e83f1ff65d1,HGED1DF58AD905DB4531B81B98110BB6E077,1qFJ0dohHyI
c6e3090ff28d0162539dae50006acab4,HGED56688BA11E124C62AD98326123844A57,1qFnLyi3Z64
c6d18b4fbbd4297f1de11d88946701b4,HGEDC4E01730C0074BBF9A057D54B086A9C5,1qFoIY9PAA8
3347cc340ba0017d5dcf2095b6cbcfd7,HGEDABDBF93FC9B84C7E98F07C9761279384,1qGCqDazEwY
e16b1720011ece82c30b3c0ee7c05539,HGED6ED7664B9D3E4D9C9BF198EE1D6ED583,1qH9gayC30c
58132f16e0efc75c8c166115096bdb4b,HGED78663A7938EF407CB04C55E9F7A5243F,1qJzS0QEQvU
a452dde3a58327abb418e0f0ca47cfc0,HGEDE0A6BB11FD9B4A9AA3CBA3AEDE46062D,1qNjKFfHypI
7f68c8d959e8fff22941d2b2294eac52,HGEDD01B508C56BA4BB190069C6782DC7CE3,1qPHWzyHBsc
95001ed8314abcbceff7044fcb043836,HGEDCD82E916081649C0AF67AC84F6E41522,1qTZm9bjrro
8fd7d843c3322edc3c9b39c8643b9354,HGEDFA73A334185D4724B64B6C6A593DEAF0,1qThAZ5aE-M
6e74b56f049b89f88e875832f7f36d41,HGEDFBEE73C4653F4D03A51D790D6CE194C0,1qWI_Cb2bl4
93b74148ba736b3d58854f7b5cc1fb52,HGED547FEBFD664D453299FF3495547AC75F,1qcIVDdbhNg
781e6ed1e6b37f036d9d9db089f4b001,HGED4DAD4DD215FC4AE683EC64480EA21F38,1qXmpt3xgzc
a00f14ce2bd355595f7206659fb8cefd,HGEDD06C4AFAFA6643469BD6FADD6B5E607A,1qY40ECMwQE
ef4fbd35bf39f77b759baa916ae99642,HGED94DFC6370AD74239AF6603445B26BEFB,1qYQy4ghxRU
16cca765eb248e7ea2a6aabb7dbafd0e,HGEDDFF000E8C28344968D35FFD12737E9B0,1qcK2djXSxg
8829e910e222c9b5120e6ce811805eb0,HGED987207E3C16747BE85D4ACCB1F80859C,1qeOBldrmXA
990b8e0533ded5d6e6aa6b09be305d10,HGEDBC232E7554DE4F4F93DED6226CAA9B93,1qePMewHPNc
84e0a1d32cd70334a4b1b179063c9f3f,HGED6033FB54406C474CBABEBD7731A597B7,1qg92vocONs
06993667e212b55efbcee71a8cb49df5,HGED3F64D18B878341A0AE3232DBA90C969B,1qnMhtmmjDg
01093acfda3369d617023028844dc6ef,HGEDC1831B726B334F7A847A2D2FC6018FDF,1qnoczadcvQ
7d72367c3a946cd072c463245083b5f1,HGEDA998B51D8FD8493FA28D4FF08234BA0A,1qpjog9sxmM
54875c5cffd64702b0a401ad2d010345,HGED9BDA100CAD56481FA71F23515CF0B6CA,1qrHhlpEdl8
4f54dad8efba5ec9b26ac9a1e33a5f2d,HGED5CC0293E759748BDB4B4D09B1E0FCE14,1qsUSY9OQHo
cfa436aa62a565f6285257186598254f,HGEDA5AD5A5865264353931057DC826F22CC,1quQkeVgEkc
b731cd5885e8a5977cac94317f731b58,HGED9E38AD7CDAEF4260BFB916ABB74C671B,1qwraxfz1zc
874a12f2581772258c1ee33a4f2410f2,HGEDB18DCF69F90B413BA0E00D9DB291D9D3,1qx2c-ZJoto
5a2209e2f8ec05921556b7f0660ff101,HGED40D7EE84EA314FAD94FE0736A6260FE4,1qxXi-_XDkU
b662c32fa950b1da5e24e8224a78e6ba,HGED50E6A892FE644D7A85EFB6DE08ECC4D2,1qxebR0JwBQ
4d81009cf71c5a709a65eb14cf06e4d2,HGED2956A6E7C57946DB9A1ACD87C0F0A109,1qyZsaOrqRQ
da31a17df541dc400d02c5d7f987a164,HGEDF1CF891D8B17494A8969815B36CE4C91,1r-rQuZg2nY
97e1e1f0240f54c45635d9814fca522e,HGED981798B6FD604314B62D25B316AB6007,1r01Ehc2CSU
e42358fb92f8168aa6ee02b2cf25b002,HGED29F7F4589C074D7680EFF7BE05878964,1r5pzEyWeyM
d04ccae0ae92128cb47b96e2690af9c1,HGED60112FBA3CFD414AB187639A1095ADA9,1r796v0493A
f9778bb2e1cc6ae0fee70686af2ceac6,HGED43A25BB5BAE547FCBFCF32D3BAEACB03,1r8mSkYrgDo
6f3486545d982407ddb819bf8cd8ec9d,HGED4C7F1C0CB8614A2DAE4D82041B9561A7,1rCKOUMKIrU
838caec9ad2addd8abe1525d046fd55b,HGED77E2BBF9A57044A9B6078A51C154CDCF,1rEqaXlcD7o
98f658bdeda6b498aa7f50e7eb56fb5f,HGED3FFFA6CE539E4360BB0E20CD442FE585,1rMHG57Uj8c
8283ae519ff968621e80909d26a3ac1b,HGEDC9029843F2E6454395766FBDBEFEDB6C,1rJs1lm3Xns
923b9a5b10683772092b63e615070f16,HGED2CF6F8F0570640FEA693CFF0052EA55B,1rO4NTmzqPc
d38910955a38baeb2cdf8d9b4c65a279,HGED17498E31A3114E92AD9D6D68537D119B,1rOUoCwFHyk
aecc9aefe3301b386be24a8befc2d0de,HGED9C4BC48144C6484BAD336667A8F2A722,1rQBaAQQZB0
5a4b749c2174ea69d65a255cc419772b,HGED768C67D9E1F0405FB555C3C29E6665A2,1rYw7Xx1pms
e67eecde2a69b460d1d7f3169159fe9c,HGED7D359EF5A9A841448CCAB3CC4ADE69C2,1rgkCLz_oVc
1784fce01df3eda2da1d021241dc2095,HGEDB169D52E9A444B18B2E5171F4A0E5EF2,1rkRdsiCKII
7aad156830ff159994d0eeb9ac4ef8d1,HGEDF94BFB047DF54B8EA121788F28E31F29,1rioMKoalEY
40621169e0db18b83604241480206e35,HGEDAD58963E302F4D59A86B06967A606878,1riwRRQsgUE
27714d0ab4220935d17ac9ebcbfa4dab,HGED26AD5178F4884B15A11726D93DA16A35,1rj3KNmAwrY
23f88ec0cac3480a68f4064a6e2fbae9,HGEDA52066BE4A0E45A0A7FB47E38C2ED5AE,1rlMLFZLNuc
508d57f7c7cfb0ce708d86c5260c1349,HGED1EA617CE172B4C3CBF6C6261E7139258,1rnI5l9dT8c
331c8c84f5e1ccd332d868c8c944963c,HGED5F3A5191CD1641639EE5B73C4EC98E87,1rpeCCsCuSY
9aedd00ebb996fc82e223527c56908a7,HGED1BC15B0777D745F6835188A74CCD62D5,1rqqHPcvgEE
2a97dcbcdf50a93e7c34a81369871ae2,HGED64E3569884404794B8DF67F4FCD401EB,1rqy_Yg2YrQ
811bfa35972cd274b71d623052e3d94f,HGED24FB7314894F4C698E8E3E284BC8E1D7,1rr0duZNxig
14b29fa32a0ec03734b5f26d8ed990ef,HGED1EE76E795133494D946C9FE6065435B1,1rt7gkl49Ks
89394f544f87e3bbf35037ef712320e2,HGEDD7C9ADE593774093BF3A1F4767DCBC9C,1rtBH0uomNY
5c717c8fdc9f228a59468a3c82cada99,HGED85394E10144A45D1A799BB74EE7F2BFD,1rv0CYvrhDU
12e4fd0490589cc8ea6cc29e32130f2c,HGED9A4B93C93B1A4EEFA7785FE8CBB6ED5E,1s-btLkl1yI
65008548697fef96699c1e52fd39a07c,HGED49BE1DFAEA294B6EB0B611A4BF61325E,1sExq5VamsM
ae93bdba8b056baeae91b648c9f51ec3,HGEDC1CE69E42CBC4221BCC115EF61F6B595,1t3dXcT9ujI
24b809a3f745d04284cf24d005ab72ce,HGEDEF0FE7EEEC9B45859256CDD748F23EEF,1s7cR3N6qIs
7657292c43a20ed2a740ee47ea86daf9,HGEDC362BAE9E21F4C14818A399BAFD2190C,1s8cRxb_fK8
790688defab8f462e9753a74cdfa6fff,HGED6A921A4EC9714D9F9A3BBA688A73C080,1sH4A21vLhA
a994b7d32a58cdfed331763a296691cc,HGED8ABADB55B3904A61A941769791ED4B66,1sDeQB9sYPY
ecd4b0281b003d96f2a1594c51a9fee6,HGED7A29DDF872554E798383D76E5D0EFA5B,1sH_HhQ3eMI
5359bee12d9fb9ce7e65ea5cde51b9b9,HGEDF871FB7ADF8640A79BABE5A5C136B5E9,1sDzWutqzTU
05629d6a9a7ba5d63a335e4899b7db60,HGED3B28FA4545984820B7C585515F4826F9,1sE4z4qHdbc
a4f498e4d500ecca4c14aae027e0a370,HGED0BC41169C128474497C2DC66D72EF0AC,1sG9zMjZIwg
0f09bc082f4361f424ca34de8edceb02,HGEDDEA939B52863445EB7EAF7AFB755A3EF,1sGQybt1mUc
1714539d7d3fa0691ac291e8ad571242,HGED49485789AD80440EBDA2C2A503902F20,1sGgX9N_Lfg
0fe3e0d0ea0ed787eb825a18e8aa1b1a,HGEDE19096CCA9B54777997E39F880087BD1,1sIMtmjWmpc
342b3f1525a1aacf87637bf4145fbdb9,HGED533FA3E4F75F42A3B978E50C2EC51777,1sKgcmzgs10
cb9c693eecfc99f173d251750c9ce2d9,HGED7844E351CF6D412B90920E8111D3DB1C,1sLiREPMr2o
6f11cc9100ae9c49090ef614a06b4c6d,HGED25422331195A4DAA96FB3AF3757323D9,1sLivs2VRns
b044e5214505ff9ff19f2e5c70ad3394,HGEDF59239922B054B6E86F90F0C60FFC753,1sMUHPTvrvM
d6a37aaf81cd7a906197219abf48ef3a,HGEDF45C203CF1E7408094E050832E40EB13,1sMYOrTL90c
9598a57f77fa84134547c7102be779f5,HGED6CF4A1C46CC0468DACA689757BBDBEBD,1sMdIHXXGIc
9b4091d3dd9471cbed7b4128b5810660,HGED85B10DDF4F02402DA89B4F06A660C1BD,1sPtCpnordY
b25fb2b91df34d277fbf7d5e1f81d80b,HGEDB5022F6B2B37441D82F35C9BB6F68E91,1sZ46Z16arc
4b9c3119c5f87f92304ea851e9e71db8,HGED95505DA0114A4E6C98D6A12AC25DBE65,1sSAx2TXzHo
0220ce48babe5b32a109bf84cdf3e4bb,HGED2C5BA4049B2B45E0B6FFB0D17561C37D,1sTs-o9leHU
7028b71616fef13ab968fe361c6e12d3,HGEDB0B5C1C8D4564B48B2BF0DED2BB30F62,1sZG7K1pdnE
5a52ff71cb839426a62a6c15c0cf2543,HGEDC509ABC7EA7E46228F049DCF24159947,1sXc5VFArgQ
29844100e922949e37b8e8e0c8f00a60,HGEDC61AFE317A0E469E83E26A42EA21683A,1saECXW8PWg
69a836b88be10ad89525fad91ab71a35,HGED7C4D232CC11C4C68B386F3CC09C3D2C0,1saMWSPjQaw
a2e5f85ab2b81807d42d9d87df2e0a36,HGED6F06017AE1A64276AF6B32167F8B4C72,1saSFnGccro
2515ff4972ecd8ef277e307a3738d9e4,HGED52C05A95FC3A4B1D8079C585B1B87795,1sacpeoZXsI
e9b0764b19c1154e64cce7c17d0b51fc,HGED5EB0539FD95E4CA8B9EB51F869153328,1sgoc-A3mQw
288e0f54ebdea0a83c45f4befc0d6b3e,HGED5FC3775FBC1E44B48567DC69E3DADA55,1shhBoOh6D8
0059f5fcd7db9ccba863b8e69e6b6b43,HGEDB36BF80E2F1641CAA038111C1EFAA0F5,1siPBfzOr4o
3a586bde1ec49bca2abf9cb78d525cbc,HGED0955EC4FEBD34677AF50BDA0A85B7BBB,1sicHb8qWtg
21fec11b902556a618cd5fad58cfea25,HGEDCBED621AD2A24E07B9F9DECC4E171BED,1sjDaIJLOzg
608c38eeae808db8f6ce6950d15be576,HGED880C5F7EEDC7486F888DD7174CB98F34,1snMvGr3_O8
d6dd1e939111a001b558f54ea6532273,HGED00F4312B7CB04331BE2F47C7C70E3767,1snTLe1QM5g
074684dc43b8d581c0c601d0c3bbe5a3,HGED8FCB003F53C8402C99F766653F009CB0,1so-qEb4FIA
35e5333ace09f7abd148a4637db7fca9,HGED7C14AC77586540EF846AD566BDCA5B5C,1spGNuVRrSA
ef05c35a469357eb7596c7f4c4cd4a22,HGED152A5EF76E224CE79D96042CC88D91BA,1spOcy0zmPg
5cd8c213706e7406ec61f6610ea42d33,HGEDB4EAE54A30774FBC9C66CB81F0CCAD75,1sq1YFpSTk4
b8247928f926f744dcd8bbd0b3bbb422,HGED8E792E040DF54388B4BA175310807345,1stwLuaa8Ns
4d8535008df02241b059f8d37bddffa8,HGEDBE5FFC7E96EE4D70A4F31744BBF1C2D0,1t0dbU1qUqg
7617e3ee93ae4998e4c98c502fa8c294,HGED36555ECFD7814577BC6483A4331ACEAA,1t1bL0B8TRI
1889efc3c120f845391605463b8dd90c,HGED25EB81C94664442F8806BE465CC3C1F2,1t5w70ohHq8
fffd83ec65d62a52cd9c9ed1d23fa86e,HGEDFE1630BC55DC4F31BDEEE9C58405755A,1t9VITvRQYM
90ccbb9cced0493e43fda2a345a1047f,HGEDABF2ACBC899D483AA6182259990FA747,1t9vSPl8j20
ba86f0346c7de51938debeef37dc6fde,HGED9A30C50B62234B10A9BC907D195C9BA3,1tLOUpWm0gc
fec550dc0b784407e6439b8a7f0716b1,HGEDBBC5AB4BF7D643879313ADEF3EAB95AF,1tC8MQdIhnQ
46e8f83da4cd093b413bf5b2c673b0e5,HGEDDD1DE47869414FB9B416C7AA25F74529,1tEMQVvJ9kU
9d3ac5c17d029ae39728c04199082fa3,HGEDE88BF4CFDEAC4CE99A8DBE2D0AA15228,1tM9E1Yn09c
47a5a67a54e2543673dd5394922e3e71,HGED5AE711BDD6B44A2CAAB9DA4A14385C8E,1tHPLJBDicg
ace15c0dd104268f7d1bde79eba90612,HGED5DDFADC0D29D4DC4B5372A57BEAD012B,1tIlSqwOJn4
b3cba1900f0a9f9bcee2a4f9e70d726c,HGED044EB4E4C38644549E83813B7980B6F4,1tSWyZivJkQ
8a4a493214bd1fbee9e9a3ee6018b933,HGEDCA59F67FC0384EF584144486163C82E8,1tL0X5jgUFE
e35b1847092114ef8be4277d64423d98,HGEDD15F3C48B642402DBD1C6FAB511C5EAA,1tOnHdFPY2U
b875e485f2f21753f3c2a5c4731dd98f,HGED99984C72433E40C79582671C8EAEE200,1tQ1WP2Vdzk
96c97fa408e21fad9db0a438ac3b2d80,HGED2B549759AEEB4450BED6BBC89BF5563F,1tS6TvToD6Y
1873afbe0dc7f28330dd048b1f93c193,HGEDBC956758165C4481BA39F3ACF964B438,1tU6D0QInbA
e0b57ed88f2aab13fc21c785df1c6816,HGEDA389F65AC8A64075BE352063AD17D591,1tZ9UNnQEeA
92fa85d63177026f08e20811c805e3f6,HGEDD63FD0A77F8642A5B50E080AC4C1CB30,1t_XEoaT8Uw
d69744c57e8261595f4206bc275660be,HGEDCBCFE84FDBFF49318C89AD53B763C844,1tgkf4lCNdw
0ec21950c3768b8aa6beaa209113d8e5,HGEDAE6E87E57832442F8CC8AF6B62AFCBE7,1tiCKzbPvWU
8d89a236d36a134337183a80f8be6023,HGED31774BC12AD14F318F4F58EE2D313C24,1tjFYcyaeVk
6bcb1170642e13c2829b01b3ad1e13fa,HGEDE7F5BBE0CBD04FDF8BBAAC331DD43FAE,1tnSk8dPvzg
69f43f1f4210d70f77b055ca49bde512,HGED742C3FD945AA430D8F0415DF8FFF395B,1toLWB4wRz4
108cc9dd793a6c17c96f3b6f1b47c09f,HGEDD64B9AEC6381463FA52F0B16B2962BF7,1tp-2xFH0qc
fdf25c9518e81f6fed7641d4eff5834a,HGEDB285C6D3F9A446299AB2FB7563F9B686,1tp-pzNuZMo
fa1de4299cb252a7db2f1841d6ae1d6a,HGED606127D2EFF8431CAF0BB7F992C65B99,1tp9vsy3Uh8
e44558c369acfd7ed68a02ffb39ef76a,HGED03B9D92F99D4401791B8F32F106A822E,1tsC7MRyu2g
3a11ccd5d8d6f745fe441105523e9e3f,HGEDEED708C5AC354536A43E0F3AE4644805,1tpnBo28WW4
7a0a7ab0d8d6ba248716cf0d53edb40f,HGED1988DC20CD244F92A0316D73BD99FFF4,1ts4v-y1gmk
7324c7baa0967ac5bb9ff61a65b2c6d0,HGEDE96B5332AA66451783CB32735040E5D9,1tskmePLHag
10aa711ffcca9f05ab17c91ba67ca4d9,HGEDA7DE652D91D54404BC19D318FB321E68,1tuaSElePvI
dcd13383679c22dedc2ada8c07ed6a0f,HGED2BF7FC00DC2C4292A20344CCD4268D8B,1tyXhrl925U
de926944c71439cdaee6f62cfa8d69d9,HGED84441AD7F4B6490AA159DE14E2B28C53,1tz2A1I7e_4
d1ec47f01966368c1fc9391892ebc645,HGED8691B7916B594D30ADD38259D80E2E31,1u-L5LT6-jc
f05b5517b0b550c7d58d037666511caa,HGEDD073F0B951BC48C895E97D5C50147584,1u0o_wbaTPc
64bbc3e192237d4bdb9a90c0a9df14c3,HGEDF570D49B90D143559E457476C76668E8,1u4IQyb0aDE
c5a4281ca167ebb52b424ea36934d61e,HGEDC66ECF152A734986BE83B02DFEA542E6,1u6AUDPNeHg
e0b76fdf88a22ddd65b14aad8fbe6069,HGED923B6DDD87A044828AE1A1B5DCB82238,1u71lIbzhzI
309818d5b02c3b42a42405a746180f1d,HGEDED3C97C8F00643CFB8C1D0E3E0897621,1u87IVqAnLQ
dd4a4abec9bbcf1352bba06c1c136497,HGEDAB27E4A1444A461B9F94B32D49FB002E,1u9l_TwQEak
d314beeadb0cad2b032a292ddbbe13e0,HGEDAE6A42CA66384995B6B5E1D461A13563,1uAuhHvQCHM
a5e61d15fae19f97a0b7cf83e5690344,HGED20A2EC797986484ABA784A2FBFA90F6E,1uBC2AQEoxg
d88b4afe9b9b89481b2c6283b1c066e9,HGEDA37A56524E474DC9821D691718D31395,1uCp_63tjnQ
1e7756dd8feee553d377858cc60fead9,HGEDA1F4D36056494D60B2E246B019478712,1uD7igmO4M4
5b3cf75a6eade76605575ef41bd27b4e,HGEDB0162E8844354644890D0FDE7F818436,1uDXi2xxUNk
4808a89fbb4b6e74130823b093106471,HGED95741E73566542D4A7BEFD6D0093E80D,1uE8UVABN7Q
e90a98bc06738532e64c9c8d0bc7b176,HGED3C3B3059D44B4CF3915A1964C02E0608,1uEL893_Quk
1cd39b0b9116318caf8c98f827912f8d,HGEDA045D5E3C2AF4B459D859E5CC102A168,1uHTwI3ctzk
e063d6a53a9bf0a76a04c02410bbb251,HGED3699BB78C7D441BE814C7159B5448E65,1uIE8_sh0rU
d0e8412c185b6039ef8dcef36448eb77,HGEDE7C382339E214E4196AE3624BBD64858,1uR2GAGjbPo
19fda2efb8cbcf3ddbb0cd1b88561241,HGED6D68E3F581274F60B4366718BF537CC8,1uP83njmSgU
fd80c46b1f951610667d7e0fcce703cd,HGED545174E5A99940EAB239314742222F7D,1uPfvK0lvtw
83042df1165e2e8f086b9d5ac7585f72,HGED65471FFB90904632B1393E36A0F41711,1w71Cm_XJQE
51bf0692fc89bb98f60acc90c5d0d26d,HGEDC6253DE6BC684C65BC57C7F99A43B3CF,1uViJPSNwN8
cc43c14a1fc6529ac89c06a6d4b67c91,HGEDCA23BE2BC1814D949C074EFD5DCC342E,1uWFcPIzA4o
08d2cd629ad17e9d2e4bbbca4bb41675,HGED467E23B830BC40E0842F5C6B90421976,1uWQhUCNkWg
8df38524db30d0e2b6edfbc36aed5cd6,HGED9DA6D047557C4EBB81C91719C547E503,1uXMRq3FMBE
ef169e2a874241b39ab14247d53bbece,HGED853BC1BF8E9F4FB7BAC896943A07DA6D,1uYD4oToVT0
46427908e6d1332502321d5bb80fd4eb,HGED56BEBC2198304B8394A9586315D54C1F,1u_JMM9eyXc
82d3ca6e2900230cfa8d88a33475dd54,HGED0A94CE52564A4B79AABDFF787FE48D6C,1ua46fiRtqk
6230d58d80c783b82e466162481d9af7,HGEDCEF4F91CDD92411F9405A1FEC9E6DC15,1ucayynpL2s
021673d56e757ee9f96fec9040fc0102,HGED4A8C1F2E9B7D301F20E4C5A9F8B70077,1ugjjeDipo4
1e1ff39864af6656349b42454fc7573f,HGED7DBA03CA27574BC293C2E2B1756E66B6,1ugTxdUAfw4
b0f0ed16bd239b281ca440d9ba3824cc,HGEDF6A395922F5B44FC922932CF35A4C135,1ugaT5hbIYk
58a9af92f8d7d273cd49bdb5e1a9a852,HGED41A43CF8234F47398EE0B594EA2BD0D7,1uhNJQmet9Q
611cbbb6fe1d4b80cde4405188a709f0,HGED070EF2C5FA364F1CB45F68F7B1842593,1ujVx5-toNM
6c8bd729d7773c42e89655add7cb98ad,HGEDC5218EA0F906414F8D32F8045B438273,1umK8gGMJ6s
2f660db5ba8a62e84111ebfe98ebc876,HGEDCA72225F4D984E18992E2F50CF749947,1un7IZZWCtA
f6d9f2d149d46612f6cc294bae0e0f64,HGEDF2B68B0F9DF143A78C5E4B3E017E46CF,1uoV-F2vxe8
c3c765b041afcc43480b8df9046788d5,HGED9A1C4AAC9F3249BEB9FB2AAA30C31BA4,1uq8AtzGREc
425e41cffbb91f1e4019a33e859abfaf,HGEDF128C7B1B4544A37A5A1525B70914349,1usDR6X2dSk
181065710352eabf67024205606f8103,HGEDEBAF06F403974644887DC350F653CDB2,1usSmxg4MAk
9e23e1c442c1921a86a6b17c77b34b0d,HGED9A6A642C5A224B95B1DD54B4CAF8E9BA,1ut1F10R4iI
d2054cd2627740cfb3c9bc4429977f4b,HGED846E7656EAF9488AAFAD77B9EFEE245C,1uv-R3wu_ZQ
2d53e90c92134f55e7de85ab38a2e130,HGED2C429CA7E5EB40F799907DC030DD0817,1uveS1VnI3M
ae363f82a32e56b7c3b698b0c58c359b,HGED0B794AB93E03428FAC17E7810268F98A,1uwr33Xk61w
b2a47ace2cab0f2f093e00305ee06a7d,HGED0D6222AD3A014ACEABC2C9FCCE787483,1ux7z1EiV8M
1261dae338d98d9c2a03a56424b56e56,HGED974F165ED4B64770BBD3F4839389E817,1v-qhTaZIxI
d9b176cf1272c24f177cff084f53259b,HGEDF4DFCE8AE6594294A026535AACB07C23,1uzrEMyB-so
6dc1cab2085caba886b1b4db7706ef37,HGEDA9E1F8DD1BE948A9A35750B30B8D07F7,1v4_X8l70rg
bdb7a1458172ae8a926d432fdb619e66,HGED42BB9E68C1C546C79B3BAF0A7E843192,1v54ukViwFg
383fe33fba9b1176ebdae50dbf6efbbe,HGED3CAE8A3714C54BE390C5917ABA5C8290,1v6Lj1rGNFg
679981b0a3a3abc214af93c42d9b13e5,HGED68459BBF83D84BB9B95DE5E5DCAB4F40,1v6m865bQIs
ac4f7ec1f8f65fe0b3c2ad56df2063f4,HGED4EC4D509CA2147D4B6A0DFD64B149E35,1v7STARixpA
f3e31ab78a390d6baca3939e93607d10,HGEDF78DD6995F114373A73A2C5FC961EE3F,1v92eFLfRjo
d8d698cce0d6d9f0b276f79732a64cf1,HGED395860818668429DA09C8F14E2D1D101,1vBb5Jy13s0
dbdda4c0d36e9c3f3651574a1ab61c30,HGED5B67E781D8114F4B87A3A851415D294C,1vBisyLxDUo
c0ff836a0b5c6530685f18c3ee739cfe,HGED21EC9EBDE0B14D73AA4204D210209BD1,1vIzzFmidtE
d693c3066bea5b1e45f061e760db1712,HGED7F0C337368CE4986917B634FE1E323DC,1vFq8rgIVHQ
707afe9d6d401519670425a7d44dc295,HGEDA26C328755BF41B1B0762A0E39D198B4,1vL772YNNHM
5530fb1398db551756a34bd3fe69e4f5,HGED0E1B9D46998E4402A5BC0ECD76A926DC,1vLleLEDKBY
fd536ae3aaa1fb37a39e0911414bc562,HGEDF149CB67A8B24AB0BD77B82E471F47B3,1vPAIQUCOjQ
ecdff80ee55cea769373ae08c646d889,HGED556017C0D0F94E6B94E8C58DD204CFCB,1vPzVsvYAnI
e8325772f09e6d8cb4be58605a50f82f,HGEDC4ECA10CECBA413980291F75A7BC8235,1vR_DoCIuHY
d180658ea9db9d21829e4757ce431132,HGEDCC2485F87E7D4D6DBBE3504B1CB8A32F,1vRfVNCZOkY
ca6affa28f6087607fefc291e9690f20,HGED89F95CBA72864F639665D16461305329,1vUCeHwol74
67b3b65f41445da8a5df9d8c591e72dd,HGED53B75B0D24054C5F86DCEA8A15703C7D,1vVqe92tv5A
e3fc6395190c20324c3c140090c4a6b4,HGEDBD94D97694244590A820C9CE8390FD22,1vXAIQSYMr4
ff038b44cddaa8afc1ae833d99e6a127,HGED59E22494AA23490B95DF7E690F3EAD99,1vZl_ZlWFMQ
847f76f7e19ea58c83a7ff520c542e4b,HGED1FB96656D6E345AEB213742A59662793,1v_ZcaAeras
30df463b2a6dbe0029437398692119d5,HGED1EEC1D7A928D4981880B27B7E5F4D6A2,1ve0cDMfjuE
3e6f7aecabb045b28fe4b02f576e2b2b,HGED748010723DC94EBBA36FEADA697B134C,1vh7kbXfxFA
776fda7574bab5a9cbf75aef0ed8bc97,HGEDC2C3BF7255764F44BC9E3FBB44D0C107,1viqEl1GYrQ
59383b19f64470eb186a83300183bcf4,HGED8EE60B7A679842F2BCB2BBA639CC9374,1vmf-Fctrbw
5b1fa79d4cbe09d5ea6ff79956cf0afb,HGEDF7BD0F8F5A8D498FB814E82C6398C78C,1vnQK1wT8Lg
28130c74c75b59a7f4aa7a3e76a846e7,HGED7B12C7740A00498D8C2E75A13A858EC9,1vpcvxFxHUM
52b44dbcb8c6148a0be569911223e185,HGEDE2404786257145E3B1A1708870D86464,1vr4_Kg4YOc
4091536a343e4c2ee2eae427207353fa,HGED6DF742A4C120436E91842D52BDF59C15,1vv61eV1S24
5665a996f37a9be6f1b8753869dbc5aa,HGED2E7AA1B23A6A40F4968742B7B2D88485,1vvLIs3i3Qs
bb6da9a38b47b5f8b0e4808469db1556,HGED315A824EC17447FE8AAF984359140301,1vwncF5y-Y8
c710dde102f2a798c8306368561e807d,HGEDF562E26AFF744F2D853C03310A11F160,1vxMMtxzJiM
264b26ad4ca6010659d34e9eea556459,HGED3EDD60F491504CCCBBC3F1C58117711B,1vxPIXGCep0
647f1eaa61f3213d0c8af7f45f0d4599,HGED4FFFF42BC5174DCE81DA9FB2E3CFDD05,1vz9ufCWZxQ
1c034ad92bff6693ffb773655ee402dd,HGED78FFC7BEAAA643E99BF0E1ABA53B3F2C,1vzGdEg0yGE
51800d2bf8902ceee2aa368ef8a874ed,HGED3F1E62D98C404EC6B670CFB5274D8F20,1w-1d5VEQms
06e27662b866898db6eb8f27f6c0bcde,HGEDA64D00E841064FA4A1DCFF7824191BD3,1w-ERBusl5A
9cdb6a366034c7913b59ca9263d8caff,HGED0E9274DB60C746A8A3B7ED161AE9E4BA,1w0NjLi2JBc
eda4f6bc3edcff68ab93bb5bf2e28989,HGEDFEFDB50EC53748C8A638000987EB5EB0,1w4mupvBygM
2b48ca6bc8981cc0b0456f53896fc398,HGED0F94EFDC27AC431D980684FECEF19F03,1w7VZYWDSc4
6659acede567dc2ae69a9592e96f5827,HGEDF993E13EA2F34818A5D2C6AFABB9E526,1wDruPY7D4M
effd62e2ad490a6fa6bec0c9b99b7df8,HGED7D2557AC0A3A4A2BAE3DB537C57C96DE,1wFSrIkN-Hw
510142de85c8baf9d2000b6a6dfac11b,HGEDA94C56C7C7D749308A7CBB3CF9CE8047,1wGFlO1M1CQ
348e970d161964af8a6147fb8c057b84,HGED3692810B25E24E8D8770DDCA2D40FD82,1wHRGzNU86I
0b5b3096b30acc75362e9bcf462025e9,HGEDCB0C0A1C59344054A07A9352CDEB211B,1wKsm7oXKkE
334dae80c568296850f893226c4fd895,HGEDA7C09182BF9746119586F446E862B8C2,1wMrIO3N3Ko
fc272197785e779e2a8efa1730f7c5d0,HGED9814DCEC3B6C45AB850096C13D0B6813,1wNs5_XENKA
ee9e0b5c180e05a2070bcc138b343195,HGED9AC221EB1B034A4695D4B77B18ED044C,1wPfAAL9Jgk
150cc7f49684634ad0a37afab885ab23,HGED16475C1525A046D3BDE467ABF34D4624,1wPy7aZZ-EM
56f3625b3914fdf3e523fc0565c59de1,HGED7959B23F5C8F4FB4A4771651FA98FC33,1wQfRPVgSPc
02929fb7fe03a51f144dc4560720cb9d,HGED83A17453826A4B3FBC9C386440438D35,1wQuypGkfWk
e422d6acb1cf3b339113ed9fc7326839,HGEDF5C887FB79334A2BA80B876B6FC46349,1wRalB0J_wc
9fbd536c85de08dea3b702f7f4fa583c,HGED3602FB83093D4B50A24D8984C6A86DCC,1wTaCAOSMT8
4190f9bccfa74830592e7feea1aec9f1,HGEDE5C0C15041A748188BD7453CC4C4DE26,1wTsiuzHlXk
e03abe14e28583d28af1711297b9e7c9,HGED6934FAAA88374C2A83ECD2A405029BCE,1wULDaE1Pck
78f50baeea7f781beb1be64c906bd1c4,HGEDC68B8CC5C8504909B69F658DC389CACF,1wV67glZCjU
8b9fe2e8117c0ae3bf5a8c2125513165,HGED95EFFE2B3FE24F19BF1160977854EB99,1wVRL4OFLkM
45a579c788442dea53e4563bc124a9fd,HGEDAA2CA16FF84A49F29B6903D0EF2CE32A,1wXZERCBihU
52da519715f96e6b201ae0c53cef2d53,HGED2720FBBF131C43C2A3427AB37725F582,1wX_REYSMLc
ebdb366b9b50ca319ceb241b4151d635,HGED83C834B5F5B9428E99BAE40861BD00AB,1wakBKFHt80
5bf3a7cf2d45290df9b5be1b8ba015fa,HGED7FBBDC2283864FEC9644A17E9289446C,1wboQFgg_t0
d989162da61bb383f3f126771bd698f5,HGEDA72448EF25CF4A41BA3EAB176F58A1C0,1wlgtIJ820k
5f46e56694f156aa7ee9d06e09a8876b,HGEDB14C6B3BECC34080B75036902F9D1BBB,1wdCrw9mGfo
9b3c0b25f1abb3a2487d0c19a16b314a,HGED17BC6FC88C33488FB308120CA341C750,1wdgMMPKDOY
fdb6e72f946f5f5af0cdce15a9b5d4fa,HGED38D5C7E150244EC8A1E49F05E5BD7135,1we00xWOJ_Q
de6b114139b45fa5b98fe38643fdb047,HGED8785C675152F4991AC44DF7D0007644C,1weBYdpaFW4
bdac9118feb8048a48e4583e35092ae3,HGED1F2C8E70971148FC84D377BCC1967C52,1weuV1bzm9s
c8591880ac1ccb54ea634acd4ef35f3e,HGED7D5C08998BF643339D2266C9A1AC8868,1wfPFD4SrbM
7b133ec0620015d21fcdb031dfb5299f,HGEDCF427E04D5E643B1B4F3ADB06D13DA21,1wgc10WVwz0
23f76b9a2e8ff6f6e370b8be3592257f,HGED902FF01F9746416390A1B9AA518B60DC,1whALhdhhjQ
5c6e38a8d2561ef46e336d68b13235f1,HGEDDCA06650C7674FC399604851DB475D41,1wnQQRLgXLQ
83383fbe9cb0cd3832afe3a2a9903bd3,HGED0C78F7565D374C40884D619C25A14705,1wpuUgYnuiA
cb3f46ef5c97cc7321668d50b011cd20,HGED2F0FBF1DE11A44A6BDDC449DA9B4AA6F,1wpvkbjQrAc
57c7ffc7e9a92a8cb318d59c15f461a9,HGED7BF6BD19A94C48A29A71BD4ECEEA6C1F,1wrV8fi1GB0
6d20d03721e5baadc75f88ccfa569980,HGEDC84221A1036541599662817A1DB7E1F0,1wse2s1bYug
10d1d58220061cf5f7d12508bcd1014e,HGEDA098B9BABC0A4D21859EEE2CF4849D8D,1wvm5NwyckE
76943a0c1a1ac356d35e2a8f8b8e1749,HGED721C8A1A4A4E4546B795F346C26766F3,1wxEH2Yp558
981cdffae069c9108c70ca010a61aaa4,HGED2839D4833E39443C82D3D14F45BA3041,1wxgMk7dpwI
398ee1be89b0730adc153f202beb483c,HGED09681EF3E2174105927A13AF6FC12136,1x1Hc4Sz3Y0
ff576f6ce19b120d0fab567b379854dc,HGED35A805589CF34E279E1B69C68444F0FE,1x1pi23aGhE
a32a347f50c550d7c0a0a3069ef5cfcf,HGEDBD3DC8CF6DAF448582F3AD33E1DB9431,1x1sHwB8eHA
938954d6d6908cc7ba601925603a54df,HGED47DF82EE9A0E43CD9684195D0DFAD70C,1x2scgvA04U
6663261989d81f9b3db2abc3f7d89258,HGEDA5446E64F2394D59BA7B6B44DBC1AD0F,1x7S4YljXgQ
1018b5f529bbb7a37bd2a2b004c204e0,HGEDBC30C390CC1F405AAFE4CB9EA0465171,1xA-jzjBzG4
f78b492999da353b1d3c561189a0e437,HGEDC2442B3505294809B3C9E7B705F9132D,1xA0fs34S5w
82437db9a014bfa8c01b725201606831,HGED9656CC9C05144466A93BB5A615D24F0F,1xC5nrGqnsg
33f843bcd1ca5f60be7bdf616444792f,HGED15E32D41011F4D53AB2B366F0B8E47D2,1xGfaindgf8
14b400c0f301658fb115a2cc7c8fdbb2,HGED84F9F21ADB0B43BF84B0D53ACC29B648,1xVB2XZ9AR8
10cb3b6b5a5e125a2ae6445839883757,HGED9C08FEE972814E86A9F5770733EE8986,1xIk1du-dW8
b217d45c3e99932031603322cff88d8a,HGEDF88ECCDB89124BF58B5F4A06B7AB0FF0,1xIvzDIiaM0
fdde22123ad194d7aac334b5ddc0d7b4,HGED9839CA78F00C493A8EEA6237C13FEDD2,1xNS0-TANaw
d0da098afdcf0a7dd02e0d55cc1e1f23,HGED00AEA68BF21342C0B4A753AE98C5DD0C,1xVICsR5ZnI
15fc26418064233efb9a267c04b63545,HGED18B07DDD79F846329CDF67303F3BD5A2,1xOtrrTuh-k
25a010359d6457427aee900a4054528b,HGED6A09568C9FBB477B8098423E6DCC60F3,1xRyvXC5l94
7b145fe4550a9bcf4dfcec703a695c5e,HGED85A03607B9374D99B5231AF669863D77,1xTQubO7FJQ
d9bcf5f27addfb997f5b3009f50b63d0,HGED7410DB25687847038308328B5F4450A3,1xTzGd7T1KQ
2911064bf03e7917a423eab6564c009c,HGED7A11296F9C73473CBA868624DF415124,1xWg7Gdx_zY
d54c7158aae31d3291844625cc1a0150,HGEDD04572D3040943ED88BE6C27C3232C3D,1xXllyhtXBc
a37069fc3d086f9216b339b0dbdd4fbd,HGEDF1CCEFA4132045FD8EDAC74D9B05E908,1xa-ZA6vT0I
26b70914d31a8198af1eda8aa63d49a0,HGED5559E284780144718100BB754AE09E3C,1xan735W7Sk
88254b3b565fb177b729a0e4a645692a,HGEDC43F9AA034B247659CE09592DE9DF9B0,1xcU8jnew-A
019b9471eac459c2f3cf60dd541b3dce,HGED7291535F390A40E2B193B34E5E32EDF2,1xe64T3RVe0
85f1c20ae6a345e7638a8397d402b226,HGED5ED8567FE53C4901813BB23913285DC5,1xf13uY9pdQ
1696597e358d1acbcdfcc258da3f19e7,HGEDDF74E5C3C6604E4E83AB2987BA757686,1xnQMNmD_yI
276032713a8e49dc4afa08cc1e9e587f,HGED60E12DBBB9B44598B300C792F3F65584,1xoTpX-WN8s
5d64fc6ec8bf146cce5ef88246f7f4a2,HGED99A4F121D8C74B1890FB2B91C017A8B8,1xpSXgEHzNI
04aab240f94f85904581e43088976187,HGEDDAC27D53785346CA8A7E4417750433E2,1xqvs64a8hw
df244a772027d602d28ef03ee3e1243a,HGED4832B16B954B49A699AE61372F7961D8,1xs0ZrccbHQ
38ecee5d17e430ae7d42ca57523ec63f,HGED8070CC1D2E6E45E1841C04F10D74958D,1xsTNGeVckw
c670344ec284eebc66246a75efd7d578,HGED676EB86BD6764D2F82EFAFFB19F0C0D6,1y9fzEE6JNc
7a8d3c45242f114e38aa5fa0d6f930a5,HGED310D6E2C2ECB4B8FB7761C42E6FD67F4,1xsjY0AgJtg
308412a47d6179b6fff8a87de6107e0a,HGED0C9314F8EBC042EEB96A50340020769E,1xt45j_ePiY
7ec8c5c3bb6b640e9330129454a2aec7,HGED39AE10632F9B47DC9749745BB70CFEA1,1xuJeXFXcD0
56d09dfe4aecb8c2c10cfddced154234,HGEDACAE578A0C1845E697822A659C527B01,1xvVnP5XaBs
301a9f5e787732f6a5d7d853a4f8e386,HGEDE9B2114F4F8B416B8BF1BD480F5C73C2,1xwkba3NsgM
dd3b57f1cad352972222794ca61c2041,HGED0037492F0B384C78947D9388A1A91511,1y1kE_iqGmg
d64a71bfdc53096c3e5726ea1dea2eba,HGEDD69F1389C82347EC91CD5FB73A4D2377,1xyu2teNYbk
37c61a77691866b0c71a927a1a38fbf6,HGEDC65CEAE891274D12BE684BA6C58BEE5F,1xzBBynWqkw
5786dcc9e5042ad011a4ec2ce38a9001,HGEDA36B4E63B61B4C52836B42165E641949,1y9C6TWZztI
7612e45f32fff1f17108c7cef939a3ad,HGED6ADCBF277B384B79AFD28FD78218E409,1y1Cn__czK8
50aabbbb757ffb241e544862964d8d33,HGED8DE525F07395404F81200EF0144153E7,1y2tI9h3LHk
7db091c239987ddda1b0ce0187a3cc6a,HGED6A95E79DE5FB4EEB89131BDDF27565BF,1y7DlkVVrc0
742910809e5bcf37d18155791e9fd26d,HGED5F6425717EF048A9B04B4B051481D79B,1y8q6wYcpHU
3afd8dd450dac7ab7402972ccebe9d2a,HGEDEDE982B90335466D9F3B0BF02A2A7C10,1y9mOXhWhn4
0d0b46731a843d2d6f5832be2369cfde,HGEDC6276C6FD5064C2DAD7D6059162C531A,1yBwHEsdiD0
5ad23f956ad545546c0d3896b062ba7b,HGEDB7A3FC5F3FDC471C974F66A0FE9E3088,1yDuvrwgM1w
0f5a49f0c228f0721b645d964eb3513f,HGED866322F0BDC44B70A0E88FAE12720153,1yGPcNqTYNA
7a228efc169945e65e2384ddc017fe32,HGED9795C77428D04B01AE44B92A5A956A18,1yGv3X30Obo
36dd0eeb6bb16a36a8726cdb50aa0601,HGED647F903220D64AA890DD005C3AE28AF4,1yHV4npe96E
bd8add07aeb95327449853c090336217,HGEDD691695B1F90485AAC0CDB84A443AEDE,1yJStP3Verw
85a4f7303ec2439402a4887a55077851,HGED8EDC1BB888DE48378CB64B477FD93EEE,1yKkSbmmZww
870952ed046cd956ff718f8fa346b24e,HGEDD8FD6802EAD3463D9C5B031B0C57B3AD,1yQ6Oxfn7Ww
61c99e0b1f77029a83966a0ca6ba866d,HGED7B2D1E9FECF34B8A825D3451C9367926,1yQz6Wc_rTw
3075fdbe086a5cc0e4bbc4abfa1d0956,HGED5CDDD07564BB4F8CABCAA3B795923806,1ySTF_OFIFM
bb4d2d8537a19564217136ab01f3be96,HGED550FA55EF7B64653BF380D2B337DC4E9,1ySct_DzV38
c9fc6fdfd4088f3b472eaddb4965cf85,HGED3A1E475186EB43C18D20514A23A40DC0,1yYfw2S7fRQ
dca1fc2382dce3c0653f3a636a1af6be,HGEDEEAEDE55B4914B96A2FEF1FE5939C0C8,1yZrJWZh6NU
d8cda47cafc8d51cea6de32b6cfaa0d3,HGED6B29FDED5ACD41CB8C2777A52A0F723E,1y_5xtLkwjM
6d2c4a5e18cd66b9e3f60deb4f444564,HGED7EC67A1E7F6C4BEEA6732EF0B511F063,1ya798SoyIc
22c02f149ccf3917529cb00fa2c53e8b,HGEDA941055DEA8046DF84FAD6478A614E19,1yaf7THav6s
c5d2bebeca516d1b07ce16637a773a25,HGEDEB393EE1B77E46BF8C76952DDB1F1F16,1yauVMtq7E0
7634db1f23fb1cfead8512e2946f2bb2,HGED6F13DA8CBCA34F288E2348D56B4B6B4B,1yb74CX9g4c
65541591081b524dd6ad13622cef09bc,HGED2E964BDB7883419A80C739E0C078F4F6,1ybV1zi6G5g
a977f4ce9bd7cdb586085f55f2c9b367,HGED40C666A1EF65406D970D2F00FFF2EC26,1ycDxc9aCQs
129c1953b0bf3021c460b0ae0fe97119,HGEDA351D9B8ECA54FFF9D2B05C9245AC3CC,1yegygDPZH0
fc3873072fcc08cb2688170ce474c3fb,HGEDD6739293264440BE852DE43A12A4AF85,1yembDFkxCE
0cf27a4a2be790e41b8fa026da2c39d7,HGED6E4FA34A043941FDBE740A594D369FED,1yfdphKFKOA
c6dc456b23b59a3333b6c71c08309c20,HGEDADB250C5AC6C453FAB485EF9779BF40B,1ygp2wcJknw
9b4035a2af61d345c9210c683c96c4a2,HGED35598060C01A49249A85A11BCB07C560,1yvdLr-F4VI
b879cdb1e7fb45d008e288c080977218,HGEDB5026846E101415484EA57F641F0F0C3,1yiq3OgAzDs
c09b13c6e4a00571efbfde8d1c1e6d98,HGED0401EBE8303C47D8B12ACF2164AA97FC,1ylurgAN_wc
0564d44a40301aa13ba07af58e9e56e2,HGEDA51FBD70B4EF4DE6A399EB2244D520FE,1ymGHQw1Hds
953dd3a0cff72c2c2f90ca7967d88a53,HGED1C9439F56E564C3C8F9241EEEF4C0262,1yn2lA3KTxw
ad09d7100651e231d598c14c4e82a741,HGEDD01787575C0A4FB5A471C7AB926ECAC8,1yvsq71tJsU
4392e7a6f8e1741532883e82d643a2e6,HGEDCF3FD0081A2F4B6E970BB7266D021A8D,1yn8BfuujDw
6830e8af7ef04eb3f80ff1d681212376,HGED84C137FC628C477EA91ADF617C1B40D7,1ynctBTK_rg
d6bb4009d994dae98ba6a6704dc4609b,HGEDB849959B04D04AC782E65FEEECE044E2,1yoQPkh167M
8f0db2f0da718142b74ea9c9bbc5d504,HGED70059BF5C4D44FBFBCFDCB480E3C69F8,1yvuQbdJ3yo
604f5e2ff7ed5fd02b07dc5ba5f2cfad,HGEDCC087CBD7DC3497CB08E2B43821777CF,1ypVPfsBpqs
e92c0bac16c65f4b0af24420e920afff,HGED0A5A7ABF837D40AC99A1EB4AE603E865,1ytpkdDGt_I
e81947842ae03962f8bfca2fdb7af79f,HGEDF0512D1883A444B8B6D5F7313C49C26F,1yucxk63l-o
6241ac5b22ba83a070ecf54cc3735e01,HGED4849DA7914F94B89A6FC0B43EBEE18E3,1yurc79Ez6E
3070723b9820db78bfaa2f9fe51c41a4,HGEDC2DC543A5FD042FDA20CF7E1571077E2,1yv9s9uKMKg
dd390a5638c710077dac1a94f80a98c9,HGED60181D78052B4BF5A31AEEB464B1E70B,1ywelOfhkBQ
b58b219766fc98c76b0af3da40e801fc,HGED00EC34CE48484367B1567DC9659C2845,1yxkUO8rpz0
b211d9de9e357af387bb4e9d9145d9f6,HGED88D88DDC8AF449ADA45D7518EAC33210,1z-WPzsQwdU
8302472cbee6884aff5aad1c4262e4a3,HGED2AF7390E21D246E386FC1D0B491B0A70,1z0yHqvOwxY
870bbd2f33464dbd26bb56453ccd40d3,HGEDB5735FCEB6CC46D1AFB9F9D5658FFC47,1z3swFgn97M
d3dd3c29def235e079617658176a9887,HGEDEE3FBCBD10EE4B6EB74392614CCB2ECE,1z5z_51Nw3E
df4f4072678c1a789a1f47c70da5c981,HGED5647679B58A84576A24E5FAFB0B0CF23,1z6IuMEvB8E
57c9b3bc64f6681810c7d3368320da1e,HGED4A1FE4F4C39849CCB23D4B301975BF4C,1zIWYJVeKaw
fa4151aafaaf233604e803d4597939bb,HGED8F683BADE9774D04BD7331AD21E5DF62,1z9307_62ZU
0f9b4ee440793827e7f9bbf5854add2d,HGED817F7C0D794F452EBCB2631534846598,1zABnnEe4Lc
8457563385df7b4099e19f198d63e2c5,HGED0B26AEC4A4DC43F5A424021C78CA2E6E,1zCx-dwYrv0
bec3010bb8f50cec22e7f6400e7baf55,HGEDE43FD224FA5C46908307B060E646A495,1zF-koUQPfk
7d69a4c301ee8a8553c232986f3cc1fd,HGED7BF0B4EB26F84C11AE68642511C17F38,1zG-l-Konc4
cef2f2dc11992de847607afc586ee672,HGEDD632906A863D4926AE01AA282BE24051,1zG0rHojHZ0
548bc621306fc8d34d4660048c985d52,HGED8A6CDC05E1694760A5B122DBCF98434C,1zGcW41vrNI
4ac31c3f9e27a80f0001f333c147385f,HGEDE28D38A3CACE41208C47E3DFBD00E358,1zGlNCs8IVQ
425a9737c17ce3bc961de36af14f37a7,HGED148601C0972B4D15999040D1AFB8500C,1zIQXgLsYkM
20e0c5eb26c47c4fe277a76130f24da7,HGED242DD7EE226049F8A5A39ECD40879826,1zKS0YHlwUY
878fb3199b0df31a3f601974eec75b5e,HGEDCBD75A937F804566BFF0B19E86B205A7,1zL9lWbTBHg
05ba72923e6bbad66204b3cae7fc1815,HGEDEC89E090B9134727AFD91C57CF00CECE,1zMn3qISmk4
64c0eaf351987b859a91c64640288c66,HGED980DBEF0B30A425B8264FB58C9A0B50C,1zVVEA9OT2E
81934893e5b387117ab70d37beea8e29,HGED690D8AD93ACA4AACA322735B53877451,1zOmb5cb4yQ
5417a469f610395adb3a498355f7204b,HGED855B33D31BAD4630A67637DFF8C63E84,1zUH-COsdh4
4e0ef0f50b60bd043cd3f1bc667a698c,HGED2B895992563B44059CD0931A896EA648,1zUfdXkvbbg
912d84b29096b52da323164503dea71f,HGED0EF6EE27B87C4CA5A2A229F494B72EB8,1zWvTrw-DWA
1ef9ac179c7d836f9856d78912ac225f,HGEDD0FF55008A7241CEA080A074C9EF0E99,1zWwtD2kS5U
a500b77fc644d652ad75312cf2795c63,HGED31CCD666FBAE4871BE1F19563E11BC8C,1zXYiZgH4hI
744fd09d9c18409f82739dce07d30e36,HGED704CCC35672A4403BE45EFEEA668F42E,1za1walMYkc
6c5647fd4f9966be68e49964a4573f9a,HGED7026F352DE7C44958B48587B955751A5,1zdVPtdLVb8
e8273d698a810902eefe4cfc11e7d878,HGEDDCC9B42139224B51B8F1D40C5DB896CC,1ziKXcVsZmc
82efbcf2ef4dfa26817f1d24c4aca221,HGEDD0DB9088FC8842FAAF645271639A0FAD,2-FxosXlzLY
aca8b33f8e19d9086ac2b7929212f168,HGEDF97379BB2ED84AE099747D6AD4BE4741,1zo_WhE6wIs
708c17a978a08163beec5253427ffed0,HGED3F5E552B85874BA1881C46BAACC297BE,1zqt-rOlU2k
a5841674f9a51d55be6d059b854d93c1,HGED2B8B1A77A1124EACA66115A1572ADA3D,1ztVZyxRfVg
8fee1f996b607a77d5bdce200940817d,HGED171DFD607E8F44E39BDD24902F1999C8,1zv6IbdEQcg
87bb34bbb93e08fa322f3d9a5b6255e2,HGED0EA1C6FD872A45C6A9F7AD45BE656021,1zvtO-PcfnA
c6dcb57b680fa897ebfc98ec6e62e401,HGED8785C675152F4991AC44DF7D0007644C,2-G4erujuD4
a170e573f234ce9e366729d4a01ce5ea,HGED2CAF7EF393F74CFC8BE91FBC9C938C67,2-2c_bB7ek0
e76d54408e7ba76347592b9a0f7ee3c0,HGED247B2C98075744F2B0C159B2C24E82C4,2-3-RIxQyDw
e5babcaa42f582be39bdf8e0dcf05c19,HGED9673FC0756D5400F9A3625AC6DCB26C7,2-4zDL7AT9o
54e3d75890cd823c7ae837059f323bfd,HGED6F695D8E29214A7CA5AECB439D36EDA9,2-6mq7VW1GY
698f1aa8a614df81d38017538a7693d5,HGED14ECE72A7E75469D9D914C6BC19388E1,2-7p42ThhTc
5e7715fa5b94a2623aab22f750cafe63,HGED758B2106687F495EB120B215DEE744D6,2-80E3sWup8
d3c6114f4df4dbcddebcaee019761027,HGEDCB5A0B5048C84CE4A478DA537546A8F9,2-9hZAL8oCc
4e724d4baaf84d615d2801b287936dc1,HGED7D5682D20C6944CDA6198A8AE3F36BC3,2-AQrW8Owk4
167925ae49312640a574591cfa7abc18,HGED112FFD6486654F808C9D0341ECF98633,2-GILnOkoP8
d4a9eb2ecc7894525904ab7b0c688dee,HGED3CFCAF907A63467F8CDCFDC214153501,2-GrSEKWqR8
0f28f129d56ebdc6d16f4396b1e95a13,HGED412B345F808248558FE390E90572762E,2-I7uFaX8C4
f2cc23f323043b0c4358eb60cc76acb2,HGEDF889C53E794342A887932F8126651D52,2-KHXJWhGek
dc3c612e896c7660c206b49246523dcc,HGEDB0F1A4C8F5974AE98A8B8EDCC26A5968,2-KQz2Yl6aM
17e2f1af403a1a862e934a9cd9a09c9b,HGEDAD49DCFD794845178958AA3D4F5E8D2D,2-PobQwW21E
eeb9b4cb2e3a53552fac6ed96badd968,HGEDEFAC67AA587348D18EE22C72BF2F9D64,2-OUF8L-9yg
15adadf9b518c18df9f1eb1ba31484a6,HGED44FEBB81AC9A4DB786914783519E8446,2-XVT1OxqVg
5802f1101e15c054e4fd1e40428a3082,HGED6DC87F7F40144332843550DB501233BF,2-V2aXyx2ks
c12adc0a4f3f3bdb781ed049d2399f8e,HGED69214555591D454498C40E6C03B5D5BF,2-VV9DC_NQ8
0615cb72df01081b0488f5041f2878fb,HGEDC35C30B4DD32478387D1A226B3480CE5,2-Veod7cVhQ
d4ec591dcf1813a39859f0145856608a,HGED66E3007F6B32424E907BD74C06CC695E,2-WgFfhWN0c
29b54265e463f4ca7b150ede545dc666,HGEDF62F34D39D8441919EC83A761131DB00,2-_Xq1hoUIw
a8bc059ac56ab00d3396ec972ba1acf6,HGED0F2D4072D34F4A59957CE46FF10817D2,2-aYbIDeqno
0d853fd05321800807a397652b718d10,HGEDAE2F7827BF7441CFA484FF74BCE6B409,2-b1SqYd5RM
c344d41920aa51ec8bb4a78828d9116c,HGED646333F7FDE84A5EBEDA24DFA18B5CC7,2-nBQlnIiFY
355e4537aea99058421f15361ac1e96b,HGED126B916A769444A5A9379B29AFE2F13E,2-ekpEW0Tfs
37c793c57c266172e455ecfc302509bf,HGED92D8A25F97AE4777AC168F5AFF690EEE,2-qH7o-7wuA
11335e79726e463d68c897e3e0965bca,HGED097F465221C14576954A6D02A30790B2,2-hx8WvYowA
a83483f2c80e6c0a7791b7d0eadae3dd,HGEDFAB6F9253D384E41AE2EDB2110E26E71,2-iwYVB__g4
847d47796a5a5f28d2949b0eb9d9a46f,HGEDC36EAD9E76104AA7B90DD2363B9FE5E5,2-j4oYfRZXA
d968806327030105c81c6d4dc9e74407,HGED6E2B2D9796B6428DB659167BE2B83A32,2-jdwTKwbhc
c25d743aeee6440e3cfac0a641a25617,HGEDC4F70BDE00544EF99EDF88543F5B2078,2-jha5QdYzU
fcf6558205f8c2ec9e7398a6e8617c50,HGED959A453E22614BCB8C28414C1BC4FED6,2-nR8RpqVa0
d3742fdec0b959e647f99292b56f78d8,HGED00C54ACDB3374231AEA48C9E790A16F5,2-ogQb835g0
98e17fbf72fc1fec918efbaa38a7505c,HGED37D9EDAE21314A30B96D73ADD3C574D5,2-qW87KHKj0
1a78a276456e0b9a6d358a1d0cd79fcf,HGEDC4071C72E2344F66A73B0E3232A4E01C,2-qkkk7t9cQ
ea4cdc51fe3f08a0739f4c2c94a1bce5,HGEDFEEACDCA6694415884AB03A63C2D8F26,2-rTY2DG4d0
f13b73ba6e4c16ad33201744f9aa26d5,HGED16AFBE28A0274300B73E53F3B76E02ED,2-rlqJC3LsM
9548f5c1e5711e347c5186de70688922,HGEDF0A79D0638CD49708632A80B99E371EF,2-tI9pNqA4k
f23d48079f430bcff7370a2527017b8c,HGED567C0B7DC6B1473B8A5984DF816A3B6E,2-whWVXZscE
b0ea58437ce44aacab6fbcc020460f80,HGED9A164D166A484781921696CB2188DEAC,2-y0994E8_Y
7d296e119466b29ca8afd47236e98ccb,HGED0104EF9D7BAA461BAAD3A2A9459A025D,200hCaQL1Hw
ff6a4b2e35c01f643fe57107d389423a,HGED406C828EF5014F73A20BCF8177B35E59,2021C6zVC6E
bf66bd8bb4b6a1e51a9129b00cf6709c,HGED7A99DFFF7645456DACFB4E4BF7BA7DA2,202ORVPtm4w
2c90dd60f1dea5068b039cad0f591a3d,HGED8EAEA882E80E44DDB80C149E1140ED3A,204eF5uqII4
f8780e22188acb09654408d8820f40ff,HGED89DD3C57D0B445F79D8CED490A60BCB8,205DgG1WPqU
333558572f1bb2d13e65ec27773dfd10,HGED71E4833138C34B32A429137C7F6A150F,20CObTC4lUI
f0e5d3ec66b1cd9ef41c2d41e6872e8d,HGEDDE37525763154142A9532417A5C83CBA,20FkYp29MBM
d2389bb0f9fcf3c6c13f28480135ff0d,HGEDD87A8C860D9E44CFA9B2FE7191144881,20YJs_uV5fo
70b76125aa7138f807bf3993f60059bf,HGED4AE39D7D8CE147A89F67D7159E0EB2B8,20LR3QddhDw
2b348f92a7253b354532a0ba63db726b,HGEDB21157E1FE974EE68720A16A8A447255,20LZJqFEKcU
d3d5339c0c6f957998b7c6513c0ec50f,HGED0DD6F893D95B4EF086915CA414790E3A,20LaRRum1xk
97bf47bc5f2834549ce06113ac59a7d5,HGEDF0E418FFD58A4660AE375910894D0DDA,20OgUhD-it4
cfb816e9b85e44ad5c482e2dc5cc4fa2,HGED592B63A19A99435AA1E4E67DEEF1285D,20R4rVNGdoo
04014c58a9fd2448b6dc314e661dd7ba,HGEDF82A440CB9A54D74804134A0C025E17D,20SH4XM1W28
3600d97f943352c11c0f705ddc5f6936,HGEDAFBA042E57BA48ED8C2B2A01ABDE7DEE,20Ty_rrOq10
7c7f5aa3de4f3c4b7c43dd8d191c2853,HGED75009999E62F4CCBB0A8E4F7181BE2AF,20Tzi3Go31M
d288d4c22854d21be4d4bf75dc8f2b51,HGEDFBD964A297BC4E908A15B2AA405BDB13,20VHDHF3Ps8
a13320a9e36aa30dc4fede404a54e0b7,HGEDFF3982773954457DA10207F16B3073A2,20W89E-d5yw
c13b418662018885a5f6069b144b5446,HGEDA1C31DA4B75444FCBC31389A2AE96324,20YsGw334mU
d21311de0ed515c5792bf016d11cf5b3,HGEDD483BF65C7C340BC99CFEF9903F80356,20_Wc9gd5Aw
c8ff9f6ea49974a6d94c0e6c21e67dca,HGED677743F2F9EF452688381F1DE733579A,20jg504KTIA
6792063b207ca08f27347e4a4e185dcf,HGED1820955433D8479FA0E2776A1E9B5A54,20a62iVLpIU
949f508062a28f74252505c49b1d799a,HGED46D20D1D37464316B0F49D3A4240DC1C,20a87u4KqkA
501912a92146f18a83e130422ce522d7,HGEDDC1984515C32498383DCEAF31ACC24EE,20c8GOCcBpk
6220d7f87351be12f163d21f7054b01f,HGED6D9A8C629B1E479E89046D1292AF9731,20eZiiSFS7E
dd6374dc9ef3067e80615e6d4ca7ef42,HGED4F45DF24A0FB40ECB9945D365DE71980,20hO9fq_xt4
d04af60e754b6472b1584898b3aca0b8,HGED6E6F6C3F158B416EB468D49283A6C913,20iqZoTlWj0
d661f9251cd69f0391252144dda360f4,HGEDEE56C3B110464C88A50AB1BE9A8B3346,20j1kGtMZGE
9d61d76889a9de0942311ba85e4f62e6,HGED7BCE9B64AC1A419F9F3945F6803C8299,20kori7mQUM
7b449012666830ad22241dc976ef39d0,HGED9AD40D078A80481BBF5FF265E1177E0D,20m9Xpm31rU
7a95d1c54c2a9f03f352d6e23e2c67a9,HGED9FF23DBB7D884803B5797EEBCD20402E,20tiCVbm8M4
361b3ee0f003c454395e89b2d5cd3e49,HGEDCF22EE76DEA0418EB20F8D0568B28F68,20n-ywBsiEg
40e9dc0941d760c068ce7e8b0a48e060,HGED82B5C5A09BF74239A8E4ECC5079B66A1,20qnkL_bIRc
