fact_revenue_distro_sk,revenue_amount,revenue_month,platform,isrc,artist,exchange_rate
7a6e1656f16de57a52d03d8e8dca3a0c,0,2025-06,,GBSMU0102827,MujjO,26077.50654814
6eb5abc85bb6875ca88eb359d0d2509c,0,2025-07,,GBSMU0102827,MujjO,26214.74769802
8554935dd011dcf96c03b47f52206df0,0,2025-08,,GBSMU0102827,MujjO,26352.41328298
e7c352b2b0d685590532ed43ceb8ab2a,0,2025-09,,GBSMU0102827,MujjO,26416.10478001
4461081a8426e7db1f04f7718ccadaf0,0,2025-10,,GBSMU0102827,MujjO,26335.54220411
2f670ce424fa80eff0fe8c757575b86d,0,2025-11,,GBSMU0102827,MujjO,26370.83939743
0b76afa1635478b1e2616a1a0b5cf478,0,2025-12,,GBSMU0102827,MujjO,26298.18211444
d31f3eda20a1099a85e02f5e9ec06709,0,2026-01,,GBSMU0102827,MujjO,25989.56279249
16fdee01fd3ba11012d72ca0d808bd3e,0,2026-02,,GBSMU0102827,MujjO,26133.00835467
ee7d43306e4d619fcee5d07f7f93c3af,0,2026-03,,GBSMU0102827,MujjO,26337.23987391
4a336c846dddbff3a41966c9dd044d64,0,2026-04,,GBSMU0102827,MujjO,26355.9938313
b992d6dce0017a5ba8bb76faadda51aa,0,2025-06,,GX38U2253684,Hitkend ChillLab,26077.50654814
f06b992764b1bcf1804096de98d350f1,0,2025-07,,GX38U2253684,Hitkend ChillLab,26214.74769802
80daebea530c018341cfa6bc782363cc,0,2025-08,,GX38U2253684,Hitkend ChillLab,26352.41328298
86d5fab1f3e1952acf8320719fcd9aac,0,2025-09,,GX38U2253684,Hitkend ChillLab,26416.10478001
ebcd61b30bbedfe44d01c216aed82679,0,2025-10,,GX38U2253684,Hitkend ChillLab,26335.54220411
b8dd5d169c8d1049ab63266fa8c817fd,0,2025-11,,GX38U2253684,Hitkend ChillLab,26370.83939743
f4fd4dd31c1f63aeac55d46fd368d1de,0,2025-12,,GX38U2253684,Hitkend ChillLab,26298.18211444
b977396b199753d2601f3404d4a9aaac,0,2026-01,,GX38U2253684,Hitkend ChillLab,25989.56279249
1810c53cc6e1782c58159bbecc83b1ac,0,2026-02,,GX38U2253684,Hitkend ChillLab,26133.00835467
73cb94905e93677fb275e1ad993907d2,0,2026-03,,GX38U2253684,Hitkend ChillLab,26337.23987391
678c4418d7eddd0f8055bdaabd053b68,0,2026-04,,GX38U2253684,Hitkend ChillLab,26355.9938313
519c63a47be4855fa2d8dc1184df17b9,0,2025-06,,GX38U2253685,Hitkend ChillLab,26077.50654814
5e20bd8f1226e0cbac9174ee8c15d17e,0,2025-07,,GX38U2253685,Hitkend ChillLab,26214.74769802
d4934d771c1bf6d15a223dc0cfbe81e1,0,2025-08,,GX38U2253685,Hitkend ChillLab,26352.41328298
13670f783e01c38b16a9bfa7ad0664a8,0,2025-09,,GX38U2253685,Hitkend ChillLab,26416.10478001
0dca411b7f7c115217f6dbfee8519779,0,2025-10,,GX38U2253685,Hitkend ChillLab,26335.54220411
79ff1c8f657ef61522b7a1affd2a991b,0,2025-11,,GX38U2253685,Hitkend ChillLab,26370.83939743
5a516e0420a339c2bd803ad6b9e74125,0,2025-12,,GX38U2253685,Hitkend ChillLab,26298.18211444
dd7e8bfc01f21affc08647b8b8f7fab4,0,2026-01,,GX38U2253685,Hitkend ChillLab,25989.56279249
59e2be3f78d966dfbb807a62ca5ef9b7,0,2026-02,,GX38U2253685,Hitkend ChillLab,26133.00835467
9db5e5ca73bc5fa16c9b4f44aa6d93d8,0,2026-03,,GX38U2253685,Hitkend ChillLab,26337.23987391
7d571b0db8633cddbed168a58c4dcca4,0,2026-04,,GX38U2253685,Hitkend ChillLab,26355.9938313
6997273adfc4b7959a629b9cb9e719e8,0,2025-06,,GX38U2253686,Hitkend ChillLab,26077.50654814
9392961df2cc89278a495e81f8783168,0,2025-07,,GX38U2253686,Hitkend ChillLab,26214.74769802
175e7afc07a929aaa92f4754af828540,0,2025-08,,GX38U2253686,Hitkend ChillLab,26352.41328298
e686309036e4198132ea3c43d38437cd,0,2025-09,,GX38U2253686,Hitkend ChillLab,26416.10478001
f6910418194b91ec156aefd684e1d572,0,2025-10,,GX38U2253686,Hitkend ChillLab,26335.54220411
c7bf0d70f6b545ada7ca3851d0ad6e93,0,2025-11,,GX38U2253686,Hitkend ChillLab,26370.83939743
e3e9c7e4065a8e85d24217ec7da6116b,0,2025-12,,GX38U2253686,Hitkend ChillLab,26298.18211444
6ebfc98ddc183e14898807149c44826d,0,2026-01,,GX38U2253686,Hitkend ChillLab,25989.56279249
f698dd5cc7a95ba02d2d8e6788ca2c4d,0,2026-02,,GX38U2253686,Hitkend ChillLab,26133.00835467
e8d5a18bdd16133ebfa16613ab82b3e7,0,2026-03,,GX38U2253686,Hitkend ChillLab,26337.23987391
eed1f4091e9d6b9d11cbd4fe05f5448f,0,2026-04,,GX38U2253686,Hitkend ChillLab,26355.9938313
6d73b6adb53e2110637ba408210aeaae,0,2025-06,,GX38U2253687,Hitkend ChillLab,26077.50654814
a6f79f395e339076fcea9a1184d5c280,0,2025-07,,GX38U2253687,Hitkend ChillLab,26214.74769802
8bf4d0d488a52db6ea58be14561dc58e,0,2025-08,,GX38U2253687,Hitkend ChillLab,26352.41328298
3a96ac365efab9f4ffc2b977b2c3f5c2,0,2025-09,,GX38U2253687,Hitkend ChillLab,26416.10478001
b7427ac5b0361934cf09aa9ca8c046f2,0,2025-10,,GX38U2253687,Hitkend ChillLab,26335.54220411
e7eeb65ee606ac6eb222ff01d9e0ec87,0,2025-11,,GX38U2253687,Hitkend ChillLab,26370.83939743
271a7cb151ae3b03a26d75b97c771a47,0,2025-12,,GX38U2253687,Hitkend ChillLab,26298.18211444
0bbc50a6eb3bc9c6c8af0da4b7a77bd0,0,2026-01,,GX38U2253687,Hitkend ChillLab,25989.56279249
2bcd9db180e6c69b8920c7a6912c1ec0,0,2026-02,,GX38U2253687,Hitkend ChillLab,26133.00835467
208772f07b8874958062b791376bdc52,0,2026-03,,GX38U2253687,Hitkend ChillLab,26337.23987391
7e4c0682aba3acf3c3beaf470f3106e1,0,2026-04,,GX38U2253687,Hitkend ChillLab,26355.9938313
58ecee84c63995ebec7ee6caca2b8add,0,2025-06,,GX38U2253688,Hitkend ChillLab,26077.50654814
3cd524eb04ddf22a2e3abe26431cb099,0,2025-07,,GX38U2253688,Hitkend ChillLab,26214.74769802
4f436d5e8439e6b6012ac68a3ebb0ffe,0,2025-08,,GX38U2253688,Hitkend ChillLab,26352.41328298
eab5f0ab72a935a7c4ba5df0bdc2655e,0,2025-09,,GX38U2253688,Hitkend ChillLab,26416.10478001
715597e62df754b0cfd39568e7d9a3c5,0,2025-10,,GX38U2253688,Hitkend ChillLab,26335.54220411
2e5a4aba265f8ce364e347b1261bcf61,0,2025-11,,GX38U2253688,Hitkend ChillLab,26370.83939743
ff4f4b550a73301026ce90c9a56c4f1e,0,2025-12,,GX38U2253688,Hitkend ChillLab,26298.18211444
8d0ad6b96207a09671d77864e6dd12e9,0,2026-01,,GX38U2253688,Hitkend ChillLab,25989.56279249
f9e928ce5b91351c82639f7796e10583,0,2026-02,,GX38U2253688,Hitkend ChillLab,26133.00835467
301f1c9509c158c7d3a9f7f2311c297f,0,2026-03,,GX38U2253688,Hitkend ChillLab,26337.23987391
ebe626ad6a9f21522bf37ab88e3657d2,0,2026-04,,GX38U2253688,Hitkend ChillLab,26355.9938313
ee8925e786b3d4a4119203b3417bc653,0,2025-06,,GX38U2253689,Hitkend ChillLab,26077.50654814
ef8785d6039f5bdc96d52ccf72ac4606,0,2025-07,,GX38U2253689,Hitkend ChillLab,26214.74769802
ff03ea30799d57fa4efae55003b0940c,0,2025-08,,GX38U2253689,Hitkend ChillLab,26352.41328298
a63b876f2c54854089ef16687ace8621,0,2025-09,,GX38U2253689,Hitkend ChillLab,26416.10478001
6893cfd96c655653a81c3db0c1f1da84,0,2025-10,,GX38U2253689,Hitkend ChillLab,26335.54220411
eaa774a7b59ffd759b767cd1d0820db6,0,2025-11,,GX38U2253689,Hitkend ChillLab,26370.83939743
f0e391645efa2114ad2b66ae888a4efa,0,2025-12,,GX38U2253689,Hitkend ChillLab,26298.18211444
f9a965aa51f3813dfb2d927d8be567b3,0,2026-01,,GX38U2253689,Hitkend ChillLab,25989.56279249
acf23b2b9d0e7d038b4b4b2c794f7723,0,2026-02,,GX38U2253689,Hitkend ChillLab,26133.00835467
da6b0365df8719f6e8e8b7be63be77eb,0,2026-03,,GX38U2253689,Hitkend ChillLab,26337.23987391
9445013efb13f8523c0289e271d01167,0,2026-04,,GX38U2253689,Hitkend ChillLab,26355.9938313
4316a247aec39a013dcb32dcd947eecb,0,2025-06,,GX38U2253690,Hitkend ChillLab,26077.50654814
d6e5119fb7aa343c9b619dc5aa2c357f,0,2025-07,,GX38U2253690,Hitkend ChillLab,26214.74769802
f48deb59e64b3e0dbd32a8336d4a9283,0,2025-08,,GX38U2253690,Hitkend ChillLab,26352.41328298
3bbc65772d266f7cc7e840c0fddeb61a,0,2025-09,,GX38U2253690,Hitkend ChillLab,26416.10478001
af40051eac1b413e6267f589b12670bd,0,2025-10,,GX38U2253690,Hitkend ChillLab,26335.54220411
a66fbd15b8638a728acc256193f66eb8,0,2025-11,,GX38U2253690,Hitkend ChillLab,26370.83939743
8497544a7d685faaa82b6bf1dcc3c07c,0,2025-12,,GX38U2253690,Hitkend ChillLab,26298.18211444
371734d269cbe17f5bd5e25ab60a9281,0,2026-01,,GX38U2253690,Hitkend ChillLab,25989.56279249
14af814a157c5051e3b1dfbadbdc335a,0,2026-02,,GX38U2253690,Hitkend ChillLab,26133.00835467
c8fa41ed3f2700b9f31aeaa5c6b8030c,0,2026-03,,GX38U2253690,Hitkend ChillLab,26337.23987391
100e974bcd6a3df9c5e49359b9b27e2e,0,2026-04,,GX38U2253690,Hitkend ChillLab,26355.9938313
56173a7a41ebc203c5da082d016e608f,0,2025-06,,GX38U2253691,Hitkend ChillLab,26077.50654814
601f478791d159870ea6710ff504cce5,0,2025-10,,GX38U2253691,Hitkend ChillLab,26335.54220411
d54389e80efbe1badf7a398f41df03cb,0,2025-11,,GX38U2253691,Hitkend ChillLab,26370.83939743
796081192eff26a913a39552dfb6b018,0,2025-12,,GX38U2253691,Hitkend ChillLab,26298.18211444
ef702bc5ca63861f6f8a79db88508e6d,0,2026-01,,GX38U2253691,Hitkend ChillLab,25989.56279249
92e8c673e18a0187ea3fbc0d34052b2d,0,2026-02,,GX38U2253691,Hitkend ChillLab,26133.00835467
965b111be621fc4dfe4dce30b78bdf1c,0,2026-03,,GX38U2253691,Hitkend ChillLab,26337.23987391
31bccf9e01d0a6a1c6332d6068cd2b7d,0,2026-04,,GX38U2253691,Hitkend ChillLab,26355.9938313
5b90fc305071e6aea31b7a2c2b4e7fdc,0,2025-06,,GX38U2253692,Hitkend ChillLab,26077.50654814
a00003f9bfb9b3925bc0f0741242a999,0,2025-10,,GX38U2253692,Hitkend ChillLab,26335.54220411
a4fa5e0fb3a500253cdaa7ed40588455,0,2025-12,,GX38U2253692,Hitkend ChillLab,26298.18211444
99c779573de921c399c2f6dcf1d17bfc,0,2025-07,,GX38U2253704,Loran,26214.74769802
e8d6cb01ce8df8c0c950698a4fc7c442,0,2025-07,,GX38U2259034,Roamy,26214.74769802
e42b9a73edbbb6f67c69c0fb9abf4c16,8,2025-07,,GX38U2263939,Zyroz,26214.74769802
e2dc924885432bff4636de10c5822c16,0,2025-06,,GX38U2336761,Lunaco,26077.50654814
bb12f20f5e6d417f46f53d010c5063b1,0,2025-07,,GX38U2336761,Lunaco,26214.74769802
1f9c3dc5ce2eed2b6fd7d54e647c2d35,0,2025-08,,GX38U2336761,Lunaco,26352.41328298
ad64bafad9e068d9aeabd11809f3a15b,0,2025-09,,GX38U2336761,Lunaco,26416.10478001
88245af0df8d4ec050fc0276b8820c8e,0,2025-10,,GX38U2336761,Lunaco,26335.54220411
dfdcb579bc0783c0724c174250c180ab,0,2025-11,,GX38U2336761,Lunaco,26370.83939743
c2739964750a8d119c60345f10027a15,0,2025-12,,GX38U2336761,Lunaco,26298.18211444
d30a6828990b8c36e30ff641aacbfeea,0,2026-01,,GX38U2336761,Lunaco,25989.56279249
15a4f6b1081e3a3178c5d166624c211d,0,2026-02,,GX38U2336761,Lunaco,26133.00835467
8615fa7fc13a595aa0a4ce4fa97cb672,0,2026-03,,GX38U2336761,Lunaco,26337.23987391
0535eff9a9a23990cf6ca9ea750fa259,0,2026-04,,GX38U2336761,Lunaco,26355.9938313
3f3680e9a25f37b789d8aa41f3ca1c9c,0,2025-06,,GX38U2358167,ALH,26077.50654814
8a1971dcb45319216bc2ae15afbdfe4d,0,2025-07,,GX38U2358167,ALH,26214.74769802
c4037b2b40580cac48fd0a3c6d589340,0,2025-08,,GX38U2358167,ALH,26352.41328298
9379df17b8b3e9eb27448ef5a2576085,0,2025-09,,GX38U2358167,ALH,26416.10478001
44e1bc50ad6159d789ad57fa26298f25,0,2025-10,,GX38U2358167,ALH,26335.54220411
147003baa6374de7a1ccc1e4f6c9d8c2,0,2025-11,,GX38U2358167,ALH,26370.83939743
f7442697f8b7a5ff316b85e68cfdf8a9,0,2025-12,,GX38U2358167,ALH,26298.18211444
506944dad3093ec867d3b32ab7af430d,0,2026-01,,GX38U2358167,ALH,25989.56279249
594879a6c938a89022a59e24b1701f1d,0,2026-02,,GX38U2358167,ALH,26133.00835467
4ab6fd65c8a492dcf5c0a783e8776d6c,0,2026-03,,GX38U2358167,ALH,26337.23987391
1914a0a0be60d0fd0347ab10620e0430,0,2026-04,,GX38U2358167,ALH,26355.9938313
cd0ec83d4d69b5062bc46f907179221b,0,2025-06,,GX38U2372280,MARE,26077.50654814
547a8269c744ea23835746461a643c0d,0,2025-08,,GX38U2372280,MARE,26352.41328298
400ca4f54cf864a4606d11d38635739e,0,2025-06,,GX38U2380920,Kxx1sh,26077.50654814
a71103fb0150d0a5aef1a93b721b8205,0,2025-07,,GX38U2380920,Kxx1sh,26214.74769802
4476de13510c6747518bd549dd62005b,0,2025-08,,GX38U2380920,Kxx1sh,26352.41328298
d8bd1c5d2aedbcccd5d29ce5c818444d,0,2025-09,,GX38U2380920,Kxx1sh,26416.10478001
3158c727dbbbf04ef5c44e030c6aebd4,0,2025-10,,GX38U2380920,Kxx1sh,26335.54220411
a5fd79cbabbed3435fc7b4acc3a09b39,0,2025-11,,GX38U2380920,Kxx1sh,26370.83939743
b87d4a03fa5209236bf6ecc16e14fb7b,0,2025-12,,GX38U2380920,Kxx1sh,26298.18211444
b707c1535f5bca1111e1249fa2ac0c0a,0,2026-01,,GX38U2380920,Kxx1sh,25989.56279249
0794261fb473e90a62cdfd10163323aa,0,2026-02,,GX38U2380920,Kxx1sh,26133.00835467
d8bb894d67a6150f4dcfaf7fc8ede1d7,0,2026-03,,GX38U2380920,Kxx1sh,26337.23987391
8a1e6c04644fe1a453e369075b42851c,0,2026-04,,GX38U2380920,Kxx1sh,26355.9938313
1be1930033554e2ebc9d1acd85b57318,0,2025-06,,GX38U2384109,Dran Beat Station,26077.50654814
08be42b51dd6fcf37147bc4d7b0a454e,0,2025-07,,GX38U2384109,Dran Beat Station,26214.74769802
20d50289a5ee9e3716f4e22e33e4d809,0,2025-08,,GX38U2384109,Dran Beat Station,26352.41328298
04b893450d40fd47567d7735f9059dc3,0,2025-09,,GX38U2384109,Dran Beat Station,26416.10478001
f4843b39826d592e90d4865f1af5d66c,0,2025-10,,GX38U2384109,Dran Beat Station,26335.54220411
541b060a9b346e1fcf6f9ad82049e1ae,0,2025-11,,GX38U2384109,Dran Beat Station,26370.83939743
122bdc57f5e2019b3dbe98e71d44b157,0,2025-12,,GX38U2384109,Dran Beat Station,26298.18211444
e521f063551eee2307cd6c5911a84dda,0,2026-02,,GX38U2384109,Dran Beat Station,26133.00835467
a49d04fd525d57ad654969d354c58d4d,0,2026-03,,GX38U2384109,Dran Beat Station,26337.23987391
5ec770c5323de3797d3d67f4240d81a7,0,2026-04,,GX38U2384109,Dran Beat Station,26355.9938313
3eaac15ae19e0598ec625e1635103053,0,2026-02,,GX38U2405509,MARE,26133.00835467
cfaaa68c5a36369f20475d672421d743,0,2026-03,,GX38U2405509,MARE,26337.23987391
1bf466b7c6adb932641e0b39552d6e16,0,2026-04,,GX38U2405509,MARE,26355.9938313
f548810b30de2c97dd89db43b7d66bcf,0,2025-07,,GX3HH2208583,Albi,26214.74769802
27e44253db7b6c6317946ceb3c2cea41,11,2025-07,,GX3HH2208592,Stephan Baulig,26214.74769802
682728c7c9df72d6027f6d00a6fdf31d,0,2025-12,,GX3HH2208592,Stephan Baulig,26298.18211444
179e48a248add55a5fc4fdf4d91bf6bf,0,2026-01,,GX3HH2208592,Stephan Baulig,25989.56279249
0c2a3b0272fe68e6bdeb80aa31cfdbb0,0,2026-02,,GX3HH2208592,Stephan Baulig,26133.00835467
ded96d12d11b2cd1938ef0923e7c3969,0,2026-03,,GX3HH2208592,Stephan Baulig,26337.23987391
d135619686c6a8cb07596e575e33323b,0,2026-04,,GX3HH2208592,Stephan Baulig,26355.9938313
5f3d4252c52ef413641a947a1ab3b0ab,5,2025-07,,GX3HH2221613,Hampus,26214.74769802
c21285e31e33fac03385ce72b3d25e60,0,2025-06,,GX3HH2331877,kBeats,26077.50654814
70709af8bc75b3d403dac5b866b21f22,0,2025-11,,GX3HH2331877,kBeats,26370.83939743
6e6102af4ef409ac835e9c6cc0738aa8,0,2026-01,,GX3HH2331877,kBeats,25989.56279249
5b94159e13fc6366d11ee7de46b60ad8,0,2026-02,,GX3HH2331877,kBeats,26133.00835467
e4265c66bf0df140207cc9a324ff3f7f,0,2026-03,,GX3HH2331877,kBeats,26337.23987391
3de3e598320b21d9aa59f47467dd11f2,0,2025-06,,GX3HH2340355,havfaith,26077.50654814
d2a403937974fa01a3fef8d0f8cfb4e3,0,2025-07,,GX3HH2340355,havfaith,26214.74769802
7638213f30dd0b58914bb4145531285a,0,2025-08,,GX3HH2340355,havfaith,26352.41328298
9e6761cd437bb44c69d566afc76b375f,0,2025-09,,GX3HH2340355,havfaith,26416.10478001
1c89611883fa3b6d2acd009a2cb3173e,0,2025-10,,GX3HH2340355,havfaith,26335.54220411
4b092780f05dd0bc2900d8000420944d,0,2025-11,,GX3HH2340355,havfaith,26370.83939743
b9dcf0c1c5b2b97a27b2f446d68bb306,0,2025-12,,GX3HH2340355,havfaith,26298.18211444
6a3b53a83e93781d2c3e3ee21e4b0bc0,0,2026-01,,GX3HH2340355,havfaith,25989.56279249
a92e6efc20c05d7811b43809aa43df26,0,2026-02,,GX3HH2340355,havfaith,26133.00835467
2e20ea705e9a7ef189e57e3eba950e61,0,2026-03,,GX3HH2340355,havfaith,26337.23987391
4e8d0d3da51718083b95aebb45eaa3ad,0,2026-04,,GX3HH2340355,havfaith,26355.9938313
260f84de13c48d8b33e48c90782b0662,0,2025-06,,GX3HH2359842,Zackross,26077.50654814
cb6bb975858762c733b3c7366f7f75ab,0,2025-07,,GX3HH2359842,Zackross,26214.74769802
5eb3c7dd57676d2dc625c61cd2fc41f4,0,2025-08,,GX3HH2359842,Zackross,26352.41328298
da113cb1eb8fe7f3441df8486b1cf0c4,0,2025-09,,GX3HH2359842,Zackross,26416.10478001
736b48c6ef677a7a06e62bc5e3308e85,0,2025-10,,GX3HH2359842,Zackross,26335.54220411
89139811bd9580337ec99a56611e708a,0,2025-11,,GX3HH2359842,Zackross,26370.83939743
82d756978bdb80e917c8823df6d48797,0,2025-12,,GX3HH2359842,Zackross,26298.18211444
d8e02abba5df34072e6c8049b7bf5784,0,2026-01,,GX3HH2359842,Zackross,25989.56279249
62aa5b933fe280af6c85a25e78cdfb40,0,2026-02,,GX3HH2359842,Zackross,26133.00835467
f8484b05a870634c4d3112e8c085e786,0,2026-03,,GX3HH2359842,Zackross,26337.23987391
815e45d90b12d3fd326a35ca9dcc374f,0,2026-04,,GX3HH2359842,Zackross,26355.9938313
40d6d97c89482516446240ab9e1442f7,0,2025-06,,GX3HH2359856,MujjO,26077.50654814
ce07cb53154f531f7e6a348db9ccb6ea,0,2025-07,,GX3HH2359856,MujjO,26214.74769802
326fb0fe0b4aa8dcca339b4aee6e19e1,0,2025-08,,GX3HH2359856,MujjO,26352.41328298
827dc3a9bf6ba5cb28e324e01d1d9535,0,2025-06,,GX3HH2379430,Bazzle,26077.50654814
92dfef00d5cb3e3e709fde6df7a67dc7,0,2025-07,,GX3HH2379430,Bazzle,26214.74769802
b8ad0a4cfa5a0487ca9c3a1f9adfca7a,0,2025-08,,GX3HH2379430,Bazzle,26352.41328298
a160b53ec7a53d639799b3cf1543a8be,0,2025-09,,GX3HH2379430,Bazzle,26416.10478001
ace5fc15e3761048ac308c3c19476040,0,2025-10,,GX3HH2379430,Bazzle,26335.54220411
20181748271c2628a57c22e65fadd04a,0,2025-11,,GX3HH2379430,Bazzle,26370.83939743
16010363c37d5aa12f6610b579e6e938,0,2025-12,,GX3HH2379430,Bazzle,26298.18211444
f755338d450434528a3dc915fd957781,0,2026-01,,GX3HH2379430,Bazzle,25989.56279249
f16408a0c1eb57829e7d70859775d2d9,0,2026-02,,GX3HH2379430,Bazzle,26133.00835467
2d86779be20034335b9d86fd4a5833e3,0,2026-03,,GX3HH2379430,Bazzle,26337.23987391
8a55c88e455b4739d06338564015fcff,0,2026-04,,GX3HH2379430,Bazzle,26355.9938313
26ef43d97e5525ceaabc5b246a999cf4,0,2025-06,,GX3HH2388164,Bomshi,26077.50654814
ab6546b4d62f1818e5130aa92ff30cb5,0,2025-07,,GX3HH2388164,Bomshi,26214.74769802
ad25bbbbf00d235afc0519a59d5e3c18,0,2025-08,,GX3HH2388164,Bomshi,26352.41328298
23bf6ac2730846a74d64db66e3d8ec83,0,2025-09,,GX3HH2388164,Bomshi,26416.10478001
8c1744769f3838a6683d1fa4b07fe35b,0,2025-10,,GX3HH2388164,Bomshi,26335.54220411
c13f41dba9a7864ee108d270f0a24387,0,2025-11,,GX3HH2388164,Bomshi,26370.83939743
fd677f957a164a1d294a28a5f3bf3ea7,0,2025-12,,GX3HH2388164,Bomshi,26298.18211444
493519cdf89efc747cf6b86e8c06c348,0,2026-01,,GX3HH2388164,Bomshi,25989.56279249
fcef46f77873b39d2944b3fd985c3e30,0,2026-02,,GX3HH2388164,Bomshi,26133.00835467
8d6cbf9152660cca99ec1b25814cdc2b,0,2026-03,,GX3HH2388164,Bomshi,26337.23987391
bbe45c8eaa2df7555e96094c6f068510,0,2026-04,,GX3HH2388164,Bomshi,26355.9938313
c9c0e039c3755d792fa053db1158b848,0,2025-06,,GX3HH2390382,Zackross,26077.50654814
4878ac69de00c50e69e8d092709b3393,0,2025-07,,GX3HH2390382,Zackross,26214.74769802
40b6fabefbdae35da31a1fd2489bd4be,0,2025-08,,GX3HH2390382,Zackross,26352.41328298
4a7778a2cf5694f5fd2a4f5061f7f6da,0,2025-09,,GX3HH2390382,Zackross,26416.10478001
ed573ac137b72bf42add73a7e48adce3,0,2025-10,,GX3HH2390382,Zackross,26335.54220411
56f07e0d65715b58aa372d0a9ca1f180,0,2025-11,,GX3HH2390382,Zackross,26370.83939743
ed2cd535844e41114ed9113662688a95,0,2025-12,,GX3HH2390382,Zackross,26298.18211444
7c4f8b961ecb75660522c2892e30af3e,0,2026-01,,GX3HH2390382,Zackross,25989.56279249
f2e725634b7e52eceadfb200b1dc2070,0,2026-02,,GX3HH2390382,Zackross,26133.00835467
7a55637d928da9a34640f628afb15ba3,0,2026-03,,GX3HH2390382,Zackross,26337.23987391
4c778c0f7eedfd0b3479fc0f3e2f8351,0,2026-04,,GX3HH2390382,Zackross,26355.9938313
ed0ef4cd34b7a99031be22fd121be7c9,0,2025-10,,GX3HH2413866,Marin Hoxha,26335.54220411
74017c159919aa7f5b8483204a878817,0,2025-11,,GX3HH2413866,Marin Hoxha,26370.83939743
5fc6bcc2fb1e8672bd6a3d30b9c78551,0,2025-12,,GX3HH2413866,Marin Hoxha,26298.18211444
4f7fca0b202e6e753f02c822da75fa80,0,2026-01,,GX3HH2413866,Marin Hoxha,25989.56279249
148cf074aa7a7966052bbf5be5657392,0,2026-02,,GX3HH2413866,Marin Hoxha,26133.00835467
86c4188d5b2424976784cd4d32b2d5e0,0,2026-03,,GX3HH2413866,Marin Hoxha,26337.23987391
90e3b1e18b4eb8e226b2abeb951e6219,0,2026-04,,GX3HH2413866,Marin Hoxha,26355.9938313
5d26a1ee017cba9d4804ab875af4a9ab,0,2025-12,,GX3HH2451969,Marin Hoxha,26298.18211444
335fb677f7a5553466cac5566add21a6,0,2026-02,,GX3HH2451969,Marin Hoxha,26133.00835467
30cf00aac611fb1e348efbc7c04fc7e1,0,2026-03,,GX3HH2451969,Marin Hoxha,26337.23987391
0c0d1c1c62231ec3f28222ca56c509a9,0,2025-07,,GX4R52211528,Stuffed Tomato,26214.74769802
e2f201e0d97aad0926154f7cdd3ff8e9,2,2025-07,,GX4R52248240,N3dek,26214.74769802
2393c8335c23deb24742f4405ec6232b,0,2025-07,,GX4R52257620,Kxx1sh,26214.74769802
2d4a4b936e82131d145af049cf7da41b,0,2025-06,,GX4R52412448,echonight,26077.50654814
6fbb595b6171a1b404d05d3d69c751ab,0,2026-01,,GX4R52476673,HORT2N,25989.56279249
59e8a710a5e9d05101c655e816bd7a47,0,2026-04,,GX4R52476673,HORT2N,26355.9938313
65980bf81b6fec7e7064e59051b15b82,0,2025-06,,GX5MX2224668,aura,26077.50654814
a6bc4204b20ef943c8fe01e22a7e7a7c,0,2025-07,,GX5MX2224668,aura,26214.74769802
660ab9096337ca3434051ceb7345fe1d,0,2025-08,,GX5MX2224668,aura,26352.41328298
cfeaa3f6093c632fe72e95648081eab6,0,2025-09,,GX5MX2224668,aura,26416.10478001
a85d865367ff6daeb91485c43d2e2224,0,2025-10,,GX5MX2224668,aura,26335.54220411
d2aef6761adaf1b9bea1094ae47a2a72,0,2025-11,,GX5MX2224668,aura,26370.83939743
d0b9b8a0b00e2f24bf498366f0dcf623,0,2025-12,,GX5MX2224668,aura,26298.18211444
5635b8f9e0018ed2fd7bd57799d1bf24,0,2026-01,,GX5MX2224668,aura,25989.56279249
868c4bc9e66f83467328bff568530eca,0,2026-02,,GX5MX2224668,aura,26133.00835467
394983af6506e0ea3aaddbdf4854ec9f,0,2026-03,,GX5MX2224668,aura,26337.23987391
451c1393192afe0c62632356aa045869,0,2026-04,,GX5MX2224668,aura,26355.9938313
5a8652177b41996022e249e743b362db,0,2025-06,,GX5MX2224669,aura,26077.50654814
36b2a553ecc00673c0eaa9320a0cb44a,0,2025-07,,GX5MX2224669,aura,26214.74769802
f63c14d0f8972be38844dfcd249ec446,0,2025-08,,GX5MX2224669,aura,26352.41328298
c59bef9b31a3ade4cdb9e3f86e2cfb02,0,2025-09,,GX5MX2224669,aura,26416.10478001
33cf1cb55c85328af0f973cc8c35343a,0,2025-10,,GX5MX2224669,aura,26335.54220411
ccd4cc05c8070733e29011da746549cd,0,2025-11,,GX5MX2224669,aura,26370.83939743
0857b5271961c12c9ba14076a855fdd6,0,2025-12,,GX5MX2224669,aura,26298.18211444
73225ffa926d5a3ab80928a4e7cbe03e,0,2026-01,,GX5MX2224669,aura,25989.56279249
49fe49715ce2e4acccbc42bdc59263d2,0,2026-02,,GX5MX2224669,aura,26133.00835467
6d29bbdf324b694a22b6e5106affffca,0,2026-03,,GX5MX2224669,aura,26337.23987391
66ef7c686cf89c83a16b58dad2fd4ead,0,2026-04,,GX5MX2224669,aura,26355.9938313
6f7f7131783b4eacc9dac8203fd23428,0,2026-03,,GX5MX2224670,aura,26337.23987391
8e49145bd1c9cc97e08ce202d78449d0,3,2026-04,,GX5MX2224670,aura,26355.9938313
3adc651f418da04351ac4fd417472f7f,0,2025-06,,GX5MX2224671,aura,26077.50654814
7214112502ff27fa0dc3bfb36773341a,0,2025-07,,GX5MX2224671,aura,26214.74769802
bfd054dc535ee4cd4b037aa1404331ac,0,2025-08,,GX5MX2224671,aura,26352.41328298
5c229d630b5046714e43487244e69b75,0,2025-09,,GX5MX2224671,aura,26416.10478001
cb20766ca4fb3cef022a98405f133341,0,2025-10,,GX5MX2224671,aura,26335.54220411
d32e25e834559ba17da808a79dc7ad71,0,2025-11,,GX5MX2224671,aura,26370.83939743
a116fbb229834e6e507e3cee8e289c91,0,2025-12,,GX5MX2224671,aura,26298.18211444
be2bad79ab5aae3390545b65ea5e3494,0,2026-01,,GX5MX2224671,aura,25989.56279249
737288826b8998e3d6cb26b6af82b7ff,0,2026-02,,GX5MX2224671,aura,26133.00835467
5a747b5e055faf2562379b2775d3b399,0,2026-03,,GX5MX2224671,aura,26337.23987391
c47f379eeb5950dda7fddeed88675c21,0,2026-04,,GX5MX2224671,aura,26355.9938313
79588bc25fc2b16e365ecd7ede59596c,0,2025-06,,GX5MX2224672,aura,26077.50654814
2623e31bee2f01de5ba8e190e3c795e9,0,2025-07,,GX5MX2224672,aura,26214.74769802
30ac8b70f68002ff1b9e349678fae952,0,2025-08,,GX5MX2224672,aura,26352.41328298
13090dcfd16ab2783c5257641c2dbe8c,0,2025-09,,GX5MX2224672,aura,26416.10478001
6a8406d7ff6d6e1d3fe4ba5d976ca86f,0,2025-10,,GX5MX2224672,aura,26335.54220411
e7950ad5da7b10aa488918ae7b40c121,0,2025-11,,GX5MX2224672,aura,26370.83939743
2b36773a37f1ffd4b16d41a2e2d0f86d,0,2025-12,,GX5MX2224672,aura,26298.18211444
03760eec042361a377c07e4a9d2ffaed,0,2026-01,,GX5MX2224672,aura,25989.56279249
640ce667b2ff0feee6a418cc3d987e5c,0,2026-02,,GX5MX2224672,aura,26133.00835467
04fdfdf5fec90415ba71e5deb32f373b,0,2026-03,,GX5MX2224672,aura,26337.23987391
e6f23c93aa672d9b4090152e9e577c65,0,2026-04,,GX5MX2224672,aura,26355.9938313
95dbbc0f6a96ba3d09559c1c3dbf2b8e,0,2025-06,,GX5MX2224673,aura,26077.50654814
768e99e0064115fd8ad51f5745932383,0,2025-07,,GX5MX2224673,aura,26214.74769802
2fd54141f8486a7ca3b5fb8c60d1f79c,0,2025-08,,GX5MX2224673,aura,26352.41328298
2faf1f17f9371a0214464df30cac3f8c,0,2025-09,,GX5MX2224673,aura,26416.10478001
beb38e65a88e1eee5cc28ec89f69a476,0,2025-10,,GX5MX2224673,aura,26335.54220411
311f74fcdfdc5b2178275920429f032a,0,2025-11,,GX5MX2224673,aura,26370.83939743
d33d453ae2623865dc7e641f02781eb7,0,2025-12,,GX5MX2224673,aura,26298.18211444
800905fb11ea19489878f7b6219d78ca,0,2026-01,,GX5MX2224673,aura,25989.56279249
6f3a7b9e91d1272b27f38f5f8bdff5af,0,2026-02,,GX5MX2224673,aura,26133.00835467
3e639f0de3bbb8f071d059bb78304c56,0,2026-03,,GX5MX2224673,aura,26337.23987391
8180146de86bc07a0a73ce82cde6c1b8,0,2026-04,,GX5MX2224673,aura,26355.9938313
b26f0153b5468e1c8b3d689d074feb29,0,2025-06,,GX5MX2224674,aura,26077.50654814
907bb2d7c803b2607ffc1861915fab76,0,2025-07,,GX5MX2224674,aura,26214.74769802
5aeee132741bb4130ad00915885dc803,0,2025-08,,GX5MX2224674,aura,26352.41328298
8a1bcdb45aed7e5e9997fc09a8b1c2e7,0,2025-09,,GX5MX2224674,aura,26416.10478001
7ec7afc991567a230ccdea3be079b46e,0,2025-10,,GX5MX2224674,aura,26335.54220411
1a51b1ddbf0fbf3c17d29ed4050f0bba,0,2025-11,,GX5MX2224674,aura,26370.83939743
bf6c8acb63869d78586b97c6887bd586,0,2025-12,,GX5MX2224674,aura,26298.18211444
942414eba82247bd2d0448abe6dbc97d,0,2026-01,,GX5MX2224674,aura,25989.56279249
85469e39cf6b251030f976a6ddd4b16b,0,2026-02,,GX5MX2224674,aura,26133.00835467
d66e438e8f1a801f37ec930a8e7ab46e,0,2026-03,,GX5MX2224674,aura,26337.23987391
760558d96ff45148334a163ed29146c0,0,2026-04,,GX5MX2224674,aura,26355.9938313
9a2491e7fd486c18d9ba984f14226992,0,2025-06,,GX5MX2252894,Lo-Fi Luke,26077.50654814
fc07ddb21d7619bb3cfdddab6e74be6d,0,2025-07,,GX5MX2252894,Lo-Fi Luke,26214.74769802
5c9731e6f0b872554b6c3fde8d50329c,0,2025-08,,GX5MX2252894,Lo-Fi Luke,26352.41328298
929c665102d69aeed8d91f67ded344b9,0,2025-09,,GX5MX2252894,Lo-Fi Luke,26416.10478001
cba675f5ce85bebc3c459b7a0fce4cdc,0,2025-10,,GX5MX2252894,Lo-Fi Luke,26335.54220411
a5de5d6beddce4e870ce84b500e8b7fe,0,2025-11,,GX5MX2252894,Lo-Fi Luke,26370.83939743
c91aa4664ae87e8f5fb7c1f0e77dc6db,0,2025-12,,GX5MX2252894,Lo-Fi Luke,26298.18211444
c348fb63fc92e906eebc5f102d9e494f,0,2026-01,,GX5MX2252894,Lo-Fi Luke,25989.56279249
914d2df75646c7d9a5efd13c528c54dd,0,2026-02,,GX5MX2252894,Lo-Fi Luke,26133.00835467
0e5b78d3ee9ed46dc3130df25b31cb7e,0,2026-03,,GX5MX2252894,Lo-Fi Luke,26337.23987391
c4275961bf9f00d3c9362cb776cf303a,0,2026-04,,GX5MX2252894,Lo-Fi Luke,26355.9938313
e44cae4ce33f16351469866834023be5,0,2025-06,,GX5MX2266285,another silent weekend,26077.50654814
d18b0ab333e4c027a5774c0eab8071fc,0,2025-07,,GX5MX2266285,another silent weekend,26214.74769802
a2dc16feeb4aa9703a6f3cf54ed8fb9e,0,2025-08,,GX5MX2266285,another silent weekend,26352.41328298
48360b75ad82e7da5ae13c8334e037d5,0,2025-09,,GX5MX2266285,another silent weekend,26416.10478001
6d65b58acd6b2e8422c7755ba2c31d53,0,2025-10,,GX5MX2266285,another silent weekend,26335.54220411
dfe19db38ec20a94c789461de227e956,0,2025-11,,GX5MX2266285,another silent weekend,26370.83939743
95926d5f3bc33a7d6556237474285657,0,2025-12,,GX5MX2266285,another silent weekend,26298.18211444
d5289c7ec30767b4d7887df396aa2574,0,2026-01,,GX5MX2266285,another silent weekend,25989.56279249
55c5c5ac87d4c3c3f50db4c908f7ec79,0,2026-02,,GX5MX2266285,another silent weekend,26133.00835467
788e77e81e13e493409cca3d57ef701d,0,2026-03,,GX5MX2266285,another silent weekend,26337.23987391
7c9d200167a58c3340b6a47c077147a4,0,2025-06,,GX5MX2266286,another silent weekend,26077.50654814
d59710455896fb8051f5a7508ab4ad64,0,2025-07,,GX5MX2266286,another silent weekend,26214.74769802
cb926b1ab44550e597ea12c7b41d1441,0,2025-08,,GX5MX2266286,another silent weekend,26352.41328298
afef3cdff735b41a018750e088a1bf23,0,2025-09,,GX5MX2266286,another silent weekend,26416.10478001
f15d5036c323dcf7ae27cb6113e92da2,0,2025-10,,GX5MX2266286,another silent weekend,26335.54220411
b9a297a35a3a810e7a4ea5db6c73188d,0,2025-11,,GX5MX2266286,another silent weekend,26370.83939743
ce327fb287bbbf84f13308228533cd4f,0,2025-12,,GX5MX2266286,another silent weekend,26298.18211444
f037a15f6d5b18d815c1a66d5858627f,0,2026-01,,GX5MX2266286,another silent weekend,25989.56279249
9f7610ca2778ff97c39a0b95b891a7b2,0,2026-02,,GX5MX2266286,another silent weekend,26133.00835467
73fcec1320fade89276f9c759580a1c2,0,2026-03,,GX5MX2266286,another silent weekend,26337.23987391
5e1effdf17d75af6565367e73d17646c,0,2025-06,,GX5MX2270215,Jam'addict,26077.50654814
f492365c39715d065cb24b2a19ff2973,0,2025-07,,GX5MX2270215,Jam'addict,26214.74769802
d2b176feef208422fa8eac16111bc103,0,2025-08,,GX5MX2270215,Jam'addict,26352.41328298
915703fc8931c6f57d6d76fe59c86854,0,2025-09,,GX5MX2270215,Jam'addict,26416.10478001
5052c3aeef7d4795ba29101b5b608827,0,2025-10,,GX5MX2270215,Jam'addict,26335.54220411
374d35a1c7ac79946132d7a88d15df2c,0,2025-11,,GX5MX2270215,Jam'addict,26370.83939743
fe8b7f1714b6f21199b45e513dfb8780,0,2025-12,,GX5MX2270215,Jam'addict,26298.18211444
70af369b2d4c43ed90a8d9606d9da729,0,2026-01,,GX5MX2270215,Jam'addict,25989.56279249
6434ebba93734b8f3586dd3c963c4668,0,2026-02,,GX5MX2270215,Jam'addict,26133.00835467
2a52abda94d20c8a469bc303db08f9c0,0,2026-03,,GX5MX2270215,Jam'addict,26337.23987391
af3a2518a81377f0c30811e639e0c363,0,2026-04,,GX5MX2270215,Jam'addict,26355.9938313
4b8dcbbce8d62901a6d65575136742da,0,2025-06,,GX5MX2270317,Lo-Fi Luke,26077.50654814
c295a647597f008040fa5cae82e36eeb,0,2025-07,,GX5MX2270317,Lo-Fi Luke,26214.74769802
38d00fb59e6e7774010f8df524063976,0,2025-08,,GX5MX2270317,Lo-Fi Luke,26352.41328298
7bdac343a5d725fb62411e5c0204791a,0,2025-09,,GX5MX2270317,Lo-Fi Luke,26416.10478001
4bf1c800316fe51822fc5b6474b30016,0,2025-10,,GX5MX2270317,Lo-Fi Luke,26335.54220411
c6aed2e959e482aaa6a5ea3978dc6ee7,0,2025-11,,GX5MX2270317,Lo-Fi Luke,26370.83939743
aae8659037992ca34b9cda4e900fd34f,0,2025-12,,GX5MX2270317,Lo-Fi Luke,26298.18211444
f0ce9c1a167953e6dde867aaa10916f2,0,2026-01,,GX5MX2270317,Lo-Fi Luke,25989.56279249
b09e8e66f670d8ecb229f2bc9d897d09,0,2026-02,,GX5MX2270317,Lo-Fi Luke,26133.00835467
d317e5b475bc72d7b03f42c4add965d9,0,2026-03,,GX5MX2270317,Lo-Fi Luke,26337.23987391
445fdc7bafc59eddac467e1ccd68caac,0,2026-04,,GX5MX2270317,Lo-Fi Luke,26355.9938313
c2726a642fedb8b7ade95e86a67c160f,0,2025-06,,GX5MX2280931,Darsena,26077.50654814
24f6330e62708ea34bd01320802c07eb,0,2025-07,,GX5MX2280931,Darsena,26214.74769802
116ffbdce305c5d741bd63b9644c4171,0,2025-08,,GX5MX2280931,Darsena,26352.41328298
46209d5a4a547a384e9c0cf9c6fea476,0,2025-09,,GX5MX2280931,Darsena,26416.10478001
0c43370dd766e149ec67aeb2cd4b76a3,0,2025-10,,GX5MX2280931,Darsena,26335.54220411
34baed0e2b54f110b72bc6f00682a879,0,2025-11,,GX5MX2280931,Darsena,26370.83939743
4c440649d13f532bc64acbd671625b39,0,2025-12,,GX5MX2280931,Darsena,26298.18211444
cabc7011dd68b7eba0384e7e3d6f864b,0,2026-01,,GX5MX2280931,Darsena,25989.56279249
b1448ec62fd0bcf0f1abeea2f8c957c0,0,2026-02,,GX5MX2280931,Darsena,26133.00835467
539d2c1c585ed3043112d89a90d323bb,0,2026-03,,GX5MX2280931,Darsena,26337.23987391
8f21f6a664fe21fe8a3ae57f7a41e985,0,2026-04,,GX5MX2280931,Darsena,26355.9938313
0076dc89353af0a94befff6bf7607b35,0,2025-06,,GX5MX2281120,ALH,26077.50654814
79a00b47e9e4ea837c7e524647732b3b,0,2025-07,,GX5MX2281120,ALH,26214.74769802
600c5190d68ed981710a59168003c11d,0,2025-08,,GX5MX2281120,ALH,26352.41328298
09f619bb0b5cd46cd550c4cbe7eb1d5e,0,2025-09,,GX5MX2281120,ALH,26416.10478001
e40288c624433af6768dca26dd220a20,0,2025-10,,GX5MX2281120,ALH,26335.54220411
ce90c5c2b5afd34b8b6cfc6df3320222,0,2025-11,,GX5MX2281120,ALH,26370.83939743
862c0fc9af1087f46cfd6d7357ac802e,0,2025-12,,GX5MX2281120,ALH,26298.18211444
3b3ba20bb25699ec8320243bb0e4bf82,0,2026-01,,GX5MX2281120,ALH,25989.56279249
b4c981d767d77d38ee64d4448ae45875,0,2026-02,,GX5MX2281120,ALH,26133.00835467
96e6dcabbbbec370223b673b72929735,0,2026-03,,GX5MX2281120,ALH,26337.23987391
1f77783432946d680b123eb85573c55d,0,2026-04,,GX5MX2281120,ALH,26355.9938313
1ea43a5d1ab222326b74b6da07eeba39,0,2025-08,,GX5MX2294283,Ahntow,26352.41328298
1f621bfc3715b1aff0a9a3bf03a32898,0,2025-09,,GX5MX2294283,Ahntow,26416.10478001
5d17c1947d17bb4b75b553a74f0d1d7a,0,2025-10,,GX5MX2294283,Ahntow,26335.54220411
fa2838d5fd0ed24400103b8bfc338093,0,2025-11,,GX5MX2294283,Ahntow,26370.83939743
d270361a1f7f6432ed770c372f05c71c,0,2025-12,,GX5MX2294283,Ahntow,26298.18211444
ca6d9b0b380868b7bb256cfa5eddd50c,0,2026-01,,GX5MX2294283,Ahntow,25989.56279249
3b03b2cda0dcbaeb4d82d5ea16351a27,0,2026-02,,GX5MX2294283,Ahntow,26133.00835467
ecfd7827d67041e27ee78ddb0df0c79b,0,2026-03,,GX5MX2294283,Ahntow,26337.23987391
35bbfe890119fdb3b6594f95cc88be83,0,2026-04,,GX5MX2294283,Ahntow,26355.9938313
f128647ed0dd0a9e2ea2ed5082013aaf,0,2025-06,,GX5MX2296439,Darsena,26077.50654814
3d1372e7c423c4d6cfe396691f88fac6,0,2025-07,,GX5MX2296439,Darsena,26214.74769802
8ad4478fa5db20420cbc0cac6e02b81d,0,2025-08,,GX5MX2296439,Darsena,26352.41328298
a30d0aaed9262a80d1c80eba4946efe9,0,2025-09,,GX5MX2296439,Darsena,26416.10478001
bbe6b7f7fa9b4b73ac161be6bb4d9211,0,2025-10,,GX5MX2296439,Darsena,26335.54220411
0a9febc42f62af60c122b23b38f189bb,0,2025-11,,GX5MX2296439,Darsena,26370.83939743
12acc0fd26a66265d32f3e5f25e709c5,0,2025-12,,GX5MX2296439,Darsena,26298.18211444
f9d4c54005e67c6cc0351a174ef989e2,0,2026-01,,GX5MX2296439,Darsena,25989.56279249
db57fdef5003ac9604c51b3c8524f14a,0,2026-02,,GX5MX2296439,Darsena,26133.00835467
51ee67a159eeefc4f68f4a349ab855f5,0,2026-03,,GX5MX2296439,Darsena,26337.23987391
52c5dbb9ca5ba68e0ee77b8b57a30c86,0,2026-04,,GX5MX2296439,Darsena,26355.9938313
91b1e2c90bd566695e2f060d7aced9b9,0,2025-06,,GX5MX2376970,oxinym,26077.50654814
5d2df84664578af198e42707d9c6ba0a,0,2025-07,,GX5MX2376970,oxinym,26214.74769802
416ebc502e4242c16b9489e096a4e810,0,2025-08,,GX5MX2376970,oxinym,26352.41328298
c97810801bae03a6997844320ede3eee,0,2025-09,,GX5MX2376970,oxinym,26416.10478001
8ec841f0fe696d22a8103ee296ab7c2f,0,2025-10,,GX5MX2376970,oxinym,26335.54220411
b8da614b1386c1e60b1bedae38175cd1,0,2025-11,,GX5MX2376970,oxinym,26370.83939743
6a72e92ec9f5deca78f949f91c8f4756,0,2025-12,,GX5MX2376970,oxinym,26298.18211444
9438d72bee7ae66e8e024979a4ba54f1,0,2026-01,,GX5MX2376970,oxinym,25989.56279249
84194814880350b2bbb2181b97dbc6e7,0,2026-02,,GX5MX2376970,oxinym,26133.00835467
310de63f13ee2cb6fed7464bfad8453b,0,2026-03,,GX5MX2376970,oxinym,26337.23987391
30ddd1074bdb2bf7417f594270e212c4,0,2026-04,,GX5MX2376970,oxinym,26355.9938313
8e7f69590aef914c4f665455e01aa586,0,2025-06,,GX5MX2390895,Chilliax,26077.50654814
1383fe3456cf77f6f3946476a300eaa9,0,2025-07,,GX5MX2390895,Chilliax,26214.74769802
8697231f4cff0de6783b4df5c24b7871,0,2025-08,,GX5MX2390895,Chilliax,26352.41328298
ba51d302cf76f0cc85fe1154ed92f722,0,2025-09,,GX5MX2390895,Chilliax,26416.10478001
d8dc96363debdff2158f71d3096960d3,0,2025-10,,GX5MX2390895,Chilliax,26335.54220411
1920c7c9f83718609281e91220aae66c,0,2025-11,,GX5MX2390895,Chilliax,26370.83939743
35f6812d690c141a4f71eb063330672b,0,2025-12,,GX5MX2390895,Chilliax,26298.18211444
d272d9c80b8c62734124e3c20d86e6e2,0,2026-01,,GX5MX2390895,Chilliax,25989.56279249
acee8501d8afcb197b251ae86cfcc8e7,0,2026-02,,GX5MX2390895,Chilliax,26133.00835467
659df3981b4df94539dfa3601b52e56e,0,2026-03,,GX5MX2390895,Chilliax,26337.23987391
2f6bbafe8f1d7f9bdf598020cd69c7cf,0,2026-04,,GX5MX2390895,Chilliax,26355.9938313
61c483056515a04540b69d9c503ba99a,0,2025-07,,GX5MY2144547,Rude Boy,26214.74769802
b6a2315ce60ecf7a5dd9b3679508ede4,11,2025-07,,GX5MY2158513,Hysaze,26214.74769802
6c6e60ab0cda16a502da60842e99e170,0,2025-08,,GX5MY2231247,GXNXSIS,26352.41328298
59367e728fe2f5b47b7cd9769aa48806,0,2025-09,,GX5MY2231247,GXNXSIS,26416.10478001
c067549c6c036370cf2962ac2d2ff83d,0,2025-10,,GX5MY2231247,GXNXSIS,26335.54220411
8fd8633209fa43c40647321985b8fa18,0,2025-11,,GX5MY2231247,GXNXSIS,26370.83939743
48604fb5da94384b0c16ed5a4376dbe3,0,2025-12,,GX5MY2231247,GXNXSIS,26298.18211444
e751d53a250f86b4e7924b8dbcacc243,0,2026-01,,GX5MY2231247,GXNXSIS,25989.56279249
a1dbb6cab9537fb184f11d2d8bf8c6ee,0,2026-02,,GX5MY2231247,GXNXSIS,26133.00835467
5a1ab03085ddc7187c5ab9129e4737a2,0,2026-03,,GX5MY2231247,GXNXSIS,26337.23987391
a32a179db6f5f7f9a5d70affc5e1afa2,0,2026-04,,GX5MY2231247,GXNXSIS,26355.9938313
478f64d7a29d6307c5cc45b20c5055e2,0,2025-06,,GX5MY2244813,koolmonke,26077.50654814
ce692fd818c4466a759327fed74f12e8,0,2025-07,,GX5MY2244813,koolmonke,26214.74769802
c864ac5b821254b4ac23b0fed585eeef,0,2025-08,,GX5MY2244813,koolmonke,26352.41328298
7e1bb52e012c832fe711d77f5ee9bab2,0,2025-09,,GX5MY2244813,koolmonke,26416.10478001
70bb98b1439102b82784031b2bfbb2fc,0,2025-10,,GX5MY2244813,koolmonke,26335.54220411
1606dd284afeee841d1d996a00e2d331,0,2026-01,,GX5MY2244813,koolmonke,25989.56279249
db9901c07c7e77e5da25c8e244a67aa9,0,2025-06,,GX5MY2261024,Swilled,26077.50654814
096c23490610e62ecb6092e950cc1ade,0,2025-07,,GX5MY2261024,Swilled,26214.74769802
631972f8ad66b08b18e0ba504c71a490,0,2025-08,,GX5MY2261024,Swilled,26352.41328298
f92123d46c9f7a77036e54eba87cc44a,0,2025-09,,GX5MY2261024,Swilled,26416.10478001
2a243ca642c9759ac11105ec22552cde,0,2025-10,,GX5MY2261024,Swilled,26335.54220411
55a8e17f25b2fe1ffb60992e25805ee2,0,2025-11,,GX5MY2261024,Swilled,26370.83939743
41e609089bca3c1f40f1fe5f26b3f880,0,2025-12,,GX5MY2261024,Swilled,26298.18211444
1bdc50283ad7b0e3a5cb482c601805b2,0,2026-01,,GX5MY2261024,Swilled,25989.56279249
a46270feb51303763ed7846898e84e04,0,2026-02,,GX5MY2261024,Swilled,26133.00835467
b062c07fb0008d703b403e231c7dad65,0,2026-03,,GX5MY2261024,Swilled,26337.23987391
e44f13e3f8559100622e1f1c5b685377,0,2026-04,,GX5MY2261024,Swilled,26355.9938313
53ecd0cad93db8d4d676a00d3b3cf7e9,0,2025-06,,GX5MY2282555,kust,26077.50654814
ed7ac7d1fc85e2439d1dbb13ccaf70df,0,2025-07,,GX5MY2282555,kust,26214.74769802
6fd3149bafb7dbf8988482c862d5d373,0,2025-08,,GX5MY2282555,kust,26352.41328298
a97ee9294b46e2cc1664d96d603f822f,0,2025-09,,GX5MY2282555,kust,26416.10478001
65183c11c045f21c59789843e3cca03a,0,2025-10,,GX5MY2282555,kust,26335.54220411
5bd8c51d2315dc713c40f6c45baa0121,0,2025-11,,GX5MY2282555,kust,26370.83939743
3452025dea64f5f4c65f57a0b24e0f2c,0,2025-12,,GX5MY2282555,kust,26298.18211444
9d6d88d6c39d5d6b5ddba8589d874b75,0,2026-01,,GX5MY2282555,kust,25989.56279249
07d4e5161543daa336ecd13c8ee490ea,0,2026-02,,GX5MY2282555,kust,26133.00835467
7d6e91c8a794cece6c15e4bf48fedaa7,0,2026-03,,GX5MY2282555,kust,26337.23987391
b4a61bca67184b71d87511f02c169c3f,0,2026-04,,GX5MY2282555,kust,26355.9938313
cc2c6318e177f0a8f18c64f3d69b30bf,0,2025-06,,GX5MY2284031,kust,26077.50654814
7f19b2ea3f1ae8b34c16bdab3190ce8d,0,2025-07,,GX5MY2284031,kust,26214.74769802
1419a22c815e1886474d983b2d723a26,0,2025-08,,GX5MY2284031,kust,26352.41328298
ae7758b97a860b13190781a9cdd2658a,0,2025-09,,GX5MY2284031,kust,26416.10478001
c1ccd298251a0a790374444f10a8e084,0,2025-10,,GX5MY2284031,kust,26335.54220411
4d2fb29d3b599c58f59c1452e7b83b77,0,2025-11,,GX5MY2284031,kust,26370.83939743
9775a07867255b91276bd6e2af3e4923,0,2025-12,,GX5MY2284031,kust,26298.18211444
b2902aae6c3e223f0caebaf5053d7cb6,0,2026-01,,GX5MY2284031,kust,25989.56279249
20a7598dd16e5e65408f4e1210bcf6e9,0,2026-02,,GX5MY2284031,kust,26133.00835467
1850701981a5f0c20d3411868d4ec34a,0,2026-03,,GX5MY2284031,kust,26337.23987391
9060285d852298a082d83abf457710e1,0,2026-04,,GX5MY2284031,kust,26355.9938313
b35661acffa388f2aeee0ef6371f122b,0,2025-10,,GX5MY2284087,Krynoze,26335.54220411
5aacab0734ef3518366503cba9999c4c,0,2025-10,,GX5MY2284088,Krynoze,26335.54220411
002f796f644baecd3f5153af927692f8,0,2025-10,,GX5MY2284090,Krynoze,26335.54220411
94af1714c0f728aa9d4401d749e30463,0,2025-10,,GX5MY2316086,Hounar,26335.54220411
9885f6e961e82497eb36b7e7c5c6fdaa,0,2025-06,,GX5MY2329641,CMT8,26077.50654814
61f5bb96ee854a85c0ffb7777e7e0a84,0,2025-07,,GX5MY2329641,CMT8,26214.74769802
3a07607673728878d6ba1572f3a96154,0,2025-08,,GX5MY2329641,CMT8,26352.41328298
2317fa122309beb6612c4c398ce1e28e,0,2025-09,,GX5MY2329641,CMT8,26416.10478001
c3935ab68b1be33f88ff88b6587c8c1a,0,2025-10,,GX5MY2329641,CMT8,26335.54220411
90c064117d8da157e5f9f34b3ea9729f,0,2025-11,,GX5MY2329641,CMT8,26370.83939743
14c1d248cffce19176e9492dd3dbc621,0,2025-12,,GX5MY2329641,CMT8,26298.18211444
f305eeacfc60c8fe78bf780261dbb6d2,0,2026-01,,GX5MY2329641,CMT8,25989.56279249
aba69444ff36c7777a77eb1807bbe73b,0,2026-02,,GX5MY2329641,CMT8,26133.00835467
d0f507517c76b9f26fc7c52ee8a3a60f,0,2026-03,,GX5MY2329641,CMT8,26337.23987391
92b91012c245ee53da67cb4662f0647d,0,2026-04,,GX5MY2329641,CMT8,26355.9938313
9ef94c1b9d1d40447955cdb8646be218,0,2025-06,,GX5MY2332604,Dran Beat Station,26077.50654814
52474d9c55787f19ef7538e02e9053c4,0,2025-07,,GX5MY2332604,Dran Beat Station,26214.74769802
e660e45de6ccc461eed7421ca0fcd781,0,2025-09,,GX5MY2332604,Dran Beat Station,26416.10478001
4842661d71fca78138eadb35d0691042,0,2025-10,,GX5MY2332604,Dran Beat Station,26335.54220411
dfd5113431e0f80a8989611deeef0da6,0,2025-11,,GX5MY2332604,Dran Beat Station,26370.83939743
9e18c07358abdf4808375b1f9840d08c,0,2025-12,,GX5MY2332604,Dran Beat Station,26298.18211444
672ae006b57c34b6f9143ef90e4500dc,0,2026-02,,GX5MY2332604,Dran Beat Station,26133.00835467
e56d0acc25854009b852b5bb2a94346d,0,2026-03,,GX5MY2332604,Dran Beat Station,26337.23987391
58a6ffaed9fbcfb9dc9803d66f06d57c,0,2025-06,,GX5MY2343223,Divint,26077.50654814
441f35dc941e2c550cc70ec94656eab4,0,2025-07,,GX5MY2343223,Divint,26214.74769802
b930c3af466a74be1421af228a63336f,0,2025-08,,GX5MY2343223,Divint,26352.41328298
5070eccd4b05ab535e5d3e8f6120880b,0,2025-09,,GX5MY2343223,Divint,26416.10478001
26a3a07365347de7f4e4e5be08f8b238,0,2025-10,,GX5MY2343223,Divint,26335.54220411
0484538d539b81f4ae0cd5e148670786,0,2025-11,,GX5MY2343223,Divint,26370.83939743
bf0fc02fa1c4faa782312f3bf59ec56f,0,2025-12,,GX5MY2343223,Divint,26298.18211444
0f3746cb739f2c7dc3211860aeb37428,0,2026-01,,GX5MY2343223,Divint,25989.56279249
82df339baf5b789aa1105d38fa4ca829,0,2026-02,,GX5MY2343223,Divint,26133.00835467
c711399123739501541afbe4d3ecab17,0,2026-03,,GX5MY2343223,Divint,26337.23987391
74c1edd7dae96ec88bab2aed71c116c2,0,2026-04,,GX5MY2343223,Divint,26355.9938313
78a5ff02c66852cf2585746341c44749,0,2025-06,,GX5MY2343918,Ahntow,26077.50654814
fff06b28d1e6722d3f01f79fa9505b6a,0,2025-07,,GX5MY2343918,Ahntow,26214.74769802
53c7f28c59510a14d9f7bbbb0739ec79,0,2025-08,,GX5MY2343918,Ahntow,26352.41328298
4d078e910cd2637fa108148359f40fbc,0,2025-09,,GX5MY2343918,Ahntow,26416.10478001
66868ac8ef773069e8a283e12f4abe98,0,2025-10,,GX5MY2343918,Ahntow,26335.54220411
248de073474fd53adabe1d52c8ec00a7,0,2025-11,,GX5MY2343918,Ahntow,26370.83939743
31bcb8195c2f79ad13762dea15831822,0,2025-12,,GX5MY2343918,Ahntow,26298.18211444
504655364c9ce3296e6a3eaeacc98eec,0,2026-01,,GX5MY2343918,Ahntow,25989.56279249
59927ca4d257c81e3d69a6e51c302e4e,0,2026-02,,GX5MY2343918,Ahntow,26133.00835467
324154f08b476983154d3f09e99f9d6d,0,2026-03,,GX5MY2343918,Ahntow,26337.23987391
f2abd94632bfebce5541c9f8d5f7e325,0,2026-04,,GX5MY2343918,Ahntow,26355.9938313
f694779cdff2284547051af46da9d4f7,0,2025-06,,GX5MY2351682,Grisby,26077.50654814
5c34d8935ac577b8ce3305d749ec206c,0,2025-07,,GX5MY2351682,Grisby,26214.74769802
8d39d1e426cf3fb3cfd2600d3a45a2d5,0,2025-09,,GX5MY2351682,Grisby,26416.10478001
563670fbad4b79ebf909e1b58bd1fbb2,0,2026-01,,GX5MY2351682,Grisby,25989.56279249
8850f67f78fe129f4db97f4107c89f74,0,2026-02,,GX5MY2351682,Grisby,26133.00835467
2ce59b1abb19252a2a3dbc50e33d5c14,0,2026-03,,GX5MY2351682,Grisby,26337.23987391
e7fb01fa0bf1ae1d827a7aa216be0117,0,2026-04,,GX5MY2351682,Grisby,26355.9938313
f227ac99322f4ee5d2463c1693a4328f,0,2025-07,,GX5MY2358748,bad at math.,26214.74769802
03aa4a291e83a53fe27e8e6a1ee26d8a,0,2025-08,,GX5MY2358748,bad at math.,26352.41328298
35958664dc0b7d24e9c6efb1dfa9e1c6,0,2025-12,,GX5MY2358748,bad at math.,26298.18211444
61029732a0e9921a6751981771ae09f2,0,2026-03,,GX5MY2358748,bad at math.,26337.23987391
26287acab2d348dc3b04e3ef25b04ea1,0,2026-04,,GX5MY2358748,bad at math.,26355.9938313
c425b4f009fc20f6387c9fd8cd1ef666,0,2025-06,,GX5MY2375101,CMT8,26077.50654814
e1fb98a204c867c7861e788a4152c5e4,0,2025-07,,GX5MY2375101,CMT8,26214.74769802
11b7a764da0a88045b848cc219002f21,0,2025-08,,GX5MY2375101,CMT8,26352.41328298
74268733c24347a9b506f2a14bd33e3e,0,2025-09,,GX5MY2375101,CMT8,26416.10478001
7c3945d53d5ae6d6035792bfebae26e0,0,2025-10,,GX5MY2375101,CMT8,26335.54220411
376e93659645064203be25abfbd81737,0,2025-11,,GX5MY2375101,CMT8,26370.83939743
7abf6ac8432c9e3350f12402edd81715,0,2025-12,,GX5MY2375101,CMT8,26298.18211444
91252f9f31805940dfe6748ea695d570,0,2026-01,,GX5MY2375101,CMT8,25989.56279249
8703850bc0a25bebcd69a3bba9e50b23,0,2026-02,,GX5MY2375101,CMT8,26133.00835467
54c29aa28f2ddae74ffa72b9e0699f85,0,2026-03,,GX5MY2375101,CMT8,26337.23987391
07840734acb6988ae74b798ec89a5c8d,0,2026-04,,GX5MY2375101,CMT8,26355.9938313
348e2195e37555e0d9ceb058b0dfbfa4,0,2025-06,,GX5MY2377734,Chilliax,26077.50654814
b4997f79048f301fad2becd1bd020a34,0,2025-07,,GX5MY2377734,Chilliax,26214.74769802
5146d16df8976b4835a0f5ef44c424bb,0,2025-08,,GX5MY2377734,Chilliax,26352.41328298
44737e5e7a7da6dca4d7527367650235,0,2025-09,,GX5MY2377734,Chilliax,26416.10478001
2fffc4197e773bca32c944ece37b193d,0,2025-10,,GX5MY2377734,Chilliax,26335.54220411
e0f42a84d21fab1ba57c0d51068e6f71,0,2025-11,,GX5MY2377734,Chilliax,26370.83939743
bd1364c7bde6528970dd37e06158e2ab,0,2026-01,,GX5MY2377734,Chilliax,25989.56279249
714a1e7f6371c1db820565187c6cdaae,0,2026-02,,GX5MY2377734,Chilliax,26133.00835467
0aca009b6722107d17229c555a28bfcc,0,2026-04,,GX5MY2377734,Chilliax,26355.9938313
154b70cd129f3d945869a933826488e3,0,2025-06,,GX5MY2378131,Neo LoFi,26077.50654814
935529a96fb9c0b7719f327ccaa42638,0,2025-07,,GX5MY2378131,Neo LoFi,26214.74769802
b33ebe3d116533d15ad545fc4b904ccc,0,2025-08,,GX5MY2378131,Neo LoFi,26352.41328298
fa97a2c580a34d4ae3d462f049b0260c,0,2025-09,,GX5MY2378131,Neo LoFi,26416.10478001
fa1b7a319758203ae292cf2f36fbed81,0,2025-10,,GX5MY2378131,Neo LoFi,26335.54220411
f964f6d97b74ee8ee8f044d6afa13833,0,2025-11,,GX5MY2378131,Neo LoFi,26370.83939743
897264e9bd24a9a5e13bbbebcd6f903e,0,2025-12,,GX5MY2378131,Neo LoFi,26298.18211444
774bfb295f2d4e3e91c700d1f8a32df0,0,2026-01,,GX5MY2378131,Neo LoFi,25989.56279249
6779333bcfc4f5afafd8701ccb96acd5,0,2026-02,,GX5MY2378131,Neo LoFi,26133.00835467
416b091051cbae5f4de62e647d4d6889,0,2026-03,,GX5MY2378131,Neo LoFi,26337.23987391
a66d5b39f04ac13f1ef1455886a2838c,0,2026-04,,GX5MY2378131,Neo LoFi,26355.9938313
e0a70300f5e919a68b62a9b8e4cfea2c,0,2025-06,,GX5MY2381574,CMT8,26077.50654814
c86c841d99b2f46c86ee931931037f68,0,2025-07,,GX5MY2381574,CMT8,26214.74769802
22802211bfc9d050b9d3e6e9082e86f3,0,2025-08,,GX5MY2381574,CMT8,26352.41328298
e0886e76a37cb7c152f00c768c3b4317,0,2025-09,,GX5MY2381574,CMT8,26416.10478001
81234988218a21b6124d3182f7c9a1e7,0,2025-10,,GX5MY2381574,CMT8,26335.54220411
eb7d40d7c3c340034a3167a4be22e4ae,0,2025-11,,GX5MY2381574,CMT8,26370.83939743
b7afd349d8197b9bd4ad3ae5ff44a6a9,0,2025-12,,GX5MY2381574,CMT8,26298.18211444
4dbd66f2b5a8fa590b3d5301f6c8a5d2,0,2026-01,,GX5MY2381574,CMT8,25989.56279249
5c4047a9b3e761cb6445050710e6e4a1,0,2026-02,,GX5MY2381574,CMT8,26133.00835467
987cccb5aeba3a183b8bd7f0a5f1fedf,0,2026-03,,GX5MY2381574,CMT8,26337.23987391
153d767d620026c42f659acd017f4091,0,2026-04,,GX5MY2381574,CMT8,26355.9938313
c9988f559ce886732f005ae1995fa65b,0,2025-06,,GX5MY2387855,CMT8,26077.50654814
9b686cbdef0fb5ba38f5ffceb26fd3e9,0,2025-07,,GX5MY2387855,CMT8,26214.74769802
8587875f6848af92488e0864a3df0b75,0,2025-08,,GX5MY2387855,CMT8,26352.41328298
8758d77183cce681e5875c1666d7b7b5,0,2025-09,,GX5MY2387855,CMT8,26416.10478001
c711be0cf5c051fab80634bb3c174cf7,0,2025-10,,GX5MY2387855,CMT8,26335.54220411
5272d9bc80280feae8cdefdf662dcf8a,0,2025-11,,GX5MY2387855,CMT8,26370.83939743
a2843a2039cd847d1598dc0d302d7f35,0,2025-12,,GX5MY2387855,CMT8,26298.18211444
c9b4de48884e48799556f7abb2657eef,0,2026-01,,GX5MY2387855,CMT8,25989.56279249
8df4e93c2673ef5d2d095badfa06db9c,0,2026-02,,GX5MY2387855,CMT8,26133.00835467
323b30a8dc0a3b71ad12c3496d79c6cd,0,2026-03,,GX5MY2387855,CMT8,26337.23987391
a7af135eda17b057d8f69f0412efffb0,0,2026-04,,GX5MY2387855,CMT8,26355.9938313
5527bc354d8e268b887a1d8aff320c0d,0,2025-06,,GX5MY2399380,Ryan Walker,26077.50654814
f6e25baea05340b11679321344637bf8,0,2025-07,,GX5MY2399380,Ryan Walker,26214.74769802
42cb41d9cf96bc89b4b18da6da7fca7b,0,2025-08,,GX5MY2399380,Ryan Walker,26352.41328298
f009db2130d45a8201fafd68efc45188,0,2025-09,,GX5MY2399380,Ryan Walker,26416.10478001
cc1151433a639dcbd3c50af34ef39503,0,2025-10,,GX5MY2399380,Ryan Walker,26335.54220411
4916145dd3ad2978e2cd895e2a22178e,0,2025-11,,GX5MY2399380,Ryan Walker,26370.83939743
b57371dc3f44027b3c3affdde9e5b495,0,2025-12,,GX5MY2399380,Ryan Walker,26298.18211444
59603f5d45793b81034da06d7c2ebb3c,0,2026-01,,GX5MY2399380,Ryan Walker,25989.56279249
75eb5069a2642515af351f425a452eea,0,2026-02,,GX5MY2399380,Ryan Walker,26133.00835467
902c72bf2948d3279d0faeb1ed11c901,0,2026-03,,GX5MY2399380,Ryan Walker,26337.23987391
29a9cd23ba1ad7eea5d2f34a863354c1,0,2026-04,,GX5MY2399380,Ryan Walker,26355.9938313
91617bba2c46c3e83514576af59b7976,0,2025-06,,GX89G2209365,Pr4ntik,26077.50654814
be4fe659480e1c5e5a059cbb0d3c292f,0,2025-07,,GX89G2209365,Pr4ntik,26214.74769802
5c01a225eaea5bde1b3eba11b30d6884,0,2025-08,,GX89G2209365,Pr4ntik,26352.41328298
41fd4cd00148b52f152c5710dd46fe77,0,2025-09,,GX89G2209365,Pr4ntik,26416.10478001
95fa113cac73513527bdb68225324c0f,0,2025-10,,GX89G2209365,Pr4ntik,26335.54220411
cff2b622891d8daedd2e93a2d3242a1d,0,2025-11,,GX89G2209365,Pr4ntik,26370.83939743
8632ab344c976e6ddf0815ec812255bf,0,2025-12,,GX89G2209365,Pr4ntik,26298.18211444
4bc1e679216701d87879264166c9f524,0,2026-01,,GX89G2209365,Pr4ntik,25989.56279249
0d11b969067534cfac5aade4cb7e7a98,0,2026-02,,GX89G2209365,Pr4ntik,26133.00835467
adc1f467434715c68c282a82091ca231,0,2026-03,,GX89G2209365,Pr4ntik,26337.23987391
7db0cb8c2e4dbdff665f086775d6475e,0,2026-04,,GX89G2209365,Pr4ntik,26355.9938313
92c70c38ffeacf451c4ffffafb1ebfd2,0,2025-12,,GX89G2238475,DALEXO,26298.18211444
b3b897346d3f904878a2324ec2ca5904,0,2026-01,,GX89G2238475,DALEXO,25989.56279249
47d047c36db78022f069cb2b4945ae2b,0,2026-02,,GX89G2238475,DALEXO,26133.00835467
7f3a6e7aa3bd433be5ade4ba033bcf19,0,2026-03,,GX89G2238475,DALEXO,26337.23987391
7b29b86f7ef760c5028a9fe2171b7d6d,0,2026-04,,GX89G2238475,DALEXO,26355.9938313
f14c05247c075758dcb4450636b39682,0,2025-06,,GX89G2270886,Resiino,26077.50654814
c14ef3fd18ae1f538e6c329c1e41540a,0,2025-07,,GX89G2270886,Resiino,26214.74769802
472555c2f0578aacb8399dc1d2e1a399,0,2025-09,,GX89G2270886,Resiino,26416.10478001
3f82d70699f49b743660858ed5606f56,0,2025-10,,GX89G2270886,Resiino,26335.54220411
7b5eebcb952a64cb7115cb8b6067aff8,0,2025-11,,GX89G2270886,Resiino,26370.83939743
c29a36ebfaf3859cd7947302193e5655,0,2025-12,,GX89G2270886,Resiino,26298.18211444
aa78f6d7d2d2ac03cbf080bf2a9932a2,0,2026-01,,GX89G2270886,Resiino,25989.56279249
b2b1ab701921763576da9132702a9bb2,0,2026-02,,GX89G2270886,Resiino,26133.00835467
956e9ac9080b857d8bce7da8c6cf7ab5,0,2026-03,,GX89G2270886,Resiino,26337.23987391
58776b5fcfbf84706e217e5ac39e48c8,0,2026-04,,GX89G2270886,Resiino,26355.9938313
513a6344fc1e68a743d5cc014cf9d088,0,2025-06,,GX89G2289396,MD Beats,26077.50654814
a0a8d61ca696abf5c1926e22a73cec2d,0,2025-07,,GX89G2289396,MD Beats,26214.74769802
0da38f62171c15354f82a2bffff50ee4,0,2025-08,,GX89G2289396,MD Beats,26352.41328298
9c76f0c6de8ce8e303f2f65feca451d2,0,2025-09,,GX89G2289396,MD Beats,26416.10478001
8713a0cdc74f3a96abba91517cb81c32,0,2025-10,,GX89G2289396,MD Beats,26335.54220411
862ceb189922d73f0e589b44dcfb9818,0,2025-11,,GX89G2289396,MD Beats,26370.83939743
19011744b8a786d3a187b7a770b6e658,0,2025-12,,GX89G2289396,MD Beats,26298.18211444
2018390aa0fd22c79146d78ea086b0b3,0,2026-01,,GX89G2289396,MD Beats,25989.56279249
aa921d9b149d18af5489dd23e5b3fdd3,0,2026-02,,GX89G2289396,MD Beats,26133.00835467
8f8a8f99e2526b4fb08b7720a369651c,0,2026-03,,GX89G2289396,MD Beats,26337.23987391
01cd5f3303aa1ab1ff755e6bea3915d9,0,2026-04,,GX89G2289396,MD Beats,26355.9938313
835534ccf4547e48a29be463e1859956,0,2025-06,,GX89G2289397,MD Beats,26077.50654814
7cc8c62f5202b780677715cfae8d6c6d,0,2025-07,,GX89G2289397,MD Beats,26214.74769802
003cc9cb65a681435f1a20b6c5f238ac,0,2025-08,,GX89G2289397,MD Beats,26352.41328298
9821547078631361b9a62d7b06948c06,0,2025-09,,GX89G2289397,MD Beats,26416.10478001
5a0847f00ffe8d1eed72ab0c81503549,0,2025-10,,GX89G2289397,MD Beats,26335.54220411
a36a9501e951b3d9e2a954f00da33274,0,2025-11,,GX89G2289397,MD Beats,26370.83939743
d1c0419900702c7fa43bb28270ed0a06,0,2025-12,,GX89G2289397,MD Beats,26298.18211444
7c43f3334b6dae6290e96cb0f4b6c1da,0,2026-01,,GX89G2289397,MD Beats,25989.56279249
a4c88608c0588d75250f7680304847ec,0,2026-02,,GX89G2289397,MD Beats,26133.00835467
5c0a854babf5a5fc41a361f7cb84caaa,0,2026-03,,GX89G2289397,MD Beats,26337.23987391
871e190b2727cb7ba0659fa2a5e4bb35,0,2026-04,,GX89G2289397,MD Beats,26355.9938313
cdbcdd6ea00edd8be05cee60690188d1,0,2025-06,,GX89G2289398,MD Beats,26077.50654814
e964af0ee1c82be43f313dbb2ca749c9,0,2025-07,,GX89G2289398,MD Beats,26214.74769802
325f51f2ea16d6633a0b858a83f3eff9,0,2025-08,,GX89G2289398,MD Beats,26352.41328298
68486b96717fc245dc306d0cd3317f27,0,2025-09,,GX89G2289398,MD Beats,26416.10478001
a2e391852326d6e2a1c95d26d2fafc2b,0,2025-10,,GX89G2289398,MD Beats,26335.54220411
afa0395ba84ce003825dee2a7acf7d10,0,2025-11,,GX89G2289398,MD Beats,26370.83939743
d7fa4cb428619752298bb4d57ed8654a,0,2025-12,,GX89G2289398,MD Beats,26298.18211444
0a0cb177698e774fea22149918d1da6f,0,2026-01,,GX89G2289398,MD Beats,25989.56279249
8bdfdf738b13cbad1443cf208dc04729,0,2026-02,,GX89G2289398,MD Beats,26133.00835467
d21aa65d1610d4922a5fd5c0ef7646ae,0,2026-03,,GX89G2289398,MD Beats,26337.23987391
9823348f4953094789c96d2439f95541,0,2026-04,,GX89G2289398,MD Beats,26355.9938313
d042fc62c7cab575b734dc32d64a55b2,0,2025-06,,GX89G2289399,MD Beats,26077.50654814
5efeb33959de300eef9b2108bb9d8ec7,0,2025-07,,GX89G2289399,MD Beats,26214.74769802
9621b023139928b780bdafd09fb4ddcb,0,2025-08,,GX89G2289399,MD Beats,26352.41328298
08f6ecfd1fd0e3cc1646af157fed705f,0,2025-09,,GX89G2289399,MD Beats,26416.10478001
50c76d91475e654daefa5a4f580d0085,0,2025-10,,GX89G2289399,MD Beats,26335.54220411
8157e4499857cb97eb722bcedccf4ff1,0,2025-11,,GX89G2289399,MD Beats,26370.83939743
e6273550b1824940a0bdd2f17283831b,0,2025-12,,GX89G2289399,MD Beats,26298.18211444
913e5a1a72b7d299997a4ba79dec274f,0,2026-01,,GX89G2289399,MD Beats,25989.56279249
c4f5d8eb3b9885415213d57fc24fc325,0,2026-02,,GX89G2289399,MD Beats,26133.00835467
045a4fb21b58b8a479c9e11b47032c2e,0,2026-03,,GX89G2289399,MD Beats,26337.23987391
4819cf3a9377ea990355e2e69a7c1e0b,0,2026-04,,GX89G2289399,MD Beats,26355.9938313
1d5dfb56ed41b729053f48f32484b866,0,2025-06,,GX89G2330807,aura,26077.50654814
477802d9cf3cc5c818723cf6d9a940a1,0,2025-07,,GX89G2330807,aura,26214.74769802
81e6069a918aa49fe2b3be07becf5d61,0,2025-08,,GX89G2330807,aura,26352.41328298
26883ed1545b63f707523c4b8f684f71,0,2025-09,,GX89G2330807,aura,26416.10478001
764115155cbd7481cc9b37ba986b8dd9,0,2025-10,,GX89G2330807,aura,26335.54220411
b02a4d1b4b8550b6a92dcfd5e0022e8a,0,2025-11,,GX89G2330807,aura,26370.83939743
d1b57c5d5568f39981d2adbd9c9e1e67,0,2025-12,,GX89G2330807,aura,26298.18211444
9640165e8443c40da85b0f4236cf4b3f,0,2026-01,,GX89G2330807,aura,25989.56279249
f080ffbdca7a53cf56b9f9a0ef336d31,0,2026-02,,GX89G2330807,aura,26133.00835467
21ebc04415aa8ce498f4c1fb05727517,0,2026-03,,GX89G2330807,aura,26337.23987391
477b89914140032b890e8f0b530e538f,0,2026-04,,GX89G2330807,aura,26355.9938313
371cf305ce080ee42e08fae84b74c25d,0,2025-06,,GX89G2333545,MujjO,26077.50654814
08ff62866d6e5bf6eb48c666d10b671b,0,2025-07,,GX89G2333545,MujjO,26214.74769802
e17766cf374bb449423ba705fe8beb5c,0,2025-08,,GX89G2333545,MujjO,26352.41328298
ac395034de3add0b6c9965ed6dd0eeeb,0,2025-09,,GX89G2333545,MujjO,26416.10478001
996eea7738e9b6547d9c5c9f8e019ea0,0,2025-10,,GX89G2333545,MujjO,26335.54220411
7cc7a133cc97a53abb409e8c832d6cb2,0,2025-11,,GX89G2333545,MujjO,26370.83939743
de33ec2ef038ab1f90c4a15cfe4c7a00,0,2025-12,,GX89G2333545,MujjO,26298.18211444
16e283bd06f1899c12cb30a2ca272be6,0,2026-01,,GX89G2333545,MujjO,25989.56279249
bc42ef16d16587ac0f9da6a204ca7486,0,2026-02,,GX89G2333545,MujjO,26133.00835467
259d0aed54cf8a526baa54259ddbc5b1,0,2026-03,,GX89G2333545,MujjO,26337.23987391
e8dcce9622886548710e061a604b6987,0,2026-04,,GX89G2333545,MujjO,26355.9938313
d119cdacd78d0bbdef1e683c9833a10d,0,2025-06,,GX89G2336102,aura,26077.50654814
417cd4d683d4f39235ceba6005ec9831,0,2025-07,,GX89G2336102,aura,26214.74769802
711b4fe031a17155d961acb17299cc30,0,2025-08,,GX89G2336102,aura,26352.41328298
9d49d20e7269e6031713901f611230ce,0,2025-09,,GX89G2336102,aura,26416.10478001
bb4109d5280fd0c11186eb42e6f425cf,0,2025-10,,GX89G2336102,aura,26335.54220411
ebbb8ec53bca10e2b4152e9ff59cc012,0,2025-11,,GX89G2336102,aura,26370.83939743
05df8458483144209d7782154a3a30f1,0,2025-12,,GX89G2336102,aura,26298.18211444
8c2b5bbd2ef7155f197d00a4e88373dd,0,2026-01,,GX89G2336102,aura,25989.56279249
0fcd079fa65ce54afaf4f6a391ebd0ff,0,2026-02,,GX89G2336102,aura,26133.00835467
44f3d695cac3def1119bc1909285a8b5,0,2026-03,,GX89G2336102,aura,26337.23987391
f6e1c0290fdbbe71ea428ee8b68d7fb2,0,2026-04,,GX89G2336102,aura,26355.9938313
08ebe7b94a08f896613fbea712cb7530,0,2025-06,,GX89G2359747,MujjO,26077.50654814
dd53b9f960c7ce9797faf19283920a01,0,2025-07,,GX89G2359747,MujjO,26214.74769802
9ef56e78b1145f5023631f8e4ab2e716,0,2025-08,,GX89G2359747,MujjO,26352.41328298
7f3ddb981e2b5c7c64d52d658aa9ac73,0,2025-09,,GX89G2359747,MujjO,26416.10478001
702d83424f00a10bbbaa5238a3f26abe,0,2025-10,,GX89G2359747,MujjO,26335.54220411
05ed697345522432149b1ba039790ae2,0,2025-11,,GX89G2359747,MujjO,26370.83939743
16d0ad5b25f03eaa41fdd9735c1dc162,0,2025-12,,GX89G2359747,MujjO,26298.18211444
0db9ac2c6caf74088a6b15d3b96f19fc,0,2026-01,,GX89G2359747,MujjO,25989.56279249
f456d2c3423420829a568de591174fbc,0,2026-02,,GX89G2359747,MujjO,26133.00835467
0c65529806b91a897f70f173d513d284,0,2026-03,,GX89G2359747,MujjO,26337.23987391
33787541a40c5474283c6501eed309f6,0,2026-04,,GX89G2359747,MujjO,26355.9938313
8c5dbafde66ef815362cca3564dd09ac,0,2025-06,,GX89G2368956,MujjO,26077.50654814
602ac97bf1c811ce2249728b2618ef29,0,2025-07,,GX89G2368956,MujjO,26214.74769802
9b4966659ad7d068143a3be67f9b48bc,0,2025-08,,GX89G2368956,MujjO,26352.41328298
2190663f19f5e583ebc20827ee1c5517,0,2025-09,,GX89G2368956,MujjO,26416.10478001
be026f7c16ba0531a6b746dc2e163881,0,2025-10,,GX89G2368956,MujjO,26335.54220411
0b60c45300c0bc91a98015f4df1a2109,0,2025-11,,GX89G2368956,MujjO,26370.83939743
5fcb05e2c367ea904d7799c33108b9cd,0,2025-12,,GX89G2368956,MujjO,26298.18211444
a3c95780c2003c27596b0f208af5a738,0,2026-01,,GX89G2368956,MujjO,25989.56279249
291846e79dcc2b7348ced72301bc1b3f,0,2026-02,,GX89G2368956,MujjO,26133.00835467
ef9397a6009ba7ab3ae70070b71a3e6a,0,2026-03,,GX89G2368956,MujjO,26337.23987391
76951d4eaa49b312f813a90c28b6d524,0,2026-04,,GX89G2368956,MujjO,26355.9938313
873b353881c367f9920c1695498c52af,0,2025-06,,GX89G2369771,b-auu,26077.50654814
63f20a2a739280d4bdc987b2ee95381c,0,2025-08,,GX89G2369771,b-auu,26352.41328298
5f77c7020749a9055b500ac540634647,0,2025-10,,GX89G2369771,b-auu,26335.54220411
a879462924a47edcaa462c5d510e6408,0,2025-11,,GX89G2369771,b-auu,26370.83939743
0463473ecb8ba63d66d27d6677874b20,0,2025-12,,GX89G2369771,b-auu,26298.18211444
800d7ddde21721ea5fe735148397e85f,0,2026-01,,GX89G2369771,b-auu,25989.56279249
5b993af85b369cfd555691d8f466cf8d,0,2026-02,,GX89G2369771,b-auu,26133.00835467
a37820a9144b73bd64aaf55a38d76bb5,0,2026-03,,GX89G2369771,b-auu,26337.23987391
a8273fa80c17fe48280f38fd30947304,0,2026-04,,GX89G2369771,b-auu,26355.9938313
b832a7adaf45d51b405aa50575285410,0,2025-06,,GX89G2372957,Reklast,26077.50654814
0e1e7faf19929e0a035528aaa6e37b7b,0,2025-09,,GX89G2372957,Reklast,26416.10478001
4ffe16cfab0be589aa5da01064b39df5,0,2026-01,,GX89G2372957,Reklast,25989.56279249
52de6fc0028f8f6c183141cbef110843,0,2026-03,,GX89G2372957,Reklast,26337.23987391
74125501a932852bb7e5383a78d5b9eb,0,2025-06,,GX89G2388222,Deepest,26077.50654814
649b8399e4b95347c54b24c45412123e,0,2025-07,,GX89G2388222,Deepest,26214.74769802
09a35d0769ed4e87a4225ab1ff4fe3e2,0,2025-08,,GX89G2388222,Deepest,26352.41328298
19e279fe22176d9a414840d9eb03d2f7,0,2025-09,,GX89G2388222,Deepest,26416.10478001
3cf04512c659ed7d36d1fbcf9ac8c9d4,0,2025-10,,GX89G2388222,Deepest,26335.54220411
d203eae7dee7289c78ba3bb487f76497,0,2025-11,,GX89G2388222,Deepest,26370.83939743
d22a929cf2db7f4984704561bf6b010f,0,2025-12,,GX89G2388222,Deepest,26298.18211444
45bb7a03643a656998df2bb43e759a78,0,2026-01,,GX89G2388222,Deepest,25989.56279249
e3873b1bd8e78a47c951b756f3fac6b0,0,2026-02,,GX89G2388222,Deepest,26133.00835467
d4878f9f459ecb20290b8812c2467db5,0,2026-03,,GX89G2388222,Deepest,26337.23987391
0c6749dbaa27e1daf94643948997f6ec,0,2026-04,,GX89G2388222,Deepest,26355.9938313
317dd5c6576bb60f2191dcb2a6165d05,0,2025-06,,GX89G2392405,Sloowmi,26077.50654814
0a3378da90854feb46f0a7dacecbe16a,0,2025-07,,GX89G2392405,Sloowmi,26214.74769802
24f7c5672106ce341cbff95e1074dd65,0,2025-08,,GX89G2392405,Sloowmi,26352.41328298
9838034ffb1e6b7c784cfcba926ce6aa,0,2025-09,,GX89G2392405,Sloowmi,26416.10478001
5a91c79ff1adf6ff38f85a952d499d47,0,2025-10,,GX89G2392405,Sloowmi,26335.54220411
2af476f8a68d29208e779711008ba83a,0,2025-11,,GX89G2392405,Sloowmi,26370.83939743
7b332f206a554d78beeeb5838083a803,0,2025-12,,GX89G2392405,Sloowmi,26298.18211444
be41079c49bb631a14ae59a232c8ad7f,0,2026-01,,GX89G2392405,Sloowmi,25989.56279249
092fe37bbb1993b8e83e9e398601474b,0,2026-02,,GX89G2392405,Sloowmi,26133.00835467
6dd39a2ad1b7180b88526622d1e184b2,0,2026-03,,GX89G2392405,Sloowmi,26337.23987391
c4578d82ff7cb0666c8dec5d852a7e6d,0,2026-04,,GX89G2392405,Sloowmi,26355.9938313
5bdd3c392c35ff055329406ee94dfbab,0,2025-06,,GX89G2399112,Tosso,26077.50654814
6216421538ab9fd15c0f4249f45eff70,0,2025-07,,GX89G2399112,Tosso,26214.74769802
04f74ca80501f8b6afb9838f04c65be6,0,2025-08,,GX89G2399112,Tosso,26352.41328298
5d850200db320c3ed1880a4d45dd0f7e,0,2025-10,,GX89G2399112,Tosso,26335.54220411
c03c425cda09097cdd2ebac4998282eb,0,2026-04,,GX89G2399112,Tosso,26355.9938313
1ab35a7b73c87f1ec28dc8a0157a34bd,0,2025-06,,GX89G2416390,moat,26077.50654814
08cf7fcc38231eb8c604db7950b1e04a,0,2025-07,,GX89G2416390,moat,26214.74769802
e1a4c522a17f875ba8fa181fd4ce25c0,0,2025-08,,GX89G2416390,moat,26352.41328298
9f8ba886aba93b9fbcc09745bcaadd67,0,2025-09,,GX89G2416390,moat,26416.10478001
baca9e56b94d245964b9ba6c5f2e5564,0,2025-10,,GX89G2416390,moat,26335.54220411
071295bd7079a26565d5b5dafea06161,0,2025-11,,GX89G2416390,moat,26370.83939743
b1bd00caa791c0bc72ddef966591a3a6,0,2025-12,,GX89G2416390,moat,26298.18211444
1bd9e8fbe25eeafcb66a5ef23c5547f4,0,2026-01,,GX89G2416390,moat,25989.56279249
5e12a364ca10e2888aef897a6ee9f6b5,4,2026-02,,GX89G2416390,moat,26133.00835467
d9d67688d4275949defa660041b537fc,0,2026-03,,GX89G2416390,moat,26337.23987391
36a86a072178ea9c49f849f304e804f1,0,2026-04,,GX89G2416390,moat,26355.9938313
3f122671815f6d009be9c74d6286414e,0,2025-09,,GX89G2416535,TWINNS,26416.10478001
88ac65e6c31dc81ea745d946e0ca38bb,0,2025-11,,GX89G2416535,TWINNS,26370.83939743
7a35e17ff28dfc902a16ce5d7f083eaf,0,2025-12,,GX89G2416535,TWINNS,26298.18211444
4c732536ba0d2a8daac960b90ccb17d1,0,2026-01,,GX89G2416535,TWINNS,25989.56279249
b8aae83d92bfe85aefc8beba4432618d,0,2026-02,,GX89G2416535,TWINNS,26133.00835467
28c62e21cb3405cc651224969533b295,0,2026-04,,GX89G2416535,TWINNS,26355.9938313
b932c09bf5921a85d1b6e55d9937774c,0,2025-08,,GX89G2424548,b-auu,26352.41328298
ae60c7565954972f20f6212a4de2274c,0,2025-09,,GX89G2424548,b-auu,26416.10478001
ae7e12835868333c02643829b87256ca,0,2025-10,,GX89G2424548,b-auu,26335.54220411
9e8298ed247eb7eac93e9aaad5f37dc6,0,2025-12,,GX89G2424548,b-auu,26298.18211444
16aa20d265351e246ac5323daa448127,0,2026-01,,GX89G2424548,b-auu,25989.56279249
b57eae668582cc499a5ce8589acd856b,0,2026-02,,GX89G2424548,b-auu,26133.00835467
eb2ff29eaf4c24d4b09c1606da5dc945,0,2026-03,,GX89G2424548,b-auu,26337.23987391
af131437b6bb44a921c0b35e8bafa80e,0,2026-04,,GX89G2424548,b-auu,26355.9938313
8bf824ecc4774cc49400ee73649aed5c,0,2025-07,,GX89G2428559,Dran Beat Station,26214.74769802
f8547f9ed8ce2335ba9674aeb13d6f28,0,2025-09,,GX89G2428559,Dran Beat Station,26416.10478001
dbc77ce7f442591ee96f073301c94782,0,2025-11,,GX89G2428559,Dran Beat Station,26370.83939743
9ddba5d379e4186ed736db96ee383ef5,0,2025-12,,GX89G2428559,Dran Beat Station,26298.18211444
dc7fb553a145c440fa55b15fa002f9a1,0,2026-04,,GX89G2428559,Dran Beat Station,26355.9938313
27485eb5501b48084847f349ff987266,0,2025-06,,GX89G2444802,Ninalty,26077.50654814
8a50e58d695f22b46e834c2a08a60d8b,0,2025-07,,GX89G2444802,Ninalty,26214.74769802
71943f0bcc4b6002979acc7fb059ad7e,0,2025-08,,GX89G2444802,Ninalty,26352.41328298
8c6ba8442644b4e854c7946c71e60c53,0,2025-09,,GX89G2444802,Ninalty,26416.10478001
6e7145097759726a7aa51f4de867539b,0,2025-11,,GX89G2444802,Ninalty,26370.83939743
c9a0de99ce9346614dda49267e9b15de,0,2025-12,,GX89G2444802,Ninalty,26298.18211444
e63b7862a2ec1f718a85b4f418874a91,0,2026-01,,GX89G2444802,Ninalty,25989.56279249
208df6a9e3e7fe4f8477a36e51613146,0,2026-02,,GX89G2444802,Ninalty,26133.00835467
23b390ec8e6f6542ea1ecd3fb00650f9,0,2026-03,,GX89G2444802,Ninalty,26337.23987391
8eb5a17447dff380275448bfd6d86192,0,2026-04,,GX89G2444802,Ninalty,26355.9938313
a57cee0ad09f74f5af313e4cc581996a,0,2025-06,,GX89G2447060,Ninalty,26077.50654814
c77effd41e4a8e48b6455d7e3ae99288,0,2025-07,,GX89G2447060,Ninalty,26214.74769802
046de3314b9ea9d670799e196f14d259,0,2025-08,,GX89G2447060,Ninalty,26352.41328298
c4fceb21c45b4c8d8c911a6cb2cba71e,0,2025-09,,GX89G2447060,Ninalty,26416.10478001
97623a37e60c2d112804869794c36596,0,2025-10,,GX89G2447060,Ninalty,26335.54220411
72593744dbdee5ef402692ce08cc88d8,0,2025-11,,GX89G2447060,Ninalty,26370.83939743
6c6d4976ef1cdb594a7b9eb459fa3564,0,2025-12,,GX89G2447060,Ninalty,26298.18211444
a93c98320d78c41c9012cadd85480668,0,2026-01,,GX89G2447060,Ninalty,25989.56279249
bfa0336c894bc96f6d8b8460a896132f,0,2026-02,,GX89G2447060,Ninalty,26133.00835467
ac289b268dbcfc22d36e5e8bda8998f1,0,2026-03,,GX89G2447060,Ninalty,26337.23987391
763115c4c9e0ea50e01e05422f1c11e6,0,2026-04,,GX89G2447060,Ninalty,26355.9938313
d953017320de6e0ec955dd27a0761176,0,2026-03,,GX89G2473680,Ninalty,26337.23987391
329d3ec3fd9524aaeebd2fe9cbbb8835,0,2026-04,,GX89G2473680,Ninalty,26355.9938313
a7a4d8fb2ca01acca876b979b3f1b38d,0,2025-06,,GX89G2493160,Thomas Sykes,26077.50654814
968905705c5fcc669421626db5a5940f,0,2025-07,,GX89G2493160,Thomas Sykes,26214.74769802
35766c9498f7ac05e505b20b4f6b6760,0,2025-08,,GX89G2493160,Thomas Sykes,26352.41328298
4d269780b1cafca0b3a7b291491698cb,0,2025-09,,GX89G2493160,Thomas Sykes,26416.10478001
99892cf6d27d07de67731d05241b0d85,0,2025-10,,GX89G2493160,Thomas Sykes,26335.54220411
cc18332f5bc5a5852442e6b847ecd56e,0,2025-12,,GX89G2493160,Thomas Sykes,26298.18211444
9121b5cda92bb3f1ba6228f9dff42782,0,2026-01,,GX89G2493160,Thomas Sykes,25989.56279249
d66d847816db8fc28a4cdaed7df82404,0,2026-02,,GX89G2493160,Thomas Sykes,26133.00835467
7e4e7192081a2b049300f5479330a10b,0,2026-03,,GX89G2493160,Thomas Sykes,26337.23987391
508c89f17c751626d42aa0c339287e3c,0,2026-04,,GX89G2493160,Thomas Sykes,26355.9938313
7909516c10faf6fb7a8aeaff6c9b5a1f,0,2026-04,,GX89G2496347,Neo LoFi,26355.9938313
c583db33d4a15be50e943de280c3bfc5,0,2025-06,,GX89G2499633,Ninalty,26077.50654814
c205a0eddec9d1811028a62eb46c5352,0,2025-07,,GX89G2499633,Ninalty,26214.74769802
6512da07705f6adf2bea57b01e570f35,0,2025-09,,GX89G2499633,Ninalty,26416.10478001
c19d420261080ae2cb55a69ca2315398,0,2025-10,,GX89G2499633,Ninalty,26335.54220411
823de836d386f00039fd25bb6fa3a7c2,0,2025-11,,GX89G2499633,Ninalty,26370.83939743
4b69c1cfb503aad44afa67cab820d4a6,0,2025-12,,GX89G2499633,Ninalty,26298.18211444
353f729a5c890dba34378ead3fefc807,0,2026-01,,GX89G2499633,Ninalty,25989.56279249
0ec4f6dfc004c1f05978f884ca119f4c,0,2026-02,,GX89G2499633,Ninalty,26133.00835467
f63a14e8bc43fc91a20386276a9003ce,0,2026-03,,GX89G2499633,Ninalty,26337.23987391
bee1ac4b54894d38f72e9302eab23131,0,2026-04,,GX89G2499633,Ninalty,26355.9938313
3acaf3335d94d07e6d2c06175ef4b1ec,0,2025-06,,GX8KD2228706,BVG,26077.50654814
0ef45cb1ab9443cdaa96de3b8aa98017,0,2025-07,,GX8KD2228706,BVG,26214.74769802
74bf2f01ed68742fc0426fa2182f5c53,0,2025-08,,GX8KD2228706,BVG,26352.41328298
25a3ce0ece9d73f4408ee3d0795236ee,0,2025-09,,GX8KD2228706,BVG,26416.10478001
99962c31286313711c29b65dc1e56c37,0,2025-10,,GX8KD2228706,BVG,26335.54220411
70f41e8dfa8b5ae3bb9ea79d9c435b67,0,2025-11,,GX8KD2228706,BVG,26370.83939743
46745b19851d7b417e29917c7b6db406,0,2025-12,,GX8KD2228706,BVG,26298.18211444
41938abfd1279e2a4572c25bfcfa6e29,0,2026-01,,GX8KD2228706,BVG,25989.56279249
e5f3094bde610284d68a8d2e9c380aa6,0,2026-02,,GX8KD2228706,BVG,26133.00835467
52c88369f6e5140fc8ac3fa49c8c33f4,0,2026-03,,GX8KD2228706,BVG,26337.23987391
3b1d035bcad710cdd7efe0f25cdde67e,0,2026-04,,GX8KD2228706,BVG,26355.9938313
6f652e4cc1f6416f0546f0355054a73c,0,2025-06,,GX8KD2228707,BVG,26077.50654814
fa69ca7445ea5a9b16b9841352ce4a61,0,2025-07,,GX8KD2228707,BVG,26214.74769802
b5017b5b66b2ff8acc3fee96c45f04d0,0,2025-08,,GX8KD2228707,BVG,26352.41328298
5fb8d3425c8dbdad3204962f43f92e73,0,2025-09,,GX8KD2228707,BVG,26416.10478001
048d89ee8d6a9fa3474f5fc9a9e044ff,0,2025-10,,GX8KD2228707,BVG,26335.54220411
f987a01cef8bf6928c06cd41eca40064,0,2025-11,,GX8KD2228707,BVG,26370.83939743
982574b4c3cbab190189ce406bdbe422,0,2025-12,,GX8KD2228707,BVG,26298.18211444
c436d8a537135e5df78ec703390b7193,0,2026-01,,GX8KD2228707,BVG,25989.56279249
4e65275b59a7b551a4dbfaa4be8f25fc,0,2026-02,,GX8KD2228707,BVG,26133.00835467
029bf178d6fdf9f8f6f1aa8fa1cc339d,0,2026-03,,GX8KD2228707,BVG,26337.23987391
c750b889c3879f20af5675fbb59cecc0,0,2026-04,,GX8KD2228707,BVG,26355.9938313
6d1c6edd79bf39c65b2469f529e6cf9d,0,2025-06,,GX8KD2228708,BVG,26077.50654814
0aa284407b6693a863bff422b785b507,0,2025-07,,GX8KD2228708,BVG,26214.74769802
9d0b56df4820ce6d4f8c36e873b03d99,0,2025-08,,GX8KD2228708,BVG,26352.41328298
9e20801d7e1ca567821e437dcfa5ea23,0,2025-09,,GX8KD2228708,BVG,26416.10478001
d76c059679331487a1be93ae62989d79,0,2025-10,,GX8KD2228708,BVG,26335.54220411
7f04dfe69f4b8c462e91d199107fda24,0,2025-11,,GX8KD2228708,BVG,26370.83939743
18c553ca41ea12a6f20e5855c9d42178,0,2025-12,,GX8KD2228708,BVG,26298.18211444
74fb5fbbeacdf65d5602de9da4ddbb05,0,2026-01,,GX8KD2228708,BVG,25989.56279249
4129b684e0453e4972e7d72d321ed6a1,0,2026-02,,GX8KD2228708,BVG,26133.00835467
0eb2189be6dfc1b6b1396554c43c5416,0,2026-03,,GX8KD2228708,BVG,26337.23987391
8e9a7db807194d62e935d2b179b5edcb,0,2026-04,,GX8KD2228708,BVG,26355.9938313
fcba60345f57ce04bd029d33ea3849ca,0,2025-06,,GX8KD2228709,BVG,26077.50654814
34d7992b0407bc3a5259b1a509e0eded,0,2025-07,,GX8KD2228709,BVG,26214.74769802
728a05aa4230bb2b15c175c92ab98d0f,0,2025-08,,GX8KD2228709,BVG,26352.41328298
ec12129799c9cf98e9fe21b49b92e90f,0,2025-09,,GX8KD2228709,BVG,26416.10478001
177beb20d76164f2b35a24061f2b5a69,0,2025-10,,GX8KD2228709,BVG,26335.54220411
df0877ea163d1c3867932f3b0b55748c,0,2025-11,,GX8KD2228709,BVG,26370.83939743
53bf6452d500d7043961fc83f0755f2f,0,2025-12,,GX8KD2228709,BVG,26298.18211444
bdd79c5d5b4c7024aa899eca9a621935,0,2026-01,,GX8KD2228709,BVG,25989.56279249
a15e39315282872527472a976bb50f7c,0,2026-02,,GX8KD2228709,BVG,26133.00835467
7e75543646cc8c6ef8abe8fcff4a716a,0,2026-03,,GX8KD2228709,BVG,26337.23987391
3dbff8b88969e633d9a3a7b7217393cd,0,2026-04,,GX8KD2228709,BVG,26355.9938313
6b35421a8b0ba4f6f810bd70f27ec27e,0,2025-06,,GX8KD2257819,Uinzagui,26077.50654814
0aa6ee3cd4ab1cae4930573d77edcb33,0,2025-07,,GX8KD2257819,Uinzagui,26214.74769802
786c97ac4df4d5f60f6252997f87fdb2,0,2025-08,,GX8KD2257819,Uinzagui,26352.41328298
55111ed5ea434d60bf02ed1571fc3ac4,0,2025-09,,GX8KD2257819,Uinzagui,26416.10478001
1504e35a9c0a89ab02b878f7601aedd6,0,2025-10,,GX8KD2257819,Uinzagui,26335.54220411
9643332f3da5a47bf102723745c4f507,0,2025-11,,GX8KD2257819,Uinzagui,26370.83939743
d69c7ad5d02d66977bf09f3e997d8754,0,2025-12,,GX8KD2257819,Uinzagui,26298.18211444
995e716437d030b77a6a12ca0dedf268,0,2026-01,,GX8KD2257819,Uinzagui,25989.56279249
1fbfd2278c582855b63d833bd50dc676,0,2026-02,,GX8KD2257819,Uinzagui,26133.00835467
ae34454045ea2960e3281c3c90bfef46,0,2026-03,,GX8KD2257819,Uinzagui,26337.23987391
7230bff846c2d2f2467b586f0dc0a21e,0,2026-04,,GX8KD2257819,Uinzagui,26355.9938313
be6b730b4d6061bbb147ab9f0789fca1,0,2025-06,,GX8KD2257821,Uinzagui,26077.50654814
a2a6801978475124b4024b754b00aba3,0,2025-07,,GX8KD2257821,Uinzagui,26214.74769802
d8a818e339e8f31ee604664389d85aec,0,2025-08,,GX8KD2257821,Uinzagui,26352.41328298
992cb5ed5c9276c8cb6436a6a91f22a1,0,2025-09,,GX8KD2257821,Uinzagui,26416.10478001
0c5a336701b12f983a4eb1d279b0579d,0,2025-10,,GX8KD2257821,Uinzagui,26335.54220411
2c8f4f6a0e8bf27ab31f652b59d3af11,0,2025-11,,GX8KD2257821,Uinzagui,26370.83939743
2c432c28084ab381faaca0f5d16af8e4,0,2025-12,,GX8KD2257821,Uinzagui,26298.18211444
538548246e1813df02144b20204b937c,0,2026-01,,GX8KD2257821,Uinzagui,25989.56279249
0bd8fbcbeb2b8d5b02f0e45dca23b7e3,0,2026-02,,GX8KD2257821,Uinzagui,26133.00835467
6fb5ba8eda477145f1e98e352de4daa5,0,2026-03,,GX8KD2257821,Uinzagui,26337.23987391
bb8d574dc1cce0cb5206b48562f6607f,0,2026-04,,GX8KD2257821,Uinzagui,26355.9938313
1daf6f063b05d592dc74137bcc9e93d6,0,2025-06,,GX8KD2257823,Uinzagui,26077.50654814
227de80b89124c110db994be7dc6ee62,0,2025-07,,GX8KD2257823,Uinzagui,26214.74769802
40c6385b20e782224a27a0fcf194c80e,0,2025-08,,GX8KD2257823,Uinzagui,26352.41328298
7259e107e45af481f2d79a139a96987a,0,2025-09,,GX8KD2257823,Uinzagui,26416.10478001
1e405aa5a7fcdf839544b8a41b239a7b,0,2025-10,,GX8KD2257823,Uinzagui,26335.54220411
d5e7a6ecb1ae2b9db543c39d53c4d6a6,0,2025-11,,GX8KD2257823,Uinzagui,26370.83939743
96449445282b33c97b930f829979f236,0,2025-12,,GX8KD2257823,Uinzagui,26298.18211444
3f0ddeed539808d520017a2a58c1a3fb,0,2026-01,,GX8KD2257823,Uinzagui,25989.56279249
87eafc82d63bd3543165e58d5107aa4c,0,2026-02,,GX8KD2257823,Uinzagui,26133.00835467
7b0906b804e3a8612bd5967a1b67f0a0,0,2026-03,,GX8KD2257823,Uinzagui,26337.23987391
636d686228499c5c150a4f91176842d7,0,2026-04,,GX8KD2257823,Uinzagui,26355.9938313
0abbeec0d27a9542602fa79370a20b18,0,2025-09,,GX8KD2287649,Hampus,26416.10478001
6b712cf6e4b1678a8ba7f9f56fc93108,0,2026-01,,GX8KD2287649,Hampus,25989.56279249
d5e491b90431afe8b20e7ca88e8f843f,0,2026-03,,GX8KD2287649,Hampus,26337.23987391
4dd21e581f14b554f6801094a33896b1,0,2025-06,,GX8KD2296235,G R I Z,26077.50654814
0b47e9b9c84dc025022928569483a86d,0,2025-07,,GX8KD2296235,G R I Z,26214.74769802
b7125bfd5bb91d67f13fdc731663839a,0,2025-08,,GX8KD2296235,G R I Z,26352.41328298
04a84dd144d792c661d1bf99cefe8867,0,2025-09,,GX8KD2296235,G R I Z,26416.10478001
c28f537096a061ae805971da4d6153b6,0,2025-10,,GX8KD2296235,G R I Z,26335.54220411
2d0be93a203fa5a84df74c5084a9b23a,0,2025-11,,GX8KD2296235,G R I Z,26370.83939743
1b5707e9355f894193fcab23be08d307,0,2025-12,,GX8KD2296235,G R I Z,26298.18211444
d03029b3a962b794ec8a60a5556f6fe0,0,2026-01,,GX8KD2296235,G R I Z,25989.56279249
8f78150c17bf11820b2d25f900eaeafc,0,2026-02,,GX8KD2296235,G R I Z,26133.00835467
9cf5919fa6dbfaf5dbd19d6a8a6ceae7,0,2026-03,,GX8KD2296235,G R I Z,26337.23987391
d5c7003e6a4d41f150c47cb3266df5bc,0,2026-04,,GX8KD2296235,G R I Z,26355.9938313
36875b9d94b3a362578e204608fa1460,0,2025-08,,GX8KD2317565,Dreamfield,26352.41328298
99112037a84296047bc409a7c9b2e0b6,0,2025-09,,GX8KD2317565,Dreamfield,26416.10478001
ecf5bf5b85f80a0a9378b02fe6231867,0,2025-10,,GX8KD2317565,Dreamfield,26335.54220411
6aaabd0df89aa83d7ddd66337c704ab4,0,2026-02,,GX8KD2317565,Dreamfield,26133.00835467
f2bfe77f1438cf018f9d0087000032bf,0,2026-03,,GX8KD2317565,Dreamfield,26337.23987391
3a50af34ca5a35f716e35f76b82329bc,0,2026-04,,GX8KD2317565,Dreamfield,26355.9938313
07aa8b93e6647577cc5bf71aac1b1127,0,2025-06,,GX8KD2320032,MujjO,26077.50654814
139816a3e9ae1d27251694b186f347ff,0,2025-07,,GX8KD2320032,MujjO,26214.74769802
074fe7d3c14bb8026a05e2b4fd805156,0,2025-08,,GX8KD2320032,MujjO,26352.41328298
2ca9e983c4e39a372d75df9546b3dbed,0,2025-09,,GX8KD2320032,MujjO,26416.10478001
c8a3931d7465908d8d9e8def8c628408,0,2025-10,,GX8KD2320032,MujjO,26335.54220411
6cbe0b1197bd9989763dcd726eda62ba,0,2025-11,,GX8KD2320032,MujjO,26370.83939743
3e8701697b6ac0ba31c90d4e51373c4a,0,2025-12,,GX8KD2320032,MujjO,26298.18211444
73e790e18239a97af3ae673a030d4762,0,2026-01,,GX8KD2320032,MujjO,25989.56279249
7d92bc021eaf85e1ea243be7f3bf69dc,0,2026-02,,GX8KD2320032,MujjO,26133.00835467
8967478289f7a334d5ac21a6be147157,0,2026-03,,GX8KD2320032,MujjO,26337.23987391
f23b6ca4b0e9b58c2a02cb118ef49e38,0,2026-04,,GX8KD2320032,MujjO,26355.9938313
da5196a4bf43a2dd4257853918f3527f,0,2025-08,,GX8KD2324030,Ivan Blyashenko,26352.41328298
6481c277b7e3bfbb174c3949844859b1,0,2025-06,,GX8KD2356229,Cotton Vibe,26077.50654814
08e32d06a05e3f9ffcca97223fca5b6d,0,2025-07,,GX8KD2356229,Cotton Vibe,26214.74769802
ea629e6b700e5ab5ea70da7296e31bc8,0,2025-08,,GX8KD2356229,Cotton Vibe,26352.41328298
402a7220430ad2aebfc1e3c6df285384,0,2025-09,,GX8KD2356229,Cotton Vibe,26416.10478001
1263a19fd425f81df25411f826006644,0,2025-10,,GX8KD2356229,Cotton Vibe,26335.54220411
edb8bb9c000f85313d1acc38fba8319d,0,2025-11,,GX8KD2356229,Cotton Vibe,26370.83939743
91cdfef4ab4835a97c7ea2c67448e5fd,0,2025-12,,GX8KD2356229,Cotton Vibe,26298.18211444
bb82e97d991f2ece50ffcdd154807ab7,0,2026-01,,GX8KD2356229,Cotton Vibe,25989.56279249
84cbdd9bcdf5d139c2930326b643068c,0,2026-02,,GX8KD2356229,Cotton Vibe,26133.00835467
cfc13d17e5b4a282419449940da37382,1,2026-03,,GX8KD2356229,Cotton Vibe,26337.23987391
f047eaace09c9b89522968b31e33dc95,1,2026-04,,GX8KD2356229,Cotton Vibe,26355.9938313
f5e0a64967527d8926c3cd10c169105f,0,2025-06,,GX8KD2399025,bad at math.,26077.50654814
1db52d7520a984bf89bc8254abe95d24,0,2025-06,,GX8KD2412231,Quentin tch,26077.50654814
184317d47e0c78e93c3e31467c87e82d,0,2025-07,,GX8KD2412231,Quentin tch,26214.74769802
8afc16de6a58306ae261aef2aef92aa4,0,2025-09,,GX8KD2412231,Quentin tch,26416.10478001
de03c1fb7caaee1acd31d76654504283,0,2025-11,,GX8KD2412231,Quentin tch,26370.83939743
e3f5e1dfb4dd337eda622e971406c62b,0,2025-12,,GX8KD2412231,Quentin tch,26298.18211444
defe839c92a456899131cd42930e0c6b,0,2026-02,,GX8KD2412231,Quentin tch,26133.00835467
ccdd92fd4316e719b8cf7022697a85a9,0,2026-03,,GX8KD2412231,Quentin tch,26337.23987391
b25f27936f35e119424ed83ad59cf01b,0,2026-04,,GX8KD2412231,Quentin tch,26355.9938313
7a294eed0b0262399380f363976b920a,0,2025-06,,GX8KD2475370,Dran Beat Station,26077.50654814
57e685a29d4173069414b13b1af7ca07,0,2025-07,,GX8KD2475370,Dran Beat Station,26214.74769802
4bccf0ad4d64d355d71e0fc3b48796d1,0,2025-08,,GX8KD2475370,Dran Beat Station,26352.41328298
bc084ddfeae2f598bb7a4e5f96cecf0e,0,2025-09,,GX8KD2475370,Dran Beat Station,26416.10478001
ce10efe007ee77d29357bac8bfed87c7,0,2025-10,,GX8KD2475370,Dran Beat Station,26335.54220411
9c45f4860f2eecee7fed26a7eef85d9d,0,2025-11,,GX8KD2475370,Dran Beat Station,26370.83939743
6f5517f4dff4f767c95ec6e4a04971b5,0,2025-12,,GX8KD2475370,Dran Beat Station,26298.18211444
ed6d5c5e247439023436b627662d1862,0,2026-01,,GX8KD2475370,Dran Beat Station,25989.56279249
2b2c04ce0fe4334c8371fc6e552ea632,0,2026-02,,GX8KD2475370,Dran Beat Station,26133.00835467
af151060184ab9a24dfbf5f1014773fe,0,2026-03,,GX8KD2475370,Dran Beat Station,26337.23987391
5c155abef4e6a432116fc4a53561a5df,0,2026-04,,GX8KD2475370,Dran Beat Station,26355.9938313
c2d713751d3311ec6cc4b0de188e169b,0,2025-12,,GX8KD2480341,Marin Hoxha,26298.18211444
4dfaad3458e01159b68b51536c52c00b,0,2026-01,,GX8KD2480341,Marin Hoxha,25989.56279249
464587d6cd86f3c6dae109aeb94ab7dd,0,2026-02,,GX8KD2480341,Marin Hoxha,26133.00835467
20534c625cff058a9883feacd7c039b9,0,2026-03,,GX8KD2480341,Marin Hoxha,26337.23987391
2a6be76fcc5410333465b434d253c98f,0,2026-04,,GX8KD2480341,Marin Hoxha,26355.9938313
bb74ac962ab4e1ac03c0e0db2b666156,0,2025-06,,GX8KD2496375,Nordax,26077.50654814
ed5d650da7746241ab1f3f8292f10600,0,2025-07,,GX8KD2496375,Nordax,26214.74769802
ea31e4a03fa18f419214dbb482a9b374,0,2025-08,,GX8KD2496375,Nordax,26352.41328298
a6028423adb226feae09af00b3562fa3,0,2025-09,,GX8KD2496375,Nordax,26416.10478001
963786f4885eda8b9a6dffe8047f933c,0,2025-10,,GX8KD2496375,Nordax,26335.54220411
7dd35baba73dd08e3fce6903881b8f10,0,2025-11,,GX8KD2496375,Nordax,26370.83939743
79d7d75b87b5f5acc40abd35c91e8b00,0,2025-12,,GX8KD2496375,Nordax,26298.18211444
b4769d52c53b6e8a103cd77399aa64e3,0,2026-01,,GX8KD2496375,Nordax,25989.56279249
29f708cecda143aade87c5c973a8c83b,0,2026-02,,GX8KD2496375,Nordax,26133.00835467
8598c26b843b9b271cca12e4f195f9a5,0,2026-03,,GX8KD2496375,Nordax,26337.23987391
1ec94520943c23d91d32e0961d7078bc,0,2026-04,,GX8KD2496375,Nordax,26355.9938313
c74c124c573318970ac4bc403c41cc83,0,2025-06,,GX8LD2209544,Sloowmi,26077.50654814
0c008d40529a6169cd2feb3edfc6c7ee,0,2025-07,,GX8LD2209544,Sloowmi,26214.74769802
277917282b9bdcb4ca9c50a6033dba48,0,2025-08,,GX8LD2209544,Sloowmi,26352.41328298
f587467a81ab4037cd32e315dda7502f,0,2025-09,,GX8LD2209544,Sloowmi,26416.10478001
e3b656d1d3ba85e06c3ca5f0347b1a84,0,2025-10,,GX8LD2209544,Sloowmi,26335.54220411
c67734ba023cf92f26fba1c32ee25f2a,0,2025-11,,GX8LD2209544,Sloowmi,26370.83939743
56d44f81e836fa0dbf3b45024c988591,0,2025-12,,GX8LD2209544,Sloowmi,26298.18211444
5868426406f45350e1cfda545c4ebb2a,0,2026-01,,GX8LD2209544,Sloowmi,25989.56279249
889fb565f0469f7a8c1ee7eb86079c81,0,2026-02,,GX8LD2209544,Sloowmi,26133.00835467
ec80026bfc117ac72957d8798f995d73,0,2026-03,,GX8LD2209544,Sloowmi,26337.23987391
26c29d1ef5c25614f72f49e6fc7d1fd8,0,2026-04,,GX8LD2209544,Sloowmi,26355.9938313
4eb70ab603c906b9bda6cff017640407,0,2025-06,,GX8LD2214222,Beatsaholic,26077.50654814
