dim_sub_project_sk,sub_project_id,project_id,sub_project_name,description
b4658f409ce01f88a32818add86c5bd6,0042543309ef50113452823c53bf8cea,f28c2527595bf6c93218c361b3ccc261,Guitar - MKT2 | Meditation,
a0347d6ceef660be15acfc7dc9cf50cd,00c448d0537005090b8d7d233b87c0b8,41664e2df0db52cf764858fb461c1944,Jazz - FMG | Bossa Nova Jazz 2,
9c5069667cc5c335d62cfba473bcc443,01e22d0f54c490ef5c2a29aa69a41c02,132,ĐỘC QUYỀN NET - MUSIC FACTORY,
0e92d602abf1c1c815087780ef1a8cde,028d18012b98b62e44d1b795be9f6747,96,Deep House Cover - 1 - FM,
1faebb81f2672ec29d1cc23345fb8ad3,02f5f54738d4a19cd111f120b8b63c79,109,Guitar Original Thu Mua MKT4,
522d2cd728822367d436321d7b2ca3b0,04df2bcf8f5637d9e850966e9d1c0340,110,Hang Drum,
e12741df86f605f71e1900663947dbeb,054825abadf1d3743157a831a7303645,5138a1ea0ba06df52d92dcdab9c79dd5,Không có dự án con,
39d4750e2de6fded1bef5ff029a4b576,0634fe553c08b3a17d98510f75449591,107,Giáng sinh Jazz Cover Top Hits - 1,
6f36ae4ccacdac151d0cea0b581058cc,067cbf06fee3a3b272d011cb2035d562,112,Bossa Nova Jazz - MKT4,
7ba659072047cb67c889a88069c3470a,07c01319d73071ccccdc96aed8cd0f24,112,ĐQ Net Ohenemedia,
1c775cb3a8ec5deebe94ea44513b2d26,088d88ccaaa1d21316971a62dd9326b6,8e87abbaa7e70dbd53470200ebbc6e9b,Cinematic - MKT2 | Tạo động lực,
908848c32a07de005a8e4ed7df7918f9,096abb0ccd7ea756dbb01a39409c46b4,130,Không có dự án con,
eb9e912fe23e0b0d73fa27ddc218dc70,09784861f48851f310f3f4428067f23f,136,Không có dự án con,
9d9cbe30efa3540f87112322e3c35e56,0ac71dda667aeef2b066be67fbc00d25,130,Piano Relaxing Kho Riêng,
6f6ab9bd05e22b6f0b9cad6da360d444,0b2d18b60fe864e8d5b7a6b270d08e38,106,Giáng sinh Relax Cover - Top Hits - 0,
be9cdeb3d7a082e9eb64dce2b56e5687,0b6dd0e346efcc23bbf0cd649086e6dc,127,Không có dự án con,
2c6e510694125c0a30b59066787f7178,0c9766054c092168aca3d2e2c1322f7b,142,Chillout,
a90eb7eacdcc099a6ff18a9f885dedc7,0dfa3314ac182ed348d020bf57619512,772e218f04bcbaa5b14d775d0cb96333,Không có dự án con,
f1e63b6922b98a068012842c7e722df4,0ead7c68214f51a7e6ba8c78e58c96b7,106,Giáng sinh Jazz Cover - Top Hits - 0,
f2cb0b178f460c6fbeef8e83fd0c5108,0f6f5e1f5e2321f32a2c1e51df91e754,ec4c61f363f3d874ccdf9cec5c199e17,Classical video - MKT1 | Classical Video Tutorial,
a1e89768d25da730cb4864dd8903be68,10a5870f75d2de19fcf483b8b9b3f93c,74,Không có dự án con,
79739e8a550fe5f2a87f98341f291ff5,111243c15d7b53fb687fecb940adaf12,c3128e12e38497742d3320a03879030a,Piano - MKT1 | Soothing,
57287e00845ffb6bb5eb69355127b385,11256ccd598ed8e356a330d5e863c9c7,ec1dd8c1f99048044938b8fba2858178,Downtempo - MKT1 | Downtempo 2,
b8df0c0ccbb5e731b37053a4660d51f7,11870827e7ac2dcf9e2bfb26745af04e,116,Lofi,
a9803177ceeda8b6409dadf7df08f014,12480640c019959725ea684e28d9086c,72,Không có dự án con,
01f2718e421037c3a9937acc134fc7d5,135acb6aa95561e959b38dd2df3fda00,fc86720e32bcf9a8b055fe2ecae8fc99,Piano - MKT2 | Bình yên không guitar,
a3027589018f20e7aa7983ad039955c2,135fc83530dc44f98c4fd9ef8005a10f,c54d87433d070ad964ed101762470855,Chillout - 2 - MKT2 | Chillout,
cd3a1a932753c0d187dccd70af78853a,137317ac7fb5c837fd9114540b52e144,125,Piano Cover,
fcde7d15612c3c3fb29fba707e8d903d,151369002de7504efef6709ef2bce586,5138a1ea0ba06df52d92dcdab9c79dd5,Jazz bật CID | Bossa Nova Jazz,
a5c4298824de3ce8f9ab4caec586282e,15ac8a4328e1a0d58e8e6de2d9620fcf,113,Không có dự án con,
da124a6ebf93e6e67e7a4eba3471eb1b,167fa6376d8b50d729684cef15d18554,06bda73ef887c95030754eea9f31a757,Không có dự án con,
232e98777e33e7d1cd972922e814eefb,18a8e7056e0d1db0e1b5ed0dbde650f6,130,Piano Bật CID (Soothing),
49f33294609c2251883396e605d4f539,18bcead7882c8ee8f47b2ddccbe3a619,f28c2527595bf6c93218c361b3ccc261,Guitar - MKT2 | Stress Relief,
6c0297275930721ab550b05dc00819fc,18d7106874e970707bba634b6ae5ef5e,1f1db3eca737b937922a73185376a376,Deep House - AI | Disco House,
4c4a8e05e1e83f428ea5a93fb4ada68c,1acc12566618ff56f6e3b9c3e09b493b,399512b3e9e70d983aa07c79916df713,Không có dự án con,
4bbd871ef2261dcc54bd712126b7e59c,1b50cf421a1ed3031284bb460816c2ef,358bcb552d568349e45403961251ce55,Sóng âm - HG | Thiền,
d9362f31d1b50c876f35c55856bce61e,1d147437408423ed8f9494f9cdb2c029,c54d87433d070ad964ed101762470855,Không có dự án con,
eb14ff7e1f0820721aaf05f173499faf,1d1abc30bf1dbde1b045322af14e7240,f6282883638392bcbdd763c1a4290951,Lofi - MKT1 | Aesthetic,
86e0822c84e63f563919104d143b9e20,1d6f877a2b91f2a86df12c122410260d,86f65b42f95073395d4368f94d83490d,Pop Cover - 1 - 2 | Pop cover,
a9a0104430f5febde87882dfead21d7c,1db574643d1933efbbc9a92dc423cebe,2d3d5bd85389756065711bc42206c5a9,Piano bật CID | Hàn Nhật sáng,
996862a861f39e444531a0eb923c4daa,1e13636bb795c2a11272f77d147c9770,112,Lounge Jazz,
6760a114fbcb9199fd697988c882712d,1e708a1ee331dae3e9f3b148f43b93f0,130,Piano Soothing,
fa9eccdae333d5df0a88be856e400e8b,1ffd9efe5d3e99ec9d046d2abc4d716f,5ea437176ef8fa97761e051504525c25,Deep House - MKT1 | Summer,
5df24ddf811c45600265f70fd16cb533,20f58aaa474f6f0b3978fca0206278ff,8a32c743bf6ada532a0a0785c5171177,Không có dự án con,
be51b3f7936d753610026dd2c608561d,210db5539804f95c3bfc1d43124bad2c,159,Không có dự án con,
9139db47f79601ea20160464d8da4dc6,21b5196813f4e0b2f124bb63d4dd39f9,105,Không có dự án con,
b997a7c5cc284a6f0b4fbf22d2261576,221817db0d5204d309db01e81149f8eb,554e64f13710dacb0c5dc0bcfbfeb026,Giáng sinh Pop Cover - 1 | Santa Tell Me,
0c6b6e6919ee48aa483987c4a96f18a5,231a239c95a14b36870a44d99c5cb805,1df08711853a9ed25dee4ef8a2ddc866,Sóng âm - MKT1 | Thiền 2,
1735bb24119f8f580362c4c374cf4f95,23b3335f4fb0782f43a43928bd27e95e,107,Giáng sinh Relax Cover - Top Hits - 1,
9919ae6658c39deb7eb1399a70767f77,23f01820881e3ddaa9fabe281659f6f3,08b2a29b66b9661d532b5f8a14409fc5,Giáng sinh Pop Cover - Public Domain | Santa Tell Me,
c160b955bc5d1f638efaac7228a0203f,23f9e2c71251dc39797548db69d1c579,88,Không có dự án con,
44f93b9df0cb3f1f1f3d34ff2dc3cb5c,25f9b77ed38d44047df4cca4470e0afb,123,Phúc Âm - MKT2,
4b2a338614f5e28023e0d79861d4818a,27ceed1bc03cf2c3264b1e0790477769,132,1.1.8.1. Sáo Tây Tạng - ĐỘC QUYỀN FM,
238a08ec91d089674aa1c53f22ddbc17,28aca07693ea197121402e10ae65d802,1df08711853a9ed25dee4ef8a2ddc866,Không có dự án con,
3ecce1a4a2dad2341698f635cf7f1941,2991fa032a7837869c24fd0353707367,96,Deep House - 2 - MKT2,
86f79963d38c5e059cf15b5fff6c1a1b,29f44c9cad2f154e0530411209250da3,154,Không có dự án con,
c6cadd8c8e9a136e5d55fe7a057fa887,2aadccd8b77f991c63a15ffe33cf1f46,87,Không có dự án con,
3e6191ba5be637d6645653511d51e42b,2b788b855970aaeed922dcdb6225c502,109,Không có dự án con,
61e0fbc2f0d1f34187bfb8963521ca57,2cd7ec4fffc244d2f1ef5225841ed59c,d146caaa227d84886ad3640b6a95b21c,Kid Song Cover | Tiếng Anh cover PD,
e9654eba062f58984e05db68efc3fc53,2e07e0fe56da956789e9464de992660e,125,Không có dự án con,
1280030c6fdd8a10e1b9dfb13e02b6fe,2fb7c236744830042382b8132ed6929d,96,Deep House - AI,
7b34fd233767553c542723414b66ecbd,2fedf04a156617a34cf2e92693293026,73457ee1f3db503b02eca90451439a62,Lofi - 2 - MKT2 | Lofi,
511cecc52882c37dab174162978df8aa,309a1da6997c4e6759b725e9a2e09189,c3128e12e38497742d3320a03879030a,Piano - MKT1 | Piano Huyền ảo,
8f76791882730fbb7bb911d8f821c91f,315a3ae75e211e06b2f2efb3ece1cb5a,15b054a3df047b9763f8b31073a1baf5,Không có dự án con,
ad3e95cad61f1337c84dd9a16988d028,315d4d04028b81810a269cd8f0063943,8a32c743bf6ada532a0a0785c5171177,Phúc âm - MKT2 | Bình yên,
89a1a20a047038deb880fab273e5ab9d,3208dc360a6177aae1d28f6af68b72a1,6031795d8b252bdc8494721988cbb46b,House bật CID - MKT1 | Summer Love,
fc051472df246dc75de6a0c69b0ba2c8,32a43ab330d44b44a7c43c50dab72480,132,RELAX,
87acdfae6f9d2c200a3de28b405a4658,330de240fe5342b65e7353dac5c04864,615a8f57c3862d2f7c01eefb2926cffd,Không có dự án con,
7a9a90b1083de7fef234be9c044d9f38,331e17dfc1349c3f68dfda8cb5d4e981,167331f798fa58d62b6c4f57eb32024a,Không có dự án con,
27fb1c49014a1c68bbe491c774fa7691,3401502b4c84bdc0a00000fb8bfa1aa7,96,Deep House Hitkend,
138bb0696595b338afbab333c555292a,353,94,Dark Ambience - HG,
8dd48d6a2e2cad213179a3992c0be53c,354,90,Cinematic - An Tuệ,
82cec96096d4281b7c95cd7e74623496,355,90,Cinematic - BG,
6c524f9d5d7027454a783c841250ba71,356,91,Classical - Red One,
fb7b9ffa5462084c5f4e7e85a093e6d7,357,91,Classical bật CID,
aa942ab2bfa6ebda4840e7360ce6e7ef,358,91,Classical bật CID - Red One,
c058f544c737782deacefa532d9add4c,359,91,Classical Độc Tấu - HG,
e7b24b112a44fdd9ee93bdf998c6ca0e,360,91,Classical Relaxing - HG,
52720e003547c70561bf5e03b95aa99f,361,91,Classical video - Red One,
c3e878e27f52e2a57ace4d9a76fd9acf,362,92,Country Cover - 0 - FM,
00411460f7c92d2124a67ea0f4cb5f85,363,88,Acoustic Cover - 0,
bac9162b47c56fc8a4d2a519803d51b3,364,96,Deep House - 2,
9be40cee5b0eee1462c82c6964087ff9,365,96,Deep House - An Tuệ,
5ef698cd9fe650923ea331c15af3b160,366,97,Deep House Cover - HG,
05049e90fa4f5039a8cadc6acbb4b2cc,367,97,Deep House Cover - Hitkend,
cf004fdc76fa1a4f25f62e0eb5261ca3,368,96,House bật CID,
0c74b7f78409a4022a2c4c5a5ca3ee19,369,99,Deep House Cover (Chillout) - 0 - FM,
d709f38ef758b5066ef31b18039b8ce5,370,100,Deep House Cover (Chillout) - 1 - FM,
80edf52457029fa4d7bb00735e3c53ca,3701d93158b064d983a4884afd43e5b7,4b7fa22625f65af1642fa6558236f368,Không có dự án con,
41f1f19176d383480afa65d325c06ed0,371,97,Deep House Cover - 0 - FM,
24b16fede9a67c9251d3e7c7161c83ac,372,96,House bật CID - FM,
67e4e143b8d56c637e79d1038d493a58,37213ef2afd7331f8ab6d61aeda4abda,116,Lofi Hitkend,
ffd52f3c7e12435a724a8f30fddadd9c,373,96,House bật CID - Red One,
ad972f10e0800b49d76fed33a21f6698,374,103,EDM Cover - HG,
f61d6947467ccd3aa5af24db320235dd,375,105,Ghibli Cover,
9cbf24cea76de1d693cde80612ef1a90,375064f6327464a716bda82737c504ad,92,Không có dự án con,
142949df56ea8ae0be8b5306971900a4,376,108,Guitar Cover - HG,
d34ab169b70c9dcd35e62896010cd9ff,377,108,Guitar Độc Quyền,
3c61507d32037e3d4f43a443dacd21a3,377e8c179ea7a4dc0232d46710bcb63f,222272caa193ac1a38e10deed2ea5722,Sóng âm - MKT2 | Chữa lành,
8bf1211fd4b7b94528899de0a43b9fb3,378,109,Guitar - An Tuệ,
a02ffd91ece5e7efeb46db8f10a74059,379,109,Guitar - MKT4,
bca82e41ee7b0833588399b1fcd177c7,380,109,Guitar bật CID,
00ec53c4682d36f5c4359f4ae7bd7ba1,381,110,Hang Drum - HG,
4f6ffe13a5d75b2d6a3923922b3922e5,382,111,Indie Pop - 2,
097058a7e5d3bb5f0b1a0b51f6a90c4c,3826d4d5c42aea1c566227b18c6c220b,132,Sóng âm sáo,
a0d188ad3656a6a4c9f01fdfba1241df,382cc67aad1fdda6768a4d14e7901d66,137,Không có dự án con,
beed13602b9b0e6ecb5b568ff5058f07,383,128,R&B Cover,
0584ce565c824b7b7f50282d9a19945b,384,112,Crossover Jazz - HG,
dc912a253d1e9ba40e2c597ed2376640,385,106,Giáng sinh Jazz Cover - 0,
39461a19e9eddfb385ea76b26521ea48,386,106,Giáng sinh Jazz Cover - Top Hits,
8efb100a295c0c690931222ff4467bb8,387,112,Jazz - FM,
d9fc5b73a8d78fad3d6dffe419384e70,388,112,Jazz - MKT4,
c86a7ee3d8ef0b551ed58e354a836f2b,389,112,Jazz bật CID,
4d32eeebb4ff48aee781a498ed00b5b7,38991731d0d9ffecab08096847742c5f,138,Không có dự án con,
a01a0380ca3c61428c26a231f0e49a09,390,112,Smooth Jazz - HG,
5a4b25aaed25c2ee1b74de72dc03c14e,391,113,Kid Song Cover,
f73b76ce8949fe29bf2a537cfa420e8f,392,113,Kid Song Original có lời,
70c639df5e30bdee440e4cdf599fec2b,393,113,Kid Song Original không lời,
28f0b864598a1291557bed248a998d4e,394,120,Kid Ngủ - HG,
1543843a4723ed2ab08e18053ae6dc5b,395,106,Giáng sinh Lofi Cover - Top Hits,
f8c1f23d6a8d8d7904fc0ea8e066b3bb,396,116,Lofi - Hitkend,
08eab63367e6809b1476add762d0158b,396fdb47be1dbebf1f4182cb61eca62c,41664e2df0db52cf764858fb461c1944,Jazz - FMG | Lounge Jazz,
e46de7e1bcaaced9a54f1e9d0d2f800d,397,116,Lofi - Red One,
b7b16ecf8ca53723593894116071700c,398,116,Lofi - An Tuệ,
352fe25daf686bdb4edca223c921acea,399,116,Lofi bật CID,
080c501060905f543e5e4ed6f944a4fb,3991546ea41cb8b60e062046f3bb3a6e,130,Relax TunePocket - MKT1,
a0a2c40d3957b4a2077537ee9a4e18fb,39a1581044aab97ae12d8607369bfd2b,9613d4f5f077d181f2feaff55a3879e2,Lofi bật CID | Aesthetic,
cdcdc8c373e7745c4304497a33484ceb,39d075df69c235f9b164112ce088ff00,80,Không có dự án con,
f2805b33dc7c635620757be13deabcaa,3a0d37b2e4c270e4bf0be69c51c961f9,124,Không có dự án con,
258e3d44505922efac6f74715c57c70d,3a53ed27d1883838588ebd93fed0259e,152,Không có dự án con,
1eab8a5d292e50b2ad7bb7f4460b75a2,3a674a8fbeb618447987637ce5f0bac0,116,Lofi - MKT1,
b3fb8831dd43804a97411da61409f510,3b5bffb512fa52825c64122ea403c5b8,c3128e12e38497742d3320a03879030a,Piano - MKT1 | Piano Relaxing,
ca8fb7f8b2e2038f833b447b225c0aef,3c402dc327abc9667e6260a439928721,71,Không có dự án con,
57131f572a03e5014544b9f3339a7566,3d102e50d19f6ba3dd00fbf9b22682d2,111,Indie Pop - AI,
6fd337f3076320fc406e2219c5583170,3d2a87df524cc25906c2e7eced279fda,714c703fa5d83521bb04ffd94b7c2bb3,Lofi - MKT2 | Lofi Chill,
18d8042386b79e2c279fd162df0205c8,400,116,Lofi bật CID - Red One,
dd8394f2281cbcd03ff18119ec645572,400e57a8022041b6459bb8d42d84e306,d146caaa227d84886ad3640b6a95b21c,Kid Song Cover | Tiếng Anh viết lời mới,
816b112c6105b3ebd537828a39af4818,401,117,Love Song Cover,
69cb3ea317a32c4e6143e665fdb20b14,402,122,Phonk bật CID,
bbf94b34eb32268ada57a3be5062fe7d,403,123,Phúc âm - HG,
4f4adcbf8c6f66dcfc8a3282ac2bf10a,404,123,Phúc âm - An Tuệ,
bbcbff5c1f1ded46c25d28119a85c6c2,405,123,Phúc âm bật CID,
8cb22bdd0b7ba1ab13d742e22eed8da2,406,123,Phúc âm có lời - 0,
f4f6dce2f3a0f9dada0c2b5b66452017,407,106,Giáng sinh Pop Cover - 0,
0d0fd7c6e093f7b804fa0150b875b868,408,106,Giáng sinh Pop Cover - Top Hits,
a96b65a721e561e1e3de768ac819ffbb,409,126,Pop Cover,
1ce795890d3d66bb273d66bc2940de8c,40bc8447e1026df050c25206500ba0dc,2ca63cddd54f9490efad22421891a9d1,Không có dự án con,
1068c6e4c8051cfd4e9ea8072e3189e2,410,130,Dark Piano - HG,
d241d05723573311332aa7df4571854a,41007a0e0593f070af4c87a8fdc78ddf,5c19578f5d20c44df579816e806e6014,Jazz - MKT1 | Smooth Jazz,
4bbfba6a81bfb1eba876476bc803f8c2,410b9b440ed654c7561ce09ac56d1b7b,544367942d42ae4393c744a508ad3b17,Classical - MKT1 | Độc tấu Piano,
17d63b1625c816c22647a73e1482372b,411,130,Piano - Red One,
b9228e0962a78b84f3d5d92f4faa000b,412,130,Piano - An Tuệ,
0deb1c54814305ca9ad266f53bc82511,413,130,Piano - MKT4,
26f9bfe0f4f5c5c05d7c511f7bf2d064,413b19f29a72c30048a657d3b652da66,8f5143a0bfc5d23870b74251d291be7a,Không có dự án con,
66808e327dc79d135ba18e051673d906,414,130,Piano bật CID,
42e7aaa88b48137a16a1acd04ed91125,415,130,Piano bật CID - FM,
8fe0093bb30d6f8c31474bd0764e6ac0,416,130,Piano bật CID - Red One,
41ae36ecb9b3eee609d05b90c14222fb,417,130,Piano Relax - FM,
d1f255a373a3cef72e03aa9d980c7eca,418,130,Piano Relax - HG,
7eacb532570ff6858afd2723755ff790,419,106,Giáng sinh Relax Cover - 0,
988f811273cb18e8171736aa1dcdda4a,41d40978ddd8f83daf9bec2502f9128e,132,SÓNG ÂM MUA KHÔNG ĐỘC QUYỀN Tài nguyên công ty,
487020dc5504405d13821243ec166a66,41d7ac11194e26ebb8849804876ad799,51a034e382072f884fa356145b361ae9,Lofi bật CID - MKT1 | Aesthetic,
b6f0479ae87d244975439c6124592772,420,106,Giáng sinh Relax Cover - Top Hits,
e0c641195b27425bb056ac56f8953d24,421,125,Piano Cover - HG,
8b848bb29e6299979c94e735b9732adf,421992b3edcf253d0dbf3a497e17433e,143,Không có dự án con,
f85454e8279be180185cac7d243c5eb3,422,131,Sáo Tây Tạng - FM,
7b6903a644eda378da92b4b892b10f90,42259b99db44d77813130b3a3fb42300,86,Không có dự án con,
faa9afea49ef2ff029a833cccc778fd0,423,131,Sáo Tây Tạng - HG,
3c7781a36bcd6cf08c11a970fbe0e2a6,424,132,Sóng âm - FM,
25b2822c2f5a3230abfadd476e8b04c9,425,132,Sóng âm - HG,
6ecbdd6ec859d284dc13885a37ce8d81,426,132,Sóng âm - An Tuệ,
7ba1dcdda0e255543d5e5fef62f9fe31,42688cbe8b6ff0aec9837377a5a0c2ac,85,Không có dự án con,
18997733ec258a9fcaf239cc55d53363,427,132,Sóng âm bật CID,
8d7d8ee069cb0cbbf816bbb65d56947e,428,132,Sóng âm bật CID - Red One,
75fc093c0ee742f6dddaa13fff98f104,429,132,Sóng âm - BG,
f74909ace68e51891440e4da0b65a70c,430,98,Deep House Cover - 1 - FM,
66368270ffd51418ec58bd793f2d9b1b,431,135,Tropical House Cover - 1 - FM,
e023342d6bae638a227bdfd733a0f0ac,431305f72915393037b7a213a15354dd,544367942d42ae4393c744a508ad3b17,Không có dự án con,
248e844336797ec98478f85e7626de4a,432,163,Reggae Cover - 1,
019d385eb67632a7e958e23f24bd07d7,433,89,Afrotech Cover - 1,
a49e9411d64ff53eccfdd09ad10a15b3,434,96,Deep House - Red One,
ddb30680a691d157187ee1cf9e896d03,435,132,Sóng âm - Red One,
2421fcb1263b9530df88f7f002e78ea5,436,138,Downtempo - Red One,
fccb60fb512d13df5083790d64c4d5dd,437,130,Piano công năng,
1651cf0d2f737d7adeab84d339dbabd3,438,107,Giáng sinh Pop Cover - 1,
d2ce3f6622059e537e63cc1e9eee6e21,43806675a873d2e56ebe8c57d3ade39b,132,Audiojungle - MKT1 - Sóng âm Tài nguyên công ty,
eed5af6add95a9a6f1252739b1ad8c24,439,139,Chill 'n Groove,
98c6c586f38fd164a6de487f878f3555,43964c3a6594835ddb8333e51f085118,103,Không có dự án con,
a8abb4bb284b5b27aa7cb790dc20f80b,440,140,Jazz House - Label,
6d85c0f4b1efb76e0b02560f8f609ea0,450fad3ed98ad0acf0a2e2b63066a638,0d6d9f2579c7dd861cde8a4cdd4f0663,Không có dự án con,
198f6e05666885b1537a5d5e40e46bc1,457989e1a6e29c356a7a2ee22f482cb0,d0201569c344876aba4f106cea453ab5,Không có dự án con,
fb5b9d600daef573c0a95ecdd36fd0f3,458339051bedc9a360b58571a22260f7,165,Không có dự án con,
02c5e7316b43f16a4b2f238a89ec5d92,46024ce0030a80fdb5af2c3ac36765fa,d146caaa227d84886ad3640b6a95b21c,Không có dự án con,
2f0bb50e3f07e32e3c6b4befc49624ac,4699610bc0e6ddd87ce8232d273259ed,46aa273839fd56b93ea6d6173e95bb53,Kid Song Original có lời | Tiếng Anh sáng tác mới,
42a35fe2ab2787b533adf753f1c1cecb,47e4c09d73fe13b72a01d8cee3fa7614,132,Sóng âm - MKT2,
5e12e5c8e5044cf7bb44d7f1bc238c7d,48731528c8fed01f30c26c5932d4a61d,41664e2df0db52cf764858fb461c1944,Jazz - FMG | Bossa Nova Guitar Jazz 6,
142f78a12c58c730cbd79b3ec22c8ebd,48c9066088964bf32b92d63c9f6444d8,222272caa193ac1a38e10deed2ea5722,Sóng âm - MKT2 | Ngủ,
537393babc30baab8ac2b0048638c890,49cbc25b9b12901ed3a456b3a6636a00,8e87abbaa7e70dbd53470200ebbc6e9b,Không có dự án con,
efc8789ed814ef943ad1f3e75585888e,49f37efeea0a34f1a554c0f1d8387f0f,106,Không có dự án con,
885e426fdaa766c3677a25e7025821e8,4cd4aeb7abe0009c5a04f94e1a7b942d,ea852e9e51de51354925b7a5177a4f2d,Không có dự án con,
a2a9b4520b7429db401c3dc9083be465,4e184ab903e385219b45d2db2a9921a7,5ea437176ef8fa97761e051504525c25,Deep House - MKT1 | Tropical Deep House,
40b50e88443564f11f4e9c9ad256a083,4e9ed8504a0f4d9eb2d7e79a823fd306,ec1dd8c1f99048044938b8fba2858178,Không có dự án con,
9262d76c1edf0ab5b27853891fc23b5e,51472657ba13c8bc9442bd061612246d,f28c2527595bf6c93218c361b3ccc261,Guitar - MKT2 | Peaceful,
622d4a8fba431f805225f10aafc8dcab,515b15c6afe699fb512d1afc0be8fa69,3ee4bb0f23c51736d4ef6144bd0960b4,Cinematic - BG | Thiên nhiên,
2c98fcc6952021af5c29712b7bf664d2,51777bdad83002d32d853fd7448cbf0d,9613d4f5f077d181f2feaff55a3879e2,Không có dự án con,
d9efb66e961d756dee37ba787b159f1e,51fa151c04b62aec1786159d22134222,41664e2df0db52cf764858fb461c1944,Jazz - FMG | Tropical Ballad Guitar Jazz,
efef613fbed69f18d76c5a91d18bd0c8,52d47ccb63db46c716e427b1b92199df,142,Chillout - 2 - MKT2,
e2ecb5d92ea927e867cd7aa5d40c0480,52dcdca00da1e9db7430d919965be1a0,112,Không có dự án con,
b3c65d5e37b952a7cb71451b6784223e,5314cec7e55dae201dd2b0d39d7792ef,130,CINEMATIC,
db96ef06d6d0a813e2393f0f74a22903,5394e8bee40d98fbd7a238a0760d4a1a,d70906f065ac023b2404eade44c05dc2,Không có dự án con,
80a443365f91fd571585789bb877d555,539aa1f1544f7481065ff8e5455d8a71,fc86720e32bcf9a8b055fe2ecae8fc99,Piano - MKT2 | Vui - Á,
7558715f7c95f6a4ab04b728e4ddb223,53a8f7661ccc30aca0ab5d22b28c7b00,fc86720e32bcf9a8b055fe2ecae8fc99,Không có dự án con,
1e3bc6ec2bf6ed8e7bb1e5cd43ff084e,548a69028500b0bd57d19304df86e9d2,132,CHUNG,
daa97f8b6d7a03b0ab49c85dfb3248c8,54b053b6e9b1099592141ceb10fa20a8,fc86720e32bcf9a8b055fe2ecae8fc99,Piano - MKT2 | Bình yên có guitar,
6220b0704cbfea34ea8b088bc31015c6,54ccab7c64a28ba6649c49d2e468c372,130,Piano Nhạc cũ,
19641bbd06c7f3cb2c9a7726de784e77,575e4b72721770601b8b0597d7e34f36,08b2a29b66b9661d532b5f8a14409fc5,Không có dự án con,
1e6858fe973bcac322e27eae12fc3a44,5773b7a265fb9cdda4818c7f6383f144,736dc636575bac0f5b44795ba1679550,Sóng âm - BG | Ngủ chữa lành,
3765ace40c5f8cb87927600580f2313e,58900f2906f08d1261cfe6684295cefb,107,Giáng sinh Jazz Cover - Public Domain,
4a1678e4d8b7115643a8f7b6784a8974,593ae5e6bfc95d2de22a4e885812b89d,98f2df14832622118faa27eb392f6ee7,Indie/folk - 2 - MKT1 | Indie/folk,
ebcc645a23e78cfd859d764af3dec7f7,5942dbfb18eaf2ea4b4d8135a9ef5619,140,Không có dự án con,
2536d8e92a8ec52b520ba858e14f3517,59b0e7982f367465a7d30c668a95bc3d,d15042c2646c2ae04e41ae17eddba471,Không có dự án con,
db538c1fa176e02e0251aa09d545a70b,5a330b42aabf37484991988af8dd06cc,98f2df14832622118faa27eb392f6ee7,Không có dự án con,
c0e79abaebad52c36da7c2fb177100fc,5aed70d399d90316e49591e14a7a304c,120,Kid Ngủ,
23c5608b681f1a0d31430c528761edb0,5bc7d90796c6c9c5a8027ce36379e625,3ec24579000cf90287f495053137f9a6,Deep House - 2 - MKT2 | Deep House Đen Trắng,
3540e1a3cc813580dfa013a9da53dbc9,5c29bbcc1d9b46fe5f9720d082c5b23e,77,Không có dự án con,
9d9535f647f37ce5ed3e3613ec2d3f7b,5c89f0a71acba3f2e3b423efbf3dd5e0,fc86720e32bcf9a8b055fe2ecae8fc99,Piano - MKT2 | Buồn - Á,
2ee32cc133ddf3827c2be693be1fac2e,5c91a562d033fdf594abe3b44b5768de,1f1db3eca737b937922a73185376a376,Không có dự án con,
a6bddc43a7b724d7a3b9eab402a6b0a6,5cffd08718bc7fe454153218ce9bb9e3,41664e2df0db52cf764858fb461c1944,Jazz - FMG | Smooth Ballad Jazz,
9af3f78bdc5e44e60322c12cb8ddae6e,5dda04cb85a62d375ebd5a7e639480d6,120,Không có dự án con,
4b3b08639208401c9cf7a9d8dbc74cd5,5df6d52501bf6c6e1756907bf5e7a503,117,Không có dự án con,
dbe8ba1621fafaef52c9cf712d35b4ca,5f942d8e38ea0305e29ba6bc221f7e01,110,Không có dự án con,
12213d6185d0b2aaaa8ad71bce09cb0d,6040a8ffcf982e4bdc87f8dc494fde3a,130,Piano - MKT1,
869e595a997e6026bb08850f9e321f56,606f12aa38de4ce4e369daa0c41205f9,8f5143a0bfc5d23870b74251d291be7a,Deep Chill House - 2 - MKT1 | Deep Chill,
99c12af2a843ab0d49c9f31baf2dc880,619e9a9498fb448d6c7669fb7286bec6,c3128e12e38497742d3320a03879030a,Không có dự án con,
97062f18e831252a6f8eb79fcab9bc78,63f9efbd4023fac90151dccc82ebd7fb,130,Beautiful Relaxing Music,
68707688c4bef1e70b6c64e9155a8b6e,64760d6690f5ada7c8b29a8119cf5e46,167331f798fa58d62b6c4f57eb32024a,Deep House Cover (Chillout) - 0 - FMG | Chillout,
884d247c6f65a96a7da4d1105d584ddd,650,96,Deep House - 2 - Red One,
55743cc0393b1cb4b8b37d09ae48d097,651,126,Pop Cover - 1 - 2,
30ef30b64204a3088a26bc2e6ecf7602,652,125,Piano Cover - 1 - 2,
eaae339c4d89fc102edd9dbdb6a28915,653,141,Indie/folk - 2 - Red One,
ab233b682ec355648e7891e66c54191b,654,91,Symphony Orchestra - 2 - Red One,
3d2d8ccb37df977cb6d9da15b76c3f3a,655,96,Deep House - 2 - An Tuệ,
26408ffa703a72e8ac0117e74ad46f33,656,124,Phúc Âm (có lời) - 2 - An Tuệ,
b4288d9c0ec0a1841b3b3728321e7088,657,116,Lofi - 2 - An Tuệ,
2f37d10131f2a483a8dd005b3d14b0d9,658,142,Chillout - 2 - An Tuệ,
2802415b5de0fdae7d21fb75134164b5,65e61f649865102c3a94ed6a9870f6b6,132,Sóng Âm Kho Riêng,
d0cfba8d45d4426cc3dfe55b4218688f,65e7224841fbc11a3507738150bfd04e,fc86720e32bcf9a8b055fe2ecae8fc99,Piano - MKT2 | Soothing,
68264bdb65b97eeae6788aa3348e553c,660,107,Giáng Sinh Pop - 2 - An Tuệ,
2291d2ec3b3048d1a6f86c2c4591b7e0,664,92,Country - 2 - FM,
84117275be999ff55a987b9381e01f96,665,143,Om Healing - Label,
b5dc4e5d9b495d0196f61d45b26ef33e,667,126,Pop - 2 - FM,
192fc044e74dffea144f9ac5dc9f3395,668,144,Rock Cover - 1 - 2 - FM,
4c456d40ccfad6b03d13cfcde6313fe1,66a6d2f5f1f71420b19413ceabb4a2ed,132,SÁO TÂY TẠNG,
b46d92e30f5d33546f2e328c2212dea5,66cb9fbf63f95885da50ef99d80a1c59,6031795d8b252bdc8494721988cbb46b,Không có dự án con,
2dea61eed4bceec564a00115c4d21334,672,150,Nhạc Trung - 2 - Red One,
9f396fe44e7c05c16873b05ec425cbad,673,90,Cinematic - 2 - An Tuệ,
0d7de1aca9299fe63f3e0041f02638a3,674,140,Jazz House - 2 - An Tuệ,
8fecb20817b3847419bb3de39a609afe,675,107,Giáng Sinh Pop Cover - PD - 2 - An Tuệ,
dc6a70712a252123c40d2adba6a11d84,676,107,Giáng Sinh Pop Cover - 1 - 2 - An Tuệ,
9fe8593a8a330607d76796b35c64c600,678,111,Indie Pop - 2 - Red One,
ca9c267dad0305d1a6308d2a0cf1c39c,679,112,Jazz - Red One,
fccb3cdc9acc14a6e70a12f74560c026,680,112,Jazz - An Tuệ,
08d98638c6fcd194a4b1e6992063e944,682,149,Deep Chill House - 2 - An Tuệ,
bbc8babaff6a3d9f6c1697a55994a5ea,682fd4d766fae0afb1f65310952baf28,130,Scenic Relaxation 8K,
24681928425f5a9133504de568f5f6df,683,107,Giáng Sinh Disco Cover - PD - 2 - An Tuệ,
556f391937dfd4398cbac35e050a2177,684,149,Deep Chill House - 2 - Red One,
5487315b1286f907165907aa8fc96619,694,91,Classical Live Session - Label,
e4bb4c5173c2ce17fd8fcd40041c068f,695,94,Dark Ambience - 2 - An Tuệ,
0cb929eae7a499e50248a3a78f7acfc7,696,127,R&B - 2 - Red One,
8a0e1141fd37fa5b98d5bb769ba1a7cc,697,112,Jazz - 2 - Red One,
99bcfcd754a98ce89cb86f73acc04645,698,140,Jazz House - 2 - Label,
e111601b3c1ed113fd09517daab4156b,6b4487e17f47defaa38e376e4f53a8ba,928558193d47334c685e0ff42132aa9a,Sóng âm Red One,
1b2a71fa507dc0bd049ceb5bdfea0d9a,6d22ad9edcbf174526c2b2bb6581302d,15b054a3df047b9763f8b31073a1baf5,Jazz - MKT2 | Smooth Ballad Jazz,
eb6c31a414e073d2647ed448e941885f,6d67c576bcf8f8584824753cf0a58d18,119,Không có dự án con,
cfb1439b1dfb8d79dfae1bc04aa1bbec,6dff9adb589f789e9643ae6dfd315192,f0e18c89518896b5f1de9f3531b1d07f,Không có dự án con,
d428bd58fd6000954f36d3d018b2631a,700ffd3bee2e33178151432ea5c073c0,41664e2df0db52cf764858fb461c1944,Jazz - FMG | Bossa Nova Guitar Jazz 5,
aa3f72a679a4575c916cef42982b534a,70699941e5c0c4f95f6e1ee646e77195,121,Không có dự án con,
7364a29e139eafb2b870e21460582f08,70fcf76d80b367bb89721bbee8f40d8c,69e72895ddd30c97547b7cfc40dd5a90,Không có dự án con,
8df707a948fac1b4a0f97aa554886ec8,715,153,Sáo Nam Mỹ - 2 - Red One,
e7f8a7fb0b77bcb3b283af5be021448f,716,152,French Instrumental - 2 - Red One,
788d986905533aba051261497ecffcbb,717,123,Phúc Âm (không lời) - 2 - An Tuệ,
50c3d7614917b24303ee6a220679dab3,718,112,Jazz - 2 - FM,
2afe4567e1bf64d32a5527244d104cea,719,154,Neo Classical - 2 - Label,
7b6ef76ef53f6bd9e6b89325506affd1,71bd7b49e1a27e807250d4f9ad7191b5,132,Sóng Âm,
aba3b6fd5d186d28e06ff97135cade7f,721,112,Jazz - 2 - An Tuệ,
c8ed21db4f678f3b13b9d5ee16489088,722,153,Sáo Nam Mỹ - Red One,
08419be897405321542838d77f855226,723,91,Classical - 2 - Red One,
82f2b308c3b01637c607ce05f52a2fed,725,154,Neo Classical - An Tuệ,
0d3180d672e08b4c5312dcdafdf6ef36,726,124,Phúc Âm (có lời) Cover - 2 - An Tuệ,
fb89705ae6d743bf1e848c206e16a1d7,727,154,Neo Classical - Label,
d5cfead94f5350c12c322b5b664544c1,730,138,Downtempo - 2 - Red One,
6c29793a140a811d0c45ce03c1c93a28,733,130,Piano - Label,
e995f98d56967d946471af29d7bf99f1,734,154,Neo Classical - 2 - An Tuệ,
6cd67d9b6f0150c77bda2eda01ae484c,735,140,Jazz House Hunt - Label,
3bca0ffcc04d913484cd5fc74544c2ef,7378224b057292d567b0195695101c4e,96,Deep House bật CID,
cdaae5b891b7f3b04df76e35cb4ca4fb,740e91c2d8cb645690fb0a960ce5c40b,134,Không có dự án con,
7170ce3f9a0958f1e3126475faed4fbd,743bed3499abe68215850fef65379d03,57df190165c1fca2d1ec44f75916dd2a,Classical bật CID | Neo Classical,
8d317bdcf4aafcfc22149d77babee96d,747,160,Saxophone Cover - 1 - 2 - Red One,
632273b3f46a35e737c59cdbbd8c0c7d,74d7049be0e0f3f703d211a760c889c1,141,Không có dự án con,
dd7e90e4ab7016fef6c0c9deb6f1135a,75891746514a5825ad07d00e951c551e,112,Jazz Kho Riêng,
fa14d4fe2f19414de3ebd9f63d5c0169,759,158,Piano Cover - 1 - 2 - Red One,https://docs.google.com/spreadsheets/d/1YPIKEOJArrOXQbC2v7EdZPJktDdJKhovVwdjAkaMLwo/edit?gid=143631887#gid=143631887
efe330a85bbefcec1ead120a14a5b44c,7591ed190a7454fbbbe78b36a155cbae,222272caa193ac1a38e10deed2ea5722,Không có dự án con,
c82a76c2aab9bb09b1d0b5513d36115c,75ef48d95d0659e790c85b6593c6ddd5,79,Không có dự án con,
25f06dc1cb919fe540dc6eee6722c584,761a30f2b14b8f2584795b658aff8adf,132,SÓNG ÂM MUA ĐỘC QUYỀN,
06997f04a7db92466a2baa6ebc8b872d,762,157,Baladas Romantic Cover - 1 - 2,https://docs.google.com/spreadsheets/d/1QIO8wJZd6jZ9fkP6rMD8NzqwDLBAx73YNl0JjtkZyag/edit?gid=2031300642#gid=2031300642
eefc9e10ebdc4a2333b42b2dbb8f27b6,763,98,Deep House Cover - 1 - 2 - Red One,
5807a685d1a9ab3b599035bc566ce2b9,764,162,Pop Cover - 1 - 2 - Red One,
d840cc5d906c3e9c84374c8919d2074e,765,161,Indie Folk Cover - 1 - 2 - An Tuệ,
959a557f5f6beb411fd954f3f34b21c3,766,159,Rock Cover - 1 - 2 - An Tuệ,
30da5676a7105ff8b2c7787f37fbf7e1,76b043c3d3552f3f1bd01c1d59a66857,142,Không có dự án con,
4ea06fbc83cdd0a06020c35d50e1e89a,770,164,Afro Cover - 1 - 2 - An Tuệ,
b7ee6f5f9aa5cd17ca1aea43ce848496,771,98,Deep House Cover - 1 - 2 - An Tuệ,
e57c6b956a6521b28495f2886ca0977a,772,163,Reggae Cover - 1 - 2 - An Tuệ,
86b122d4358357d834a87ce618a55de0,773,165,Cinematic Cover - 1 - 2 - SXN,
4e0928de075538c593fbdabb0c5ef2c3,774,154,Neo Classical - SXN,
af1a7edef496c7a8b2ac56e1d1529d84,77460607b38332e1c2939f13174e8f51,fff66a4d00c8ed7bb7814ff29d0faca2,Ambient,
8c6744c9d42ec2cb9e8885b54ff744d0,776,150,Nhạc Trung - 2 - An Tuệ,
f1c1592588411002af340cbaedd6fc33,777,130,Piano - 2 - An Tuệ,
e07413354875be01a996dc560274708e,778,166,Lofi Cover - 1 - 2 - An Tuệ,
67d96d458abdef21792e6d8e590244e7,779,132,Sóng âm - 2 - Red One,
a89cfa2332ffe61b6d0d049e670289cd,77e54d6743b95ca628d44f9897c60ec1,5ea437176ef8fa97761e051504525c25,Không có dự án con,
7143d7fbadfa4693b9eec507d9d37443,781,107,Giáng Sinh Cover - 1 - 2 - Red One,
65264270f0b66aa64e73690ac39ae021,7820dd0b57b466543660560ee6d08cea,130,RELAX,
02ccbcc302bcfc07f9ddaf059fd9c133,78e70bb150d8813dae6c79c4d53bdc89,100,Không có dự án con,
03d24e22952fa9711fa6f14636f9ae98,79f145ba1025d2127af0589599720f11,130,Piano Relaxing - độc quyền FM,
8391423cd16556e155ace9e291d2bea0,7a6b9323edfb18edeab9ee73311d4c8f,99,Không có dự án con,
3c729e134f55248f3f493eef0ae23d50,7bc9150e510640124281f28b7c827835,130,GUITAR,
993d2ea70cb299dbf1a97de727708037,7d38843504be756b17fe8e9adec4c832,163,Không có dự án con,
bc82dc4436b5e353535ee20dbcc36b5e,7eb55d8b8dbf4bd6f7be3ab8f52b11a9,25d44036c699943b1fcdbe428e3dc141,Jazz - MKT4 | Bossa Nova Jazz,
89e6060d3b81ab6b3be30fef1a8b4137,7ed543b98f449c0b9cffab6863842aa0,902c147724ead583e237a08a804521ec,Không có dự án con,
55aa95344303e6dd0f592ed5f6a8bd70,7ef0670f5ab4b0a90d6bdd19f14bc2c1,615a8f57c3862d2f7c01eefb2926cffd,Om Healing | Om healing,
dba8e06ea66b84473a667ec9f1a57815,7ef0fc6fc15da0d2f2239103d4b816bb,0b8b3984f964b57c6cd16936e3cf719a,Không có dự án con,
004e285c4b3d85ecdd3bca0f135fa918,7fde8d1c00b05b9e620f79242263d6dc,399512b3e9e70d983aa07c79916df713,Classical Độc Tấu - HG | Độc tấu Piano,
99935d1b7a8854f658dec34a2ce1a786,8020d0e9a9fa67977c825273789a20df,51a034e382072f884fa356145b361ae9,Không có dự án con,
76452d57c397ebbd0d0ec9c7e68860ab,815a5db0f121c22f8b20714e0b5bc717,91,Không có dự án con,
f5ad5ea272c8ca39033b2f1166700287,81e308046a06b2e4c192d398d18e9116,123,Phúc Âm (có lời) - 2 - An Tuệ,
3b26f9104f77776ab5a9f62af6200da3,81ed0e83fec77a89a9d3b72358743e5b,d0201569c344876aba4f106cea453ab5,Symphony Orchestra - 2 - MKT1 | Christmas,
128a848441fd7818a02ca46a6c59d4d5,82b3bdff278a4d68763208dadabaae16,91c44eb574cdd11c64af0f7533872995,Không có dự án con,
81a22ba15816d8705dafa838d8c3fb16,82c65e8338bae2c90f5eff08fda2761d,508da0af802a17ee38dcea24714f7fb7,Không có dự án con,
efebbd0d981fe7609bb7707b5683a4c3,834bc5b4df7afbb34f4b3a108fb14189,83,Không có dự án con,
5277c1352dc9cb9add629d7b15464a6c,862af18f740fe5d5be97614d20420d6a,ea852e9e51de51354925b7a5177a4f2d,Deep House Cover (Chillout) - 1 - FMG | Chillout,
f40e4b4fa2143631ea170be6bc67c2c1,86d56d3e3b1087950f42d6b4ebf29a02,615a8f57c3862d2f7c01eefb2926cffd,Om Healing - Label | Om healing,
bfdd989dc12ade907dd38f924fcac750,87644daab956c5d4108ad03aa61cbd2c,101,Không có dự án con,
5807bf078df661d5b9bbddcaa0ca02c2,88d02e90d78f75456f63d8499d20f734,97,Không có dự án con,
e65258926578adcbb8e87147cfdebe25,88f3afdecfac473a17f12ea4ea559ed2,615a8f57c3862d2f7c01eefb2926cffd,Om Healing - Label | Thiền (chuông only),
ae5f6931e2766f43090d10dcbcbaeb57,8936bdabfc3ca8f09cff4b75ed4498ce,91,Classical Độc Tấu,
e4cdc889ef2fc3cafa4fdca87b5ec665,896fc05d6d29242b6eee68b69f254154,265835f78e1bcfd141e73b1bcb002020,Phonk bật CID | Brazilian Funk,
92fc3869e4ae9e71de78e92994ceb681,898c935ed9b0cbf333704f4646669fcb,615a8f57c3862d2f7c01eefb2926cffd,Om Healing - Label | Ngủ (có nhạc),
359cee8df82452459c284b403496d7d6,89bb1f1a7f5e2cab3a3554318e8a209e,1df08711853a9ed25dee4ef8a2ddc866,Sóng âm - MKT1 | Thiền,
c44d4488ca8758c03c584e00463c4c86,89d40ff9962cfce13928494c39b3e925,96,Deep House Cover - Hitkend,
4f7bcefc082095af23a8bd07926acd4d,8a6e7bccb009c383b51a333c14eb67d3,73,Không có dự án con,
ba3952846ccde062522ac64321221910,8a7b26de2675d60dc1a3c35a656f982e,112,Smooth Jazz - MKT4,
d528cf43b124761910d3472d290dcbff,8b34f7c1595d5425ec0d98e53f495ca6,11ff93f461304d9d9a60f85d6323513f,Deep House - MKT2 | Summer,
434e730f295232aef4c9e76a3ad5690f,8bbac27c696ebffa45a9b8da924ab95e,161,Không có dự án con,
c5ed471583d2f9df82eaffd6632e39f6,8be58c415f272809c90c3981682b85d9,144,Không có dự án con,
3d0f3e35ab0a5c0a41f3f9da1bcd6186,8c2dace319eca387ca62de5898519b83,130,Piano Melody,
f362221cb215e8fe389d8957db58cc80,8c4f339883e911664d607bb8127a586c,fff66a4d00c8ed7bb7814ff29d0faca2,Không có dự án con,
b833e80c5b23a95fc7805ab8945b5bcd,8e1af1784ffeed1f21039e76605b38f5,130,Piano - MKT2,
1d0827712b4fc31586d12ce5a807de8c,8e7f6bb9c20690d3a3a62c3411a96bdd,90,Không có dự án con,
4988ef1b47195043a7b23a6178dd1653,8e954ffd8cc2529d88cb5367eccac62e,153,Không có dự án con,
b7951983a94ec896c4f9a89fb73366b8,90f8ab596c56a88309f738a1224464d3,28856e1e1693096616c7fa69ef73d020,Piano Cover - 1 - 2 | Piano cover,
8374b873135bf5daa905ce7a4d25bb70,91bb7c8583af612dee6146dd5514ca3b,130,RELAX PIANO,
8ecc130d0568d9a43f28da6c22c52be8,9641d5ae810df53bd36d7f202d9d9a98,736dc636575bac0f5b44795ba1679550,Không có dự án con,
cd39aea139a01f77ba7e3179eeaed8c3,9643ecf81f1e88be5e8098b9bef7fac7,166,Không có dự án con,
1dc3dded1a02540ccc4a130bcbdd4cfa,9664c5d787f078b3cecc553d3f1c6963,41664e2df0db52cf764858fb461c1944,Không có dự án con,
0bf224653345cf6c70fc79de0c0b760e,972d4a75157d11614d8bf9a42a8f99e8,772e218f04bcbaa5b14d775d0cb96333,Indie Pop - 2 - MKT1 | Pop Hàn Nhật Sáng,
61bc6f9ca43da8dabddb70b95448fdf2,996d37489b8b79773694c833cf032d3b,164,Không có dự án con,
9c27a0a87d99f74c303041b051d93683,99e3f1f9e5fb4bdd200c608633eb10ff,41664e2df0db52cf764858fb461c1944,Jazz - FMG | Bossa Nova Guitar Jazz 2,
9ff4c7607bb089751b9eadb72fee3165,9c4eeb1a6675f3fed2de1941ffffc51f,130,MKT1 - NHẠC SẢN XUẤT,
758180374b89f37096102dee2356eeef,9c6557e251f003af1deba89724c571e1,e8916f64d72922046b8f6b86f77a00ee,Không có dự án con,
8b58e2f73d49629c72547f4273e9aa89,9cb358c4058bab28e3d05ed693f434d0,96,Deep House - 2 - MKT1,
972e12bdf84605cb8b894a42518c7386,9d4ae06fb2805863b9df7ca8b66b8ebf,130,Dream World - Scenic Relaxation 4K,
e06021beb852a4c6be2835a1a4eaa998,9d5196c6e2fabddbb01a36cac04ad80b,118,Không có dự án con,
d482041d899f7602dbc9d8f982621f27,9dbfcf28a4cd0423bba30176617e0c41,2d3d5bd85389756065711bc42206c5a9,Piano công năng | Soothing,
af39602a97ac6757f4118a6ef63b054a,9dfcb21e248b06616ba3137f5cb38333,149,Không có dự án con,
6e68f8c9bb75b6d566c2c36b25fbe7b7,9e73127ff34947f2b43b5165f614e2fd,94,Không có dự án con,
95b25c63049325acb6c42c664595cf90,9eb1bd19925d5c385d151a1d9c4acf65,130,CHUNG,
4ec7d639c3a8fd850d348d04f1b6123a,9edb9fb6e372897c31cfba8f14084f6c,123,Phúc Âm Có lời,
33a675da3f6281a439a1d878b4097276,a10109e36892d4ce101dbf019c2ce658,57df190165c1fca2d1ec44f75916dd2a,Không có dự án con,
2090fe64ca7688f3b3d240dde24bb308,a1222dd200a5d481b04f4cd8650598c0,20f0f85e5a3a9325e9c599e2687a02fa,Không có dự án con,
7dba0510c55a54fd2e9781d508844e2f,a3712089843a6c8851c4051396759247,41664e2df0db52cf764858fb461c1944,Jazz - FMG | Bossa Nova Guitar Jazz 3,
704774400f649d63d27bfdcfd0b81f60,a3cfbce36c3f2985fd0c6d493708225a,160,Không có dự án con,
6f38a6d4f3e3485c5f115dae09d2bd68,a44b5b34393bfc51605370be2d00613d,ec1dd8c1f99048044938b8fba2858178,Downtempo - MKT1 | Downtempo 1,
c92710555c7911648bcc96b428678a4b,a46593989de76528a4cfe88e66d7a210,46aa273839fd56b93ea6d6173e95bb53,Không có dự án con,
43eb650e537f7f1ad0a80513425e0eba,a519a47be6f7e96ba9983fa0a250b462,163db4ee937f5c5392ec08e6815ddbef,Phúc âm bật CID | Amazing Grace,
77a82ad1874e4aa3a07580a312dbfaa1,a69f35133dbe95166ecb0bc14ce0b20a,163,Reggae Cover - 1 | Rockabye,
302d1587dd924c4fbb4875e4fa065900,a76363bdf7853648b5bbe46feff282af,554e64f13710dacb0c5dc0bcfbfeb026,Không có dự án con,
eb8f2507f097ccb3a164c4415ff42e68,a7ed785c2dd17024dbcf34ebefc0ed6c,130,ĐỘC QUYỀN NET PHOENIX,
2290237af03d72ec1d152102a5d57265,a80a4d430b1ecff725ae73a3a5d4bb19,8e87abbaa7e70dbd53470200ebbc6e9b,Cinematic - MKT2 | Phiêu lưu,
404e1e9b88d4ab673bea68737ab1f445,a82e4ef6e7969e810d2a99cd672e2f40,0ccbc07ed5d0178efc7de7dcdcfd785f,Piano Relax - FMG | Thư giãn,
8a077f3045f18f946fd8a218e2f11790,a8b869c728ab4271d46db12aaa46d263,73457ee1f3db503b02eca90451439a62,Không có dự án con,
063dc1b4fd97633945ab59c1a8c6c5f4,a90f03b723cc8eaa74884db9f28f5c25,928558193d47334c685e0ff42132aa9a,Không có dự án con,
18de63c2d8b0a91d671efd0bb64e3724,aaa6ad165640761e4508dfb8c350e05c,41664e2df0db52cf764858fb461c1944,Jazz - FMG | Bossa Nova Jazz,
838b691e413b7b459364dda67a86d9a1,acd692bc5f4596436f960a79169c2a72,107,Giáng sinh Lofi Cover - Top Hits - 1,
7dc389a4c3d0869ccb697ec9184ebdb6,acfcd904703abbe603488be2e1335bb3,116,Lofi - MKT2,
d519733f0c7f16e280a38f79c89ce700,ad52dc0caaf866aa3dfcbbf1dfa61431,7fda48f67f4937f01516e713e8d39760,Không có dự án con,
a57557de91b0f88caeb36a1390c970cd,adb890c73a2b32805b5352232852cd17,358bcb552d568349e45403961251ce55,Không có dự án con,
1ec3a6bd97d4e2a1fbd8982e35e6e081,ae09f75759394a92c8a4d87eba736025,75,Không có dự án con,
c32c3f23e8f7e2b98792210a81d79b3c,aeacd2d0ae6f7aab87e75f31a8659745,155,Không có dự án con,
bf5d6bf620aceb064b7e044ac4a0b1f6,af95cfd0298f9916a50aac87a49fdb27,06bda73ef887c95030754eea9f31a757,Piano công năng | Ngủ,
fdb952e70aa8a0c65f7f382e3f579727,b0247ba319755f6a3e3aaa2a9deb248d,58c206ed536c406844931eac8cfd143d,Không có dự án con,
7c8f3ec2ca60b9b19cf3f67596ae2773,b03bbf0c6df6daa75fb563bc69bef781,96,Không có dự án con,
d7d40103fbb8883d1415cc8ee4c83391,b0c1e4a016dba0650909a905e6a07970,95,Không có dự án con,
ce2c9386948ab1da5bd461c0060f8300,b1f7ec616cb7adac5896a1050fe9db65,d15042c2646c2ae04e41ae17eddba471,Piano Relax - HG | Hàn Nhật sáng,
e239cd7efa5b01fd53c67972b52ba487,b3072510df706ed5dcb3c3e81db224bf,714c703fa5d83521bb04ffd94b7c2bb3,Lofi - MKT2 | Lofi Hiphop,
eb0ad1e63be35b4190174020eafffdbb,b3d54f60769ae5acb5e6712318a47e4c,111,Indie Pop AI MKT2,
70c3868639d5510fa503cd1dbf89bcdf,b4c05aa3dbde6ff06f2683557053686d,2b80db527f4b294edb86564b0e429810,Không có dự án con,
d27c335e3bae570810fa0aed96f98a45,b50824c18a381f843ad3e256ef6de6e4,4b7fa22625f65af1642fa6558236f368,Deep House Cover - 1 - FMG | Deep House,
91d627870fb23a917356f414f4baf0cc,b57743a92645e7d3c0ac4597c4d112d3,132,Thu mua,
b7a8eb3446eaba45a97f5f9374ca411d,b57dcb012d2d09e95db7d6f6a9bb767a,106,Giáng sinh Lofi Cover - Top Hits - 0,
221eeb09cda5622625b7776a2b0c2dda,b684bd6a5f74b36dea80c03ef3f4ab16,8a32c743bf6ada532a0a0785c5171177,Phúc âm - MKT2 | Tạo động lực,
6fdbfdcb19f0ecf160ae1e245fc9ea80,b6d0bb68ae37e9555c119d66840fc9f6,112,Slow Smooth Jazz,
be0c4203d91d2ce72adf1a12d068e2c4,b6dbcfe5af20a85082ce0d4ae0d0b185,4c12d2ebc6a52a396a75b13e66dd71bd,Không có dự án con,
e8aef6a7a279f43c28750c01aba18540,b6dd47fc6e7330aa1c98821cc1652d9d,128,Không có dự án con,
6fa27e1f8bba75ff853c8c6a177f9e14,b79ade0aeb12c8a8085ac9c63f981d12,91,Classical,
0a85a8b069a3719890fe4ac606364b7d,b861a372cb42742d351e553b4ba42785,93,Không có dự án con,
a187c712ad80a15bca5f5176f29bd5c9,b88009c3ae23d74039e44ea07a45b328,3ee4bb0f23c51736d4ef6144bd0960b4,Cinematic - BG | Châu Phi,
8c5b90a51b4fbc03c2e9ab5f8aaa38da,b920da067bb3bdc30d1ee55b91164a47,0b8b3984f964b57c6cd16936e3cf719a,Tropical House Cover - 1 - FMG | Tropical House 1,
b10b393e12ced2f795801029331e7ad9,b9aa1c50b3b80df8ff8cfff1b52e3a60,122,Không có dự án con,
7b4bf219de30ebd819cb54a470b6e605,ba7cfaa2b63c550128a5d3ad518c2ce9,968067e45d2ffda0de417a9659ef6e03,Không có dự án con,
c57afbe04036cf59f180efa618f1f1cb,bc0fe400a0d0e74ea1fbb363b1a331c9,132,SÓNG ÂM MUA KHÔNG ĐỘC QUYỀN,
b4c6ed8807bc99c865e27aba8db78541,bceb6dd23b8506314cfc966e48bb5ece,25d44036c699943b1fcdbe428e3dc141,Không có dự án con,
52fd280b03ca97b94e58d864bc58b255,be591ed311b797417b9f638e9997b3f5,e8916f64d72922046b8f6b86f77a00ee,Funk Hitkend,
e802e6f029c5cd71deb37237b3db3a31,bed77f71b0f552713721f34c587ab5b7,0d6d9f2579c7dd861cde8a4cdd4f0663,Sóng âm bật CID - MKT1 | Thiền,
3bcac984a72fd4fa67ad8dbb7ea64381,beea81abeb432c3569c59e20535f0571,103,EDM Cover,
c4eea6969cdab93d7901fa621e623cea,bfb34cf2bad89d03571ffaa17b17faf7,130,PIANO,
382f954f88ef2b75a75f0a6206409383,bfcb05a2bb86bfbe4950bfbaee7091e2,91,Classical - RedOne,
2799ba1bbf7c312efda9d55eeb602609,c05a7b7645444f6a82928d2996ef2b0c,127,R&B,
cb0cc2bc6a39861a715fba60324675b7,c06fcae184edd67b7675341d7ae2fe70,20f0f85e5a3a9325e9c599e2687a02fa,Nhạc Trung - 2 - MKT1 | Thanh xuân,
4d7e88356ffe379a067d6a3f82aa876f,c0937a321ee494b92847e54b1cbc0fba,265835f78e1bcfd141e73b1bcb002020,Không có dự án con,
594c31bae946bcbed0f5fdbcce6f7c3b,c0a3a39c8e7f3dbe0a6da93abe869412,91,Classical - MKT1,
33c64b1db8141cec94147531b2484a82,c18e8c362fb2ff1e8f06b00bb78ed057,112,Jazz - FMG,
23796c9b2e336a295f657badb6ecad7f,c31b7c8b91bff9ff267f4b144c92d3ad,163db4ee937f5c5392ec08e6815ddbef,Không có dự án con,
f11e3d77f6e738204f35a7e4f058c24b,c328c24c2a0c7bc00b4dfa6645908115,aee903417f1a5cce77e6b706471141f1,Không có dự án con,
c0240fe40bb44637f11be3126c70467f,c398df951a4153b9c8141b7e6a089dfe,94cbf45299c1ff766052a52d59f03f6a,Piano - MKT4 | Deep sleep,
fd2b1cc18049e274d9774effa63f398d,c3d2a7292ee334e7ceb7aa9eebbc5c21,89,Không có dự án con,
b6d2fba973755eb12e1e06555a5d1ddb,c4a53fc9345e4cfb5078ef88eeb7b6bc,130,Quy trình S,
817779d629b689da39836e18a63612cd,c4d051b7297afefaa1a79b90d636d427,114,Không có dự án con,
e5393f16e2f0d12ee08e8442f38f1952,c5d7b9b61ffdcddd62e6a1ad3ac19653,107,Giáng sinh Pop Cover - Public Domain,
9ab6b45ff65e37dce41be734cdd3cd2b,c666526ebcde54e291330353f896d559,41664e2df0db52cf764858fb461c1944,Jazz - FMG | Smooth Guitar Jazz,
6e936b7b40059dc39fb84166843e4e52,c6e1d0621cf52a7dc10b0cf9c9de9edb,139,Không có dự án con,
195843fe51a31a881f8792510fd63187,c7c1e3e4e68c926adfd435a0f9365a0c,7690e00b2ed6eb5e4f0af9341c5bb1ce,Guitar bật CID | Meditation,
4589cc71013b60291351927a1fc269ab,c7c5089f5386ff730da29bfcdb3d0333,96,Deep house,
2b9430620770f66db002cbbc1b06079a,c7dacac15ed58a3fe119d7c8782cf13c,130,Mua độc quyền phát hành,
412f37f91ee9e5739c296a3d790ff67a,c7f44ecbef924356e7e9cf0a8375af18,0ccbc07ed5d0178efc7de7dcdcfd785f,Piano Relax - FMG | Ngủ,
c459366bd8d888c35de117dda490701b,c81a4b3f2ac1ded035d11d049d65c6b6,593258ed278518150ff051df0e8f4f92,Không có dự án con,
d2b925292ea81bc6a883abc3ec808e83,c85959fcf73d7bf1c3486bb49487f15c,116,Không có dự án con,
02b50ac22e5264751b1562fc58527d12,c8810eedbd3e93a543ec007365ce8aa7,107,Không có dự án con,
10d1a64c95f77c01b73267b610ea36c1,c892750621fe223d244a54acd545ca0e,123,Không có dự án con,
b497c61dcff568ccaf75430ec0c8852d,c9636d9ed9cf54be92ddfc0ebf3d6a31,133,Không có dự án con,
369f5acfbca6ff7ff7026a0527b2be13,cb5ce205f6adbc7d274eab673b791e53,96,Deep House - MKT2,
5312de0b7282ef8c407746b436f9e86a,cbec94d670a29ae716fbb8b5052ba766,96,Deep House - Dự Án Anh Hào,
d99f8b49e6156ddfc0884d7ece7ba42f,cc1c0cc982299e6deea8e8fbe75c75c4,06bda73ef887c95030754eea9f31a757,Piano công năng | Soothing,
121361f49703059ce57ed6ef7e040897,ccae6211c69056daeb3ae997f131f862,94cbf45299c1ff766052a52d59f03f6a,Piano - MKT4 | Music & rain,
780f418ce9df3f48da138768f3f6e58c,ccd474ca2b8ceb967abc6d7e8b46020c,81,Không có dự án con,
c34c709b0e5bb0d4c452af8299a6d6fd,cd16cbdb94572059c183e2d73c65ec8b,130,Sound thiên nhiên,
12bea31e7be4242939ed5c64582af5c8,cd680c8f9c5d8d714f095a06aed4eb8e,28856e1e1693096616c7fa69ef73d020,Không có dự án con,
3a7ca41825e146685249a2146d50c21f,ce03f8693332c73318d10525f0d24ecd,82,Không có dự án con,
f534bca51deaa3a8b5212ecdc8270323,cec93b0da204090d145a7bf9f2fe80de,162,Không có dự án con,
111c177e7c58f61eb254fa89cd280183,cef6587c62c5eff8b54c3afdf41254f3,3ec24579000cf90287f495053137f9a6,Deep House - 2 - MKT2 | Deep House Summer,
d19e917add310c321a08d76672968489,cf5438c9140ea18b7a12358933095ce8,928558193d47334c685e0ff42132aa9a,Sóng Âm,
0edd7892a907057189ae5022f92e9a70,cf82e6951592983c4dbf67b9fd534e60,150,Không có dự án con,
2f1e85e5ffcb2d394474c8844c9f8ccc,d1fa3756e297223de10c399ab607216a,112,Jazz,
96d8d01d1af54c2b8b5e61911a7a7908,d26593a991267e0de4297ed4c6c0723e,78,Không có dự án con,
3ca947af36f0e62d8cd519acafa9b95f,d421c67a3c54af731c8c8aa556faed6c,94cbf45299c1ff766052a52d59f03f6a,Không có dự án con,
22ec7fe4d9afc6ad97ce8aa365804f68,d42d7b3fa588b90b3e8ca86e8d32ab35,f9e5b25b21afad1ce93d459de9486a1c,Không có dự án con,
711a347be8bbf12a369238d6b54ed775,d440e0050e8585bbcc2f303575222053,222272caa193ac1a38e10deed2ea5722,Sóng âm - MKT2 | Thư giãn,
1cfd194767434781537bd5066960189d,d4a0bcb8c6b26210b238d09c529d1bd6,593258ed278518150ff051df0e8f4f92,Phúc Âm (có lời) - 2 - MKT2 | Phúc âm,
cdba8e2d1d837f689e9acdb77e91ced3,d4a8681a00b160e6ce8cb44c252747f4,111,Không có dự án con,
fefbf76955636b785fc45e2050528265,d584e39df76e55e95a12f676f4bce15d,544367942d42ae4393c744a508ad3b17,Classical - MKT1 | Song tấu Piano - Cello,
480f07af7f0f4e615274bf68f544b9e2,d646cca6d15ed0ffa550ebf846b37c02,8e87abbaa7e70dbd53470200ebbc6e9b,Cinematic - MKT2 | Piano cảm xúc,
043e5f563016fffa2b7e0c2ed39ed1f6,d66ccdfb8ec62cc24b853deb059357de,58c206ed536c406844931eac8cfd143d,House bật CID | Summer Love,
34b5470d7d0ce015476ec486d7af8d37,d6f0607b97a7263f4ba95a6603b9082b,130,Giáng sinh Relax Cover - Public Domain,
ca35a7de7872de71ca802eabd2387993,d703db6518da3cabb8fd61b26931334d,544367942d42ae4393c744a508ad3b17,Classical - MKT1 | Song tấu Piano - Violin,
6205714129607424d3ba34c0149d288a,d7a82f3c8082491b0c98fd8556e5fcdf,2b80db527f4b294edb86564b0e429810,Piano bật CID - MKT1 | Hàn Nhật sáng,
f4da968a29a291f5fbe1cb98620f6e4e,d8b346195c3b21d2af08d4b61fdff6a6,109,Guitar Original,
bb7a0b5460d09aba593f2217f621a356,da8c98ab3a82d521b4c3cf501904f52f,131,Không có dự án con,
3e09ca1e7354185dc5f42687948dd8ef,dae0110786186fb522ba3f4594db5c0c,41664e2df0db52cf764858fb461c1944,Jazz - FMG | Bossa Nova Guitar Jazz 1,
dd2f6052520ab111114a3314f90ab459,db5b53cba3d31d8b2e76b9ac5b7e512f,132,1.1.4.1. Sóng âm - KHO CHUNG Tài nguyên công ty,
20f3f747838143a0bfdf00f2ad6e3736,de3763b88bf02b60b08207e285ad3774,06bda73ef887c95030754eea9f31a757,Piano công năng | Sad Piano (Hàn Nhật),
f4063493f97ef581c24d1b60185c65ee,de767ad1d1db8dfe6db486fc319dd9e2,130,Piano Relaxing,
da9072828e8d33106a14d121a9e446bf,de798bcf2e30a763a96e3e93de3e4b14,130,1.1.2.1. RELAX PIANO - KHO CHUNG,
d39dfc7a5b64411928a539b23aaf073b,de80aff58b4a220512226f8f7a220ff4,158,Không có dự án con,
4d0899ba7f8874669a0061e45aee1875,dec7e6ab2dd4b596bd8d07411ca66585,ec4c61f363f3d874ccdf9cec5c199e17,Không có dự án con,
1735acbbc531a9b48144f3610c41632f,dfe1c9057dafed9defbb2ca9deafc62a,98,Không có dự án con,
4923b73c12907278cabaf6afed5671db,e01f986dabd980c54085455e70dbace7,f6282883638392bcbdd763c1a4290951,Không có dự án con,
ac80b85b1a00b2ebe6f1e08dd60d74eb,e0fc4744bfbc4bb14358374016014b88,140,Jazz House | Day Night Jazz House,
3a11255ff901dca131e189ec9238223e,e192cd94242ffb5ae59fb07c538326ab,f28c2527595bf6c93218c361b3ccc261,Không có dự án con,
67f1516025ee6b8665af59fdb527e2b0,e1da4f552a4cad3d304f1469cb039cd4,107,Giáng sinh Relax Cover - Public Domain,
1b9de162f79558b6efa901dc84a5c4d0,e27c3340cb2acb95fd69b18cb9eb0f1d,104,Không có dự án con,
9d34e3229959efc6a07bfc41b0a91a08,e35ba9cb4ef8f021b4b13c4adf6f346a,615a8f57c3862d2f7c01eefb2926cffd,Om Healing - Label | Thiền (có nhạc),
e7ccc4140136403deb3232833876c76b,e3cc1efd0ac9bc3b12afff86797f95a3,2d3d5bd85389756065711bc42206c5a9,Không có dự án con,
4d4811cc83990c94647b3f483ced74e8,e3facedf5fae83c0ef0538d6cf4ca90f,4b7fa22625f65af1642fa6558236f368,Deep House Cover - 1 - FMG | Stereo Love,
5ec903836ac69a7cd3450a587b5bb7ee,e415fb00c932e2e878172257c82d482a,508da0af802a17ee38dcea24714f7fb7,Sóng âm bật CID | Thiền,
7a0465e181a475f80a55ffba40774f18,e4c5a2799ca750b3921a30e897e7c90e,f9e5b25b21afad1ce93d459de9486a1c,Classical bật CID - MKT1 | Neo Classical,
a4e2dd9185196cff6ed0e61c05689438,e6e45fc4298bd6a92517ff6dabb25e89,5138a1ea0ba06df52d92dcdab9c79dd5,Jazz bật CID | Smooth Jazz,
b9c27256913b5da86d1172e397a67fe1,e701ce4ba9c5c7459dc65512d2a59e50,86f65b42f95073395d4368f94d83490d,Không có dự án con,
a9dfb7a2f9a0e2ff896c6229c9f0bacc,e772a15348c906cc50546d15c5ab661e,714c703fa5d83521bb04ffd94b7c2bb3,Không có dự án con,
b5b5fbe2ceaecea3346c35aeff51c464,e772a6b73b1685249679ffe0f860f8b1,c7b5338e41a53d8f676f6976a23028a3,Không có dự án con,
91d4ba25952fbc95aa7d030b64a64c52,e7bd483ab473c98ddeafc616c0aeae2c,126,Không có dự án con,
f0501d94d71e1be664c293df1d490930,e8e13bdfac9b72d6433423789039f2a7,25d44036c699943b1fcdbe428e3dc141,Jazz - MKT4 | Morning Swing Jazz,
1bc90d0958f932f5ab1725ad89ec5e6d,e9428103b52c7c14beabe9e2caa93a41,91,Classical Relaxing,
903fbefe95ebe402a1e87d9c38952477,e95dfcc0b2bcbc5d427f103f823fc656,11ff93f461304d9d9a60f85d6323513f,Deep House - MKT2 | Chillout,
df97ed60765e2443e70b33f2a3d4e431,eaa919e8ca866cd21f39f4bf5839910f,145,Không có dự án con,
5e04bad075d3d3967445bb82fa1409f2,eb17a0245ba1ef0c436581389938e7e0,41664e2df0db52cf764858fb461c1944,Jazz - FMG | Smooth Ballad Jazz 2,
ed74bfad3abc5ad259b9e7995540a031,eb54e92fe4c9ba3871512b9ac02158ef,7690e00b2ed6eb5e4f0af9341c5bb1ce,Không có dự án con,
8cf8bd3dbbbebb7d18b70e71eba95bc5,eb57b8f7c95275584620a9f389de804b,24d6fdace1a1526399746a99758cad82,Afro House Hitkend,
4dab564047dc7c17254051c8d20fb863,eb7b96d1d1f3f55641a03b5c2adcf9e7,115,Không có dự án con,
d5748e934931748c2525ff7657c8b4fd,eb92126cdd87866ab3028e85a7f00822,132,Audiojungle - MKT1 - Sáo Tây Tạng Tài nguyên công ty,
28ae65a8a68c8140eb5c30aa2e70e8c0,ebae7f14cd0139309bf184498922cf3b,132,Không có dự án con,
a08a80e69af55eb71c5ebe59e2cc9f5e,ebbc1b85a32e717f61fa548d575dd632,41664e2df0db52cf764858fb461c1944,Jazz - FMG | Bossa Nova Guitar Jazz 4,
a15574a9d69a72fa41d9de7e712882b4,ebcecb38f81030718cd4398b99898846,615a8f57c3862d2f7c01eefb2926cffd,Om Healing - Label | Ngủ (chuông only),
be911346b9cb8584c2041cc105ce1b49,ec52a74740d4ff5e2b86960af94fb1e8,107,Giáng Sinh Pop - 2 - MKT2,
e78efe4c6408f4029b6d6d808543339a,ec54ec499d34730ecd56c52ae1e19659,5c19578f5d20c44df579816e806e6014,Không có dự án con,
871aa917ebbdb112dd39019682e5cd99,ed83380ed16f04ed21b32b67db34d285,130,Piano Bật CID (Hàn Nhật),
cf8cad0a9654b4cc698198f93279890d,eda779676a7d9aa5b3f645f2a5d72cc4,88,Acoustic Cover,
b80d8c75dab4255ee5e3b3ab11caa9e5,f00292a65e150634c480c77449198601,132,Sóng âm Red One,
2f91ccf9f31754b3949a2aa1736a6bf0,f0eeca85a1c4c101962841187b2db9d2,91,Classical - 2 - RedOne,
0b53eb6bfd6017bd78799b4154ae7b53,f216eba3a62ce8deae8aee064eca8c21,fc86720e32bcf9a8b055fe2ecae8fc99,Piano - MKT2 | Vui - Âu,
d33b9928402a04ccc8799a046453c5b7,f2ed24591f46c991ef7aac30e6715725,3ee4bb0f23c51736d4ef6144bd0960b4,Không có dự án con,
49fb54a5e8c4cdd837b8c92bf4d40a4d,f30a2276f6a8bb838831e68dd7699209,108,Không có dự án con,
4dd22b523cb141bff41ad2b9b906fee5,f37446666cf4eaa9556d8e4594350d14,108,Guitar Cover,
1c3a480a4e90512ed9a9ca2ebcc0f9d3,f386b3536a0487f56fb448d0002bc068,130,Sóng âm,
166408ed9a0139abc587b6c9e4e38beb,f4142fb5bb46a40f24a13d500f4c42e7,140,Jazz House | Groovy Jazz House,
59df5ebab6cf71451ffd4ac56e4ea14d,f4c9415c28371e06f444b42156b574ba,98,Deep House Cover - 1 - FMG,
db5028bb22bfda608ee981a415b00ab3,f5239dac8aaff4b0a121ca54876ac185,157,Không có dự án con,
42467999983329683d8678b22964cbc4,f56329e7dbf204ccd048ace543923a7d,135,Không có dự án con,
6649d9e029f2986577b06683795c846f,f963ff5497f27ac95bb675c026e5b135,f28c2527595bf6c93218c361b3ccc261,Guitar - MKT2 | Sáng tạo 1,
84aa5c2c16b0a1ad0f3d9e2735bc522f,f9b8516fdd65a60c4be4b83ae8958538,399512b3e9e70d983aa07c79916df713,Classical Độc Tấu - HG | Song tấu Piano - Violin,
32e8e8f1c35e4069edd997a519c92562,f9c7423a72859e61bb7723ebc7d3868c,97,Deep House Cover - 0 - FMG,
46ef01f38a91a0f3f04f18b54c0862a1,fa1510d1c7e5de337ecabb45fe221511,0ccbc07ed5d0178efc7de7dcdcfd785f,Không có dự án con,
f3e2440f16b51b66bc6a4b4a3785e80f,fa8572b0ab56b749dc84f01038df7532,3ec24579000cf90287f495053137f9a6,Không có dự án con,
6cbca3bc0620a64a71e5050e931e4b8c,faefc21b949bfb6c368cc7ac257a346a,2ca63cddd54f9490efad22421891a9d1,House,
ab8d82e88c4b6d1894772cb39decf72b,fba459104c8674ae5623069604493fdf,130,1.1.2.2. RELAX PIANO - ĐỘC QUYỀN FM,
e7455fbccb0012123c13abbe941a35f5,fbbcc7943867b53b925136ca4a91df36,84,Không có dự án con,
02cab7fdc17d18f7c2db282efed358fd,fbc72fa768ac11a1b8c23fba856a1774,11ff93f461304d9d9a60f85d6323513f,Không có dự án con,
90d9826571324c22422a2aacd9a395d8,fcf1586c58027bd0a9a1fcceab4e1c1e,24d6fdace1a1526399746a99758cad82,Không có dự án con,
b56edde62e8f5984a791b04d22180212,fcfa2d1f5aa68b2ad62d0f3eb4b67a34,102,Không có dự án con,
cbfb8bc86b0faec3dfd5589480ae751a,fd083c9663bf0d55e81a2480fe62ff78,76,Không có dự án con,
ba28f6c34ed419bb5fa5c391ded9b9e8,fd3d859f32387cb6791d2d914e0cd749,92,Country Cover,
d0414885620aedec183726de2d7c44c7,fe4d9ebb29e6a9f32259e4950dc4611d,130,Relaxing Melody,
8efaca9ea5ef598f15d422288fded5a0,fe78b8f837ed04efdf9d4e2599286f0c,89,Afrotech Cover - 1 | Sunset,
42f9d3ca9d8dd487b5f6cc84165f59b7,feba7ba8d35d69c76413f20d0c3c504d,130,Piano Relax Thu Mua MKT4,
