Id,Name,CompanyId,ParentDepartmentId,DepartmentLevelId,CreatedTimeUtc,UpdatedTimeUtc,CreatedByUserId,UpdatedByUserId,IsDeleted,DeletedTimeUtc,DeletedByUserId,AvatarId,Path,_source_id,_source_connection,_batch_id,_loaded_at
03e2e302-95bf-4949-aa09-c96a3109ba11,HCNS,448025a0-0ff7-4ed0-a917-399a73decef2,,48dabc74-4901-457a-a84b-a7fd87e1cdf7,2025-10-24 02:50:01.603464-07,2025-10-24 02:50:01.633121-07,86e0f3f2-3c06-4902-bfea-2360bfe41b9a,86e0f3f2-3c06-4902-bfea-2360bfe41b9a,f,,,d727eb7e-b275-467d-9ed8-51319ac6a99f,/03e2e302-95bf-4949-aa09-c96a3109ba11,department,channel_organization,,
042c02a6-9655-4007-9644-c4baf405f26c,Team Tuyên,448025a0-0ff7-4ed0-a917-399a73decef2,d1d7dd24-7524-4ef5-ab9d-e14db6926186,f70621dd-c974-4cee-b12f-786cc14f548e,2025-04-28 22:51:00.122034-07,2026-03-10 08:49:53.685252-07,358dceb1-c1b0-46b9-a24f-c1b6a7fdb2dd,4ff18538-9423-48a5-bcab-1c3032c1cb27,f,,,86959111-3b2c-4568-ae2b-06bd6abe1798,/d1d7dd24-7524-4ef5-ab9d-e14db6926186/042c02a6-9655-4007-9644-c4baf405f26c,department,channel_organization,,
04fcb77f-0ae2-4e66-b08b-74b5d59599ce,Vận Hành,448025a0-0ff7-4ed0-a917-399a73decef2,45520993-f51a-4995-a455-758e938357c8,5b560254-d512-422c-8660-5bc61d7a9d08,2025-05-05 19:15:40.653166-07,2025-05-05 19:15:40.66572-07,358dceb1-c1b0-46b9-a24f-c1b6a7fdb2dd,358dceb1-c1b0-46b9-a24f-c1b6a7fdb2dd,f,,,f7eef742-15c2-4208-bc17-a8f9d8b22306,/45520993-f51a-4995-a455-758e938357c8/04fcb77f-0ae2-4e66-b08b-74b5d59599ce,department,channel_organization,,
053d8c01-c452-435f-a588-1c0437bcbf20,Design HCM,448025a0-0ff7-4ed0-a917-399a73decef2,bb4899fe-64d8-456d-8179-a0ac6826576d,,2025-05-04 00:14:34.685202-07,2025-05-04 00:14:34.693286-07,358dceb1-c1b0-46b9-a24f-c1b6a7fdb2dd,358dceb1-c1b0-46b9-a24f-c1b6a7fdb2dd,t,2026-06-11 00:57:34.26783-07,6a34ddae-be72-471a-ad45-7e226c3a141f,bba85f2e-278b-4628-98e4-71fc0ae21b2e,/ae0b1e4f-25ee-477b-9b8f-d8e66f1c1b95/bb4899fe-64d8-456d-8179-a0ac6826576d/053d8c01-c452-435f-a588-1c0437bcbf20,department,channel_organization,,
05c03a23-1a79-4eea-94ca-f8b2050d8011,MKT CS2,448025a0-0ff7-4ed0-a917-399a73decef2,df0289df-7bb3-43f0-b481-4dba85185c7b,4b9094f1-1965-41b0-8891-eff97ef77f27,2026-03-10 08:58:56.603685-07,2026-03-10 08:58:56.612852-07,4ff18538-9423-48a5-bcab-1c3032c1cb27,4ff18538-9423-48a5-bcab-1c3032c1cb27,f,,,c4a2f936-a4f3-42b5-9e83-08abf9f65232,/df0289df-7bb3-43f0-b481-4dba85185c7b/05c03a23-1a79-4eea-94ca-f8b2050d8011,department,channel_organization,,
0715b88f-10ae-438e-91f5-96e5af25bd59,Phòng 4 - Vinh,36310203-8005-41dc-b51e-a8dc52960496,50e48bdc-d571-44ce-ba1b-f7e320a14550,,2025-12-16 19:13:27.57027-08,2026-04-28 03:41:20.845255-07,43f06182-5eb3-4c65-a524-f723cf7ebfe9,a49192c4-8bb3-4976-a588-82de978a882e,t,2026-05-10 20:33:45.278304-07,a49192c4-8bb3-4976-a588-82de978a882e,142b842d-780c-47a9-8d86-91c4b0d19839,/50e48bdc-d571-44ce-ba1b-f7e320a14550/0715b88f-10ae-438e-91f5-96e5af25bd59,department,channel_organization,,
07979f53-4553-4c00-82e6-a9db73c48e95,Xuân Nam,36310203-8005-41dc-b51e-a8dc52960496,2fa0edad-c5fa-4a66-a1b4-d0b3ed356463,f36f0403-6387-448a-8f86-a71237d712e3,2025-12-16 18:55:19.234391-08,2025-12-16 18:55:19.245356-08,43f06182-5eb3-4c65-a524-f723cf7ebfe9,43f06182-5eb3-4c65-a524-f723cf7ebfe9,f,,,9a104ec3-8ee5-431f-97ab-defa9c5d8823,/2fa0edad-c5fa-4a66-a1b4-d0b3ed356463/07979f53-4553-4c00-82e6-a9db73c48e95,department,channel_organization,,
0bec67c9-0f68-4908-8d67-063d1cb81d41,Hải Nam,448025a0-0ff7-4ed0-a917-399a73decef2,49ae97b3-3281-4aba-9b9b-faf826ed134a,b4a3d0ff-b3d2-48e9-a261-7876bda5a527,2025-04-29 03:08:33.198269-07,2026-03-10 08:51:18.891355-07,358dceb1-c1b0-46b9-a24f-c1b6a7fdb2dd,4ff18538-9423-48a5-bcab-1c3032c1cb27,f,,,ea035d6b-daff-45b2-92ad-cc005dd4e45d,/d1d7dd24-7524-4ef5-ab9d-e14db6926186/49ae97b3-3281-4aba-9b9b-faf826ed134a/0bec67c9-0f68-4908-8d67-063d1cb81d41,department,channel_organization,,
0c31e36c-dd9c-4eb0-afa3-0d408f2e3d2d,Kế toán & Pháp chế,448025a0-0ff7-4ed0-a917-399a73decef2,,fa2f726a-b93e-4e53-bebe-c572d70609fc,2025-07-04 20:52:23.66371-07,2025-11-04 23:04:40.370884-08,86e0f3f2-3c06-4902-bfea-2360bfe41b9a,86e0f3f2-3c06-4902-bfea-2360bfe41b9a,f,,,4760b135-0d89-4317-b8a1-5c0d8a45351e,/0c31e36c-dd9c-4eb0-afa3-0d408f2e3d2d,department,channel_organization,,
1057551e-372d-4409-a4ed-b998a86e48d6,Vận Hành 3,448025a0-0ff7-4ed0-a917-399a73decef2,04fcb77f-0ae2-4e66-b08b-74b5d59599ce,f8fb0564-dc42-4c66-a932-4b436b3e42bd,2025-05-05 19:20:54.951362-07,2025-05-05 19:20:54.958112-07,358dceb1-c1b0-46b9-a24f-c1b6a7fdb2dd,358dceb1-c1b0-46b9-a24f-c1b6a7fdb2dd,f,,,071891b4-faaf-4791-a926-1e905ac12a8f,/45520993-f51a-4995-a455-758e938357c8/04fcb77f-0ae2-4e66-b08b-74b5d59599ce/1057551e-372d-4409-a4ed-b998a86e48d6,department,channel_organization,,
10903d6a-e779-4433-b069-5292e8828f76,MKT 4,448025a0-0ff7-4ed0-a917-399a73decef2,,4f3ed45e-e66f-4e8b-b19e-cb9ac194f087,2026-08-17 00:13:26.071912-07,2026-08-17 00:13:26.092712-07,4ff18538-9423-48a5-bcab-1c3032c1cb27,4ff18538-9423-48a5-bcab-1c3032c1cb27,f,,,99232d28-dedd-47b4-b4b1-5625cda4efef,/10903d6a-e779-4433-b069-5292e8828f76,department,channel_organization,,
130b5cf5-68c3-4fa9-ae6f-1f4a8cc1ac2c,MKT Dương,448025a0-0ff7-4ed0-a917-399a73decef2,8573f10f-cfd0-499b-accd-13282939232c,,2025-05-04 00:15:37.180697-07,2025-05-04 00:15:37.188956-07,358dceb1-c1b0-46b9-a24f-c1b6a7fdb2dd,358dceb1-c1b0-46b9-a24f-c1b6a7fdb2dd,t,2025-05-15 03:11:36.638066-07,358dceb1-c1b0-46b9-a24f-c1b6a7fdb2dd,2882a7bf-1bed-4541-a8de-0e867d8856cd,/ae0b1e4f-25ee-477b-9b8f-d8e66f1c1b95/52c10476-77f5-4b2e-b658-4e02ea6ff626/8573f10f-cfd0-499b-accd-13282939232c/130b5cf5-68c3-4fa9-ae6f-1f4a8cc1ac2c,department,channel_organization,,
17430664-187a-4a46-a438-2735b991dd2f,Phòng 4 - HN,36310203-8005-41dc-b51e-a8dc52960496,caa3a739-cb80-43af-8a90-b8604231cb9d,54c0fc82-9a68-4cd4-8903-c2e3604eb84b,2026-05-04 01:35:11.430178-07,2026-05-04 01:35:11.439229-07,a49192c4-8bb3-4976-a588-82de978a882e,a49192c4-8bb3-4976-a588-82de978a882e,f,,,f62febed-c995-407e-b40d-113b1ab699b5,/caa3a739-cb80-43af-8a90-b8604231cb9d/17430664-187a-4a46-a438-2735b991dd2f,department,channel_organization,,
17598af1-566b-4f88-8a8d-97b4d1803bf8,Nguyễn Đức Độ,448025a0-0ff7-4ed0-a917-399a73decef2,87f2e419-9626-4127-b486-22ebd796ecf4,59684fd7-d32c-4523-86d4-68b03a4630cc,2026-03-10 09:03:36.110746-07,2026-03-10 09:03:36.120072-07,4ff18538-9423-48a5-bcab-1c3032c1cb27,4ff18538-9423-48a5-bcab-1c3032c1cb27,f,,,d7e08d95-8798-4803-a54c-0c78a32de39e,/953df40d-e9ff-42e4-9ae3-6c1a8b149921/87f2e419-9626-4127-b486-22ebd796ecf4/17598af1-566b-4f88-8a8d-97b4d1803bf8,department,channel_organization,,
17b8720b-faf2-4e03-b57b-5dd7e8b0ad07,Dự án H,448025a0-0ff7-4ed0-a917-399a73decef2,1eb79db1-9a46-414f-b98a-8161bc212813,fe796f6f-3a03-421e-9858-21b9fee86a8b,2026-03-25 20:04:14.308845-07,2026-05-06 18:46:10.186493-07,d54d395f-d027-40fb-a19c-723d01f6a380,2cd51d46-fd75-4248-bcbe-1641ada95366,f,,,4c3f7b54-d148-498b-bb17-c42bf2554dd9,/1eb79db1-9a46-414f-b98a-8161bc212813/17b8720b-faf2-4e03-b57b-5dd7e8b0ad07,department,channel_organization,,
1d265df6-18c3-4078-8199-ea87ffb12737,MKT Label,448025a0-0ff7-4ed0-a917-399a73decef2,,c39db8c5-394e-4f76-8246-cb151c8f0aa6,2025-08-18 19:16:19.242747-07,2025-08-18 19:39:13.581146-07,86e0f3f2-3c06-4902-bfea-2360bfe41b9a,86e0f3f2-3c06-4902-bfea-2360bfe41b9a,f,,,3a091e6a-8c65-4f38-9b0a-abe6a783ced7,/1d265df6-18c3-4078-8199-ea87ffb12737,department,channel_organization,,
1eb79db1-9a46-414f-b98a-8161bc212813,DH10,448025a0-0ff7-4ed0-a917-399a73decef2,,56183d69-f958-410e-a837-28af23055154,2026-03-25 20:01:51.36242-07,2026-05-06 18:46:44.323617-07,d54d395f-d027-40fb-a19c-723d01f6a380,2cd51d46-fd75-4248-bcbe-1641ada95366,f,,,42b2f67f-2329-400e-b98b-c8b9a157550f,/1eb79db1-9a46-414f-b98a-8161bc212813,department,channel_organization,,
2041f929-23a3-46e5-a83b-4f2315ee8970,Tuấn 2K,448025a0-0ff7-4ed0-a917-399a73decef2,4b0353f5-de37-4217-b0bc-c7cb98613fe8,78ed7adf-525b-41d7-a03e-bec99bfa7bc3,2025-05-01 20:58:45.86563-07,2026-03-10 08:50:37.61874-07,358dceb1-c1b0-46b9-a24f-c1b6a7fdb2dd,4ff18538-9423-48a5-bcab-1c3032c1cb27,f,,,1997c96f-abbc-4f6a-a030-08bb012ba1d7,/d1d7dd24-7524-4ef5-ab9d-e14db6926186/4b0353f5-de37-4217-b0bc-c7cb98613fe8/2041f929-23a3-46e5-a83b-4f2315ee8970,department,channel_organization,,
caa3a739-cb80-43af-8a90-b8604231cb9d,VPHN,36310203-8005-41dc-b51e-a8dc52960496,,8fdf4ee0-498a-4c36-b0b9-c925ea3de82f,2026-05-03 23:48:59.454263-07,2026-05-03 23:48:59.470416-07,a49192c4-8bb3-4976-a588-82de978a882e,a49192c4-8bb3-4976-a588-82de978a882e,f,,,750b3199-f2e7-459f-8a41-c66538f29d68,/caa3a739-cb80-43af-8a90-b8604231cb9d,department,channel_organization,,
2790d21b-49c0-4111-a462-a281127061ef,Vũ Đình Hội,448025a0-0ff7-4ed0-a917-399a73decef2,05c03a23-1a79-4eea-94ca-f8b2050d8011,1d6bced8-be76-41d9-b79d-4bda80f10284,2026-07-30 20:05:30.571939-07,2026-07-30 20:05:30.582491-07,4cc9d7bf-fc7a-4381-a611-35b43914459f,4cc9d7bf-fc7a-4381-a611-35b43914459f,f,,,5d37bee6-3714-46bd-a952-2434f9a84f47,/df0289df-7bb3-43f0-b481-4dba85185c7b/05c03a23-1a79-4eea-94ca-f8b2050d8011/2790d21b-49c0-4111-a462-a281127061ef,department,channel_organization,,
28fcd5f5-0688-42e3-a6a2-7a136c89ef40,Quan Đức,36310203-8005-41dc-b51e-a8dc52960496,2fa0edad-c5fa-4a66-a1b4-d0b3ed356463,3ec86c12-d2b9-4933-a754-8043a6763534,2025-12-16 18:55:32.971217-08,2025-12-16 18:55:32.979419-08,43f06182-5eb3-4c65-a524-f723cf7ebfe9,43f06182-5eb3-4c65-a524-f723cf7ebfe9,f,,,1a6bda78-66b4-4247-b634-9db0ea828298,/2fa0edad-c5fa-4a66-a1b4-d0b3ed356463/28fcd5f5-0688-42e3-a6a2-7a136c89ef40,department,channel_organization,,
2c13dbb6-24fc-43bf-aea6-3f031e79a9fe,Streetfood,448025a0-0ff7-4ed0-a917-399a73decef2,45c96950-5d6e-47e1-a751-44f70d2f6b91,,2025-05-04 00:16:42.642739-07,2025-05-04 00:16:42.649658-07,358dceb1-c1b0-46b9-a24f-c1b6a7fdb2dd,358dceb1-c1b0-46b9-a24f-c1b6a7fdb2dd,t,2025-05-15 03:01:07.17256-07,358dceb1-c1b0-46b9-a24f-c1b6a7fdb2dd,cef8470d-de2d-4460-890d-74f722b8b5ef,/ae0b1e4f-25ee-477b-9b8f-d8e66f1c1b95/52c10476-77f5-4b2e-b658-4e02ea6ff626/45c96950-5d6e-47e1-a751-44f70d2f6b91/2c13dbb6-24fc-43bf-aea6-3f031e79a9fe,department,channel_organization,,
2f55d8a6-1e8c-4b18-912c-e287c69a2796,Huyền Trang,36310203-8005-41dc-b51e-a8dc52960496,50e48bdc-d571-44ce-ba1b-f7e320a14550,,2025-12-16 19:04:02.299672-08,2025-12-16 19:04:02.304619-08,43f06182-5eb3-4c65-a524-f723cf7ebfe9,43f06182-5eb3-4c65-a524-f723cf7ebfe9,t,2026-06-03 01:18:48.358663-07,a49192c4-8bb3-4976-a588-82de978a882e,4ff43ea7-8268-4894-b14e-85739d2ec26a,/50e48bdc-d571-44ce-ba1b-f7e320a14550/2f55d8a6-1e8c-4b18-912c-e287c69a2796,department,channel_organization,,
2fa0edad-c5fa-4a66-a1b4-d0b3ed356463,Tuấn Dũng,36310203-8005-41dc-b51e-a8dc52960496,,9abc0987-ac20-40ed-9e04-ddde1e15c3e3,2025-12-16 18:55:09.377425-08,2025-12-16 19:05:01.285051-08,43f06182-5eb3-4c65-a524-f723cf7ebfe9,43f06182-5eb3-4c65-a524-f723cf7ebfe9,f,,,d886022a-3b77-412a-9342-2fd9f01ae645,/2fa0edad-c5fa-4a66-a1b4-d0b3ed356463,department,channel_organization,,
32355099-e016-499a-8f28-f76370daa22b,Team Huy,c0b92fe8-a4af-4d8b-966e-1ba531c67325,,,2026-03-25 01:08:37.361107-07,2026-03-25 01:08:37.368607-07,2cd51d46-fd75-4248-bcbe-1641ada95366,2cd51d46-fd75-4248-bcbe-1641ada95366,t,2026-06-09 19:47:26.443916-07,2cd51d46-fd75-4248-bcbe-1641ada95366,607bb948-ee6c-490a-9fbf-a1e89186163c,/32355099-e016-499a-8f28-f76370daa22b,department,channel_organization,,
32f0005c-ae67-429d-a952-7c6cde1fa5a0,Nguyễn Hải Nam,448025a0-0ff7-4ed0-a917-399a73decef2,807f25e9-597c-4f74-819f-2dad99c830eb,48b194b2-44ab-4fea-a2a1-63fbb5f62282,2026-03-17 23:43:49.086156-07,2026-03-17 23:43:49.127982-07,3a9ff8c5-8923-4d19-a09e-2c8d79cc7c6f,3a9ff8c5-8923-4d19-a09e-2c8d79cc7c6f,f,,,e55c174d-7336-431f-9675-a3bb97d3cc81,/df0289df-7bb3-43f0-b481-4dba85185c7b/807f25e9-597c-4f74-819f-2dad99c830eb/32f0005c-ae67-429d-a952-7c6cde1fa5a0,department,channel_organization,,
3561a89d-5e1a-4984-b8df-f5978d442f81,Huyền Trang,36310203-8005-41dc-b51e-a8dc52960496,2fa0edad-c5fa-4a66-a1b4-d0b3ed356463,012a641d-a129-4c84-a218-42f2367a453c,2026-06-02 18:11:56.687914-07,2026-06-03 00:24:24.267362-07,a49192c4-8bb3-4976-a588-82de978a882e,a49192c4-8bb3-4976-a588-82de978a882e,f,,,0be284c4-d58e-4122-80ce-62a7fe20eab1,/2fa0edad-c5fa-4a66-a1b4-d0b3ed356463/3561a89d-5e1a-4984-b8df-f5978d442f81,department,channel_organization,,
3764ae71-6bec-4617-91fc-9349e0c85ee3,Thảo Nhi,36310203-8005-41dc-b51e-a8dc52960496,2fa0edad-c5fa-4a66-a1b4-d0b3ed356463,,2025-12-16 19:13:44.037608-08,2025-12-16 19:13:44.043766-08,43f06182-5eb3-4c65-a524-f723cf7ebfe9,43f06182-5eb3-4c65-a524-f723cf7ebfe9,t,2026-05-04 19:31:08.086665-07,a49192c4-8bb3-4976-a588-82de978a882e,ddb5c718-500e-4e3d-9ee3-2fc4b03a05a4,/2fa0edad-c5fa-4a66-a1b4-d0b3ed356463/3764ae71-6bec-4617-91fc-9349e0c85ee3,department,channel_organization,,
3ba70999-7b2d-4b75-ae83-030322991928,Vận Hành 4,448025a0-0ff7-4ed0-a917-399a73decef2,04fcb77f-0ae2-4e66-b08b-74b5d59599ce,3a5509ed-d6ee-4b93-838f-9ccf676e84b1,2025-05-05 19:21:02.400005-07,2025-05-05 19:21:02.410504-07,358dceb1-c1b0-46b9-a24f-c1b6a7fdb2dd,358dceb1-c1b0-46b9-a24f-c1b6a7fdb2dd,f,,,94e0413c-6187-4b52-aafb-d6332673bf26,/45520993-f51a-4995-a455-758e938357c8/04fcb77f-0ae2-4e66-b08b-74b5d59599ce/3ba70999-7b2d-4b75-ae83-030322991928,department,channel_organization,,
3bb1974f-0b6f-4e82-8565-dd214040cf5b,Sáng tạo,448025a0-0ff7-4ed0-a917-399a73decef2,df0289df-7bb3-43f0-b481-4dba85185c7b,311b0607-1420-4c9a-84ab-bbe59dca758a,2025-05-03 08:06:44.750925-07,2026-03-10 08:53:53.081171-07,358dceb1-c1b0-46b9-a24f-c1b6a7fdb2dd,4ff18538-9423-48a5-bcab-1c3032c1cb27,f,,,fb0d57d1-fedf-425a-a74c-28ab7312e09f,/df0289df-7bb3-43f0-b481-4dba85185c7b/3bb1974f-0b6f-4e82-8565-dd214040cf5b,department,channel_organization,,
3e953792-e3bc-45f4-8710-b74afff8fd3c,Tài,448025a0-0ff7-4ed0-a917-399a73decef2,05c03a23-1a79-4eea-94ca-f8b2050d8011,b7820607-cbdc-43f6-8c2b-218101e3960e,2025-05-03 18:12:13.233853-07,2025-05-03 18:12:13.242482-07,358dceb1-c1b0-46b9-a24f-c1b6a7fdb2dd,358dceb1-c1b0-46b9-a24f-c1b6a7fdb2dd,f,,,2d9b6f55-26b9-4c82-bd6c-36424cbcf940,/df0289df-7bb3-43f0-b481-4dba85185c7b/05c03a23-1a79-4eea-94ca-f8b2050d8011/3e953792-e3bc-45f4-8710-b74afff8fd3c,department,channel_organization,,
3e9dce26-287a-4ce1-8f78-6daf4297a61c,Phạm Văn Thịnh,448025a0-0ff7-4ed0-a917-399a73decef2,807f25e9-597c-4f74-819f-2dad99c830eb,306ee3b7-f557-451f-887d-e4e8b08e89a7,2026-03-10 08:57:09.82854-07,2026-03-10 08:57:09.839282-07,4ff18538-9423-48a5-bcab-1c3032c1cb27,4ff18538-9423-48a5-bcab-1c3032c1cb27,f,,,b64d79b5-6ed1-4a08-87e2-3baca6f59890,/df0289df-7bb3-43f0-b481-4dba85185c7b/807f25e9-597c-4f74-819f-2dad99c830eb/3e9dce26-287a-4ce1-8f78-6daf4297a61c,department,channel_organization,,
4145b3cd-ff0e-4a9c-8bae-642163ad931c,prjs,448025a0-0ff7-4ed0-a917-399a73decef2,57e188b3-2199-408a-ae7c-495d836a96b2,65e8928c-ef57-4dd8-9ebb-93da1b56510d,2026-03-10 21:07:36.939391-07,2026-03-10 21:07:36.960238-07,358dceb1-c1b0-46b9-a24f-c1b6a7fdb2dd,358dceb1-c1b0-46b9-a24f-c1b6a7fdb2dd,f,,,07e048a7-eb01-493f-8140-5006784af03c,/57e188b3-2199-408a-ae7c-495d836a96b2/4145b3cd-ff0e-4a9c-8bae-642163ad931c,department,channel_organization,,
41604df4-7134-417a-8e4f-31c9a070e5ac,Ngọc Hoàng,36310203-8005-41dc-b51e-a8dc52960496,50e48bdc-d571-44ce-ba1b-f7e320a14550,,2025-12-16 18:57:02.974635-08,2025-12-16 18:57:02.98125-08,43f06182-5eb3-4c65-a524-f723cf7ebfe9,43f06182-5eb3-4c65-a524-f723cf7ebfe9,t,2026-06-03 01:21:32.080257-07,a49192c4-8bb3-4976-a588-82de978a882e,205fd31b-3f40-49e2-a67f-43dece713fab,/50e48bdc-d571-44ce-ba1b-f7e320a14550/41604df4-7134-417a-8e4f-31c9a070e5ac,department,channel_organization,,
45520993-f51a-4995-a455-758e938357c8,Vận Hành Youtube,448025a0-0ff7-4ed0-a917-399a73decef2,,33ce51c4-d25d-495f-847e-dc491a53d3f4,2025-05-05 19:15:12.753065-07,2025-05-05 19:15:12.887082-07,358dceb1-c1b0-46b9-a24f-c1b6a7fdb2dd,358dceb1-c1b0-46b9-a24f-c1b6a7fdb2dd,f,,,6de6cf1a-eedc-4c45-befe-c87292921ab4,/45520993-f51a-4995-a455-758e938357c8,department,channel_organization,,
45c96950-5d6e-47e1-a751-44f70d2f6b91,Marketing HN,448025a0-0ff7-4ed0-a917-399a73decef2,52c10476-77f5-4b2e-b658-4e02ea6ff626,ecbbb942-2a7a-47e7-a520-673d9ceb4274,2025-05-04 00:13:35.550283-07,2025-05-04 00:13:35.558848-07,358dceb1-c1b0-46b9-a24f-c1b6a7fdb2dd,358dceb1-c1b0-46b9-a24f-c1b6a7fdb2dd,f,,,6aca8626-446c-478e-90fa-f172f0fb07b0,/ae0b1e4f-25ee-477b-9b8f-d8e66f1c1b95/52c10476-77f5-4b2e-b658-4e02ea6ff626/45c96950-5d6e-47e1-a751-44f70d2f6b91,department,channel_organization,,
48cb54d4-fa2d-466c-9533-25716946bd94,Lê Đức Bằng,448025a0-0ff7-4ed0-a917-399a73decef2,87f2e419-9626-4127-b486-22ebd796ecf4,730a0c64-6deb-479b-beed-b6d5f9753928,2026-03-10 09:02:32.611881-07,2026-03-10 09:02:32.620564-07,4ff18538-9423-48a5-bcab-1c3032c1cb27,4ff18538-9423-48a5-bcab-1c3032c1cb27,f,,,f26aa01a-52e7-4a94-a361-8a665a1ba7bb,/953df40d-e9ff-42e4-9ae3-6c1a8b149921/87f2e419-9626-4127-b486-22ebd796ecf4/48cb54d4-fa2d-466c-9533-25716946bd94,department,channel_organization,,
49ae97b3-3281-4aba-9b9b-faf826ed134a,MKT2,448025a0-0ff7-4ed0-a917-399a73decef2,d1d7dd24-7524-4ef5-ab9d-e14db6926186,95c950a2-1bac-4e42-b7f5-2bff2ac42295,2025-04-28 22:50:41.033786-07,2026-03-10 08:48:11.60535-07,358dceb1-c1b0-46b9-a24f-c1b6a7fdb2dd,4ff18538-9423-48a5-bcab-1c3032c1cb27,f,,,fbecca29-0a45-4184-abab-e9989612c2af,/d1d7dd24-7524-4ef5-ab9d-e14db6926186/49ae97b3-3281-4aba-9b9b-faf826ed134a,department,channel_organization,,
4b0353f5-de37-4217-b0bc-c7cb98613fe8,MKT3,448025a0-0ff7-4ed0-a917-399a73decef2,d1d7dd24-7524-4ef5-ab9d-e14db6926186,d4dac547-76b1-4eac-aa1e-ec3a30e3dfe8,2025-04-28 22:50:28.502557-07,2026-03-10 08:48:30.629996-07,358dceb1-c1b0-46b9-a24f-c1b6a7fdb2dd,4ff18538-9423-48a5-bcab-1c3032c1cb27,f,,,bb246172-f8c9-4b7d-8e7e-98231ddb0d83,/d1d7dd24-7524-4ef5-ab9d-e14db6926186/4b0353f5-de37-4217-b0bc-c7cb98613fe8,department,channel_organization,,
4ce9bf88-f693-4900-a733-9fe5348a8472,Production HCM,448025a0-0ff7-4ed0-a917-399a73decef2,726035dc-1b45-48be-b12e-6bc7eeb197ec,e51ef60c-c34c-46f8-baf4-c526b1791c29,2025-05-04 00:14:04.715878-07,2025-05-04 00:14:04.724369-07,358dceb1-c1b0-46b9-a24f-c1b6a7fdb2dd,358dceb1-c1b0-46b9-a24f-c1b6a7fdb2dd,t,2026-06-11 00:56:08.802883-07,6a34ddae-be72-471a-ad45-7e226c3a141f,379c5d93-9ef7-4464-a537-4106ac1f510a,/ae0b1e4f-25ee-477b-9b8f-d8e66f1c1b95/726035dc-1b45-48be-b12e-6bc7eeb197ec/4ce9bf88-f693-4900-a733-9fe5348a8472,department,channel_organization,,
50e48bdc-d571-44ce-ba1b-f7e320a14550,4,36310203-8005-41dc-b51e-a8dc52960496,,,2025-12-16 18:54:59.426065-08,2026-04-28 02:58:29.146422-07,43f06182-5eb3-4c65-a524-f723cf7ebfe9,a49192c4-8bb3-4976-a588-82de978a882e,t,2026-06-03 01:26:42.67482-07,a49192c4-8bb3-4976-a588-82de978a882e,27aa545d-3fb6-443e-ad80-d44ded08b404,/50e48bdc-d571-44ce-ba1b-f7e320a14550,department,channel_organization,,
52c10476-77f5-4b2e-b658-4e02ea6ff626,Khai thác,448025a0-0ff7-4ed0-a917-399a73decef2,ae0b1e4f-25ee-477b-9b8f-d8e66f1c1b95,00b1edfe-be09-429b-92ed-3c8f96aec177,2025-05-03 23:27:56.455671-07,2026-06-11 00:51:09.862116-07,358dceb1-c1b0-46b9-a24f-c1b6a7fdb2dd,6a34ddae-be72-471a-ad45-7e226c3a141f,f,,,0d251e25-5d1f-4a0c-be43-727b1ba93735,/ae0b1e4f-25ee-477b-9b8f-d8e66f1c1b95/52c10476-77f5-4b2e-b658-4e02ea6ff626,department,channel_organization,,
52ee65e6-06ba-4fce-9093-58ebe66e853b,Production HN,448025a0-0ff7-4ed0-a917-399a73decef2,726035dc-1b45-48be-b12e-6bc7eeb197ec,09159450-54e1-4aac-9f05-5390c76705f6,2025-05-04 00:14:14.382035-07,2025-05-04 00:14:14.391826-07,358dceb1-c1b0-46b9-a24f-c1b6a7fdb2dd,358dceb1-c1b0-46b9-a24f-c1b6a7fdb2dd,t,2026-06-11 00:56:08.802896-07,6a34ddae-be72-471a-ad45-7e226c3a141f,97e8249d-11fe-4ab8-9308-ead1af052cb6,/ae0b1e4f-25ee-477b-9b8f-d8e66f1c1b95/726035dc-1b45-48be-b12e-6bc7eeb197ec/52ee65e6-06ba-4fce-9093-58ebe66e853b,department,channel_organization,,
538a61c0-dca3-4535-8e81-894a676eb89e,Nguyễn Văn Bình,448025a0-0ff7-4ed0-a917-399a73decef2,9952ff5a-7006-4d39-a1b3-2b80a741e143,6562fdbf-4f90-4914-bd89-f5f3a68ccb1f,2026-03-10 08:55:33.781391-07,2026-03-10 08:55:33.798424-07,4ff18538-9423-48a5-bcab-1c3032c1cb27,4ff18538-9423-48a5-bcab-1c3032c1cb27,f,,,40933860-f81c-435f-a974-98072776cfa6,/df0289df-7bb3-43f0-b481-4dba85185c7b/9952ff5a-7006-4d39-a1b3-2b80a741e143/538a61c0-dca3-4535-8e81-894a676eb89e,department,channel_organization,,
57a622fe-3afa-4176-98a1-efb50a6327e5,Bùi Tuấn Anh,448025a0-0ff7-4ed0-a917-399a73decef2,05c03a23-1a79-4eea-94ca-f8b2050d8011,af915eb2-67d6-4fa5-bcf8-88f31fe4da7b,2026-07-30 20:05:09.644923-07,2026-07-30 20:05:09.690379-07,4cc9d7bf-fc7a-4381-a611-35b43914459f,4cc9d7bf-fc7a-4381-a611-35b43914459f,f,,,beaa7d69-0067-4c25-b752-4651eb644fb7,/df0289df-7bb3-43f0-b481-4dba85185c7b/05c03a23-1a79-4eea-94ca-f8b2050d8011/57a622fe-3afa-4176-98a1-efb50a6327e5,department,channel_organization,,
57e188b3-2199-408a-ae7c-495d836a96b2,IT,448025a0-0ff7-4ed0-a917-399a73decef2,,31cde068-d192-43f3-bcfb-c3458d655b89,2025-04-29 01:09:06.274855-07,2025-04-29 01:09:06.312463-07,358dceb1-c1b0-46b9-a24f-c1b6a7fdb2dd,358dceb1-c1b0-46b9-a24f-c1b6a7fdb2dd,f,,,cb3b1f4f-fffc-4133-ab63-82c9a793836a,/57e188b3-2199-408a-ae7c-495d836a96b2,department,channel_organization,,
5a8c3544-307a-423d-96d0-34422ca66147,Đinh Thanh Long,448025a0-0ff7-4ed0-a917-399a73decef2,807f25e9-597c-4f74-819f-2dad99c830eb,bd4b4461-8ea9-40f6-b7b0-a99fed4d2a83,2026-03-10 08:57:28.392781-07,2026-03-10 08:57:28.402791-07,4ff18538-9423-48a5-bcab-1c3032c1cb27,4ff18538-9423-48a5-bcab-1c3032c1cb27,f,,,ae9b6879-b64b-4c14-a8d1-38e0e55109fb,/df0289df-7bb3-43f0-b481-4dba85185c7b/807f25e9-597c-4f74-819f-2dad99c830eb/5a8c3544-307a-423d-96d0-34422ca66147,department,channel_organization,,
5e4e4535-c958-449f-b07a-4fe8569b8514,Trọng,448025a0-0ff7-4ed0-a917-399a73decef2,df0289df-7bb3-43f0-b481-4dba85185c7b,8611883a-79e7-4dad-a047-00a0f24cca66,2025-05-03 08:06:27.415776-07,2025-05-03 08:06:27.422469-07,358dceb1-c1b0-46b9-a24f-c1b6a7fdb2dd,358dceb1-c1b0-46b9-a24f-c1b6a7fdb2dd,t,,,c1617284-2490-40f3-ac03-17e3a898aaf2,/df0289df-7bb3-43f0-b481-4dba85185c7b/5e4e4535-c958-449f-b07a-4fe8569b8514,department,channel_organization,,
6005b1f2-5e68-4ed9-be22-7274d2f292b7,ĐT - HN,36310203-8005-41dc-b51e-a8dc52960496,caa3a739-cb80-43af-8a90-b8604231cb9d,cef88dd9-fb41-4f8b-9904-2a5b30391316,2026-05-03 23:51:19.46001-07,2026-05-03 23:51:19.473586-07,a49192c4-8bb3-4976-a588-82de978a882e,a49192c4-8bb3-4976-a588-82de978a882e,f,,,60d367ea-9d9b-41f3-bb31-19428ed386d8,/caa3a739-cb80-43af-8a90-b8604231cb9d/6005b1f2-5e68-4ed9-be22-7274d2f292b7,department,channel_organization,,
60bf2cac-ecc6-4f3c-bfc4-3048bafbd17d,Creative Studio,448025a0-0ff7-4ed0-a917-399a73decef2,,bb8c9c26-6758-4c91-845e-a0a63c18ce8e,2025-11-04 19:28:14.234734-08,2025-11-04 19:28:14.256948-08,86e0f3f2-3c06-4902-bfea-2360bfe41b9a,86e0f3f2-3c06-4902-bfea-2360bfe41b9a,f,,,b063844f-03cd-478b-bd29-71c173935c10,/60bf2cac-ecc6-4f3c-bfc4-3048bafbd17d,department,channel_organization,,
60fe6c59-4766-4ed8-9874-c14d478e2545,Lê Tài Nguyên,448025a0-0ff7-4ed0-a917-399a73decef2,52c10476-77f5-4b2e-b658-4e02ea6ff626,,2026-04-23 00:37:52.830302-07,2026-04-23 00:37:52.842738-07,4cc9d7bf-fc7a-4381-a611-35b43914459f,4cc9d7bf-fc7a-4381-a611-35b43914459f,t,2026-06-11 00:56:38.63968-07,6a34ddae-be72-471a-ad45-7e226c3a141f,c49bfe79-928f-47ac-9b3b-7d6b683ccfad,/ae0b1e4f-25ee-477b-9b8f-d8e66f1c1b95/52c10476-77f5-4b2e-b658-4e02ea6ff626/60fe6c59-4766-4ed8-9874-c14d478e2545,department,channel_organization,,
62292c54-becc-4270-83d7-4cc524a0f924,MKT Mẫn,448025a0-0ff7-4ed0-a917-399a73decef2,8573f10f-cfd0-499b-accd-13282939232c,,2025-05-04 00:15:47.053099-07,2025-05-04 00:15:47.05919-07,358dceb1-c1b0-46b9-a24f-c1b6a7fdb2dd,358dceb1-c1b0-46b9-a24f-c1b6a7fdb2dd,t,2025-05-15 03:11:44.550098-07,358dceb1-c1b0-46b9-a24f-c1b6a7fdb2dd,a0e39055-132d-4385-8611-92e7e9d3396a,/ae0b1e4f-25ee-477b-9b8f-d8e66f1c1b95/52c10476-77f5-4b2e-b658-4e02ea6ff626/8573f10f-cfd0-499b-accd-13282939232c/62292c54-becc-4270-83d7-4cc524a0f924,department,channel_organization,,
65323f94-9b5f-458f-80e0-a9f84d05804e,Vĩnh Kinh,448025a0-0ff7-4ed0-a917-399a73decef2,eda7e7ab-9779-4cf2-bb38-6c01bd00caa7,fff5b0a8-23f4-44bb-a385-2778033b8bd0,2025-04-28 22:51:30.005791-07,2026-03-10 08:51:33.133459-07,358dceb1-c1b0-46b9-a24f-c1b6a7fdb2dd,4ff18538-9423-48a5-bcab-1c3032c1cb27,f,,,25d22bbd-b9bd-486f-bcb3-3b13bf6957c1,/d1d7dd24-7524-4ef5-ab9d-e14db6926186/eda7e7ab-9779-4cf2-bb38-6c01bd00caa7/65323f94-9b5f-458f-80e0-a9f84d05804e,department,channel_organization,,
6599dfd7-c387-46c0-9137-b82f6e08d1f1,AI Visual,448025a0-0ff7-4ed0-a917-399a73decef2,c5270172-1a1e-4d2a-bf54-d48b2d9127d4,b472845b-cab1-4fff-bbc1-33ca4f83f953,2025-04-29 03:08:50.467354-07,2026-03-10 08:50:21.1487-07,358dceb1-c1b0-46b9-a24f-c1b6a7fdb2dd,4ff18538-9423-48a5-bcab-1c3032c1cb27,f,,,59cc8c5d-62af-4df3-a7f5-d468f55fccb1,/d1d7dd24-7524-4ef5-ab9d-e14db6926186/c5270172-1a1e-4d2a-bf54-d48b2d9127d4/6599dfd7-c387-46c0-9137-b82f6e08d1f1,department,channel_organization,,
726035dc-1b45-48be-b12e-6bc7eeb197ec,Production,448025a0-0ff7-4ed0-a917-399a73decef2,ae0b1e4f-25ee-477b-9b8f-d8e66f1c1b95,,2025-05-03 23:28:14.248925-07,2025-05-03 23:28:14.257314-07,358dceb1-c1b0-46b9-a24f-c1b6a7fdb2dd,358dceb1-c1b0-46b9-a24f-c1b6a7fdb2dd,t,2026-06-11 00:56:08.802919-07,6a34ddae-be72-471a-ad45-7e226c3a141f,0b396273-213d-4e3f-8a89-8eabc2376264,/ae0b1e4f-25ee-477b-9b8f-d8e66f1c1b95/726035dc-1b45-48be-b12e-6bc7eeb197ec,department,channel_organization,,
763ce8c6-47fb-44b1-9555-39356ad53a08,Ban Giám đốc,448025a0-0ff7-4ed0-a917-399a73decef2,ae0b1e4f-25ee-477b-9b8f-d8e66f1c1b95,d1a94e9b-abb1-4b63-9152-82d59b5cf8b6,2025-05-11 15:49:21.362944-07,2025-11-19 02:55:51.065296-08,358dceb1-c1b0-46b9-a24f-c1b6a7fdb2dd,6a34ddae-be72-471a-ad45-7e226c3a141f,f,,,dc4155ee-8141-47fa-a471-cd09311acdca,/ae0b1e4f-25ee-477b-9b8f-d8e66f1c1b95/763ce8c6-47fb-44b1-9555-39356ad53a08,department,channel_organization,,
76eb001b-b19c-4857-bab2-3d1c188248c6,BD,448025a0-0ff7-4ed0-a917-399a73decef2,,38da705a-f379-41d5-bf36-11c8ef2b5c91,2025-07-02 23:56:09.466327-07,2025-07-02 23:56:09.505719-07,86e0f3f2-3c06-4902-bfea-2360bfe41b9a,86e0f3f2-3c06-4902-bfea-2360bfe41b9a,f,,,f725d564-ebb8-4fab-b929-0852701a2250,/76eb001b-b19c-4857-bab2-3d1c188248c6,department,channel_organization,,
770e8dc4-e9b5-4929-9ca6-c1abf1c56de8,Test,448025a0-0ff7-4ed0-a917-399a73decef2,,,2026-01-06 18:28:23.489101-08,2026-01-06 18:28:23.497509-08,86e0f3f2-3c06-4902-bfea-2360bfe41b9a,86e0f3f2-3c06-4902-bfea-2360bfe41b9a,t,2026-01-06 18:31:18.417506-08,86e0f3f2-3c06-4902-bfea-2360bfe41b9a,612c3832-b692-47e9-8380-4f314854ab39,/770e8dc4-e9b5-4929-9ca6-c1abf1c56de8,department,channel_organization,,
7912b791-9c29-41c6-b06a-ec60691fd2f0,Đối ngoại,448025a0-0ff7-4ed0-a917-399a73decef2,ae0b1e4f-25ee-477b-9b8f-d8e66f1c1b95,a96ba909-a463-400e-9f42-13755b5b28bd,2025-05-03 23:28:53.072647-07,2025-10-05 21:40:00.971957-07,358dceb1-c1b0-46b9-a24f-c1b6a7fdb2dd,229dc6f0-0c2f-42cc-8d32-7c3397e96194,f,,,17c7c35a-a40e-46e0-95f5-685bad5efa52,/ae0b1e4f-25ee-477b-9b8f-d8e66f1c1b95/7912b791-9c29-41c6-b06a-ec60691fd2f0,department,channel_organization,,
79e936f5-d6f7-422b-adee-e60d5cfeddf7,Phạm Tiến Quang,448025a0-0ff7-4ed0-a917-399a73decef2,807f25e9-597c-4f74-819f-2dad99c830eb,1983f01a-34ac-40ed-b1ca-2aece08b323a,2026-03-10 08:56:50.082824-07,2026-03-10 08:56:50.091688-07,4ff18538-9423-48a5-bcab-1c3032c1cb27,4ff18538-9423-48a5-bcab-1c3032c1cb27,f,,,9981713c-89ad-427a-aa85-2428bb16b8dd,/df0289df-7bb3-43f0-b481-4dba85185c7b/807f25e9-597c-4f74-819f-2dad99c830eb/79e936f5-d6f7-422b-adee-e60d5cfeddf7,department,channel_organization,,
7a04fc87-9970-4c35-a57d-7ee2d149f80d,RnD,448025a0-0ff7-4ed0-a917-399a73decef2,ae0b1e4f-25ee-477b-9b8f-d8e66f1c1b95,edbfb134-a7a5-432a-89a4-9b5f84ac88ac,2025-08-07 00:21:03.894303-07,2025-08-07 00:21:03.921767-07,229dc6f0-0c2f-42cc-8d32-7c3397e96194,229dc6f0-0c2f-42cc-8d32-7c3397e96194,f,,,b39863e4-7ed4-4d03-82d8-952745c637be,/ae0b1e4f-25ee-477b-9b8f-d8e66f1c1b95/7a04fc87-9970-4c35-a57d-7ee2d149f80d,department,channel_organization,,
7ac28e81-283b-47db-8e88-6b98b370e66c,Hậu kỳ,448025a0-0ff7-4ed0-a917-399a73decef2,ae0b1e4f-25ee-477b-9b8f-d8e66f1c1b95,eb2fa471-ddfa-43d6-9d3d-cb67de47cc52,2025-05-03 23:28:41.88381-07,2025-11-19 02:55:13.909394-08,358dceb1-c1b0-46b9-a24f-c1b6a7fdb2dd,6a34ddae-be72-471a-ad45-7e226c3a141f,f,,,e3d94f9d-fba8-445e-bedc-166f3038c4fa,/ae0b1e4f-25ee-477b-9b8f-d8e66f1c1b95/7ac28e81-283b-47db-8e88-6b98b370e66c,department,channel_organization,,
7b329ce3-c6d9-41c4-bbaa-4715b22508b3,HG La Giang,448025a0-0ff7-4ed0-a917-399a73decef2,05c03a23-1a79-4eea-94ca-f8b2050d8011,ef5d2d87-1266-48cb-bc5a-18c19a9a31c3,2025-05-18 20:32:56.644997-07,2026-03-10 18:45:34.436196-07,358dceb1-c1b0-46b9-a24f-c1b6a7fdb2dd,4ff18538-9423-48a5-bcab-1c3032c1cb27,f,,,c1bcd13e-60c1-4623-888c-087eff29f1a2,/df0289df-7bb3-43f0-b481-4dba85185c7b/05c03a23-1a79-4eea-94ca-f8b2050d8011/7b329ce3-c6d9-41c4-bbaa-4715b22508b3,department,channel_organization,,
7e540b40-ebc6-404d-b4dc-448e054edd71,Quang Duy,448025a0-0ff7-4ed0-a917-399a73decef2,d1d7dd24-7524-4ef5-ab9d-e14db6926186,4e5df2b8-9883-431e-9c1b-abd06818a3f8,2025-04-28 22:50:50.204028-07,2025-04-28 22:50:50.213239-07,358dceb1-c1b0-46b9-a24f-c1b6a7fdb2dd,358dceb1-c1b0-46b9-a24f-c1b6a7fdb2dd,f,,,2e0a5f26-dc83-4ea8-96b5-67248df5c115,/d1d7dd24-7524-4ef5-ab9d-e14db6926186/7e540b40-ebc6-404d-b4dc-448e054edd71,department,channel_organization,,
7ea0af2c-2a80-4818-9f34-483abd83d052,XTeam,448025a0-0ff7-4ed0-a917-399a73decef2,d1d7dd24-7524-4ef5-ab9d-e14db6926186,97eaccd7-cfef-442f-b34a-dd0fdc249337,2026-01-18 19:27:52.345225-08,2026-01-18 19:27:52.364313-08,86e0f3f2-3c06-4902-bfea-2360bfe41b9a,86e0f3f2-3c06-4902-bfea-2360bfe41b9a,f,,,d8e1bbf7-8bfd-45bf-b17b-5bd43bc057bf,/d1d7dd24-7524-4ef5-ab9d-e14db6926186/7ea0af2c-2a80-4818-9f34-483abd83d052,department,channel_organization,,
807f25e9-597c-4f74-819f-2dad99c830eb,Tâm Tuệ,448025a0-0ff7-4ed0-a917-399a73decef2,df0289df-7bb3-43f0-b481-4dba85185c7b,73f66e24-126b-49d3-926e-82ea3c10a48a,2025-05-03 08:06:15.132962-07,2026-03-10 08:55:55.688663-07,358dceb1-c1b0-46b9-a24f-c1b6a7fdb2dd,4ff18538-9423-48a5-bcab-1c3032c1cb27,f,,,63f48b61-3f67-4fe8-a99b-855994e054ef,/df0289df-7bb3-43f0-b481-4dba85185c7b/807f25e9-597c-4f74-819f-2dad99c830eb,department,channel_organization,,
851c5965-5ff5-46ef-9a2c-743d551c8ffb,Sản xuất nhạc HN,448025a0-0ff7-4ed0-a917-399a73decef2,,c1b04e5a-c713-4a61-9445-72f280f905e1,2025-11-04 23:13:38.187998-08,2025-11-04 23:13:38.194785-08,86e0f3f2-3c06-4902-bfea-2360bfe41b9a,86e0f3f2-3c06-4902-bfea-2360bfe41b9a,f,,,70e66da3-7da7-4170-8587-0881fa8593d7,/851c5965-5ff5-46ef-9a2c-743d551c8ffb,department,channel_organization,,
8573f10f-cfd0-499b-accd-13282939232c,Marketing HCM,448025a0-0ff7-4ed0-a917-399a73decef2,52c10476-77f5-4b2e-b658-4e02ea6ff626,b004bdcf-d5cc-4c7d-94ac-e4c5bcade3b0,2025-05-04 00:13:24.311138-07,2025-05-04 00:13:24.319908-07,358dceb1-c1b0-46b9-a24f-c1b6a7fdb2dd,358dceb1-c1b0-46b9-a24f-c1b6a7fdb2dd,f,,,81de15d0-799d-4a3b-9bf1-af08d14c8a1a,/ae0b1e4f-25ee-477b-9b8f-d8e66f1c1b95/52c10476-77f5-4b2e-b658-4e02ea6ff626/8573f10f-cfd0-499b-accd-13282939232c,department,channel_organization,,
87f2e419-9626-4127-b486-22ebd796ecf4,Tinh Tuệ,448025a0-0ff7-4ed0-a917-399a73decef2,953df40d-e9ff-42e4-9ae3-6c1a8b149921,2be2a458-7475-4a1f-b649-c4701f4fac11,2025-05-03 08:07:06.184256-07,2026-03-10 18:25:30.909024-07,358dceb1-c1b0-46b9-a24f-c1b6a7fdb2dd,4ff18538-9423-48a5-bcab-1c3032c1cb27,f,,,5aa6aa3e-b2ef-4903-9f06-d927ede5f5ea,/953df40d-e9ff-42e4-9ae3-6c1a8b149921/87f2e419-9626-4127-b486-22ebd796ecf4,department,channel_organization,,
8aeb9934-197c-4b7a-af32-2498df816954,Mạnh Thắng,36310203-8005-41dc-b51e-a8dc52960496,f09c6156-84a9-42be-bfde-1e56ab731fe9,ee1fb4f8-97e1-42e7-9d89-ac65bf9b3ff4,2025-12-16 19:13:18.329909-08,2025-12-16 19:13:18.335251-08,43f06182-5eb3-4c65-a524-f723cf7ebfe9,43f06182-5eb3-4c65-a524-f723cf7ebfe9,t,2025-12-16 20:15:28.0197-08,43f06182-5eb3-4c65-a524-f723cf7ebfe9,b71f93df-2524-4043-aa07-2052e38c6b6c,/f09c6156-84a9-42be-bfde-1e56ab731fe9/8aeb9934-197c-4b7a-af32-2498df816954,department,channel_organization,,
8da5ead4-ee07-463c-be79-30a52c7b1d03,Lê Minh Đức,448025a0-0ff7-4ed0-a917-399a73decef2,807f25e9-597c-4f74-819f-2dad99c830eb,3761db87-cc2d-4e0e-ab46-db850708875f,2026-03-10 08:56:14.758275-07,2026-03-10 08:56:14.767869-07,4ff18538-9423-48a5-bcab-1c3032c1cb27,4ff18538-9423-48a5-bcab-1c3032c1cb27,f,,,3489cacd-e640-4b0b-892e-d01f64c58eeb,/df0289df-7bb3-43f0-b481-4dba85185c7b/807f25e9-597c-4f74-819f-2dad99c830eb/8da5ead4-ee07-463c-be79-30a52c7b1d03,department,channel_organization,,
908663d7-8070-491a-b2f9-c3c9abe0454f,Jazz,448025a0-0ff7-4ed0-a917-399a73decef2,45c96950-5d6e-47e1-a751-44f70d2f6b91,,2025-05-04 00:16:09.451608-07,2025-05-04 00:16:09.45866-07,358dceb1-c1b0-46b9-a24f-c1b6a7fdb2dd,358dceb1-c1b0-46b9-a24f-c1b6a7fdb2dd,t,2025-05-15 03:13:30.781371-07,358dceb1-c1b0-46b9-a24f-c1b6a7fdb2dd,a0e7651b-bbd5-4511-b07d-1ad6e1696989,/ae0b1e4f-25ee-477b-9b8f-d8e66f1c1b95/52c10476-77f5-4b2e-b658-4e02ea6ff626/45c96950-5d6e-47e1-a751-44f70d2f6b91/908663d7-8070-491a-b2f9-c3c9abe0454f,department,channel_organization,,
9203c65e-14a6-4026-bd30-c9a722930c94,Whitenoise,448025a0-0ff7-4ed0-a917-399a73decef2,45c96950-5d6e-47e1-a751-44f70d2f6b91,,2025-05-04 00:16:30.757695-07,2025-05-04 00:16:30.765436-07,358dceb1-c1b0-46b9-a24f-c1b6a7fdb2dd,358dceb1-c1b0-46b9-a24f-c1b6a7fdb2dd,t,2025-05-15 03:01:13.9891-07,358dceb1-c1b0-46b9-a24f-c1b6a7fdb2dd,757fff43-a54e-47bf-a80e-745b58b5d771,/ae0b1e4f-25ee-477b-9b8f-d8e66f1c1b95/52c10476-77f5-4b2e-b658-4e02ea6ff626/45c96950-5d6e-47e1-a751-44f70d2f6b91/9203c65e-14a6-4026-bd30-c9a722930c94,department,channel_organization,,
93ffd4f1-af38-42c7-8944-d7360649b0fe,Vận Hành 1,448025a0-0ff7-4ed0-a917-399a73decef2,04fcb77f-0ae2-4e66-b08b-74b5d59599ce,f3283ba0-cbd1-4fe2-bbb6-0f4d56b2ece0,2025-05-05 19:20:37.373221-07,2025-05-05 19:20:37.379616-07,358dceb1-c1b0-46b9-a24f-c1b6a7fdb2dd,358dceb1-c1b0-46b9-a24f-c1b6a7fdb2dd,f,,,781188c6-1746-4b1f-8f84-00f8d47151cc,/45520993-f51a-4995-a455-758e938357c8/04fcb77f-0ae2-4e66-b08b-74b5d59599ce/93ffd4f1-af38-42c7-8944-d7360649b0fe,department,channel_organization,,
9503c334-612a-42e3-a6ee-34e19fb88b3e,Bùi Thể,448025a0-0ff7-4ed0-a917-399a73decef2,4b0353f5-de37-4217-b0bc-c7cb98613fe8,b5f2aab9-bbd3-455d-a8ec-4cf52a26b7ed,2025-05-01 20:58:56.569537-07,2026-03-10 08:50:46.917895-07,358dceb1-c1b0-46b9-a24f-c1b6a7fdb2dd,4ff18538-9423-48a5-bcab-1c3032c1cb27,f,,,f7721377-c4c1-4c41-b8f6-727ed274698e,/d1d7dd24-7524-4ef5-ab9d-e14db6926186/4b0353f5-de37-4217-b0bc-c7cb98613fe8/9503c334-612a-42e3-a6ee-34e19fb88b3e,department,channel_organization,,
952f6951-1ee7-48cb-a92b-7e55fc34cfba,Phòng 4 - Hà Nội,36310203-8005-41dc-b51e-a8dc52960496,50e48bdc-d571-44ce-ba1b-f7e320a14550,,2025-12-16 20:16:12.348114-08,2026-04-28 03:45:42.286431-07,43f06182-5eb3-4c65-a524-f723cf7ebfe9,a49192c4-8bb3-4976-a588-82de978a882e,t,2026-05-04 21:28:41.780152-07,a49192c4-8bb3-4976-a588-82de978a882e,56e562fc-7681-4919-8710-76c821bcee5d,/50e48bdc-d571-44ce-ba1b-f7e320a14550/952f6951-1ee7-48cb-a92b-7e55fc34cfba,department,channel_organization,,
953df40d-e9ff-42e4-9ae3-6c1a8b149921,Vibe Media,448025a0-0ff7-4ed0-a917-399a73decef2,,dddc32de-aead-4965-9983-ccbc6f7cfe1b,2025-04-28 23:01:46.804978-07,2026-03-10 08:52:04.155649-07,358dceb1-c1b0-46b9-a24f-c1b6a7fdb2dd,4ff18538-9423-48a5-bcab-1c3032c1cb27,f,,,107d4a70-d7d2-4615-873f-27f17b693174,/953df40d-e9ff-42e4-9ae3-6c1a8b149921,department,channel_organization,,
97fb2195-c032-44de-8438-265273d453b1,Vận Hành 2,448025a0-0ff7-4ed0-a917-399a73decef2,04fcb77f-0ae2-4e66-b08b-74b5d59599ce,4b3241c2-a6fe-4d14-965e-68b3e24a5820,2025-05-05 19:20:47.594862-07,2025-05-05 19:20:47.603097-07,358dceb1-c1b0-46b9-a24f-c1b6a7fdb2dd,358dceb1-c1b0-46b9-a24f-c1b6a7fdb2dd,f,,,a726e2a3-eb62-46ca-be4b-438b30702279,/45520993-f51a-4995-a455-758e938357c8/04fcb77f-0ae2-4e66-b08b-74b5d59599ce/97fb2195-c032-44de-8438-265273d453b1,department,channel_organization,,
9952ff5a-7006-4d39-a1b3-2b80a741e143,Thông Tuệ,448025a0-0ff7-4ed0-a917-399a73decef2,df0289df-7bb3-43f0-b481-4dba85185c7b,e8cf6f0b-bac1-4a46-8305-add261637785,2025-05-03 08:05:59.209417-07,2026-03-10 08:54:42.765521-07,358dceb1-c1b0-46b9-a24f-c1b6a7fdb2dd,4ff18538-9423-48a5-bcab-1c3032c1cb27,f,,,276122ea-77b1-4844-9588-78945de8d3d6,/df0289df-7bb3-43f0-b481-4dba85185c7b/9952ff5a-7006-4d39-a1b3-2b80a741e143,department,channel_organization,,
9ab86754-1219-42e2-9f54-a9ede3710c39,Đức Thành,36310203-8005-41dc-b51e-a8dc52960496,f09c6156-84a9-42be-bfde-1e56ab731fe9,e7945ee8-6faf-4d5a-8ce1-49f3cdb41419,2025-12-16 19:07:20.62229-08,2025-12-16 19:07:20.628939-08,43f06182-5eb3-4c65-a524-f723cf7ebfe9,43f06182-5eb3-4c65-a524-f723cf7ebfe9,t,2025-12-16 20:15:28.019819-08,43f06182-5eb3-4c65-a524-f723cf7ebfe9,62ed20d7-0ed2-4d98-b2a5-ea03726ad35a,/f09c6156-84a9-42be-bfde-1e56ab731fe9/9ab86754-1219-42e2-9f54-a9ede3710c39,department,channel_organization,,
a3bd031c-1486-4132-84ee-9cc6151c395c,Dừng phát triển,36310203-8005-41dc-b51e-a8dc52960496,,bb028584-31d7-46cf-a5e1-d955cf0e5a78,2026-01-01 19:06:28.047843-08,2026-01-01 19:06:28.080286-08,43f06182-5eb3-4c65-a524-f723cf7ebfe9,43f06182-5eb3-4c65-a524-f723cf7ebfe9,f,,,0a4e7c6b-fa23-4843-a573-b3d22417b702,/a3bd031c-1486-4132-84ee-9cc6151c395c,department,channel_organization,,
a4beeb82-ba2a-4c7f-abda-d64873e0a211,Xuân Quyết,36310203-8005-41dc-b51e-a8dc52960496,50e48bdc-d571-44ce-ba1b-f7e320a14550,,2025-12-16 18:56:54.579612-08,2025-12-16 18:56:54.587467-08,43f06182-5eb3-4c65-a524-f723cf7ebfe9,43f06182-5eb3-4c65-a524-f723cf7ebfe9,t,2026-06-03 01:21:10.210602-07,a49192c4-8bb3-4976-a588-82de978a882e,c8c5dfe0-a828-4a67-b313-df674a1c4243,/50e48bdc-d571-44ce-ba1b-f7e320a14550/a4beeb82-ba2a-4c7f-abda-d64873e0a211,department,channel_organization,,
a4d1d7fc-a3dd-45f6-9f55-d943c9e6d533,Piano,448025a0-0ff7-4ed0-a917-399a73decef2,45c96950-5d6e-47e1-a751-44f70d2f6b91,,2025-05-04 00:16:01.640006-07,2025-05-04 00:16:01.647132-07,358dceb1-c1b0-46b9-a24f-c1b6a7fdb2dd,358dceb1-c1b0-46b9-a24f-c1b6a7fdb2dd,t,2025-05-15 03:13:39.709491-07,358dceb1-c1b0-46b9-a24f-c1b6a7fdb2dd,19e1d6b8-cd85-4608-a6ba-533e3797fc6b,/ae0b1e4f-25ee-477b-9b8f-d8e66f1c1b95/52c10476-77f5-4b2e-b658-4e02ea6ff626/45c96950-5d6e-47e1-a751-44f70d2f6b91/a4d1d7fc-a3dd-45f6-9f55-d943c9e6d533,department,channel_organization,,
a4e38766-68dd-429a-8119-2e9d2ef8d012,BG,448025a0-0ff7-4ed0-a917-399a73decef2,,d39b3ddd-821a-49b7-a459-c4ea066ddd24,2026-08-21 03:11:23.072938-07,2026-08-21 03:11:23.089374-07,4ff18538-9423-48a5-bcab-1c3032c1cb27,4ff18538-9423-48a5-bcab-1c3032c1cb27,f,,,38df800a-1953-4298-a26a-abf06dea128d,/a4e38766-68dd-429a-8119-2e9d2ef8d012,department,channel_organization,,
a500dbad-1777-4545-b724-aaa024b058a9,Kế toán,448025a0-0ff7-4ed0-a917-399a73decef2,ae0b1e4f-25ee-477b-9b8f-d8e66f1c1b95,d92aefa1-7712-4f62-a634-c27e1968217e,2025-09-24 01:43:02.242298-07,2025-09-24 01:43:02.27084-07,229dc6f0-0c2f-42cc-8d32-7c3397e96194,229dc6f0-0c2f-42cc-8d32-7c3397e96194,f,,,cfe05b6a-3909-4cf6-b828-e83d1a6f3be2,/ae0b1e4f-25ee-477b-9b8f-d8e66f1c1b95/a500dbad-1777-4545-b724-aaa024b058a9,department,channel_organization,,
a7276bd4-662c-41f0-883e-3cf243eb6812,BOD,448025a0-0ff7-4ed0-a917-399a73decef2,,e22cee5c-7c67-4bd1-924c-9b13f2135014,2025-07-05 02:04:32.152888-07,2025-07-05 02:04:32.165333-07,86e0f3f2-3c06-4902-bfea-2360bfe41b9a,86e0f3f2-3c06-4902-bfea-2360bfe41b9a,f,,,64c585e1-0fc0-4c6e-8c75-e927d81c0206,/a7276bd4-662c-41f0-883e-3cf243eb6812,department,channel_organization,,
a84ec104-e7e6-4060-9ca5-4100780e0c2c,Ngọc Hoàng,36310203-8005-41dc-b51e-a8dc52960496,2fa0edad-c5fa-4a66-a1b4-d0b3ed356463,5371d063-ab64-4c4e-bb4a-210cb49ccf07,2026-06-03 00:57:19.386085-07,2026-06-03 01:02:54.824959-07,a49192c4-8bb3-4976-a588-82de978a882e,a49192c4-8bb3-4976-a588-82de978a882e,f,,,7927aa8b-308d-47d8-a7f1-4855994abdf7,/2fa0edad-c5fa-4a66-a1b4-d0b3ed356463/a84ec104-e7e6-4060-9ca5-4100780e0c2c,department,channel_organization,,
ab23f2ef-2b21-4739-a010-bcb516d513cf,Vận hành,448025a0-0ff7-4ed0-a917-399a73decef2,ae0b1e4f-25ee-477b-9b8f-d8e66f1c1b95,45ea4b45-f99f-4291-b8c6-37adc576e5a4,2026-01-06 00:24:08.229097-08,2026-06-11 00:57:04.689029-07,86e0f3f2-3c06-4902-bfea-2360bfe41b9a,6a34ddae-be72-471a-ad45-7e226c3a141f,f,,,00bdbc48-6a32-46ef-a8a3-8be18344a86e,/ae0b1e4f-25ee-477b-9b8f-d8e66f1c1b95/ab23f2ef-2b21-4739-a010-bcb516d513cf,department,channel_organization,,
ac1ed57b-3465-4bfe-b03b-9bb325c3f1c2,Phạm Kiều Giang,448025a0-0ff7-4ed0-a917-399a73decef2,05c03a23-1a79-4eea-94ca-f8b2050d8011,6bed0983-528d-4a98-b274-bd8492f72692,2026-07-30 20:05:20.471315-07,2026-07-30 20:05:20.486002-07,4cc9d7bf-fc7a-4381-a611-35b43914459f,4cc9d7bf-fc7a-4381-a611-35b43914459f,f,,,bd8457dd-34ab-46c9-8aff-07044330ebdc,/df0289df-7bb3-43f0-b481-4dba85185c7b/05c03a23-1a79-4eea-94ca-f8b2050d8011/ac1ed57b-3465-4bfe-b03b-9bb325c3f1c2,department,channel_organization,,
ac721a87-77f4-4523-8aa7-4bcf42a9a58f,Xuân Quyết,36310203-8005-41dc-b51e-a8dc52960496,2fa0edad-c5fa-4a66-a1b4-d0b3ed356463,4a3e05f5-4b1f-444b-b9c0-f715aa8ec950,2026-06-03 00:36:58.102855-07,2026-06-03 01:02:45.440262-07,a49192c4-8bb3-4976-a588-82de978a882e,a49192c4-8bb3-4976-a588-82de978a882e,f,,,d4b312c8-3d3e-4451-b43f-341bb08c9402,/2fa0edad-c5fa-4a66-a1b4-d0b3ed356463/ac721a87-77f4-4523-8aa7-4bcf42a9a58f,department,channel_organization,,
adde37f9-228b-42e0-b795-6f992ea81f19,S,448025a0-0ff7-4ed0-a917-399a73decef2,,8f561d9a-8c4b-433d-aec5-414aa9f67b2a,2026-04-22 19:50:14.554744-07,2026-04-22 19:50:14.580132-07,358dceb1-c1b0-46b9-a24f-c1b6a7fdb2dd,358dceb1-c1b0-46b9-a24f-c1b6a7fdb2dd,f,,,768f1443-feb5-462c-a65b-9947e44d9d1f,/adde37f9-228b-42e0-b795-6f992ea81f19,department,channel_organization,,
ae0b1e4f-25ee-477b-9b8f-d8e66f1c1b95,Forest Music,448025a0-0ff7-4ed0-a917-399a73decef2,,1f96c04f-8c5b-4cd4-8620-cd415fa860b6,2026-03-05 08:50:05.513161-08,2026-03-10 18:26:39.351052-07,4ff18538-9423-48a5-bcab-1c3032c1cb27,4ff18538-9423-48a5-bcab-1c3032c1cb27,f,,,1a25df17-9ee6-43d9-ae30-8fdc7d3ca44d,/ae0b1e4f-25ee-477b-9b8f-d8e66f1c1b95,department,channel_organization,,
aee27023-0d77-451c-9c6a-3156c8b10142,Editor HN,448025a0-0ff7-4ed0-a917-399a73decef2,7ac28e81-283b-47db-8e88-6b98b370e66c,9d33c92f-cc2f-44b7-bab7-3a36a9d9c8dd,2025-05-04 00:15:12.73373-07,2025-05-04 00:15:12.741947-07,358dceb1-c1b0-46b9-a24f-c1b6a7fdb2dd,358dceb1-c1b0-46b9-a24f-c1b6a7fdb2dd,f,,,1b795d4d-152b-4d47-b793-e29b929d9644,/ae0b1e4f-25ee-477b-9b8f-d8e66f1c1b95/7ac28e81-283b-47db-8e88-6b98b370e66c/aee27023-0d77-451c-9c6a-3156c8b10142,department,channel_organization,,
affcc49f-3936-43dd-8a6c-e5eb13e01445,Tuấn 2K,448025a0-0ff7-4ed0-a917-399a73decef2,eda7e7ab-9779-4cf2-bb38-6c01bd00caa7,,2025-04-28 22:51:41.158358-07,2025-04-28 22:51:41.168721-07,358dceb1-c1b0-46b9-a24f-c1b6a7fdb2dd,358dceb1-c1b0-46b9-a24f-c1b6a7fdb2dd,t,2025-05-01 20:58:24.924309-07,358dceb1-c1b0-46b9-a24f-c1b6a7fdb2dd,bb4a06ab-1c6e-4d7e-9b3d-a78f46112bc4,/d1d7dd24-7524-4ef5-ab9d-e14db6926186/eda7e7ab-9779-4cf2-bb38-6c01bd00caa7/affcc49f-3936-43dd-8a6c-e5eb13e01445,department,channel_organization,,
affd75e2-e132-44a6-8804-c12a9a27a8a1,Deephouse,448025a0-0ff7-4ed0-a917-399a73decef2,45c96950-5d6e-47e1-a751-44f70d2f6b91,,2025-05-04 00:16:20.29804-07,2025-05-04 00:16:20.303984-07,358dceb1-c1b0-46b9-a24f-c1b6a7fdb2dd,358dceb1-c1b0-46b9-a24f-c1b6a7fdb2dd,t,2025-05-15 03:13:25.678982-07,358dceb1-c1b0-46b9-a24f-c1b6a7fdb2dd,8abeff5e-4e49-4de6-8c22-29b0c15ab0c1,/ae0b1e4f-25ee-477b-9b8f-d8e66f1c1b95/52c10476-77f5-4b2e-b658-4e02ea6ff626/45c96950-5d6e-47e1-a751-44f70d2f6b91/affd75e2-e132-44a6-8804-c12a9a27a8a1,department,channel_organization,,
b01222e9-0d42-4b17-9028-7f2db460ece9,Editor HCM,448025a0-0ff7-4ed0-a917-399a73decef2,7ac28e81-283b-47db-8e88-6b98b370e66c,3ed0281e-ab43-4d5d-a8fb-7815762c63a7,2025-05-04 00:15:02.145968-07,2025-05-04 00:15:02.153997-07,358dceb1-c1b0-46b9-a24f-c1b6a7fdb2dd,358dceb1-c1b0-46b9-a24f-c1b6a7fdb2dd,f,,,70d2da8f-7766-4d30-a8d5-3c2ff653f60c,/ae0b1e4f-25ee-477b-9b8f-d8e66f1c1b95/7ac28e81-283b-47db-8e88-6b98b370e66c/b01222e9-0d42-4b17-9028-7f2db460ece9,department,channel_organization,,
b8be7bb7-e2ff-4faf-96dc-a97a747f1fca,Bùi Thể,448025a0-0ff7-4ed0-a917-399a73decef2,eda7e7ab-9779-4cf2-bb38-6c01bd00caa7,,2025-04-28 22:51:49.511216-07,2025-04-28 22:51:49.520582-07,358dceb1-c1b0-46b9-a24f-c1b6a7fdb2dd,358dceb1-c1b0-46b9-a24f-c1b6a7fdb2dd,t,2025-05-01 20:58:32.756565-07,358dceb1-c1b0-46b9-a24f-c1b6a7fdb2dd,4886e0e1-65b2-44c5-9230-44417682cc4c,/d1d7dd24-7524-4ef5-ab9d-e14db6926186/eda7e7ab-9779-4cf2-bb38-6c01bd00caa7/b8be7bb7-e2ff-4faf-96dc-a97a747f1fca,department,channel_organization,,
bb3f3ce7-66ca-4dd3-b8c7-a7d4f1f8ee02,Mova,448025a0-0ff7-4ed0-a917-399a73decef2,45c96950-5d6e-47e1-a751-44f70d2f6b91,,2025-05-04 00:16:52.075657-07,2025-05-04 00:16:52.084535-07,358dceb1-c1b0-46b9-a24f-c1b6a7fdb2dd,358dceb1-c1b0-46b9-a24f-c1b6a7fdb2dd,t,2025-05-15 03:13:35.310818-07,358dceb1-c1b0-46b9-a24f-c1b6a7fdb2dd,3ae8a08a-1467-445c-b11d-fa7cc1c5ffe8,/ae0b1e4f-25ee-477b-9b8f-d8e66f1c1b95/52c10476-77f5-4b2e-b658-4e02ea6ff626/45c96950-5d6e-47e1-a751-44f70d2f6b91/bb3f3ce7-66ca-4dd3-b8c7-a7d4f1f8ee02,department,channel_organization,,
bb4899fe-64d8-456d-8179-a0ac6826576d,Design,448025a0-0ff7-4ed0-a917-399a73decef2,ae0b1e4f-25ee-477b-9b8f-d8e66f1c1b95,,2025-05-03 23:28:28.081614-07,2025-05-03 23:28:28.089268-07,358dceb1-c1b0-46b9-a24f-c1b6a7fdb2dd,358dceb1-c1b0-46b9-a24f-c1b6a7fdb2dd,t,2026-06-11 00:57:42.451939-07,6a34ddae-be72-471a-ad45-7e226c3a141f,a4c887d4-7508-4d6f-b915-49a0cb080684,/ae0b1e4f-25ee-477b-9b8f-d8e66f1c1b95/bb4899fe-64d8-456d-8179-a0ac6826576d,department,channel_organization,,
bd371b82-4344-4322-9070-fc22eb4440da,An Phước,36310203-8005-41dc-b51e-a8dc52960496,2fa0edad-c5fa-4a66-a1b4-d0b3ed356463,087f0cc8-65c6-4602-a8db-19777977ec1e,2025-12-16 18:55:47.565917-08,2025-12-16 18:55:47.573652-08,43f06182-5eb3-4c65-a524-f723cf7ebfe9,43f06182-5eb3-4c65-a524-f723cf7ebfe9,f,,,e851d9b1-69fd-49c5-b5b8-5347822b8d31,/2fa0edad-c5fa-4a66-a1b4-d0b3ed356463/bd371b82-4344-4322-9070-fc22eb4440da,department,channel_organization,,
c0801e6a-d8a8-4128-bee6-38035cefa1a4,Comosix,448025a0-0ff7-4ed0-a917-399a73decef2,45c96950-5d6e-47e1-a751-44f70d2f6b91,,2025-05-04 00:17:02.51075-07,2025-05-04 00:17:02.521089-07,358dceb1-c1b0-46b9-a24f-c1b6a7fdb2dd,358dceb1-c1b0-46b9-a24f-c1b6a7fdb2dd,t,2025-05-15 03:13:20.939378-07,358dceb1-c1b0-46b9-a24f-c1b6a7fdb2dd,f2134e3b-78dd-4512-8bab-bcee173e3107,/ae0b1e4f-25ee-477b-9b8f-d8e66f1c1b95/52c10476-77f5-4b2e-b658-4e02ea6ff626/45c96950-5d6e-47e1-a751-44f70d2f6b91/c0801e6a-d8a8-4128-bee6-38035cefa1a4,department,channel_organization,,
c327a3dd-68bc-4700-b55c-89a6a2e5f03f,Mai Thu Thảo,448025a0-0ff7-4ed0-a917-399a73decef2,807f25e9-597c-4f74-819f-2dad99c830eb,a50a6739-870b-4e8c-bc2a-deea374202d3,2026-03-10 08:56:31.387036-07,2026-03-10 08:56:31.398643-07,4ff18538-9423-48a5-bcab-1c3032c1cb27,4ff18538-9423-48a5-bcab-1c3032c1cb27,f,,,2b1d5d9e-6626-435a-b114-eaaa37a2177d,/df0289df-7bb3-43f0-b481-4dba85185c7b/807f25e9-597c-4f74-819f-2dad99c830eb/c327a3dd-68bc-4700-b55c-89a6a2e5f03f,department,channel_organization,,
c4c135fa-2d55-4211-ad43-8ade681d9368,Tổng hợp,36310203-8005-41dc-b51e-a8dc52960496,,,2025-12-16 19:07:54.404272-08,2025-12-16 19:07:54.410977-08,43f06182-5eb3-4c65-a524-f723cf7ebfe9,43f06182-5eb3-4c65-a524-f723cf7ebfe9,t,2025-12-22 17:42:53.280306-08,43f06182-5eb3-4c65-a524-f723cf7ebfe9,ccfb56d9-bb08-40f4-b941-99b4ef615646,/c4c135fa-2d55-4211-ad43-8ade681d9368,department,channel_organization,,
c5270172-1a1e-4d2a-bf54-d48b2d9127d4,Sáng tạo,448025a0-0ff7-4ed0-a917-399a73decef2,d1d7dd24-7524-4ef5-ab9d-e14db6926186,846be6b5-d3d1-4700-bdcd-5c8feea31a32,2025-04-28 22:51:10.684569-07,2026-03-10 08:45:23.840495-07,358dceb1-c1b0-46b9-a24f-c1b6a7fdb2dd,4ff18538-9423-48a5-bcab-1c3032c1cb27,f,,,43c64600-783b-4c69-aa59-b314e79511d3,/d1d7dd24-7524-4ef5-ab9d-e14db6926186/c5270172-1a1e-4d2a-bf54-d48b2d9127d4,department,channel_organization,,
c6e9747c-2aae-4085-8c49-e9cc954964df,Nguyễn Thị Vân Anh,448025a0-0ff7-4ed0-a917-399a73decef2,87f2e419-9626-4127-b486-22ebd796ecf4,371239d6-d443-4380-905e-adbb0b031137,2026-03-10 09:03:02.262622-07,2026-03-10 09:03:02.272142-07,4ff18538-9423-48a5-bcab-1c3032c1cb27,4ff18538-9423-48a5-bcab-1c3032c1cb27,f,,,7241f336-09cd-4926-bd9f-17a7ad83216a,/953df40d-e9ff-42e4-9ae3-6c1a8b149921/87f2e419-9626-4127-b486-22ebd796ecf4/c6e9747c-2aae-4085-8c49-e9cc954964df,department,channel_organization,,
c7892c89-bb8b-40df-9ec0-a0172aed500c,Tài,448025a0-0ff7-4ed0-a917-399a73decef2,05c03a23-1a79-4eea-94ca-f8b2050d8011,5522d3f5-8180-4409-9c03-8eb21ed53963,2026-03-10 08:59:22.848039-07,2026-03-10 08:59:22.85832-07,4ff18538-9423-48a5-bcab-1c3032c1cb27,4ff18538-9423-48a5-bcab-1c3032c1cb27,t,,,05265366-e764-459e-899a-a68dced33401,/df0289df-7bb3-43f0-b481-4dba85185c7b/05c03a23-1a79-4eea-94ca-f8b2050d8011/c7892c89-bb8b-40df-9ec0-a0172aed500c,department,channel_organization,,
c8964d38-bc9e-4052-bb11-9d5525e736ea,Lê Trung Đức,448025a0-0ff7-4ed0-a917-399a73decef2,9952ff5a-7006-4d39-a1b3-2b80a741e143,27cdf04c-66f0-4f68-86a6-dc81030e5f94,2026-03-10 08:55:12.837574-07,2026-03-10 08:55:12.859351-07,4ff18538-9423-48a5-bcab-1c3032c1cb27,4ff18538-9423-48a5-bcab-1c3032c1cb27,f,,,149cb04f-1a24-4f1d-a26c-8eea263305f0,/df0289df-7bb3-43f0-b481-4dba85185c7b/9952ff5a-7006-4d39-a1b3-2b80a741e143/c8964d38-bc9e-4052-bb11-9d5525e736ea,department,channel_organization,,
ca031f08-5e7f-45cd-9fc1-028b97bdcac9,Dự án D,448025a0-0ff7-4ed0-a917-399a73decef2,1eb79db1-9a46-414f-b98a-8161bc212813,e16a726c-14f5-404d-8c85-c0a847516eeb,2026-03-25 20:03:47.362559-07,2026-05-06 18:46:00.240519-07,d54d395f-d027-40fb-a19c-723d01f6a380,2cd51d46-fd75-4248-bcbe-1641ada95366,f,,,74173e84-cbd3-4da9-986f-e29dfa307896,/1eb79db1-9a46-414f-b98a-8161bc212813/ca031f08-5e7f-45cd-9fc1-028b97bdcac9,department,channel_organization,,
cab117cd-ff22-4016-842d-babeb097dc2c,Design HN,448025a0-0ff7-4ed0-a917-399a73decef2,bb4899fe-64d8-456d-8179-a0ac6826576d,,2025-05-04 00:14:47.981563-07,2025-05-04 00:14:47.989665-07,358dceb1-c1b0-46b9-a24f-c1b6a7fdb2dd,358dceb1-c1b0-46b9-a24f-c1b6a7fdb2dd,t,2026-06-11 00:57:26.126356-07,6a34ddae-be72-471a-ad45-7e226c3a141f,69c6979e-41bf-430e-97d3-deb3413c9c19,/ae0b1e4f-25ee-477b-9b8f-d8e66f1c1b95/bb4899fe-64d8-456d-8179-a0ac6826576d/cab117cd-ff22-4016-842d-babeb097dc2c,department,channel_organization,,
cc9857c7-1e71-435e-9647-96d1fdd757c3,Jazz,36310203-8005-41dc-b51e-a8dc52960496,2fa0edad-c5fa-4a66-a1b4-d0b3ed356463,3cf2fa01-ba27-4b25-9aed-4d7946ed8dcf,2025-12-16 18:56:02.605009-08,2025-12-16 18:56:02.613117-08,43f06182-5eb3-4c65-a524-f723cf7ebfe9,43f06182-5eb3-4c65-a524-f723cf7ebfe9,f,,,699c0100-b579-43e7-88ff-77b3371c0ce1,/2fa0edad-c5fa-4a66-a1b4-d0b3ed356463/cc9857c7-1e71-435e-9647-96d1fdd757c3,department,channel_organization,,
ccedb16f-6ddd-4555-99a8-40962aebdab9,Tài Trung,448025a0-0ff7-4ed0-a917-399a73decef2,df0289df-7bb3-43f0-b481-4dba85185c7b,bc1d576e-4a24-483b-a63a-66b24a95440c,2025-05-03 08:05:39.091742-07,2025-05-03 08:05:39.099293-07,358dceb1-c1b0-46b9-a24f-c1b6a7fdb2dd,358dceb1-c1b0-46b9-a24f-c1b6a7fdb2dd,f,,,2baeca6b-fba6-4438-96cb-28c06500d6c6,/df0289df-7bb3-43f0-b481-4dba85185c7b/ccedb16f-6ddd-4555-99a8-40962aebdab9,department,channel_organization,,
cf19ad24-95f9-4e1a-b1d0-106335bb9704,Nguyễn Thị Ánh Tuyết,448025a0-0ff7-4ed0-a917-399a73decef2,52c10476-77f5-4b2e-b658-4e02ea6ff626,,2026-04-23 00:37:36.573097-07,2026-04-23 00:37:36.592286-07,4cc9d7bf-fc7a-4381-a611-35b43914459f,4cc9d7bf-fc7a-4381-a611-35b43914459f,t,2026-06-11 00:56:20.515132-07,6a34ddae-be72-471a-ad45-7e226c3a141f,e19b4bb4-621e-4a39-b96f-b9f368ed979e,/ae0b1e4f-25ee-477b-9b8f-d8e66f1c1b95/52c10476-77f5-4b2e-b658-4e02ea6ff626/cf19ad24-95f9-4e1a-b1d0-106335bb9704,department,channel_organization,,
cf254f4c-f7bd-4708-8126-76de3c0eeb43,Team Dương,c0b92fe8-a4af-4d8b-966e-1ba531c67325,,,2026-03-25 01:08:28.15472-07,2026-03-25 01:08:28.207324-07,2cd51d46-fd75-4248-bcbe-1641ada95366,2cd51d46-fd75-4248-bcbe-1641ada95366,t,2026-06-09 19:47:26.444003-07,2cd51d46-fd75-4248-bcbe-1641ada95366,87998aec-fd53-463d-a028-78ad4ed5ea74,/cf254f4c-f7bd-4708-8126-76de3c0eeb43,department,channel_organization,,
d1d7dd24-7524-4ef5-ab9d-e14db6926186,RedOne,448025a0-0ff7-4ed0-a917-399a73decef2,,c22d5c76-005a-46c2-9cdb-63f2ae92272d,2025-04-28 22:47:59.130551-07,2026-03-10 08:44:34.969495-07,358dceb1-c1b0-46b9-a24f-c1b6a7fdb2dd,4ff18538-9423-48a5-bcab-1c3032c1cb27,f,,,acbf8651-395e-46d9-a369-5956751b7507,/d1d7dd24-7524-4ef5-ab9d-e14db6926186,department,channel_organization,,
d606ec8f-e20f-4b75-8542-cd06a26b8ea6,Ban Trợ lý,448025a0-0ff7-4ed0-a917-399a73decef2,ae0b1e4f-25ee-477b-9b8f-d8e66f1c1b95,f01dab75-38f6-4ac8-8bff-ba8dcb763f3e,2025-05-11 15:48:59.027895-07,2025-11-19 02:55:39.402969-08,358dceb1-c1b0-46b9-a24f-c1b6a7fdb2dd,6a34ddae-be72-471a-ad45-7e226c3a141f,f,,,055b64ee-2bc4-4e9a-becf-cf0263ee056c,/ae0b1e4f-25ee-477b-9b8f-d8e66f1c1b95/d606ec8f-e20f-4b75-8542-cd06a26b8ea6,department,channel_organization,,
dececaa1-d0b0-48b2-963d-b5d8254e8399,AI,448025a0-0ff7-4ed0-a917-399a73decef2,,e38ddfa4-caef-404b-8d0e-7391305d10b3,2025-05-31 03:34:48.429742-07,2025-05-31 03:34:48.451613-07,358dceb1-c1b0-46b9-a24f-c1b6a7fdb2dd,358dceb1-c1b0-46b9-a24f-c1b6a7fdb2dd,f,,,a2587200-8857-4612-a4a2-9c1d6c96fbfe,/dececaa1-d0b0-48b2-963d-b5d8254e8399,department,channel_organization,,
df0289df-7bb3-43f0-b481-4dba85185c7b,An Tuệ,448025a0-0ff7-4ed0-a917-399a73decef2,,bb03934e-1eb0-47bf-8285-d5660cf67286,2025-04-28 22:46:57.136155-07,2026-03-10 08:53:11.84704-07,358dceb1-c1b0-46b9-a24f-c1b6a7fdb2dd,4ff18538-9423-48a5-bcab-1c3032c1cb27,f,,,c2e6a868-02ae-4d7d-83ac-b3f6130eff48,/df0289df-7bb3-43f0-b481-4dba85185c7b,department,channel_organization,,
e5f3bd0c-7718-4ffc-a93c-2e19f1a7569c,Đức Thành - Hà Nội,36310203-8005-41dc-b51e-a8dc52960496,50e48bdc-d571-44ce-ba1b-f7e320a14550,,2025-12-16 20:15:57.692892-08,2025-12-16 20:16:35.847641-08,43f06182-5eb3-4c65-a524-f723cf7ebfe9,43f06182-5eb3-4c65-a524-f723cf7ebfe9,t,2026-05-04 21:29:06.252901-07,a49192c4-8bb3-4976-a588-82de978a882e,e57e8ca3-217a-4ce7-bbc7-2312730fbd6b,/50e48bdc-d571-44ce-ba1b-f7e320a14550/e5f3bd0c-7718-4ffc-a93c-2e19f1a7569c,department,channel_organization,,
eda7e7ab-9779-4cf2-bb38-6c01bd00caa7,MKT1,448025a0-0ff7-4ed0-a917-399a73decef2,d1d7dd24-7524-4ef5-ab9d-e14db6926186,70ff2255-6393-405b-b409-99b869463cc9,2025-04-28 22:50:16.647308-07,2026-03-10 08:46:43.74312-07,358dceb1-c1b0-46b9-a24f-c1b6a7fdb2dd,4ff18538-9423-48a5-bcab-1c3032c1cb27,f,,,d125fd7f-7731-42f8-b217-85d843429db8,/d1d7dd24-7524-4ef5-ab9d-e14db6926186/eda7e7ab-9779-4cf2-bb38-6c01bd00caa7,department,channel_organization,,
f09c6156-84a9-42be-bfde-1e56ab731fe9,Hà Nội,36310203-8005-41dc-b51e-a8dc52960496,,,2025-12-16 19:06:59.28428-08,2025-12-16 19:06:59.290295-08,43f06182-5eb3-4c65-a524-f723cf7ebfe9,43f06182-5eb3-4c65-a524-f723cf7ebfe9,t,2025-12-16 20:15:28.020052-08,43f06182-5eb3-4c65-a524-f723cf7ebfe9,e8cdc4ab-9e0d-4b1d-9065-27146af7aead,/f09c6156-84a9-42be-bfde-1e56ab731fe9,department,channel_organization,,
f90809f0-84f8-4e33-9bc6-86f41036b86f,Lê Hồng Phong,448025a0-0ff7-4ed0-a917-399a73decef2,87f2e419-9626-4127-b486-22ebd796ecf4,558c0e99-838a-4446-925b-8bf8f4a8fcd6,2026-03-10 09:03:20.705947-07,2026-03-10 09:03:47.271346-07,4ff18538-9423-48a5-bcab-1c3032c1cb27,4ff18538-9423-48a5-bcab-1c3032c1cb27,f,,,636fd605-176f-4e67-a7c8-7e0d7c1b7d77,/953df40d-e9ff-42e4-9ae3-6c1a8b149921/87f2e419-9626-4127-b486-22ebd796ecf4/f90809f0-84f8-4e33-9bc6-86f41036b86f,department,channel_organization,,
