ResourceFileInfoId,ToStatus,_source_id,_source_connection
f0dea304-361c-480f-9ae8-360a8610b2ce,Archived,resource_storage_history,hg_stock
14efe22d-3530-4ac6-ab52-ee2822201ea9,Archived,resource_storage_history,hg_stock
f6227340-55a6-4a25-a5ca-f5120644eb34,Active,resource_storage_history,hg_stock
606dee9d-79a3-4c9c-9524-606a494f35b7,Archived,resource_storage_history,hg_stock
8a6b3bde-8ad1-4197-8b35-b225a15490f9,Archived,resource_storage_history,hg_stock
d8c74091-3b4b-448a-97ea-5ea45b5a41eb,Archived,resource_storage_history,hg_stock
5681290d-acf8-46c0-997b-2807e4f223ea,Archived,resource_storage_history,hg_stock
797c1531-118c-4531-9efa-a033645d436a,Archived,resource_storage_history,hg_stock
b23dd246-d59f-4854-a77a-fdca65f7cb3b,Archived,resource_storage_history,hg_stock
37913c70-23ce-4997-aef9-fae64d880e71,Archived,resource_storage_history,hg_stock
da1dd90f-da3a-4348-9106-42d92b01448a,Archived,resource_storage_history,hg_stock
62e03dd2-af7c-42c5-ba24-4bad7d9a6743,Archived,resource_storage_history,hg_stock
2c9b50d1-bd9a-4b10-bf2f-05eac68e7dcb,Archived,resource_storage_history,hg_stock
29b77b08-ecc7-47af-9fdd-8f6155f06372,Archived,resource_storage_history,hg_stock
8f08dd06-f5e5-4b27-a652-c15990b2e134,Archived,resource_storage_history,hg_stock
f3f16e3c-6369-40af-8cc2-8b20cafa03fa,Archived,resource_storage_history,hg_stock
81eb2d7d-8227-46b5-a8db-70fc96203fb8,Archived,resource_storage_history,hg_stock
45aac4e7-de2c-4f92-a625-38fa1fe39974,Archived,resource_storage_history,hg_stock
4f8a338b-80b8-49c5-a66a-611a3cb5d892,Archived,resource_storage_history,hg_stock
aee62943-1200-4c29-9ae0-f00a3a3edeca,Archived,resource_storage_history,hg_stock
a1263c86-6922-4968-9660-f57743ac331a,Archived,resource_storage_history,hg_stock
a8e9aae4-3f83-4e3d-8b17-41c19df481f9,Archived,resource_storage_history,hg_stock
7111da2a-9d37-4aaf-943a-1d620f589625,Archived,resource_storage_history,hg_stock
8c141eb6-096f-48bd-900e-51b0370245a8,Archived,resource_storage_history,hg_stock
4a92b706-a65c-4dc7-b6a7-7064e1247254,Archived,resource_storage_history,hg_stock
0dfc08c6-e63f-43ba-80f9-e27b94588755,Archived,resource_storage_history,hg_stock
164642bb-34ba-45b9-b8b8-b2fbd63f7923,Archived,resource_storage_history,hg_stock
24f2730e-1641-4697-b808-2c67c49413a2,Archived,resource_storage_history,hg_stock
420f6a79-997d-4199-b098-d0a934a8483c,Archived,resource_storage_history,hg_stock
6d8d4b59-407d-4396-be0e-db20a888cf37,Active,resource_storage_history,hg_stock
a7876151-3dae-4b47-87cc-8577e5d49f2d,Archived,resource_storage_history,hg_stock
1055268e-bfb1-426b-bf73-a01969fb38c6,Archived,resource_storage_history,hg_stock
286f88ef-098a-41fd-b62f-f9e7db5637e4,Archived,resource_storage_history,hg_stock
f7076b9f-9349-453f-8beb-5b744cfb1052,Archived,resource_storage_history,hg_stock
b27c88a3-81eb-4946-a4f0-7c676adcac0b,Archived,resource_storage_history,hg_stock
6bd0e355-fb63-4f05-8cae-aa42a32d4d32,Archived,resource_storage_history,hg_stock
bda7e4d3-a01f-4790-8283-de1a3d97fcfb,Archived,resource_storage_history,hg_stock
da345a9e-60fb-4807-9fb6-0eeb32ae2375,Active,resource_storage_history,hg_stock
a8cd6a25-7bba-427a-a5d8-d10d9814b437,Archived,resource_storage_history,hg_stock
fb8cc658-9215-4c8f-8ef9-eed6fd104583,Archived,resource_storage_history,hg_stock
eb0f1768-f8dd-4677-9b5b-570f5d97a080,Archived,resource_storage_history,hg_stock
0311e43e-4de4-4d59-a424-ad3302eb6f49,Archived,resource_storage_history,hg_stock
dee9ad6e-df5f-43c7-8c3f-bc69078f1f8f,Archived,resource_storage_history,hg_stock
5e5d8265-b047-4e71-9e4a-13644df41b22,Archived,resource_storage_history,hg_stock
836f0741-4de2-4309-9bad-255d19622995,Archived,resource_storage_history,hg_stock
c21b0cb1-491b-4697-8c78-a18db9b6db93,Archived,resource_storage_history,hg_stock
75524c84-720d-4232-afab-f6590a49ce78,Archived,resource_storage_history,hg_stock
260f9acc-0952-408c-8d12-e1711d5200bb,Archived,resource_storage_history,hg_stock
0e9df99f-05e4-42df-ad76-328d9bed0b02,Archived,resource_storage_history,hg_stock
cd2117c8-8791-49ab-a6ec-6dcf90f77604,Archived,resource_storage_history,hg_stock
d7f94997-873c-4232-8580-827cfa4cc220,Archived,resource_storage_history,hg_stock
e3e706bd-4c07-41a8-8d2c-ffb078bfa191,Archived,resource_storage_history,hg_stock
716e86f0-c018-42fe-840f-c857809b124c,Archived,resource_storage_history,hg_stock
5939e682-8797-4a9e-af89-833cf7342e6c,Archived,resource_storage_history,hg_stock
4eaf4c56-bd93-4dec-baa4-e62c837c7db9,Archived,resource_storage_history,hg_stock
cfe0ba07-0f1f-4677-95fe-268f286a634c,Archived,resource_storage_history,hg_stock
bc88b67b-9452-4875-960d-8836f6e54d8d,Archived,resource_storage_history,hg_stock
645ec91c-2007-44a6-a354-d97746442cd3,Archived,resource_storage_history,hg_stock
07ad00bd-7cf3-40fc-a4ba-64338b928b83,Archived,resource_storage_history,hg_stock
1a5e64a0-4036-461e-822b-82cebde8458a,Archived,resource_storage_history,hg_stock
4b143945-bcce-4746-b502-73c9497aa5c6,Archived,resource_storage_history,hg_stock
84df6859-138b-4ee1-bf1e-47c5786dfeee,Archived,resource_storage_history,hg_stock
d9ba111b-7a3d-4e90-b048-164fb08bbedb,Archived,resource_storage_history,hg_stock
d67cf4b1-5519-4b08-9867-03bfba4d565d,Archived,resource_storage_history,hg_stock
9e73dbe6-71e5-49ce-badf-b48a3dfc31ba,Archived,resource_storage_history,hg_stock
c1114687-51cc-41cb-9cb6-01e54b7069c1,Archived,resource_storage_history,hg_stock
a7c69de9-063e-42f8-97a9-5b0acb2b669f,Active,resource_storage_history,hg_stock
4e7b9399-5b13-44c9-8040-41192a34f47e,Archived,resource_storage_history,hg_stock
b2baa005-a5c6-420f-be32-b8bbb3f5f7d4,Archived,resource_storage_history,hg_stock
a15a2b28-5472-4d5f-b6a3-1d56bfbbf9df,Archived,resource_storage_history,hg_stock
7120d632-f6c9-418e-9f6b-9a570bd6d053,Archived,resource_storage_history,hg_stock
27dbef36-d17c-4a6d-8caf-163cc7288090,Archived,resource_storage_history,hg_stock
67b056bd-6859-4d3d-b6ff-64fdde8826d4,Archived,resource_storage_history,hg_stock
1bc2f2ab-d9cd-404c-a588-01cb531f66cb,Archived,resource_storage_history,hg_stock
7ddab7da-988f-4b17-8105-bd3c8dfcbb36,Archived,resource_storage_history,hg_stock
0587938a-ec76-442b-b97d-c15c865c7a37,Archived,resource_storage_history,hg_stock
997512a4-7f69-4516-8d02-9f7873ba6a4d,Archived,resource_storage_history,hg_stock
1e51fa3a-dc55-41d4-9c2b-377dd961f442,Archived,resource_storage_history,hg_stock
40e7e69c-d99b-4d55-bdd0-d12b6d8baa08,Archived,resource_storage_history,hg_stock
45398bc1-e1f5-47e3-935e-556c1c040037,Archived,resource_storage_history,hg_stock
4aa4bb70-0414-494c-aa7b-21097211f357,Archived,resource_storage_history,hg_stock
ac55ebdc-303d-4a36-9a33-94f41446d129,Archived,resource_storage_history,hg_stock
7fc804d2-a34d-4203-bfe7-6dd13063a7ce,Archived,resource_storage_history,hg_stock
7528c2dc-ae5b-4a72-b8b9-087364f03d7d,Archived,resource_storage_history,hg_stock
915af7aa-1074-4ce2-b97e-da1b814e8001,Archived,resource_storage_history,hg_stock
95bc8ea2-94b2-479f-8b89-e33ad23190f9,Archived,resource_storage_history,hg_stock
4e058baf-0462-47c6-945d-275258b7fea6,Archived,resource_storage_history,hg_stock
f9add983-0408-4e55-b8bf-fce8c7ae0d68,Archived,resource_storage_history,hg_stock
9cddd632-42ec-4a1d-bc7a-b86a275ffc64,Archived,resource_storage_history,hg_stock
9fe9227d-cb7e-4e17-afd5-5ab6718cb8ba,Archived,resource_storage_history,hg_stock
29859c3b-c643-4cf3-8374-7d7f71db9bde,Archived,resource_storage_history,hg_stock
f2d95089-e6cd-42ca-a3de-1546f673b9ae,Archived,resource_storage_history,hg_stock
d87d0ed9-3e61-4127-bc0b-1983df7251f5,Active,resource_storage_history,hg_stock
34f6b05b-b030-4722-81ff-2c74e268e423,Archived,resource_storage_history,hg_stock
e03e5621-ac06-41d2-b9cd-788a0001a0f3,Archived,resource_storage_history,hg_stock
85c11c57-6abb-485d-94af-9fe941b3323e,Archived,resource_storage_history,hg_stock
e5a8c677-13a7-4ea5-86e3-dc309fb15375,Archived,resource_storage_history,hg_stock
3f42e839-9928-46c4-9865-48f77d137b65,Archived,resource_storage_history,hg_stock
1399e1e7-c323-4706-8a7c-957d92331707,Archived,resource_storage_history,hg_stock
1165ce6a-9e22-47d9-b972-ec2dcf62a54e,Archived,resource_storage_history,hg_stock
8b4def43-518d-4546-806c-68ac4df6b4ab,Archived,resource_storage_history,hg_stock
1ce39c1d-3bca-4be1-8015-3194267e78d9,Archived,resource_storage_history,hg_stock
1ddf76ef-33a9-401b-b1c4-8c12867526aa,Archived,resource_storage_history,hg_stock
70cb7a69-0cf8-4c06-835b-071f0bbc0a72,Active,resource_storage_history,hg_stock
8dd3fea4-3a0c-416a-bebe-524f23f8e604,Archived,resource_storage_history,hg_stock
9598f7a8-9992-45d2-9c21-f0e53a2b2a15,Archived,resource_storage_history,hg_stock
7c3fe4f1-61ca-400d-b481-97e498af83bb,Archived,resource_storage_history,hg_stock
285c4ae1-a227-489a-bacd-46c98caf4a36,Archived,resource_storage_history,hg_stock
b7f29e08-a93a-4844-b995-55dc46fdc562,Archived,resource_storage_history,hg_stock
781f159a-349d-46b5-bc3a-de24d1607fb3,Archived,resource_storage_history,hg_stock
702f296a-8d2b-433f-8e0c-3c42caef081a,Archived,resource_storage_history,hg_stock
4a54d80e-7346-430b-8a9b-7e07c46ae90d,Archived,resource_storage_history,hg_stock
75e19d12-02fe-4b55-995d-e78755e325a9,Archived,resource_storage_history,hg_stock
fbf284a7-d1d8-4a35-afbe-f83894561154,Archived,resource_storage_history,hg_stock
a6b56124-b228-425f-8d21-30e661fe3664,Archived,resource_storage_history,hg_stock
c5b5f56b-f6a4-4afd-8b47-9eac59138f73,Archived,resource_storage_history,hg_stock
0aee29d8-52c5-44bc-9135-a83e7d22f3d9,Archived,resource_storage_history,hg_stock
56fc6f75-93f8-4573-a65f-694f0f98ee9b,Archived,resource_storage_history,hg_stock
6ab9dfeb-618e-4eff-ab02-14ec5bf85e05,Archived,resource_storage_history,hg_stock
3ff9aebe-53cf-4e66-8e3d-97119c486e63,Archived,resource_storage_history,hg_stock
10105d0a-8148-4185-be98-93ed88e5a8fc,Archived,resource_storage_history,hg_stock
658ac32a-70d6-4873-a99d-03a506a22a35,Archived,resource_storage_history,hg_stock
4ceb056b-7557-4e05-9673-e6736186bf55,Archived,resource_storage_history,hg_stock
6e901dfb-8730-47c9-b311-618cdd162d87,Archived,resource_storage_history,hg_stock
2620575c-0437-499e-8792-328eed3904fd,Archived,resource_storage_history,hg_stock
f64e079f-9c41-431e-bf31-57798fe3bba0,Archived,resource_storage_history,hg_stock
e406366c-8d9c-427f-ac3d-70a70acecaf3,Archived,resource_storage_history,hg_stock
56f4c5ea-d2cd-4dfc-8222-338936f7b3c7,Archived,resource_storage_history,hg_stock
efc0d5d4-33f2-4b10-9e90-5a169c926576,Archived,resource_storage_history,hg_stock
ca3c7ac6-2cb5-4d6c-a24b-32d725d90f62,Archived,resource_storage_history,hg_stock
58b0078a-8dd3-46fb-ba3a-0ae7f7075911,Archived,resource_storage_history,hg_stock
54b4ef44-0db8-4d94-99ab-f9a2ab781be3,Archived,resource_storage_history,hg_stock
e8f7075a-efb1-431d-bc97-91bc6b92a8cd,Archived,resource_storage_history,hg_stock
2607f95d-269f-41d4-a97e-256f385481ab,Archived,resource_storage_history,hg_stock
460ee7bf-898e-4afe-a749-b041e56bddf4,Archived,resource_storage_history,hg_stock
77318c17-cd66-42b3-b42e-dc54c7b9884c,Archived,resource_storage_history,hg_stock
98d08368-f0fb-4e56-b048-b5aad2277d79,Archived,resource_storage_history,hg_stock
fc290ee6-e71e-4ebf-b028-ca39b63661d7,Active,resource_storage_history,hg_stock
3d29822a-e19f-40cb-82b6-e14aac4a00b1,Archived,resource_storage_history,hg_stock
6f24fb78-6fc3-40d9-87f0-9fdcd376e55d,Archived,resource_storage_history,hg_stock
8b3d9c51-549b-4ccc-84fd-b61c2ca9cd54,Archived,resource_storage_history,hg_stock
a1c9bb34-4581-4f07-be42-cde00ccf12f2,Archived,resource_storage_history,hg_stock
e666859a-baf1-4325-ab57-bdefa70d35c0,Active,resource_storage_history,hg_stock
9761a1a5-52c6-4391-9b41-739154dfef33,Archived,resource_storage_history,hg_stock
10e45a71-8a28-4546-affd-9d7e63b3e8e5,Archived,resource_storage_history,hg_stock
b5289258-b2a4-402f-991c-55feacccdc23,Archived,resource_storage_history,hg_stock
03599ac8-d66d-465d-9659-30061ea979c3,Archived,resource_storage_history,hg_stock
768c0f81-f37e-4651-a535-47ef7cae6da1,Archived,resource_storage_history,hg_stock
89339bd3-102a-46dd-930d-21271e05b64d,Archived,resource_storage_history,hg_stock
eb3af8d4-e58a-49e6-8686-4e33be554e0f,Archived,resource_storage_history,hg_stock
ae3852b2-1f9c-4aba-81b7-ae974795867c,Archived,resource_storage_history,hg_stock
2e14e9f7-8589-4119-9d3f-4cc3f113f0aa,Archived,resource_storage_history,hg_stock
9dbe9046-6849-4e74-82a7-fa71eda58030,Archived,resource_storage_history,hg_stock
edbd3cb6-c795-4623-b5e9-d9a5391c266c,Archived,resource_storage_history,hg_stock
7837fea8-608d-45b3-bb11-e4acceb11535,Archived,resource_storage_history,hg_stock
07f73c0b-421c-4fd0-ac9d-42b93c0d144e,Archived,resource_storage_history,hg_stock
2d83e1ca-666e-40b0-8c49-fadd0fa7e4be,Archived,resource_storage_history,hg_stock
07f1bb05-7900-49bb-a31d-606725d4422c,Archived,resource_storage_history,hg_stock
620bc6c5-e6e1-4d97-9ff7-f9ae0de90ba8,Archived,resource_storage_history,hg_stock
570ffccd-7a41-401c-b60c-4f7fe49a3fc9,Archived,resource_storage_history,hg_stock
8e438dba-3566-4e76-b054-432d510c7880,Archived,resource_storage_history,hg_stock
98ab1366-c82e-4116-885f-6eaf3081a169,Archived,resource_storage_history,hg_stock
934a7086-49e8-4c12-8de6-46380e77da7e,Archived,resource_storage_history,hg_stock
e9256142-2b57-42d1-828a-e68e7096c370,Archived,resource_storage_history,hg_stock
feacda4b-8ccc-4c72-81d3-4a3090b6af53,Archived,resource_storage_history,hg_stock
3555f16b-44d7-416c-b302-c0808674e7f9,Archived,resource_storage_history,hg_stock
64b30b93-7a41-4666-bfac-35d9a6ccb525,Archived,resource_storage_history,hg_stock
e7e7daad-b97a-41eb-bbce-e5463875ee41,Archived,resource_storage_history,hg_stock
c6ebf284-d461-4625-8905-a2e5dbc307d6,Archived,resource_storage_history,hg_stock
2ae1b0a3-db2c-4d90-a570-88e99d0fa02b,Archived,resource_storage_history,hg_stock
317d5a39-e93b-4fab-a10b-58a2d93616a5,Archived,resource_storage_history,hg_stock
08774be5-1857-4a5b-b530-1589352a87dd,Archived,resource_storage_history,hg_stock
22e071bc-34c2-4583-b034-8094ed4f89af,Archived,resource_storage_history,hg_stock
e3a6a976-6a54-4ec5-87a7-30ef76d26763,Archived,resource_storage_history,hg_stock
00c25820-c4a5-475a-ae17-4d92bd28f18c,Archived,resource_storage_history,hg_stock
96e16075-8491-4484-ba0a-fd3ae4e2539e,Archived,resource_storage_history,hg_stock
8a237f9f-be8b-44b4-afd1-fcb7088bab58,Archived,resource_storage_history,hg_stock
d4ad54c7-2a58-48f2-a523-a0c7608084ac,Archived,resource_storage_history,hg_stock
605c33ba-87dd-45e1-945c-037e540b65e4,Active,resource_storage_history,hg_stock
a1203ee3-6063-425d-9339-a56956e328d4,Archived,resource_storage_history,hg_stock
738343f8-9f39-423b-8118-da6939741894,Archived,resource_storage_history,hg_stock
96fad212-b53a-4812-939b-2d66d15d2c6d,Archived,resource_storage_history,hg_stock
e934bcc4-1919-4fbf-9add-73f846d1a3ad,Archived,resource_storage_history,hg_stock
6de2ee39-18b8-4ceb-9d24-a3171c39e556,Archived,resource_storage_history,hg_stock
1eda8d8f-bd2d-4611-b01c-6d19fd378cf3,Archived,resource_storage_history,hg_stock
13bc19d7-636b-448f-a085-e7dcbebc87cd,Archived,resource_storage_history,hg_stock
98dcab7a-3015-44b6-ab30-852ebf7c3cb5,Archived,resource_storage_history,hg_stock
4cae13ae-edda-43a2-80fb-37ace13993d6,Archived,resource_storage_history,hg_stock
9c1652b2-f3c8-436b-a394-46a2b616dd1c,Archived,resource_storage_history,hg_stock
8e9e3a28-21d1-437f-83b4-779cd256f3f0,Active,resource_storage_history,hg_stock
9677eecb-1e93-4ccd-b8bb-cccc500a8a26,Archived,resource_storage_history,hg_stock
fe224c42-cf93-4660-b8f6-36521364b845,Archived,resource_storage_history,hg_stock
12f68fc6-0a5a-4258-b5e8-54d2b2845602,Archived,resource_storage_history,hg_stock
503a2f9d-6974-43ea-b39b-74f1bc1a93bc,Archived,resource_storage_history,hg_stock
854be492-3659-4c00-88fc-b0e1fe00eefb,Archived,resource_storage_history,hg_stock
54aa60c2-6288-453e-bec8-7610335cb6c9,Archived,resource_storage_history,hg_stock
cfd49d6b-3834-4cb2-8651-eb5ee3d093ab,Archived,resource_storage_history,hg_stock
8c00eea6-69fc-423b-a72e-165244fe81ab,Archived,resource_storage_history,hg_stock
6e9a58a4-c279-4412-b827-abba4c711065,Archived,resource_storage_history,hg_stock
0e9729a1-2c28-4aa7-917e-d2d83153a775,Active,resource_storage_history,hg_stock
b8cfc2d6-f735-4949-8efd-317ea79d5ae4,Archived,resource_storage_history,hg_stock
b987c702-1d2b-4195-851b-a547347ea833,Archived,resource_storage_history,hg_stock
a0eec6ab-ecbf-4776-955e-f16c826e74c8,Archived,resource_storage_history,hg_stock
5faeda7b-53f5-4952-926b-86fa0cef6cb8,Archived,resource_storage_history,hg_stock
53131224-19fe-486b-95d4-8f0d8d30791b,Archived,resource_storage_history,hg_stock
5333319f-6bca-4c4a-af5f-33eb9976c6e7,Archived,resource_storage_history,hg_stock
7d0a0cf7-4b2f-4725-9f42-5f8154392066,Archived,resource_storage_history,hg_stock
6826ae03-ab85-4bdd-b6b6-86e82db2040c,Archived,resource_storage_history,hg_stock
a8128825-f6e5-4001-8e09-ec080f64f7a4,Archived,resource_storage_history,hg_stock
d460b8d8-7a04-4c18-99db-7348d3fba76e,Archived,resource_storage_history,hg_stock
62d213ca-9df3-4e84-9a2c-fdfc582775af,Archived,resource_storage_history,hg_stock
ab3dd8c7-ef5a-4598-aca0-b20b631584ff,Archived,resource_storage_history,hg_stock
a13f6bef-66e6-4367-87af-f8ce5f0be190,Archived,resource_storage_history,hg_stock
70308865-616e-4383-8532-1e6b2b3c2976,Active,resource_storage_history,hg_stock
74c36e43-efb6-4249-aa0f-d7dd45032d7d,Archived,resource_storage_history,hg_stock
0cab4d4a-541d-47a8-be56-1e5f975acc7a,Archived,resource_storage_history,hg_stock
84a19225-9a9e-4657-9186-03d3d903b1fa,Archived,resource_storage_history,hg_stock
8779f0ff-bdd2-4282-9c78-303a7a481cfb,Archived,resource_storage_history,hg_stock
07a64a28-9ae5-4852-9371-f377ba03e1d9,Archived,resource_storage_history,hg_stock
1876cab6-7c07-4b03-b2c3-8c8f800df9b2,Archived,resource_storage_history,hg_stock
937a7261-0525-4a6f-8fc0-3eeee2a6adae,Archived,resource_storage_history,hg_stock
907c156f-6929-4732-8385-b82c48e3f4ae,Archived,resource_storage_history,hg_stock
05981c88-dbfa-41ec-b03a-911dda39ce88,Archived,resource_storage_history,hg_stock
5d965bc8-454a-42fa-8a77-9508295902e1,Archived,resource_storage_history,hg_stock
024becaf-6366-41fc-a24f-f73bc8068343,Archived,resource_storage_history,hg_stock
587d527e-7302-4e2b-9a70-0804e664e3d7,Archived,resource_storage_history,hg_stock
61e317f5-7e24-4b7c-9dd8-b261e5fc2de0,Archived,resource_storage_history,hg_stock
5087e4c2-c3ab-49d8-a4aa-2704a5a3e84f,Archived,resource_storage_history,hg_stock
1231ec59-6d6b-4a92-8962-fd8a2cb2867d,Archived,resource_storage_history,hg_stock
d1971deb-7c7e-4ce1-a173-434cb844d82c,Archived,resource_storage_history,hg_stock
073974aa-4e0b-4e71-b387-de841013bf62,Archived,resource_storage_history,hg_stock
c673c9e5-d5f0-47df-962a-350bb441be3f,Archived,resource_storage_history,hg_stock
1ee6eadd-fc71-4856-ab2b-79b1b71eba29,Archived,resource_storage_history,hg_stock
bd500bd6-9951-4c65-b055-fb16fd82d2d5,Archived,resource_storage_history,hg_stock
ab452538-4918-4f4f-bd84-e8b46417e408,Archived,resource_storage_history,hg_stock
83a87865-18df-489f-bfaf-5b49bdce9b39,Archived,resource_storage_history,hg_stock
eeb78f7e-c2c2-46d0-ab36-07d7aeea69ce,Archived,resource_storage_history,hg_stock
bc2f9932-c5cf-4369-ab98-cb2bfd5f9d50,Archived,resource_storage_history,hg_stock
e4394e3d-6934-49a2-9d23-e4cbba8d97bb,Archived,resource_storage_history,hg_stock
0acbb5e3-e857-4018-9042-94713ae66fab,Archived,resource_storage_history,hg_stock
5f9c3f05-480c-4ee5-9c48-0a51ef1f9eb2,Archived,resource_storage_history,hg_stock
145ea5df-60e2-4e14-908f-6bd86671c8cb,Archived,resource_storage_history,hg_stock
22d24afa-92d8-4730-a97a-2cfe852f7d7d,Archived,resource_storage_history,hg_stock
4fd634a7-e1b3-4a84-a00e-13a153a5f54b,Archived,resource_storage_history,hg_stock
6557aee3-64d4-4ccc-97b9-ca90262d4dfb,Archived,resource_storage_history,hg_stock
ffd425d8-ac10-4ac0-8cea-2a114e52dc43,Archived,resource_storage_history,hg_stock
a3dc0a09-0eaf-4893-86f4-61f9b966d519,Archived,resource_storage_history,hg_stock
880963c4-8f5b-4f81-88d8-47ca9745721d,Archived,resource_storage_history,hg_stock
3f4ceefc-b2dd-45df-bfdd-9b05e2efa65c,Archived,resource_storage_history,hg_stock
d01509e5-4fa3-4e0c-8cf6-b3747b382de4,Archived,resource_storage_history,hg_stock
6b9d4eca-0606-4b1b-8302-c6d135562eed,Archived,resource_storage_history,hg_stock
367cd448-0f3e-4e93-a53f-13449e306901,Archived,resource_storage_history,hg_stock
ec472325-d76f-485d-89ba-86bc686eab80,Archived,resource_storage_history,hg_stock
e8e4ed14-b557-483b-8838-9c90c07b3a44,Archived,resource_storage_history,hg_stock
d4446c99-2fb7-47da-bb76-5be937a7da45,Archived,resource_storage_history,hg_stock
e59549ad-b373-4471-810a-7170bd0fc30a,Archived,resource_storage_history,hg_stock
031b1498-a16d-4da1-a1da-18fcb7c1e3be,Archived,resource_storage_history,hg_stock
ea7ca15b-9e1b-41fd-abda-9a5951995cd1,Active,resource_storage_history,hg_stock
657a4201-f5c2-4efd-8d65-e098264e8b12,Archived,resource_storage_history,hg_stock
1f4d2f81-3ac5-4f89-bf16-3eb7e04fdc5c,Archived,resource_storage_history,hg_stock
2795b288-27bf-451e-9d1a-7612d448ff11,Archived,resource_storage_history,hg_stock
a3015e74-c2d7-4ca4-b2c2-1e6f6b150405,Archived,resource_storage_history,hg_stock
85cca3ce-a91b-4d6a-8fc0-d0fb82c44635,Archived,resource_storage_history,hg_stock
b69bade0-50bb-40de-b912-75bb4476c271,Archived,resource_storage_history,hg_stock
cd1fbfe1-407e-4f0a-9dcd-b3296f7bb1a0,Archived,resource_storage_history,hg_stock
2fd75f7a-3111-4080-9391-4b6e36f12ab0,Archived,resource_storage_history,hg_stock
f20cfe25-f949-4680-8697-21e850ef7be7,Archived,resource_storage_history,hg_stock
a965092c-fc4e-4248-8249-e2c67903b889,Archived,resource_storage_history,hg_stock
22fcef94-7577-46c3-91e0-a301ba5d9806,Archived,resource_storage_history,hg_stock
a5c8ea2d-7089-4feb-8c03-9baf6822b54b,Archived,resource_storage_history,hg_stock
63102103-a750-4163-bc82-5817716f41db,Archived,resource_storage_history,hg_stock
ae8b115a-9704-4b46-8115-ac8aab09b2e0,Archived,resource_storage_history,hg_stock
8b713227-c649-4751-bc8d-21f00a455d7b,Archived,resource_storage_history,hg_stock
2ee6591e-8da2-4fc2-a941-c266c06a02a7,Archived,resource_storage_history,hg_stock
088b45d6-331e-451e-966d-251c6fa6e652,Archived,resource_storage_history,hg_stock
dfbdc20a-884a-4472-8fbd-a33bd0d7285d,Archived,resource_storage_history,hg_stock
517afb66-26fe-49f4-bfe4-32c14a210cac,Archived,resource_storage_history,hg_stock
3d74ef81-93fe-4369-8fab-a73cee437fc6,Archived,resource_storage_history,hg_stock
e578a9f6-1019-4a9c-8ce4-cfe4e653c51a,Archived,resource_storage_history,hg_stock
c85187c5-2ca6-4d5a-91cd-138141978700,Archived,resource_storage_history,hg_stock
3832eaa9-fd1c-44f2-a764-cc221c2ad057,Archived,resource_storage_history,hg_stock
8ae1c74d-c49b-44b0-afca-4fdf624bd72c,Archived,resource_storage_history,hg_stock
3c128f78-ac41-4049-b095-5c8812c4ef07,Archived,resource_storage_history,hg_stock
ef1ea018-70cd-422f-a6d1-02914f079ff2,Archived,resource_storage_history,hg_stock
5fbc3b84-8a49-4805-a0dd-0e6305337461,Archived,resource_storage_history,hg_stock
8f4e12c3-1f1b-40ec-8f4f-8df577f66ef9,Archived,resource_storage_history,hg_stock
7867d6fe-4bca-4dab-98d0-db6dcfdec223,Archived,resource_storage_history,hg_stock
61566f20-2c2a-4dac-a85e-1781ea5c2b44,Archived,resource_storage_history,hg_stock
9feb783b-4d75-40de-be96-bdd9f75316ec,Archived,resource_storage_history,hg_stock
7a2d9d01-7a74-4172-9d85-24deb69c9f29,Archived,resource_storage_history,hg_stock
1ce39925-0345-4fc1-9915-d9c86b0c35c3,Archived,resource_storage_history,hg_stock
bf4fe8d0-03a1-4516-af17-4e2520f82c1f,Archived,resource_storage_history,hg_stock
a4d0a7c5-36fe-4d5b-9527-c14f3d292f17,Archived,resource_storage_history,hg_stock
370f891e-6641-491f-9fff-fae45551ad62,Archived,resource_storage_history,hg_stock
85cdb471-8a42-447e-b900-411aa670aca8,Archived,resource_storage_history,hg_stock
085c48c5-bec1-4785-97a1-2a67b19b2694,Active,resource_storage_history,hg_stock
05aaa4a8-39e5-428f-aa4d-08aa526a50be,Archived,resource_storage_history,hg_stock
e8cc0d9a-c0c2-49cc-9ebe-3774c942e333,Active,resource_storage_history,hg_stock
7b8c37a5-f7f4-4665-b284-b0c2309b92c5,Archived,resource_storage_history,hg_stock
c8f6f7a6-8433-47f9-94b7-06364f12c622,Archived,resource_storage_history,hg_stock
870dcd29-dcca-4bda-b3a0-f553fb7ee86c,Archived,resource_storage_history,hg_stock
cfb988aa-fe6a-4f82-96a0-0e8808670163,Archived,resource_storage_history,hg_stock
133cc02b-4d97-4e84-8703-47e42cc452c1,Archived,resource_storage_history,hg_stock
f2a84df0-ffc1-4c88-a758-0490de4797e6,Archived,resource_storage_history,hg_stock
2b3f6e7b-82d1-4a14-8337-d8b90cef37a7,Archived,resource_storage_history,hg_stock
f664dacf-59d6-4c81-a4a4-6a870f88e9df,Archived,resource_storage_history,hg_stock
f8368e05-22e3-44d0-af29-355ce923d23d,Archived,resource_storage_history,hg_stock
e4a1ad6a-1b85-4f9a-b6b6-b4e45ba05630,Archived,resource_storage_history,hg_stock
3f7510ca-0a00-4a42-8a9b-b6e2d5699f08,Archived,resource_storage_history,hg_stock
3ee86e1b-51e8-4d36-8185-394777a75ed4,Archived,resource_storage_history,hg_stock
f019ff4f-6b70-45df-948a-d93498837e5a,Active,resource_storage_history,hg_stock
4e75aefb-c5ff-4dfd-b234-a59d1fc458ba,Archived,resource_storage_history,hg_stock
af3955f5-67cf-4290-b3e1-17f60306e7ce,Archived,resource_storage_history,hg_stock
418c1d2c-bf3a-4901-b1c4-11400e23182d,Archived,resource_storage_history,hg_stock
fd1cdee6-e417-4794-931c-0a9f43f94200,Archived,resource_storage_history,hg_stock
ea92a3f2-53c4-4676-a5ef-807bf835c52c,Archived,resource_storage_history,hg_stock
1ec3b9ea-a12b-40f3-8e5b-543458bf92d1,Archived,resource_storage_history,hg_stock
4224b74b-bdc6-4813-99cb-76d08bbb8919,Archived,resource_storage_history,hg_stock
e768efd4-8687-4bb8-a60f-f270b0a8f6d3,Archived,resource_storage_history,hg_stock
992a565c-8433-49a4-adf5-540893cc111d,Archived,resource_storage_history,hg_stock
abb6426f-cd13-40dc-9cd1-06865cefa1d1,Archived,resource_storage_history,hg_stock
c5a21f1c-1ac6-4831-b90f-5130409a9df8,Archived,resource_storage_history,hg_stock
78219e08-5f0f-4a45-9afb-2cd2e425adaf,Archived,resource_storage_history,hg_stock
af83e707-e524-4878-a14c-030d1f019d6d,Archived,resource_storage_history,hg_stock
e1bc2eff-d387-46a1-afa9-0b2d38745ef7,Archived,resource_storage_history,hg_stock
91c30588-2608-4547-8328-96b541f165a4,Archived,resource_storage_history,hg_stock
816ec8ad-0373-4f4b-a217-cec07aa6c0db,Archived,resource_storage_history,hg_stock
15279f1c-1e18-4304-bb78-36363b5e4dc6,Archived,resource_storage_history,hg_stock
b63ab9f1-0b3a-4e9b-a986-444d5900df6d,Archived,resource_storage_history,hg_stock
97a7e714-71ad-4400-94a2-34490605a148,Archived,resource_storage_history,hg_stock
ffb0d232-b4d9-47a8-8ac7-c22eed985ea6,Archived,resource_storage_history,hg_stock
e7f0f900-c19e-42df-a799-348d0ead5f64,Archived,resource_storage_history,hg_stock
0e4cb14b-5ad8-45fd-acb9-44b5dd63c567,Archived,resource_storage_history,hg_stock
d9fb0d29-7349-47f6-a9e5-2794a4c03b72,Archived,resource_storage_history,hg_stock
f373abd2-6cee-4cda-b3d7-7aece2d12ea7,Archived,resource_storage_history,hg_stock
83330bce-1e45-4772-8ce6-a7879dfd50b2,Archived,resource_storage_history,hg_stock
63f165e2-921d-4105-ae32-4c2a13b9da58,Archived,resource_storage_history,hg_stock
1ec292b4-7b1e-406e-9215-785936992e8f,Archived,resource_storage_history,hg_stock
0eaebf8b-d227-48dd-b36e-f48db0622b6e,Archived,resource_storage_history,hg_stock
140160d4-b0e2-4677-9d04-259e21682b1f,Archived,resource_storage_history,hg_stock
958df63f-6a08-4766-93ae-afc6a4dc0a2f,Active,resource_storage_history,hg_stock
e66e589d-5f0f-4dd2-9d4a-3a151acc4ae1,Archived,resource_storage_history,hg_stock
927fd4cc-bf6f-4f05-8782-2c162bae2ccd,Archived,resource_storage_history,hg_stock
076b3e4d-1d22-46f8-bc2a-ececca052c98,Archived,resource_storage_history,hg_stock
7d6cc7b0-ecc9-4ac3-be5f-af49291c4384,Archived,resource_storage_history,hg_stock
5122c85a-d4c1-413f-9c6a-73a1758dff51,Archived,resource_storage_history,hg_stock
7147e949-7ff3-460a-9671-b96ce6c118a8,Archived,resource_storage_history,hg_stock
62874082-7d5a-498e-8c95-3e15606d093a,Archived,resource_storage_history,hg_stock
b53c754e-0434-4bb2-b1e5-fac554e4690c,Archived,resource_storage_history,hg_stock
018273ba-74d7-4774-a009-d69722f41cd9,Archived,resource_storage_history,hg_stock
f3539ece-c4b5-4c57-bc84-085802dff6ca,Archived,resource_storage_history,hg_stock
aa515954-a2d7-4252-8057-7c2d990a5a6d,Archived,resource_storage_history,hg_stock
100ac184-6654-41e8-b317-2e9257324da6,Archived,resource_storage_history,hg_stock
e656bc8b-80ca-47c0-a1d6-229ada9eb094,Archived,resource_storage_history,hg_stock
eff17064-a9b6-47be-b22c-fea8a7be2a87,Archived,resource_storage_history,hg_stock
be7b010f-0a64-4958-825b-dc9b52ecad29,Archived,resource_storage_history,hg_stock
1d6504d0-3d7b-479d-af1a-84dabdfe2319,Archived,resource_storage_history,hg_stock
d89addcc-0c2d-494a-ac5c-e5c0f9864729,Archived,resource_storage_history,hg_stock
1890cab8-efff-42bb-bc9a-b06f5fd076af,Archived,resource_storage_history,hg_stock
73b083eb-b042-4047-8785-0f787c58c20a,Archived,resource_storage_history,hg_stock
9073de1c-e9e7-4148-9d77-c57db1372ca4,Archived,resource_storage_history,hg_stock
fac9a291-461b-49f9-a702-b61a89f54696,Archived,resource_storage_history,hg_stock
799bd7bf-c760-44d2-b123-d09267b97d1b,Archived,resource_storage_history,hg_stock
8de39ea4-2ded-4059-8db8-0e3eb61ce77a,Archived,resource_storage_history,hg_stock
4c8ea6f0-3082-4e1b-96ef-5aaa30902499,Archived,resource_storage_history,hg_stock
5935542e-cb30-4983-9d68-52dc993e9340,Archived,resource_storage_history,hg_stock
3c318cec-718a-4f67-8842-737652d309c5,Archived,resource_storage_history,hg_stock
95d3d283-433b-4a6f-bd7b-3f4490327583,Archived,resource_storage_history,hg_stock
b491b422-9435-42bf-8a77-c6be03cc74cf,Archived,resource_storage_history,hg_stock
44788db9-cd37-4987-b82e-7827978570ee,Active,resource_storage_history,hg_stock
a71a3ec4-2b06-454c-8bd8-7279db9f64bc,Archived,resource_storage_history,hg_stock
8c16daa2-750b-4dc5-b4fb-fee832d6245f,Archived,resource_storage_history,hg_stock
22efb926-175d-45f1-b60a-140c20cd31af,Archived,resource_storage_history,hg_stock
192e334d-121b-46b0-ba3b-d3af4f752cfa,Archived,resource_storage_history,hg_stock
082c083c-1581-4d1b-9e22-3bc881c1b2c6,Archived,resource_storage_history,hg_stock
92ae4c02-fc39-4fcf-b2c9-8fbab6042ae3,Archived,resource_storage_history,hg_stock
0af96025-edbf-4370-be82-6515f6e2cbe2,Archived,resource_storage_history,hg_stock
7948bf9a-4eac-4a71-bb5c-81fd4ddd36eb,Archived,resource_storage_history,hg_stock
8bf3207b-3872-4448-b1e9-586a0bca3f15,Archived,resource_storage_history,hg_stock
6aedc38b-0ccd-471e-a202-d4067306b1d6,Archived,resource_storage_history,hg_stock
f8037c4d-e3ef-4e2f-a842-c23374c714be,Archived,resource_storage_history,hg_stock
e791aff6-6f16-4923-89b8-ada95627ae96,Archived,resource_storage_history,hg_stock
c6b50408-ad68-4c22-a416-3dfc6f19aff9,Archived,resource_storage_history,hg_stock
4c05f8b2-e23b-4dc9-ba3e-6a403e874b4a,Archived,resource_storage_history,hg_stock
67c76051-979d-4890-914c-33f48c22ab3e,Archived,resource_storage_history,hg_stock
f206186d-8da5-4176-992b-759179622ed6,Archived,resource_storage_history,hg_stock
2981e9eb-4e7e-4b2d-aced-5777d71da9a9,Archived,resource_storage_history,hg_stock
658e905d-72c6-4589-8d67-a469848c7053,Archived,resource_storage_history,hg_stock
de03ecbb-ad6b-4ce3-b260-46d23defc443,Archived,resource_storage_history,hg_stock
2b919dda-9876-435c-b175-2ceb56423f33,Archived,resource_storage_history,hg_stock
0cbf68b1-3c54-45ff-8dea-d9dd5218cbd3,Archived,resource_storage_history,hg_stock
a0c2167b-ddb2-4d46-8c39-5243434abeb0,Archived,resource_storage_history,hg_stock
e0cadec9-0d3e-4f65-a1fe-6be56d7cb305,Archived,resource_storage_history,hg_stock
6130664c-7d57-4104-b9c5-891253c52e2c,Archived,resource_storage_history,hg_stock
6852058c-6f80-41c5-a5ee-bffe9546dd83,Archived,resource_storage_history,hg_stock
cb42e0a2-8f67-44d0-9268-c1a0b4e43dda,Archived,resource_storage_history,hg_stock
89987a28-ccb9-4552-ab23-dab92cf71b33,Archived,resource_storage_history,hg_stock
0b47f68f-6566-4d9c-9829-8e9fb29296b0,Archived,resource_storage_history,hg_stock
a04b87af-4bc7-4212-9820-99bce2faaa7f,Archived,resource_storage_history,hg_stock
430cd896-abe9-4cc3-a18c-8a0b777ac953,Archived,resource_storage_history,hg_stock
c1461ca9-1a30-4281-a46a-6e37c9b1cd8a,Archived,resource_storage_history,hg_stock
f8f30602-02f0-43d6-9470-5b124e9dc18f,Active,resource_storage_history,hg_stock
9bbbdc3e-0efd-47ee-b6fd-907fbb645eb7,Archived,resource_storage_history,hg_stock
883aa837-1836-47b5-a9e8-8662e47a387b,Archived,resource_storage_history,hg_stock
c90c1fc9-3a39-4f95-8b3c-ba759900fa0e,Archived,resource_storage_history,hg_stock
b46209c0-eb46-4a59-956c-87291057cc69,Active,resource_storage_history,hg_stock
a83d91a1-b89d-479b-8f4e-1ec9be5910d8,Archived,resource_storage_history,hg_stock
5fa9b736-9781-4359-87d7-3181616491d2,Archived,resource_storage_history,hg_stock
bfe8e315-11d0-4fea-82ac-eb7e5d86cd85,Archived,resource_storage_history,hg_stock
2d6be060-761d-4f46-b4ad-da0d90ec04aa,Archived,resource_storage_history,hg_stock
9b53588e-e958-4062-b72e-2cb10b97cfec,Archived,resource_storage_history,hg_stock
1aac685f-2614-4ae2-a284-f25da0f22a7c,Archived,resource_storage_history,hg_stock
c3964310-df60-451e-b279-d9234d6ffaa4,Archived,resource_storage_history,hg_stock
10ce6a01-b300-4242-bec4-cfe2e1b7de4e,Archived,resource_storage_history,hg_stock
c1d7c8db-65a2-425d-a961-71d57324500a,Archived,resource_storage_history,hg_stock
0016f9af-ff90-4e8d-ab97-225ec75409cc,Archived,resource_storage_history,hg_stock
10f097fb-cfdc-4ca4-a5cb-798d304414e4,Archived,resource_storage_history,hg_stock
2b1f4fe0-ac21-4284-af33-49e71d70bfaf,Archived,resource_storage_history,hg_stock
b273c8bf-5ba2-4655-b380-e4fe6f86ce77,Archived,resource_storage_history,hg_stock
f0f4f47b-897b-4a6a-8308-075530aaa3e9,Archived,resource_storage_history,hg_stock
d24c3201-0680-4fdf-84a3-704c748c55e4,Archived,resource_storage_history,hg_stock
54a8100a-dadd-4f8c-92d5-674af6857a65,Archived,resource_storage_history,hg_stock
d95609ed-616f-4393-9225-938080ff6b72,Archived,resource_storage_history,hg_stock
ed003df1-ebfd-4f0c-b1e6-a65249cc905c,Archived,resource_storage_history,hg_stock
b194f8a2-3e94-4d64-b130-cd11f1e8a9ec,Archived,resource_storage_history,hg_stock
2ecae376-a78d-4e3a-9d69-4995a1047c3a,Archived,resource_storage_history,hg_stock
dc85b365-6035-4058-9374-dfbe26c1cf65,Archived,resource_storage_history,hg_stock
fe863bab-fdff-4224-b670-09a2e3bf7e4a,Archived,resource_storage_history,hg_stock
fbbb982d-8fcd-4fe9-bb2a-bc92d529b12c,Archived,resource_storage_history,hg_stock
d2f77c5c-17e3-4148-a25b-ffe741f2c63f,Archived,resource_storage_history,hg_stock
be6e2f4f-13d9-49b5-bcf8-4b6c9ee4645d,Archived,resource_storage_history,hg_stock
c4333edf-227e-43a4-ac47-0ea0ad6a3375,Archived,resource_storage_history,hg_stock
ee49d099-7e14-483a-9c69-e52f9e2a5653,Archived,resource_storage_history,hg_stock
bff43786-21c2-4d0a-98e4-9ad416c40df5,Archived,resource_storage_history,hg_stock
24847fa9-d845-4fe0-a703-4452e91a5fd2,Archived,resource_storage_history,hg_stock
c49fc29b-00fa-40eb-9dcb-f8bbad66b7c7,Archived,resource_storage_history,hg_stock
5d33c049-3de0-4b27-b0f7-ea6c0bc8b83b,Archived,resource_storage_history,hg_stock
498bbfb3-04da-47ba-91c6-2ad4747357ee,Archived,resource_storage_history,hg_stock
f28ebad1-d824-44d8-b572-8727509e45d3,Archived,resource_storage_history,hg_stock
89b64276-fcf0-45b1-988c-4466ebeb8ed3,Archived,resource_storage_history,hg_stock
1e41a5b0-1c7c-448e-95f2-f7bc5d1d0ce9,Archived,resource_storage_history,hg_stock
74398b7f-ca5c-453d-ad8b-c54a7f8ce686,Archived,resource_storage_history,hg_stock
beac7dd4-ad8e-4aad-b23c-ce6e651f62e2,Archived,resource_storage_history,hg_stock
ede92119-6a62-41d6-914d-ee9cdf7d8ea7,Archived,resource_storage_history,hg_stock
43a00170-f7ca-459a-ace4-5600fceb9ddc,Archived,resource_storage_history,hg_stock
37ce0ff2-593a-453b-a885-828cc7f9cf56,Archived,resource_storage_history,hg_stock
7af9fa55-61a7-4fad-a497-8ce74ba3022c,Archived,resource_storage_history,hg_stock
47dc1ad3-5b29-472c-9705-6727258ebadd,Archived,resource_storage_history,hg_stock
0e0ce98b-5d21-4c5e-a9a7-2a51bbd20a15,Archived,resource_storage_history,hg_stock
6a8d7e71-390a-4a06-b88d-ebee3fe03907,Archived,resource_storage_history,hg_stock
3a688b9e-c69b-48d1-a8cc-c96d81065b21,Archived,resource_storage_history,hg_stock
a353aae3-876f-408b-be57-fedcf0389261,Archived,resource_storage_history,hg_stock
8ecd075c-afc5-4f19-b7bd-a12e705fbf87,Archived,resource_storage_history,hg_stock
b2a8396a-1e01-41b2-8bb7-5e3499241e64,Archived,resource_storage_history,hg_stock
9ed39100-127f-42b7-9116-862814fd85c5,Archived,resource_storage_history,hg_stock
51a7d524-898d-4e89-90b3-72a0708a4ea3,Active,resource_storage_history,hg_stock
7e69be41-270c-498e-b23a-1f4fda24cd2b,Archived,resource_storage_history,hg_stock
eca7da2b-ad96-41dd-a8d5-3f33d95598b1,Archived,resource_storage_history,hg_stock
ef521368-72c0-453a-ab2d-f80064847072,Archived,resource_storage_history,hg_stock
fd0316b6-1fd6-4b18-9898-8007559cff15,Archived,resource_storage_history,hg_stock
fefb9281-c0bc-402d-a5b3-4848033ac1af,Archived,resource_storage_history,hg_stock
d3d09208-82a4-4712-8d58-10c50600c655,Archived,resource_storage_history,hg_stock
370dad72-9472-4566-b69a-0c5ac2ff6e60,Archived,resource_storage_history,hg_stock
791c0148-738d-43b7-a3fa-385b31c0a985,Archived,resource_storage_history,hg_stock
6227daad-6c88-4708-8418-7db8768c360a,Archived,resource_storage_history,hg_stock
b02a2ba6-9514-4f5c-a066-52b1dd93b8d6,Archived,resource_storage_history,hg_stock
b78e7ccf-2a79-48e6-b768-9ed9ca98467b,Archived,resource_storage_history,hg_stock
78de1d10-b949-40a5-93a7-9fce09f18a4c,Archived,resource_storage_history,hg_stock
6e7b73ea-c942-4c4c-9702-3aed5fac323f,Archived,resource_storage_history,hg_stock
f84e4f48-0c16-4b77-b4b3-17e2ade5d923,Archived,resource_storage_history,hg_stock
0dd976ad-8805-47f5-bb3e-1690513a456c,Archived,resource_storage_history,hg_stock
1b70293f-d23e-400f-82d5-e2a7901d967f,Archived,resource_storage_history,hg_stock
ad00eda0-a330-4dfc-96e7-0f97204695d7,Archived,resource_storage_history,hg_stock
7a557c9f-32b6-4aed-977e-0304172acfa1,Archived,resource_storage_history,hg_stock
b837fef7-dc9a-4f2d-b25e-a9bf28528fd2,Archived,resource_storage_history,hg_stock
831c72a2-b2f9-4150-8762-7459fc779af5,Archived,resource_storage_history,hg_stock
09110e66-01de-46eb-903a-213179c2e46b,Archived,resource_storage_history,hg_stock
37c8205b-c83e-4cbd-a94d-7a0d7f2fd0ab,Archived,resource_storage_history,hg_stock
6e89b3fb-83e6-4f82-b923-5ad6edddb70c,Archived,resource_storage_history,hg_stock
64ee0a29-405d-46a0-9551-4139a602bcce,Active,resource_storage_history,hg_stock
8ec7b3db-90ad-4a21-bea0-fe6ee93164f4,Archived,resource_storage_history,hg_stock
acd2b2a1-63da-4a47-9554-6ff25005e705,Archived,resource_storage_history,hg_stock
c668d868-0669-4238-83a7-c9931bf5c0f4,Archived,resource_storage_history,hg_stock
6ebdecd3-b57d-433b-8cdf-6b043f786d34,Archived,resource_storage_history,hg_stock
34b3d004-66bf-423c-b0c8-5b50844b6366,Archived,resource_storage_history,hg_stock
771a850f-76a1-422f-bbfc-2d3c2a6ef4f1,Archived,resource_storage_history,hg_stock
9224ab90-dcf1-4f11-a8ec-e605ad5c23e1,Archived,resource_storage_history,hg_stock
e5544b2d-d2ba-4750-889d-089a84702e4e,Archived,resource_storage_history,hg_stock
d2349426-56cb-4db0-8215-debaba9e047e,Archived,resource_storage_history,hg_stock
d024d7e3-e961-43c6-85a5-6af4ca7b073c,Archived,resource_storage_history,hg_stock
a3144c0c-deb2-441e-a17e-e3d2acf230b0,Archived,resource_storage_history,hg_stock
eeaa7685-267a-4500-ac64-5a6b1e8bbf9c,Archived,resource_storage_history,hg_stock
7707b3a3-d0f4-4b29-b743-893b19643420,Archived,resource_storage_history,hg_stock
c519ac93-07d8-47b8-be3c-5e917ce5e838,Archived,resource_storage_history,hg_stock
5c1811ed-4ac4-4bb1-b58f-33f1ec8f962b,Archived,resource_storage_history,hg_stock
3af69bd3-47ec-4cb2-926b-e48287b0b1f8,Archived,resource_storage_history,hg_stock
7065ec14-09d1-497a-8859-3383ebed0ca7,Archived,resource_storage_history,hg_stock
8f984a3b-e774-4d1d-a142-df168c264a39,Archived,resource_storage_history,hg_stock
e1b70c8e-d571-43fd-95d8-a7819716dc2f,Archived,resource_storage_history,hg_stock
4db9f2b3-ddce-4516-b06a-8766094acc79,Archived,resource_storage_history,hg_stock
9cea3688-f565-4be0-9f58-fcf73b11ed5f,Archived,resource_storage_history,hg_stock
1169d95b-9773-4ea3-813a-740122578112,Archived,resource_storage_history,hg_stock
7b2e2ccd-9740-4ff2-a0c8-3bba2d426492,Archived,resource_storage_history,hg_stock
56134c7f-3da8-4464-aa6a-61e6e0b9f26c,Archived,resource_storage_history,hg_stock
fffb4d95-b9b7-4272-8f8c-642e8568d891,Archived,resource_storage_history,hg_stock
9558865e-60b5-46c6-9963-4152d29a3f8c,Archived,resource_storage_history,hg_stock
032ed046-788d-4c9a-9d76-e7231e2f767f,Archived,resource_storage_history,hg_stock
797efea1-c23d-4efc-bf29-7859225441b1,Archived,resource_storage_history,hg_stock
386fe6c3-263e-47b9-b95f-c3694279ef7c,Archived,resource_storage_history,hg_stock
4b40b369-6d30-40f4-b053-0ea8b36d964c,Archived,resource_storage_history,hg_stock
b6415c59-6061-4280-abad-441914bf7b1a,Archived,resource_storage_history,hg_stock
475384a9-9b40-424e-93b3-0e54f75ce4a3,Archived,resource_storage_history,hg_stock
421f48f3-5a7a-46b5-8701-3b659baa5ce3,Archived,resource_storage_history,hg_stock
506d53a5-e1aa-4587-b498-e3f91abde3d9,Archived,resource_storage_history,hg_stock
a68ca337-b547-4396-b97e-1731153979d8,Active,resource_storage_history,hg_stock
aced4c68-2f7a-4968-a731-2b23637c767a,Archived,resource_storage_history,hg_stock
99bff105-e8eb-4d5f-a6e3-419eec82fa63,Archived,resource_storage_history,hg_stock
95599ea2-cc17-41b7-ad56-d72dd5203c96,Archived,resource_storage_history,hg_stock
00f1f076-55b6-4045-82d0-8d2cb9a99e08,Archived,resource_storage_history,hg_stock
7235422e-4793-455a-ab6f-6cf482d5b06d,Archived,resource_storage_history,hg_stock
1751a7e2-05ce-49b3-9c0d-411e2ae19c2c,Archived,resource_storage_history,hg_stock
70e01621-771b-427d-9714-f9b86c46927d,Archived,resource_storage_history,hg_stock
c2ee74d6-6d62-4841-985c-1907e35385ae,Archived,resource_storage_history,hg_stock
96fd6bc4-9189-48e3-b7e8-18cdc3d35c85,Archived,resource_storage_history,hg_stock
4f88d4bb-18dc-46c3-bd53-a9d9d189b73f,Archived,resource_storage_history,hg_stock
0bb09d44-06aa-4b22-aa95-2c3987316d62,Archived,resource_storage_history,hg_stock
17f85a84-59f1-443f-ad1f-0d969b954db6,Archived,resource_storage_history,hg_stock
bd55b3a5-7a66-4d20-9c37-d35d4848cbc2,Archived,resource_storage_history,hg_stock
fd6ed83e-6b5a-4289-840e-920d3dda117f,Archived,resource_storage_history,hg_stock
a7efee13-c45e-489e-a81b-f8ef14477aa2,Archived,resource_storage_history,hg_stock
9593831c-3ef4-45f5-8029-b7650da04450,Archived,resource_storage_history,hg_stock
6161de95-7ff2-47b5-8674-e7563ce1fb52,Archived,resource_storage_history,hg_stock
56858a81-0ea9-447b-bba7-9089e9d9bc01,Archived,resource_storage_history,hg_stock
bdc2c50f-1718-44b7-b58c-626cb8b6ebf2,Archived,resource_storage_history,hg_stock
c05ca0b3-7fed-48a6-af17-68c429fe1556,Archived,resource_storage_history,hg_stock
cf4f40e4-2011-4b1f-8701-737b7f49a0cf,Archived,resource_storage_history,hg_stock
aca0d0d5-1063-4b9a-a268-53595118dc22,Archived,resource_storage_history,hg_stock
e3c954c2-388b-446e-9681-7fb9414d1561,Archived,resource_storage_history,hg_stock
f97b6c73-bdf9-4b4e-9ac4-52dfe15b8ebc,Archived,resource_storage_history,hg_stock
7530205d-827c-4812-8885-da6461db6f4c,Archived,resource_storage_history,hg_stock
795c9e59-e54a-4b3c-aa7c-b0a9623d3aa2,Archived,resource_storage_history,hg_stock
32da9d0f-00c1-43d2-8455-d3a699f7c1ed,Archived,resource_storage_history,hg_stock
e39447f6-0417-4e16-89e2-932763b9f347,Archived,resource_storage_history,hg_stock
f19e8e8d-d7ad-448d-b83e-882c5081aa2f,Archived,resource_storage_history,hg_stock
12935381-d0bb-4bdf-9032-12fecd74645f,Archived,resource_storage_history,hg_stock
0ad6a2a1-16a5-462a-a666-48e002d12580,Archived,resource_storage_history,hg_stock
42b78a27-8495-4df8-bac4-7a8d866dd0c3,Archived,resource_storage_history,hg_stock
35a6cebd-75f9-4678-b94c-2a2c2f5e7f8a,Archived,resource_storage_history,hg_stock
1df386b7-c0b0-4f20-92a3-94195f3083f0,Archived,resource_storage_history,hg_stock
b8cfa261-4154-4378-81d2-d42a84b2a099,Archived,resource_storage_history,hg_stock
1997652a-40f5-4dbd-a154-ce244b7a144d,Archived,resource_storage_history,hg_stock
c889a5d6-4e64-43c7-9987-d4b4b8aecd5b,Archived,resource_storage_history,hg_stock
5a1dbe78-084f-4d41-872d-bd44bf0cca95,Archived,resource_storage_history,hg_stock
335d1e68-7034-47f0-b2b6-3ec1560e9fcf,Archived,resource_storage_history,hg_stock
fefe2dad-2215-43cf-b548-d4991e9bfebd,Archived,resource_storage_history,hg_stock
e142aece-dced-4d1e-b5f7-739fd1aa993c,Archived,resource_storage_history,hg_stock
e4be1ad4-242a-49d7-b8ff-209b545f3b8e,Archived,resource_storage_history,hg_stock
aaf41a0f-7808-4357-aa2b-41cf644f1d2f,Archived,resource_storage_history,hg_stock
d9061b2d-9fa6-4528-99bb-c5b2355cb83a,Archived,resource_storage_history,hg_stock
7ebc5ab0-42f8-4b80-b528-2b70b5ed4f40,Archived,resource_storage_history,hg_stock
9de8819b-8831-43a5-bdf2-5d21da0e1ea9,Archived,resource_storage_history,hg_stock
74f69bf8-2a83-4ec8-95b7-c7ec09efc624,Archived,resource_storage_history,hg_stock
71dde9ab-e810-4292-a6f5-f04961df0dff,Archived,resource_storage_history,hg_stock
bc2cc435-72d7-4b8f-bb70-25246bc010fd,Archived,resource_storage_history,hg_stock
1b6a1bb1-35bc-4ade-9766-fa00f2873cc6,Archived,resource_storage_history,hg_stock
d45346c7-6337-464b-ad27-7ed0cd89148c,Archived,resource_storage_history,hg_stock
5ddaf4f1-32de-480a-94a8-f206d710ca6c,Archived,resource_storage_history,hg_stock
cc0c14be-fa6f-4e10-aa23-65c6ee4a40e1,Archived,resource_storage_history,hg_stock
56cc923f-1205-4c51-98d1-9e64956539b6,Active,resource_storage_history,hg_stock
e0be769d-6b37-495b-bcf2-99a27dcbded3,Archived,resource_storage_history,hg_stock
c9f016b2-5ddb-4e41-a4a4-713da8cc0050,Archived,resource_storage_history,hg_stock
ae351dab-9bb5-45f2-b226-d1e83b46175c,Active,resource_storage_history,hg_stock
fe424aeb-93ab-43a5-9320-cd320dadaf44,Archived,resource_storage_history,hg_stock
4fa6c089-2195-4984-92d0-2d466f8d1b5a,Archived,resource_storage_history,hg_stock
fdce67e4-b868-4d56-8cae-cfa8ca8e9e3d,Archived,resource_storage_history,hg_stock
5626c12b-9d92-4d02-8c78-cc9e5e462ec0,Archived,resource_storage_history,hg_stock
f25c6898-28c9-4ad0-a6c1-80553b326686,Archived,resource_storage_history,hg_stock
dbff0740-be6a-4edc-8ffe-89d0b297631c,Archived,resource_storage_history,hg_stock
5062a91c-d231-4eea-adc5-77f1aa6bdfc5,Archived,resource_storage_history,hg_stock
db5de554-f6c6-4f99-8656-2b01aba1c96b,Archived,resource_storage_history,hg_stock
0249ba7e-96fa-4bb4-bb6a-a62ddb5eafc5,Archived,resource_storage_history,hg_stock
63025ece-0fea-4c2d-8328-244a52dac850,Archived,resource_storage_history,hg_stock
40f83e17-ceba-4fd4-82aa-1b7b14952d1c,Archived,resource_storage_history,hg_stock
0755635d-6d2b-4934-a705-d1753b61ecdc,Archived,resource_storage_history,hg_stock
e6dba9e7-bc63-4681-9afe-fdcaf1e3be8d,Archived,resource_storage_history,hg_stock
300c90b3-6582-4c27-ba41-017c7be0ce6f,Archived,resource_storage_history,hg_stock
1711cde2-6c27-4b4c-af7e-8d5a0180152d,Archived,resource_storage_history,hg_stock
ca15e431-712b-45b5-83a1-c52f708926ec,Archived,resource_storage_history,hg_stock
6b216a0c-242f-4259-ae9d-871666ca3b7a,Archived,resource_storage_history,hg_stock
0af2e7d5-79a6-4b72-8e7d-8413b4300fa4,Archived,resource_storage_history,hg_stock
4bc4a1af-3f0b-43da-874b-cc40b964f60a,Archived,resource_storage_history,hg_stock
3ad95ee8-ff89-48c5-91e5-3830ac4615fb,Archived,resource_storage_history,hg_stock
d9bfd424-44de-4163-bae7-f6e50e31fe37,Archived,resource_storage_history,hg_stock
e2e802d2-8dcf-4a36-92fc-eb7e7d86a001,Archived,resource_storage_history,hg_stock
aeb45ce0-3a29-42a3-9562-d8b97e9f58d6,Active,resource_storage_history,hg_stock
643e0dce-af66-46be-b513-e8406744ccb9,Archived,resource_storage_history,hg_stock
906783ff-a9bc-4066-8f6c-3fa3fbc88c13,Archived,resource_storage_history,hg_stock
83d99f32-0e58-4b6e-afb3-25820ec5c9ce,Archived,resource_storage_history,hg_stock
2b529122-b7d9-4a3f-bb58-d304a53a9c85,Archived,resource_storage_history,hg_stock
1173cdce-35bc-4c86-9c01-f89adbfd4b14,Active,resource_storage_history,hg_stock
7bbf18ef-2a77-48c5-984b-52b3c18309e5,Archived,resource_storage_history,hg_stock
03dcc87f-d69b-4f52-98da-4e4cb5abfba1,Archived,resource_storage_history,hg_stock
e93d5729-4457-4df7-bf48-029e25d7b9c5,Archived,resource_storage_history,hg_stock
ebb5a387-5520-499c-9e5a-bc03ceb9cc25,Archived,resource_storage_history,hg_stock
aedb3ef5-771a-4d5b-9a51-063845e265f0,Archived,resource_storage_history,hg_stock
cbde0bf2-6374-43c3-86de-816e3aeb6ef0,Archived,resource_storage_history,hg_stock
d9d0254c-5d91-4c6f-bc43-0909893447e9,Archived,resource_storage_history,hg_stock
026a23b5-dcf8-4363-8ec0-499f11753034,Archived,resource_storage_history,hg_stock
a68ca337-b547-4396-b97e-1731153979d8,Archived,resource_storage_history,hg_stock
d07825fe-b59f-443e-98fc-23d9344c2747,Archived,resource_storage_history,hg_stock
2f88fe46-f1a5-43b3-81e5-6a2467050f35,Archived,resource_storage_history,hg_stock
845cd34c-be7d-4032-abf6-48e2d5175f7a,Archived,resource_storage_history,hg_stock
95a22f9f-ec51-4a01-bf05-aeb3f71bc7d5,Archived,resource_storage_history,hg_stock
fb8d40eb-2fcc-4bc1-9df2-505fc47b38fb,Archived,resource_storage_history,hg_stock
61092366-7fc4-4dc7-8cb8-8e20d14f221b,Archived,resource_storage_history,hg_stock
a4411e67-7ce2-483b-8ee2-29834d8c1e1a,Archived,resource_storage_history,hg_stock
127f0724-0f99-4598-afaf-0305d2247c8f,Archived,resource_storage_history,hg_stock
242afe38-a4f5-44b6-bd58-56892ce95588,Archived,resource_storage_history,hg_stock
0ae9cf97-dbcc-402f-9e59-4909056b3f23,Archived,resource_storage_history,hg_stock
3487e2ec-9a15-41d8-88e2-e26c4d3c94d6,Archived,resource_storage_history,hg_stock
99b8c3b1-0814-4571-af12-a5bc34947d36,Archived,resource_storage_history,hg_stock
056cf351-8baf-417a-9317-75c8909701b2,Archived,resource_storage_history,hg_stock
e1c0288d-3589-4c31-9408-e3bcd4780d9a,Archived,resource_storage_history,hg_stock
6511d256-8ff9-41f0-8f4c-a82e6e155745,Archived,resource_storage_history,hg_stock
510b731d-2fe4-4922-9b50-105498bbb43b,Archived,resource_storage_history,hg_stock
d5388bc9-a090-4ead-beca-bb23157654be,Archived,resource_storage_history,hg_stock
8d210402-6745-47b5-9e30-4813fbee6058,Archived,resource_storage_history,hg_stock
60a3ba49-af1b-4442-b0c4-340ab482a851,Archived,resource_storage_history,hg_stock
e7580afd-4c95-45f4-a58c-46c6f193c291,Archived,resource_storage_history,hg_stock
5c5321ad-9f0d-406d-9072-e24a57f9d031,Archived,resource_storage_history,hg_stock
88fb6d77-478d-4992-8d6c-34e78a0f1c3e,Archived,resource_storage_history,hg_stock
581102ed-317b-41e6-8353-730ea57a72df,Archived,resource_storage_history,hg_stock
8432b2e7-f416-4f8e-af14-bfbadc4758c1,Archived,resource_storage_history,hg_stock
e0ab3508-e884-4280-8896-cbb952cdef77,Archived,resource_storage_history,hg_stock
51f3fc82-785e-4023-afeb-6d9cbc58fa0f,Archived,resource_storage_history,hg_stock
e103584e-9a01-44de-b87d-43ecff77ebcf,Archived,resource_storage_history,hg_stock
c8d6dd4c-a56d-4115-bed3-df9d557695bc,Archived,resource_storage_history,hg_stock
ae3aeecc-3341-49b2-bf36-b56046299bcb,Archived,resource_storage_history,hg_stock
3017ddb9-50a5-4de3-9a51-c2833f8fe256,Archived,resource_storage_history,hg_stock
539b00b9-d7d0-4161-8ec2-0552aaa2e9e6,Archived,resource_storage_history,hg_stock
44cc7f01-62f0-4aa9-bce7-0a5e9f2eb216,Archived,resource_storage_history,hg_stock
5390b36c-3f3c-49f0-9d32-873f78ee66d5,Archived,resource_storage_history,hg_stock
7ba65246-7f8f-46b7-a660-6975f1b1c8c3,Archived,resource_storage_history,hg_stock
0d33fd06-b40c-412b-b5f6-94d17a647977,Archived,resource_storage_history,hg_stock
c4de5981-6b13-41a7-87a0-9f089a427483,Archived,resource_storage_history,hg_stock
843e2495-3343-4b12-81c4-2638caff45e5,Archived,resource_storage_history,hg_stock
19a8dbec-afcb-433b-8266-5201636e82e6,Archived,resource_storage_history,hg_stock
e99b4c9b-697c-4587-95d9-3cd33166be25,Archived,resource_storage_history,hg_stock
3114bb6a-c3ed-4d1c-b4ab-3da73d61d509,Archived,resource_storage_history,hg_stock
8e957984-7195-4e34-879f-d5b8d3a6f210,Archived,resource_storage_history,hg_stock
3c5f3023-542f-48ce-9c33-9ededae1ea37,Archived,resource_storage_history,hg_stock
e314131c-970e-433b-ae1f-a7825bf546d0,Archived,resource_storage_history,hg_stock
4a0ce662-5b82-4fe1-b64e-97be97e3a2b4,Archived,resource_storage_history,hg_stock
61e63f1c-5d2c-42d7-a03f-e5147f329c6d,Archived,resource_storage_history,hg_stock
2738ba45-70f4-4d5d-a490-980ab0f07090,Archived,resource_storage_history,hg_stock
07e17894-d0e3-4ead-845c-52dbcb0acabc,Archived,resource_storage_history,hg_stock
f5970041-a478-4378-9232-f70f29970fdc,Archived,resource_storage_history,hg_stock
37c49ecf-df70-4129-8c88-eeab8f0ee11b,Archived,resource_storage_history,hg_stock
927cc06e-9d37-4b01-bbcd-6a474f735b5b,Archived,resource_storage_history,hg_stock
0733849b-d17d-4a97-be6d-0a48debe1a5d,Archived,resource_storage_history,hg_stock
6010db03-dc68-44c0-8b55-846c76a88987,Archived,resource_storage_history,hg_stock
4fc5034e-0d19-4a51-9923-bb188fe88b82,Archived,resource_storage_history,hg_stock
509b9969-e84c-4faf-b437-ef96236d30ab,Archived,resource_storage_history,hg_stock
c48f437b-e5fd-4d54-94da-e7321f10a6f6,Archived,resource_storage_history,hg_stock
d1226e3d-bb38-4dce-ae2c-45147af2f090,Active,resource_storage_history,hg_stock
6d2040fe-2f30-4f4a-ad81-835fc7e5bfe7,Archived,resource_storage_history,hg_stock
a2b9e77d-0c28-4a2c-82da-50e670e14bbf,Archived,resource_storage_history,hg_stock
a93454d5-4e4d-4f3a-b4c7-6121b0e83648,Archived,resource_storage_history,hg_stock
4a5f1e14-5384-4003-b60f-a45a2007a6d0,Archived,resource_storage_history,hg_stock
778d9fc6-0927-49ef-b1f9-4fadf36b8f0c,Archived,resource_storage_history,hg_stock
2de891bf-8756-4b7f-92ab-020b5fb030e1,Archived,resource_storage_history,hg_stock
5dacac4c-52a0-44a5-b81a-2863b0567447,Archived,resource_storage_history,hg_stock
6bd8ef5a-1fe0-42aa-9785-82ecffb2ea2b,Archived,resource_storage_history,hg_stock
d724ae04-12a9-42f1-8b96-c206ce4abfa4,Archived,resource_storage_history,hg_stock
7686fda7-6ab4-4625-b94e-3b142c552918,Archived,resource_storage_history,hg_stock
ad08dbbb-5d36-4c64-8b01-8218add5c957,Archived,resource_storage_history,hg_stock
39a9d467-689d-46a6-a493-00b0a5fe813d,Archived,resource_storage_history,hg_stock
e3470b91-934e-4d41-b5e8-49c04510fce8,Archived,resource_storage_history,hg_stock
05fe659e-75cf-4fe2-bcfc-f22e1876d95f,Archived,resource_storage_history,hg_stock
c12c7d3f-3123-4637-880a-b3b60705ceea,Archived,resource_storage_history,hg_stock
6922f095-4602-438b-99f4-c660ea05604d,Archived,resource_storage_history,hg_stock
ca5aefb0-fb91-474c-a5ae-e057bff42781,Archived,resource_storage_history,hg_stock
be512bd7-b9a0-4d86-bc56-d1f9ce743ce7,Archived,resource_storage_history,hg_stock
085c48c5-bec1-4785-97a1-2a67b19b2694,Archived,resource_storage_history,hg_stock
85f3f7f0-44cd-422b-82c8-ec8dc8039e3a,Archived,resource_storage_history,hg_stock
1060968e-1d0c-4313-8223-186c8945f4df,Archived,resource_storage_history,hg_stock
09b5f0cc-eadc-45be-95e1-24dfaac1d214,Archived,resource_storage_history,hg_stock
b0a528d8-802a-4692-8a2c-f0e3172a1cf3,Archived,resource_storage_history,hg_stock
3826896c-6daa-4342-a792-66de3492df53,Archived,resource_storage_history,hg_stock
d8ca7b6a-9cf1-4f43-a86f-d5e23f4b69ae,Active,resource_storage_history,hg_stock
bba1e414-f671-44de-a2a2-351bb0724389,Active,resource_storage_history,hg_stock
e65359f0-329c-407b-8e4e-6206d66429b4,Archived,resource_storage_history,hg_stock
77bfcb90-f13c-460d-b970-0ac620e5fd68,Archived,resource_storage_history,hg_stock
1ddad81b-70d6-4bf7-bd26-265858e660fe,Archived,resource_storage_history,hg_stock
260240c6-5e7e-4827-b0ab-d02169032e94,Archived,resource_storage_history,hg_stock
e9388742-790d-4cb6-a19f-3e82f6702faa,Archived,resource_storage_history,hg_stock
5ac37fb3-7298-49c6-a5fe-7770dc25a067,Archived,resource_storage_history,hg_stock
ac099b38-313c-495c-957b-f35704dd6013,Archived,resource_storage_history,hg_stock
672d3b0e-8764-4be4-8c5e-1362c413153c,Archived,resource_storage_history,hg_stock
9820c137-8dea-4f56-a840-6ba2ca866645,Active,resource_storage_history,hg_stock
1cc542e3-6510-417a-ab67-b0acce33f129,Archived,resource_storage_history,hg_stock
91b4d8a5-8af6-421b-bf7b-e87150199fd3,Archived,resource_storage_history,hg_stock
5e7de543-c5fb-48d8-babc-134cceb03dfa,Archived,resource_storage_history,hg_stock
74700f99-0e45-43c6-9a2c-7a24e424f266,Archived,resource_storage_history,hg_stock
729060ab-ca5b-42d5-8102-b8774bc0514a,Archived,resource_storage_history,hg_stock
34a2b961-e6ae-4e24-a0a3-40248824228d,Archived,resource_storage_history,hg_stock
6b97f566-f907-4154-ac99-7021b012d8c2,Archived,resource_storage_history,hg_stock
ef806546-cd56-4170-b733-e105c80271d6,Archived,resource_storage_history,hg_stock
974bc228-7a78-41b7-936e-5d94d76ca3b3,Archived,resource_storage_history,hg_stock
b92a1e1f-a0f8-4044-aac3-3389f9e19a99,Archived,resource_storage_history,hg_stock
a93abf21-938d-41ec-8075-92562a5b452a,Archived,resource_storage_history,hg_stock
31cca9fc-264e-4a11-925a-8a5059e505bf,Archived,resource_storage_history,hg_stock
4d9247d8-5ffe-4d9d-b2cd-8d497d2cc56d,Archived,resource_storage_history,hg_stock
a286d8bb-8f9b-457f-b97a-800fb9d52f34,Archived,resource_storage_history,hg_stock
090447c4-f2b0-40c6-8237-f52e1565b261,Archived,resource_storage_history,hg_stock
62010ba2-0d76-4055-b4b1-898fa8b2ce53,Archived,resource_storage_history,hg_stock
a3c8d36d-481d-4eb3-9986-6106103faeda,Archived,resource_storage_history,hg_stock
c5a0799d-de9a-4f89-94b3-a515161a07a8,Active,resource_storage_history,hg_stock
dd15c62f-04e9-4be3-a663-9a18f2d93204,Archived,resource_storage_history,hg_stock
697050b0-f1cb-4294-8f70-c7bd66f16869,Archived,resource_storage_history,hg_stock
b1864c4c-b0e6-4d70-b424-9614feb8fa72,Archived,resource_storage_history,hg_stock
fbf0a757-0bd2-46e0-978d-21898b946354,Archived,resource_storage_history,hg_stock
91eb16f4-3d5c-47e6-9023-77d401193015,Archived,resource_storage_history,hg_stock
93436d52-dddc-4b3a-9145-2264ba6c7537,Archived,resource_storage_history,hg_stock
fb75b95c-7a1a-4f69-9cd6-322ce2deb640,Archived,resource_storage_history,hg_stock
98bcf379-150f-4615-a21d-3bcf3ea5bb14,Archived,resource_storage_history,hg_stock
d747152f-a7b0-4f8d-b82f-22eab364b6c8,Archived,resource_storage_history,hg_stock
160c61e4-81b0-4cdd-818f-64e77676bd25,Archived,resource_storage_history,hg_stock
d273a85d-2bcc-4839-a284-4c4954885ffc,Archived,resource_storage_history,hg_stock
e6f92a9e-0c66-4565-b28f-6637231cbacc,Archived,resource_storage_history,hg_stock
7dce8bb7-6a06-4fc6-85b7-528c0d0697be,Archived,resource_storage_history,hg_stock
8acd6594-32e9-4741-a18b-48eb24d7d401,Archived,resource_storage_history,hg_stock
672eda2c-f02e-44f8-be85-1ee0057c8fce,Active,resource_storage_history,hg_stock
5c891d73-3579-48b0-a173-7d044407e743,Archived,resource_storage_history,hg_stock
71b4d1b9-74db-4c6d-b1f7-ba36d0225441,Archived,resource_storage_history,hg_stock
354d01e3-a03f-4ba0-9793-f7407aecbc27,Archived,resource_storage_history,hg_stock
ca86d92d-3730-42a7-a0f3-9840f63dc6fe,Archived,resource_storage_history,hg_stock
de9d9e97-d1ce-47e1-8a2c-f77e81ea3278,Archived,resource_storage_history,hg_stock
2b5f657c-cfb6-42a1-9ca3-e50f60e2ae11,Archived,resource_storage_history,hg_stock
c06cf237-2fc2-488b-a720-f96e50a25d78,Archived,resource_storage_history,hg_stock
882f1876-2dd7-42fe-8369-a53947ac3dca,Archived,resource_storage_history,hg_stock
ef796fa3-f527-4aec-a11e-c44f51b2cf5e,Archived,resource_storage_history,hg_stock
e9e5d311-3be0-460c-8e71-49f2064066c9,Archived,resource_storage_history,hg_stock
f63454d0-22e4-4cf8-b2e6-6a371e401192,Archived,resource_storage_history,hg_stock
34c37f1c-d359-415b-a379-6f4014b16292,Archived,resource_storage_history,hg_stock
06d636de-60e8-4964-a3fd-422618060988,Archived,resource_storage_history,hg_stock
e11dab1b-c4d6-469e-a85e-e3de2832c2fa,Archived,resource_storage_history,hg_stock
35c8f000-e52c-48c7-b474-95818855eda7,Archived,resource_storage_history,hg_stock
82fb6e35-6390-42ca-b6e4-d73ffcf00110,Active,resource_storage_history,hg_stock
98beba0d-0aa3-4034-816b-7881251c2810,Archived,resource_storage_history,hg_stock
cbb00d59-74d8-4ab2-b0ca-bb92f921065e,Archived,resource_storage_history,hg_stock
f1072294-52f2-4058-9cf4-8ee98d8158e9,Archived,resource_storage_history,hg_stock
4155d017-9b80-4910-ade7-321b85166ba6,Archived,resource_storage_history,hg_stock
1eab4388-49d0-44e0-b77c-1e4dbcdb7dc4,Archived,resource_storage_history,hg_stock
812da121-e1ba-404b-bff7-eeebe87e9d65,Archived,resource_storage_history,hg_stock
982622e9-3b9b-4990-b5d8-d4151412b107,Archived,resource_storage_history,hg_stock
2b47fea9-6368-477e-b9c2-8b3ece2a8399,Archived,resource_storage_history,hg_stock
d6345321-075f-4a00-8e55-cae0f7ca73bc,Archived,resource_storage_history,hg_stock
e9fe1b8d-2df0-404f-8cc5-c09fa75558d2,Archived,resource_storage_history,hg_stock
45cedf9f-36d6-4d65-aaa0-89cd78ad95b0,Archived,resource_storage_history,hg_stock
93805645-4b73-46b0-bbaa-1a61b30e54c6,Active,resource_storage_history,hg_stock
8af89207-cd95-457a-a451-c3e78de0ee9c,Archived,resource_storage_history,hg_stock
af46bb64-62c8-4495-b130-03b40b01cfa3,Archived,resource_storage_history,hg_stock
3c051902-d640-4904-8307-fdf0a13e6e77,Archived,resource_storage_history,hg_stock
b8b612a5-4440-44c7-8361-332df88815f9,Archived,resource_storage_history,hg_stock
648318a4-997f-49ac-86c4-ef2a51f7aa4f,Archived,resource_storage_history,hg_stock
7cbdf80c-ad76-47af-a4a8-90dbc78f3474,Archived,resource_storage_history,hg_stock
6f0b1fa8-e4cf-4dfa-9168-ec1fabf47ba8,Archived,resource_storage_history,hg_stock
4a6f81d8-196e-465d-ae6a-f7da8fe0d8af,Active,resource_storage_history,hg_stock
568abb79-4212-42d8-a300-97225445d334,Archived,resource_storage_history,hg_stock
ec143513-d9f4-4ae7-b596-69c776fc9d56,Archived,resource_storage_history,hg_stock
c4e34286-7406-4092-9ab8-56c6e1fb60e6,Archived,resource_storage_history,hg_stock
4a29d881-6391-4227-b430-1b0d8ee77e2a,Archived,resource_storage_history,hg_stock
412b924d-af59-414a-87f9-82e46aff9170,Archived,resource_storage_history,hg_stock
caa70258-fb2f-4cd6-8070-c0250debc8a6,Archived,resource_storage_history,hg_stock
fc01f62e-98b2-4236-810c-eda9bfaa529a,Active,resource_storage_history,hg_stock
898986b9-4bab-442c-94ee-6ee81c468b5a,Archived,resource_storage_history,hg_stock
19a0a1bc-29e9-4b2f-ba06-150876644499,Archived,resource_storage_history,hg_stock
dcd8b215-1869-4717-a168-0c7723444592,Archived,resource_storage_history,hg_stock
0df770a3-33e2-4779-9aa7-b90e8e987b64,Archived,resource_storage_history,hg_stock
c114d926-a9d7-4596-a032-e3b062756b73,Archived,resource_storage_history,hg_stock
a4b4ebed-f6e5-482c-b711-e28c2ebdfa05,Archived,resource_storage_history,hg_stock
9149d8c0-f5fb-476b-ac67-662a05e85c21,Archived,resource_storage_history,hg_stock
413a9ca2-a134-4630-b553-8b51112318d9,Archived,resource_storage_history,hg_stock
489b1906-6e16-4ae0-96e1-d527d44a94e4,Archived,resource_storage_history,hg_stock
29a7aef2-c03c-4aa8-b41e-30e8cd2f750d,Archived,resource_storage_history,hg_stock
883f9673-6a11-4c8b-9168-648ab7273daa,Archived,resource_storage_history,hg_stock
51f3962f-1870-4773-a2f7-1b619386361b,Active,resource_storage_history,hg_stock
8426fb22-d7a6-4991-b14c-a4298c4799a3,Archived,resource_storage_history,hg_stock
c4efb42d-beea-4977-85cb-ffdbdc73a38e,Archived,resource_storage_history,hg_stock
d0c5bd1b-076d-4212-9e6f-44fa841851cb,Active,resource_storage_history,hg_stock
fd4e7712-3965-4ebd-8ee7-f8f3fda6ad62,Archived,resource_storage_history,hg_stock
83bb7abc-60b1-489c-b3b0-0a88518a2704,Archived,resource_storage_history,hg_stock
5ac6d098-01d8-4b9f-b6ec-64bcaa4c0f6a,Archived,resource_storage_history,hg_stock
54d5526d-5386-47b3-834d-e353b426f901,Archived,resource_storage_history,hg_stock
747ab3b4-3976-4ce8-8586-7f14f1daf42d,Archived,resource_storage_history,hg_stock
6dd43fe5-7ab1-45f4-9144-e58d83101d12,Archived,resource_storage_history,hg_stock
1b902fca-31f2-48ed-83a3-1e10f264bc84,Archived,resource_storage_history,hg_stock
ec1b2bce-b32c-4160-967d-79c540e098b0,Archived,resource_storage_history,hg_stock
90d668bf-9aee-475e-83fd-4f6738019b48,Active,resource_storage_history,hg_stock
f11d90c8-d56e-44cc-a5fa-d0a2f13dea19,Archived,resource_storage_history,hg_stock
d28024a0-c63a-4982-ade0-1d758945eb71,Archived,resource_storage_history,hg_stock
333bbf5e-4c09-43f5-91eb-043790454e3c,Archived,resource_storage_history,hg_stock
ed4cf137-22b6-46bd-9f4b-c4ceba002fbf,Archived,resource_storage_history,hg_stock
74a19a9e-26a9-49ed-995a-8fb1baa88a2f,Archived,resource_storage_history,hg_stock
d64faec2-9db3-420c-bd7a-7129d795d215,Archived,resource_storage_history,hg_stock
b8976805-2f7c-4742-a646-7159f0d5abf6,Archived,resource_storage_history,hg_stock
92e17c70-fc49-4d5a-9402-2eab97efbe59,Archived,resource_storage_history,hg_stock
aa52f000-3f13-4183-b3b1-0978c5bd88e7,Archived,resource_storage_history,hg_stock
615bc450-f120-4bef-8e0b-1291e65a29aa,Archived,resource_storage_history,hg_stock
7a86ae32-155c-4d5f-9978-ed91bcb958bb,Archived,resource_storage_history,hg_stock
ae19e0ee-8a8f-4f52-80af-4809661d5b77,Archived,resource_storage_history,hg_stock
e6383e7e-541c-4728-9c91-76866459531c,Archived,resource_storage_history,hg_stock
b2be007e-ee6c-41e5-9b3e-1f57480b28dd,Archived,resource_storage_history,hg_stock
7e8cccba-076c-41a4-8f97-33ee55a2e6de,Archived,resource_storage_history,hg_stock
3959d41a-b514-49c2-9f54-80c0a76d1a50,Archived,resource_storage_history,hg_stock
2aa46d65-dd2c-428d-a621-02b88d542287,Archived,resource_storage_history,hg_stock
f5e6056b-9364-4895-ab5b-eb62158d7100,Archived,resource_storage_history,hg_stock
8f7aae02-855b-4f51-a5aa-0364bd238ba2,Archived,resource_storage_history,hg_stock
91d5b78a-43cc-4c12-a8aa-09f8cf007062,Archived,resource_storage_history,hg_stock
e7846496-cf2f-4c1b-bf6b-d29f8997bbfe,Archived,resource_storage_history,hg_stock
ccea0034-5c9b-4958-bc88-b20ce0dbf5d2,Archived,resource_storage_history,hg_stock
0e1c2c41-52d3-4765-925a-f5d33af332b4,Archived,resource_storage_history,hg_stock
7ad7b643-87a6-4839-a7b4-171a69514c91,Archived,resource_storage_history,hg_stock
15a3ad9b-c308-425f-88d5-c90cab69b494,Archived,resource_storage_history,hg_stock
115d7903-3ae5-41a6-9c9d-a81d092478ae,Archived,resource_storage_history,hg_stock
1fbe765f-d2a4-49fa-9e6e-2c6669609225,Archived,resource_storage_history,hg_stock
194abb85-03d8-461c-a8ed-7c0af344c621,Archived,resource_storage_history,hg_stock
9c86993d-3921-494f-8095-38f8c76224bf,Archived,resource_storage_history,hg_stock
f1644cfd-f478-4c46-acd8-27d9a3951542,Archived,resource_storage_history,hg_stock
ed2110fe-662e-41e7-aa3f-0c0af14f84c5,Archived,resource_storage_history,hg_stock
f325a043-b67b-484f-8a8c-7261e5839081,Archived,resource_storage_history,hg_stock
6279c54f-d919-4731-8694-b3cd55c21e91,Archived,resource_storage_history,hg_stock
543fa8db-40ac-4fb3-a7ba-b517efe97aa2,Archived,resource_storage_history,hg_stock
73982c1f-7389-4593-bfd1-69b36753f57f,Archived,resource_storage_history,hg_stock
f1f68493-c416-4f83-a3d6-d1b62b558812,Archived,resource_storage_history,hg_stock
e62042f6-b911-4fae-9801-63d80c3205f9,Archived,resource_storage_history,hg_stock
9c16fb41-312a-483b-94fc-3afbd9f670ca,Archived,resource_storage_history,hg_stock
8abde9dc-934d-4486-8894-d3178a1ee7b3,Archived,resource_storage_history,hg_stock
2df7b564-210a-4f8d-bcee-5785eb331db1,Archived,resource_storage_history,hg_stock
8ad38d20-813a-4457-96ef-88837db336ad,Archived,resource_storage_history,hg_stock
048f027c-9a54-49d2-a316-801c1b8caf7e,Archived,resource_storage_history,hg_stock
715f8bfb-c210-4f48-8e80-d9c64c5ec53b,Archived,resource_storage_history,hg_stock
76b9ff7d-1523-4d7c-8639-0d33eb8d4352,Archived,resource_storage_history,hg_stock
b68b68bf-7a9a-48da-8cf1-137ef8884150,Archived,resource_storage_history,hg_stock
519adda2-6865-4dec-999c-ddb83deac536,Archived,resource_storage_history,hg_stock
21832ded-02bd-44d5-b9c3-71ccb0c3cbed,Archived,resource_storage_history,hg_stock
2d56e165-3bda-46c6-a02a-7b3ea4aa085f,Archived,resource_storage_history,hg_stock
545935e7-03ad-4b5e-82aa-1ae7ddb98617,Archived,resource_storage_history,hg_stock
b3606060-7dc2-414f-9a22-f12113bee224,Archived,resource_storage_history,hg_stock
0655b2a6-92fd-4202-8ab4-744e54059ca1,Archived,resource_storage_history,hg_stock
58eb6ced-a875-4e40-ae80-8816678327c9,Archived,resource_storage_history,hg_stock
8df5fd4f-8571-4a51-8001-247ec376dbcc,Archived,resource_storage_history,hg_stock
e06be445-d821-47a0-a4d1-7a7174510bbf,Archived,resource_storage_history,hg_stock
df1e85ce-6755-48a6-a625-8332a6f9f61d,Archived,resource_storage_history,hg_stock
a5a29e8e-835c-4b4b-9e51-996ea3c5c592,Archived,resource_storage_history,hg_stock
8958a176-9f33-4190-a720-125c0135aa4b,Archived,resource_storage_history,hg_stock
56b7f142-ac73-4401-8bfc-c2e064bce5e7,Archived,resource_storage_history,hg_stock
977c32b6-df11-4065-9e30-1534f89b386c,Active,resource_storage_history,hg_stock
82fa5e78-4548-440b-ba72-41935cb3438a,Archived,resource_storage_history,hg_stock
a00aabea-9f7b-46e1-8221-252f0f5eebc6,Archived,resource_storage_history,hg_stock
cd61fd6d-59e5-442d-88ab-9f53096b878e,Archived,resource_storage_history,hg_stock
537acd8c-e0f1-46fd-b8e9-33ee1d35f333,Archived,resource_storage_history,hg_stock
9567d682-ba26-4bb0-be64-2cefbc3f6318,Active,resource_storage_history,hg_stock
1e62cc78-56f2-4f9a-8fa6-e66dbf098b08,Archived,resource_storage_history,hg_stock
9dcf2ad8-6a76-4961-840e-925f665e9262,Archived,resource_storage_history,hg_stock
1f65917d-99b8-4f06-9a87-c9fd60838869,Archived,resource_storage_history,hg_stock
4b1c7e86-627c-4bf5-995e-18193980ea30,Archived,resource_storage_history,hg_stock
a3eb7c70-5ced-4070-b752-24df28717e55,Archived,resource_storage_history,hg_stock
44d2747e-87be-4d3e-a2fc-fc8e24c7a895,Archived,resource_storage_history,hg_stock
ba4ee729-3401-4685-9a76-6623acc1bb34,Archived,resource_storage_history,hg_stock
5ad95e08-4dfc-4ee7-906e-ec1a258353da,Archived,resource_storage_history,hg_stock
13680c79-5f82-4c76-91f4-02e9838566d7,Archived,resource_storage_history,hg_stock
9c28406e-f311-4c3e-946d-9c67a2c7ebc5,Archived,resource_storage_history,hg_stock
bf81ab34-3682-4ee1-8bf4-959dca49afad,Archived,resource_storage_history,hg_stock
0da57934-532e-4da1-9dda-77f0d3e2953f,Archived,resource_storage_history,hg_stock
9b372088-7700-41b2-a611-4e65b0f43c3a,Archived,resource_storage_history,hg_stock
3161acaa-3c7a-45ab-b314-4ad2322576ae,Archived,resource_storage_history,hg_stock
c2c27b74-c7d2-454f-b55a-61c558656ff2,Archived,resource_storage_history,hg_stock
94eb4026-067c-4f46-bc89-24f8f35d7d15,Archived,resource_storage_history,hg_stock
73520151-abd7-47df-a334-441c40c97bf2,Active,resource_storage_history,hg_stock
cc409c59-a1ef-4fe2-845b-730af4399f36,Archived,resource_storage_history,hg_stock
04108980-e850-4951-8877-5c3f9020ed30,Archived,resource_storage_history,hg_stock
e0255424-c90f-4ee2-9d0b-b380f19524b8,Archived,resource_storage_history,hg_stock
7bd5a81a-11fe-47c2-b39e-a8e289f742ac,Archived,resource_storage_history,hg_stock
41acc537-b827-4e84-9600-d3e9dd3a55a6,Archived,resource_storage_history,hg_stock
57bc6298-896b-438e-ab5c-ad6e8cf4fad1,Archived,resource_storage_history,hg_stock
d7b6154a-3e08-4501-b067-2a40ec93bf79,Archived,resource_storage_history,hg_stock
19729520-999d-45f8-a8e9-94b88caa4e8d,Archived,resource_storage_history,hg_stock
3f4de743-b82e-465b-b36c-a9296f57c55f,Archived,resource_storage_history,hg_stock
c4c8cd7c-f8a6-4c9b-ac94-d764ffb24e92,Archived,resource_storage_history,hg_stock
8cf1530a-c050-4d52-8bd3-12fb91cb593b,Archived,resource_storage_history,hg_stock
0605e8e6-006d-43c5-9dda-3063c6a4b2fb,Archived,resource_storage_history,hg_stock
75addff3-78f2-4e17-a0ad-3ad1b198afbc,Archived,resource_storage_history,hg_stock
ff977b97-273a-4fcb-ae69-3639a386a879,Archived,resource_storage_history,hg_stock
fd566723-5f91-4859-aea9-150d713301a0,Archived,resource_storage_history,hg_stock
46abc762-036d-4772-9362-b4d53830cacc,Active,resource_storage_history,hg_stock
025f2639-25b4-4e41-83fd-0030badd7c6f,Archived,resource_storage_history,hg_stock
d9a786f5-a4de-4587-acef-fbe82d31d19d,Archived,resource_storage_history,hg_stock
29817dc5-12fa-4f82-abf6-e1b9f22d42c9,Archived,resource_storage_history,hg_stock
c2a5a808-c133-40ca-abb9-e7e23cb6add4,Archived,resource_storage_history,hg_stock
5504c335-358e-4117-a89e-638006a1ce3f,Archived,resource_storage_history,hg_stock
1596c1c6-33bc-4b4f-b763-ee7052313a93,Archived,resource_storage_history,hg_stock
af7ce458-eb32-4d0e-868d-e7e5a67bcc45,Archived,resource_storage_history,hg_stock
1d5540fe-8c11-402f-8082-1e33129f292d,Archived,resource_storage_history,hg_stock
e9321c92-b7e9-436f-b479-ecb6f24bd84c,Archived,resource_storage_history,hg_stock
47fbe94b-c071-44b2-aabe-55b34ec7f362,Archived,resource_storage_history,hg_stock
fa687237-7696-4f3d-82ec-4017c218b254,Archived,resource_storage_history,hg_stock
fa1a08bf-3a9b-414a-a956-dcbc05b35ff8,Archived,resource_storage_history,hg_stock
fad5c416-1296-4613-96db-c53b292476e8,Archived,resource_storage_history,hg_stock
7f95889d-c9f7-4b1c-8800-d25e7010f665,Archived,resource_storage_history,hg_stock
d829ea76-5526-48f6-96da-6d7ab6d1805b,Archived,resource_storage_history,hg_stock
8d17440a-36b9-4117-8d0d-64fb047c9c8c,Archived,resource_storage_history,hg_stock
2412c6b3-ce21-4498-bc22-6ed2247b744d,Archived,resource_storage_history,hg_stock
d49cf09a-f2d0-4f68-beff-4e7775519583,Archived,resource_storage_history,hg_stock
0fd813b2-9dc2-4714-81c6-1a2fccf68712,Archived,resource_storage_history,hg_stock
cc71b7fc-9b43-4a1a-85ca-13a42dbabd80,Archived,resource_storage_history,hg_stock
216f4d00-c017-4505-8cac-b6ed48110a03,Archived,resource_storage_history,hg_stock
9ab5d359-4f3f-47eb-a5ce-7d773d169ad6,Archived,resource_storage_history,hg_stock
0ad46213-bc87-4fe5-9932-042a07c6a54f,Archived,resource_storage_history,hg_stock
c920056a-0ab4-4948-8a65-47da1cf7cd90,Archived,resource_storage_history,hg_stock
ca44d362-3cb1-4f20-a460-26ef438e874a,Archived,resource_storage_history,hg_stock
8118b307-2adb-4297-bed9-e2cae6be9160,Active,resource_storage_history,hg_stock
9027f0fc-6d62-4ada-94c3-dc4eeecd85fb,Archived,resource_storage_history,hg_stock
ef2853be-7dc4-41d0-9f8f-6bc1025cd43c,Archived,resource_storage_history,hg_stock
c02aae90-73e3-42a5-add0-1f922be26cd0,Archived,resource_storage_history,hg_stock
a686d33d-1c7a-4b79-8289-69367c822cab,Archived,resource_storage_history,hg_stock
64e20958-add1-4fff-83d9-baf05d647e34,Archived,resource_storage_history,hg_stock
4e180b30-37fa-47c5-8481-7b400f1e21b2,Archived,resource_storage_history,hg_stock
142c7b50-03d6-4499-a2dd-226ecd5d7671,Archived,resource_storage_history,hg_stock
431520f5-fbad-45d8-b0f3-edf9ede28089,Archived,resource_storage_history,hg_stock
d59547d4-c298-4cea-b1f7-49efef038ebf,Archived,resource_storage_history,hg_stock
5c288268-91ae-47c8-bb27-9d12cca60184,Archived,resource_storage_history,hg_stock
3a9fbf8b-d8fc-4469-8a90-dd52a03f8baa,Archived,resource_storage_history,hg_stock
6538a631-9fc2-4e89-b45f-4c1eca528f6c,Archived,resource_storage_history,hg_stock
84adfe05-2431-41b8-9120-403a3518d11a,Active,resource_storage_history,hg_stock
c0c99326-c08f-4455-8e55-018cd7ed3677,Archived,resource_storage_history,hg_stock
5aa7f972-c97b-4028-b588-7fde3e2260e8,Active,resource_storage_history,hg_stock
cc3ec4fa-f2ce-490a-8022-509ace01c83d,Archived,resource_storage_history,hg_stock
ffd9ef0a-4e9f-4199-ae01-6ac3e8ff3ba8,Archived,resource_storage_history,hg_stock
5987b43b-d9ff-4c85-bbcc-e64d4052c3d1,Archived,resource_storage_history,hg_stock
68d70277-3e34-4c70-ace4-7f3c660269c7,Archived,resource_storage_history,hg_stock
10f34e69-88dd-424a-a841-f75ea1302e23,Archived,resource_storage_history,hg_stock
850844b0-a12f-4e69-b70e-7c8ffd6f74d1,Archived,resource_storage_history,hg_stock
6630969e-639b-40bd-a62a-54a8baf6ade9,Archived,resource_storage_history,hg_stock
a01367e3-1a02-42ad-943b-c560f28074aa,Archived,resource_storage_history,hg_stock
385ed296-e882-494b-a2f6-dd5c288a39e0,Archived,resource_storage_history,hg_stock
8cb1bf50-8e0d-4aff-bdf8-c6b922770f24,Archived,resource_storage_history,hg_stock
009635bb-58c4-4b01-8ff7-0422bf19ec0c,Archived,resource_storage_history,hg_stock
811e9c4e-5c8e-40df-9bd9-9cf4f34c4936,Active,resource_storage_history,hg_stock
2082c9d1-7ef9-4d24-b870-ec6eef7e1dcc,Archived,resource_storage_history,hg_stock
c8b670b8-5110-4e8f-84fb-a91cfdfbfc08,Archived,resource_storage_history,hg_stock
1d07a6f2-6408-4a65-9161-568ca56960e1,Archived,resource_storage_history,hg_stock
27bf3567-a439-40d8-9e16-473bfd16defa,Archived,resource_storage_history,hg_stock
c4387f7a-ef47-420f-991e-27fbe7f68c9d,Archived,resource_storage_history,hg_stock
2876b347-3ee3-4b99-aa16-485597285187,Archived,resource_storage_history,hg_stock
f4b288ae-8ee5-4e4e-b38c-56803c998f69,Archived,resource_storage_history,hg_stock
2d9e6a6d-46c2-47ae-be04-08bfd859768b,Archived,resource_storage_history,hg_stock
13928239-87f7-405c-b754-fae318c99c1c,Archived,resource_storage_history,hg_stock
e384df47-76ec-4c88-8b41-d46c30e795e4,Archived,resource_storage_history,hg_stock
db5feb10-4da7-4403-8b03-927a70daad70,Archived,resource_storage_history,hg_stock
2551217e-324a-4d2f-b4d7-53ae55df571a,Archived,resource_storage_history,hg_stock
f0aa36ff-876d-41f2-a1e9-e0022086dde9,Archived,resource_storage_history,hg_stock
2c7d2272-105d-4487-b136-be243dee82a9,Archived,resource_storage_history,hg_stock
617d220b-8899-4045-80c2-b69a81fef3e8,Archived,resource_storage_history,hg_stock
e358c8f1-bb38-4b49-a97a-13d61c21517f,Archived,resource_storage_history,hg_stock
27263807-b940-4dfb-8b65-9f461c04b494,Archived,resource_storage_history,hg_stock
68cef003-112c-4188-a932-013cc1f3af5d,Archived,resource_storage_history,hg_stock
0b6ad120-161e-42f4-93b2-7f1520984c44,Archived,resource_storage_history,hg_stock
33bc2a3e-a8a0-4b50-bf15-266edbfeab89,Active,resource_storage_history,hg_stock
4e8404f8-a73a-44f3-86a6-266b5ed1768e,Archived,resource_storage_history,hg_stock
2c328c15-8c2a-4029-b6f0-a3193502b833,Archived,resource_storage_history,hg_stock
c347d36f-bf0d-40e9-9688-0d8c2f1ca114,Archived,resource_storage_history,hg_stock
5f8af74f-8d12-4841-99aa-d6c576cb90c8,Archived,resource_storage_history,hg_stock
e9a0641a-519e-4e02-a6be-7abf2deb8505,Archived,resource_storage_history,hg_stock
8155e19f-0574-42e7-a1a9-ad9f3d8f2bcb,Archived,resource_storage_history,hg_stock
41d4da09-f369-46cd-b9b7-cf9e3712f042,Archived,resource_storage_history,hg_stock
56869281-975f-4e7a-ab93-d1e7c9cb3d85,Archived,resource_storage_history,hg_stock
3bb71184-e962-43d9-93c2-1101e6d1c5e3,Active,resource_storage_history,hg_stock
5d11e5bc-34eb-4a8a-8f1e-ace690076afe,Archived,resource_storage_history,hg_stock
1af06a79-5141-4bf0-acd3-c20b3c29e36c,Archived,resource_storage_history,hg_stock
de22e494-4f93-4ef0-8bd6-53560bb74094,Active,resource_storage_history,hg_stock
43c802bd-7e6a-47c2-88f1-0008ffe63bdf,Archived,resource_storage_history,hg_stock
1482d6ba-6e89-4e78-9802-721bfdd49783,Archived,resource_storage_history,hg_stock
af19d31e-87df-4206-a4d5-2b70f922037c,Archived,resource_storage_history,hg_stock
547af0b9-7cd2-4e08-bd19-216c28413151,Archived,resource_storage_history,hg_stock
466a60ce-96ea-4c19-9e94-fdd3e57ffbd2,Archived,resource_storage_history,hg_stock
c778d74c-ba51-4804-a34b-7a2f517e1d89,Archived,resource_storage_history,hg_stock
63ca5c2e-949c-49e1-b44d-660ccfae2989,Archived,resource_storage_history,hg_stock
c382eb73-4f52-4902-8f5a-4b274edaa88a,Archived,resource_storage_history,hg_stock
2fdb3f7c-d70b-4cf6-8646-89b2e34acb50,Archived,resource_storage_history,hg_stock
e661f1f9-96d4-4970-9ec0-711670ad305d,Archived,resource_storage_history,hg_stock
134307f5-e364-4abe-ad1d-d9246c0d4b43,Archived,resource_storage_history,hg_stock
3dcd63ea-88ac-4a73-921f-6062b757c6b1,Active,resource_storage_history,hg_stock
5f3f48e6-0852-4c41-8b11-d48b8f88d3ff,Archived,resource_storage_history,hg_stock
645935fd-d511-4c26-a107-1312c85b3c28,Archived,resource_storage_history,hg_stock
9444009e-6d09-4695-aac8-d4bd8309feb3,Archived,resource_storage_history,hg_stock
43bf9a07-de17-40e7-99b8-ca9bbb984434,Active,resource_storage_history,hg_stock
8dc13a8c-2ffd-43b6-b293-c2346b81c5d6,Archived,resource_storage_history,hg_stock
79c7f288-87bb-472e-bd1f-79e634d88b84,Archived,resource_storage_history,hg_stock
