Id,Name,CreatedByUserId,UpdatedByUserId,CreatedTimeUtc,UpdatedTimeUtc,CompanyId,IsDeleted,DeletedTimeUtc,DeletedByUserId,NetworkId,TypeCmsId,_source_id,_source_connection,_batch_id,_loaded_at
00f84503-7cf9-4874-a08b-3cfb01b72017,METUB Network,43f06182-5eb3-4c65-a524-f723cf7ebfe9,,2026-02-12 01:52:45.400361-08,,36310203-8005-41dc-b51e-a8dc52960496,f,,,8a262599-8e89-4d09-ac7e-ffb796e9c389,9a8e8b2a-6145-4e3b-b677-2b23e63ff21b,cms,channel_network,,
013bbbc5-0a6c-4985-83b2-82b00f3b4fcd,PT BKB Media,86e0f3f2-3c06-4902-bfea-2360bfe41b9a,,2025-07-02 20:23:20.719062-07,,448025a0-0ff7-4ed0-a917-399a73decef2,f,,,035bdcfd-2b1a-40b3-9e78-56dbd7d6575a,782d72cb-315d-49fc-885a-9204bf2b9939,cms,channel_network,,
01c40c65-e486-47a2-bfa6-6f08c74c687c,Adskimo LTD,43f06182-5eb3-4c65-a524-f723cf7ebfe9,,2025-12-24 23:10:43.849132-08,,36310203-8005-41dc-b51e-a8dc52960496,f,,,4bea95b6-6e84-443d-b340-a43d05710aff,2941f21e-4b6c-4733-adb4-ad412fb95da5,cms,channel_network,,
025bfee2-66e0-444f-a3f8-5cece8bd6345,Muse Network - M,43f06182-5eb3-4c65-a524-f723cf7ebfe9,,2025-12-24 22:51:47.310618-08,,36310203-8005-41dc-b51e-a8dc52960496,f,,,07fd7d10-9bc5-4dda-9060-49559ff8fbb5,9a8e8b2a-6145-4e3b-b677-2b23e63ff21b,cms,channel_network,,
0266b6fa-1071-484c-979b-2614b58e5bd4,Kids' Toys,d54d395f-d027-40fb-a19c-723d01f6a380,,2025-09-15 19:14:50.425041-07,,448025a0-0ff7-4ed0-a917-399a73decef2,f,,,59b5cd51-9881-47fa-bf73-74597cfda100,b4d82cb6-2518-420a-bfd3-6b94dae69bfb,cms,channel_network,,
02e26fa0-8b7b-4aac-9ba7-ff6e7712e5f3,北京思执聚力网络科技有限公司 (PocoMix),d54d395f-d027-40fb-a19c-723d01f6a380,,2025-11-29 02:27:44.682527-08,,448025a0-0ff7-4ed0-a917-399a73decef2,f,,,5cda109b-e3eb-46a9-aabf-aaee674a63de,b4d82cb6-2518-420a-bfd3-6b94dae69bfb,cms,channel_network,,
03813b98-f06a-4117-9cff-cf1ab9185d2e,WildFire Media,86495fa0-1613-4cd4-a566-52bd123cf0df,,2026-03-16 19:55:27.162697-07,,448025a0-0ff7-4ed0-a917-399a73decef2,f,,,53918e24-34f8-4ec8-8e3f-d2dcaff26b70,6359dc6a-fffa-4968-9463-c4c6780859e1,cms,channel_network,,
04c473df-c651-4156-a017-0cb6ebaa83ec,Muse Network - M,86e0f3f2-3c06-4902-bfea-2360bfe41b9a,,2025-07-02 20:19:59.445725-07,,448025a0-0ff7-4ed0-a917-399a73decef2,f,,,927cecda-6bfe-4b34-995a-22c17d2e9795,9ca7cf25-43ff-4e8d-a396-fd171994ce2a,cms,channel_network,,
06bec5f8-0614-477f-aa08-56bf8715bef2,Special Effects Media - Music,43f06182-5eb3-4c65-a524-f723cf7ebfe9,,2026-03-29 02:08:17.314049-07,,36310203-8005-41dc-b51e-a8dc52960496,f,,,dd5d28fb-7988-42e1-8443-40cfc4585b75,9a8e8b2a-6145-4e3b-b677-2b23e63ff21b,cms,channel_network,,
07492f52-f73c-47d3-99f0-1cc20cbb70a9,In-sane Managed,86495fa0-1613-4cd4-a566-52bd123cf0df,,2025-10-09 01:25:01.786197-07,,448025a0-0ff7-4ed0-a917-399a73decef2,f,,,937fb94f-f988-4671-b54d-b591a1e72ab7,b4d82cb6-2518-420a-bfd3-6b94dae69bfb,cms,channel_network,,
09740239-0352-4e5f-9db8-2c948cddd663,PingNetwork,86495fa0-1613-4cd4-a566-52bd123cf0df,,2025-11-16 19:17:45.295329-08,,448025a0-0ff7-4ed0-a917-399a73decef2,t,,,75fcb97d-71c3-4f1e-8cf5-75360b7f7d8e,782d72cb-315d-49fc-885a-9204bf2b9939,cms,channel_network,,
09d657db-8669-4fdf-b2db-f458e3c8e5b2,zojakworldwide,86e0f3f2-3c06-4902-bfea-2360bfe41b9a,,2025-07-02 20:40:27.168397-07,,448025a0-0ff7-4ed0-a917-399a73decef2,f,,,0466a2cb-0d20-4f8e-b999-d81da8b47109,9ca7cf25-43ff-4e8d-a396-fd171994ce2a,cms,channel_network,,
09f0f1ab-895d-428a-991a-18ff4d56a7aa,OO,83ba83df-ee0a-473e-89f3-a27168c823e0,,2026-05-24 23:50:45.298966-07,,448025a0-0ff7-4ed0-a917-399a73decef2,t,2026-05-25 03:33:23.017072-07,83ba83df-ee0a-473e-89f3-a27168c823e0,ff01efe8-cfbe-4d09-86c6-ae98777db044,6359dc6a-fffa-4968-9463-c4c6780859e1,cms,channel_network,,
0ac4ac35-cf04-44f4-b45d-718c57c9aa2d,MediaQuiz Entertainment International Company Limited,d54d395f-d027-40fb-a19c-723d01f6a380,,2025-09-09 19:12:17.538286-07,,448025a0-0ff7-4ed0-a917-399a73decef2,f,,,d320cfca-1fbe-4a8e-8399-9fd5f674eca6,b4d82cb6-2518-420a-bfd3-6b94dae69bfb,cms,channel_network,,
0c9a5bb3-bc90-4a25-a2bb-c21f9935be1d,Avenirtek Digital Private Limited,d54d395f-d027-40fb-a19c-723d01f6a380,,2025-07-18 00:35:34.484088-07,,448025a0-0ff7-4ed0-a917-399a73decef2,f,,,40f9f481-410d-4e59-bcab-47c6d71e19ae,b4d82cb6-2518-420a-bfd3-6b94dae69bfb,cms,channel_network,,
0de9bb82-1fe5-4d2f-a05d-8efe6293d31c,PingNetwork,229dc6f0-0c2f-42cc-8d32-7c3397e96194,,2025-11-25 17:52:32.779871-08,,448025a0-0ff7-4ed0-a917-399a73decef2,f,,,75fcb97d-71c3-4f1e-8cf5-75360b7f7d8e,b8441e1f-792a-45b8-8ec5-59ce8599425f,cms,channel_network,,
0df46110-e642-4838-9626-6212d5fb0998,THINKBIG CSP,86e0f3f2-3c06-4902-bfea-2360bfe41b9a,,2025-07-02 20:25:34.381052-07,,448025a0-0ff7-4ed0-a917-399a73decef2,f,,,96a42cc3-08dc-42a4-9ffb-e6a4c9e33e21,782d72cb-315d-49fc-885a-9204bf2b9939,cms,channel_network,,
0fead835-6d51-4144-a68c-fc8ffa4fda89,RHEI MUSIC,43f06182-5eb3-4c65-a524-f723cf7ebfe9,,2025-12-25 18:08:58.650882-08,,36310203-8005-41dc-b51e-a8dc52960496,f,,,1cf6ba2e-3e22-49e0-83a7-947729de94a1,9a8e8b2a-6145-4e3b-b677-2b23e63ff21b,cms,channel_network,,
1036f465-96d2-4da5-8c3e-2498536a0bda,Acifin Network Affiliate,229dc6f0-0c2f-42cc-8d32-7c3397e96194,,2026-02-08 23:26:53.438471-08,,448025a0-0ff7-4ed0-a917-399a73decef2,f,,,e4676702-f5b9-45b0-8f87-cf51665c321a,6359dc6a-fffa-4968-9463-c4c6780859e1,cms,channel_network,,
13be7fe1-643c-4b8c-8f73-a80aeed372eb,EMDC Network,86e0f3f2-3c06-4902-bfea-2360bfe41b9a,,2025-07-02 19:35:01.897869-07,,448025a0-0ff7-4ed0-a917-399a73decef2,f,,,b519157e-22ac-4e96-ac94-cc970e84a019,9ca7cf25-43ff-4e8d-a396-fd171994ce2a,cms,channel_network,,
14c7b37c-b55c-428f-be03-51972330fb38,Bab Media,43f06182-5eb3-4c65-a524-f723cf7ebfe9,,2025-12-24 23:10:26.446991-08,,36310203-8005-41dc-b51e-a8dc52960496,f,,,be381c96-66a7-471b-be3f-badebf5162cd,9a8e8b2a-6145-4e3b-b677-2b23e63ff21b,cms,channel_network,,
151b6197-4412-44f1-9a0d-c5a837ef0269,MCVCorp US,3a6d8830-8ce1-4a58-9b7b-be4f3e50bde0,,2025-11-25 19:12:23.492686-08,,448025a0-0ff7-4ed0-a917-399a73decef2,t,,,104e2b81-4f64-4d93-86e8-66a7a9c41f5e,b8441e1f-792a-45b8-8ec5-59ce8599425f,cms,channel_network,,
1835716b-c9fe-41a3-9464-765413f2f703,THINKBIG x Fanatik Music,86495fa0-1613-4cd4-a566-52bd123cf0df,,2026-06-15 00:59:36.358393-07,,448025a0-0ff7-4ed0-a917-399a73decef2,f,,,96a42cc3-08dc-42a4-9ffb-e6a4c9e33e21,b8441e1f-792a-45b8-8ec5-59ce8599425f,cms,channel_network,,
18b4ec55-c8aa-4859-abed-8719343ed6db,ZIPR MCN,43f06182-5eb3-4c65-a524-f723cf7ebfe9,,2026-02-12 01:51:55.754752-08,,36310203-8005-41dc-b51e-a8dc52960496,f,,,5437ddad-f472-4ab7-b1bb-968fa6c10e22,2941f21e-4b6c-4733-adb4-ad412fb95da5,cms,channel_network,,
18cd6200-82ba-45d8-b4c6-c3369d780aac,AllContent Music,86e0f3f2-3c06-4902-bfea-2360bfe41b9a,,2025-07-02 19:13:21.919195-07,,448025a0-0ff7-4ed0-a917-399a73decef2,f,,,842cfe82-6d9c-45a0-b258-ba1ccdc843e0,9ca7cf25-43ff-4e8d-a396-fd171994ce2a,cms,channel_network,,
199183ab-d1f8-475d-93fb-b405d057acc2,Digital Minds Music,3a6d8830-8ce1-4a58-9b7b-be4f3e50bde0,,2025-11-25 19:42:12.571817-08,,448025a0-0ff7-4ed0-a917-399a73decef2,t,,,2147c231-efce-4c79-bb05-f5a2f1abc611,b8441e1f-792a-45b8-8ec5-59ce8599425f,cms,channel_network,,
1a60c78b-c476-438e-bdfc-a9b2b2af62c9,Izo (EMVN),229dc6f0-0c2f-42cc-8d32-7c3397e96194,,2026-02-08 23:26:01.184446-08,,448025a0-0ff7-4ed0-a917-399a73decef2,t,,,65b4be4a-40de-4453-a0f1-20b930fb0255,6359dc6a-fffa-4968-9463-c4c6780859e1,cms,channel_network,,
1ab81957-d7de-48d7-9cd3-de967086d274,Zee Media Corporation Limited,d54d395f-d027-40fb-a19c-723d01f6a380,,2025-09-24 00:12:38.29973-07,,448025a0-0ff7-4ed0-a917-399a73decef2,f,,,8f686d3a-36ea-4533-958b-e70e82ed33b0,b4d82cb6-2518-420a-bfd3-6b94dae69bfb,cms,channel_network,,
1ce9f1e4-2714-4614-a668-1c8357393b25,We Are Era International Managed,86e0f3f2-3c06-4902-bfea-2360bfe41b9a,,2025-07-02 20:38:54.615969-07,,448025a0-0ff7-4ed0-a917-399a73decef2,f,,,724f454a-7f9b-41e8-b1a9-efa49145a88a,9ca7cf25-43ff-4e8d-a396-fd171994ce2a,cms,channel_network,,
1d008ce2-6216-4652-8950-46269966f9e6,SEEEN_Managed,43f06182-5eb3-4c65-a524-f723cf7ebfe9,,2025-12-24 23:08:06.599777-08,,36310203-8005-41dc-b51e-a8dc52960496,f,,,aafd8ebf-bd03-453f-9186-063f82271e06,2941f21e-4b6c-4733-adb4-ad412fb95da5,cms,channel_network,,
1d8d0dbe-0fe9-4cfc-bedb-7aca943305b6,Famous ID,43f06182-5eb3-4c65-a524-f723cf7ebfe9,,2025-12-25 18:09:39.066682-08,,36310203-8005-41dc-b51e-a8dc52960496,f,,,fe0263dd-3a01-45d2-95e2-cc8fde1719b0,2941f21e-4b6c-4733-adb4-ad412fb95da5,cms,channel_network,,
1fa6e880-1576-4f35-84ba-dfa682af82b6,e-Muzyka,d54d395f-d027-40fb-a19c-723d01f6a380,,2026-01-18 18:34:34.803864-08,,448025a0-0ff7-4ed0-a917-399a73decef2,f,,,4c1e307a-6e56-45da-9210-8c2029d548d5,b4d82cb6-2518-420a-bfd3-6b94dae69bfb,cms,channel_network,,
1faa0721-34c8-412d-b4d4-ff3457034ab0,Bquate Music,86495fa0-1613-4cd4-a566-52bd123cf0df,,2026-08-18 02:06:54.27954-07,,448025a0-0ff7-4ed0-a917-399a73decef2,f,,,664d9f15-fba2-481f-b87d-0322457f088e,b8441e1f-792a-45b8-8ec5-59ce8599425f,cms,channel_network,,
202da9bf-62d0-401b-946f-1dabf79dc096,Matter Entertainment- Affiliate,86495fa0-1613-4cd4-a566-52bd123cf0df,,2026-01-27 23:30:27.822844-08,,448025a0-0ff7-4ed0-a917-399a73decef2,f,,,190cb148-59c6-4a3b-9bcf-388fca011027,e45bd9a7-6864-45d1-b098-934e18b0a820,cms,channel_network,,
208783d0-6b03-4fb0-b9f5-0ff87b948b6a,Music StarHits,126f3d0d-5541-468f-ae80-1cef9ea1a8da,,2026-07-30 02:52:30.59934-07,,448025a0-0ff7-4ed0-a917-399a73decef2,f,,,a66f58c3-b06b-405e-bad5-2ef32e32b4c1,9ca7cf25-43ff-4e8d-a396-fd171994ce2a,cms,channel_network,,
215c5c14-b8e2-4ea6-a861-f3f90fe7038d,[Merlin] Euphoria Media Group,3a6d8830-8ce1-4a58-9b7b-be4f3e50bde0,,2025-11-25 19:43:22.929859-08,,501e409b-2168-4f0c-8d46-b0f17c71796d,f,,,d0bf61bf-acb4-40eb-b264-5d409db2f918,b8441e1f-792a-45b8-8ec5-59ce8599425f,cms,channel_network,,
220a7653-b47b-4d4d-ab31-9f63d7f3a6ee,Qyuki_Music,a49192c4-8bb3-4976-a588-82de978a882e,,2026-05-20 18:43:40.29482-07,,36310203-8005-41dc-b51e-a8dc52960496,f,,,cbd55485-580a-4665-a0ca-f5601a59af10,9a8e8b2a-6145-4e3b-b677-2b23e63ff21b,cms,channel_network,,
229230cb-09c7-4e69-9737-9dcc769d444e,Artı Project,86e0f3f2-3c06-4902-bfea-2360bfe41b9a,,2025-07-02 19:13:40.369334-07,,448025a0-0ff7-4ed0-a917-399a73decef2,f,,,8a39f4a6-e215-458c-b435-febfa520a13b,782d72cb-315d-49fc-885a-9204bf2b9939,cms,channel_network,,
240a4250-5241-45f5-9653-12e0a6da7218,China (Zhejiang) Internatioanl Cooperation Zone For Film & TV,a49192c4-8bb3-4976-a588-82de978a882e,,2026-05-25 18:13:05.094568-07,,36310203-8005-41dc-b51e-a8dc52960496,f,,,da613c5a-37bc-4e78-9d9d-7c4998e2214e,9a8e8b2a-6145-4e3b-b677-2b23e63ff21b,cms,channel_network,,
2447af99-b0a7-45c4-9df8-7ef3178a7063,DashGo/Audiobee,86e0f3f2-3c06-4902-bfea-2360bfe41b9a,,2025-07-02 19:33:45.069436-07,,448025a0-0ff7-4ed0-a917-399a73decef2,f,,,3050b1a2-d0a7-4e97-b597-81c20a2fbd4e,782d72cb-315d-49fc-885a-9204bf2b9939,cms,channel_network,,
2454cc9d-48d6-4c33-92ea-7e947bbb04c2,Anand Music,2cd51d46-fd75-4248-bcbe-1641ada95366,,2026-07-12 19:55:10.442513-07,,448025a0-0ff7-4ed0-a917-399a73decef2,f,,,26361a71-9650-466e-83b7-321dfd160e55,b8441e1f-792a-45b8-8ec5-59ce8599425f,cms,channel_network,,
24ee8a6a-1a45-4746-bd5b-a619d98e2b39,Fanatik Film - M,86e0f3f2-3c06-4902-bfea-2360bfe41b9a,,2025-07-02 19:42:14.028891-07,,448025a0-0ff7-4ed0-a917-399a73decef2,f,,,21d35415-ac60-4c98-b29d-1d494d6d34f3,782d72cb-315d-49fc-885a-9204bf2b9939,cms,channel_network,,
2551e57a-3848-4a34-afea-c942260403ec,[Merlin] Danmark Music Group,86e0f3f2-3c06-4902-bfea-2360bfe41b9a,,2025-07-02 18:42:44.149767-07,,448025a0-0ff7-4ed0-a917-399a73decef2,f,,,e7ff2a40-7387-435d-8e4f-c1646949d488,9ca7cf25-43ff-4e8d-a396-fd171994ce2a,cms,channel_network,,
25f03453-159b-4d8a-b7f7-85e1b8de37d8,Spirit Studio,d54d395f-d027-40fb-a19c-723d01f6a380,,2025-07-18 00:33:47.327537-07,,448025a0-0ff7-4ed0-a917-399a73decef2,t,2025-07-22 19:46:13.480997-07,d54d395f-d027-40fb-a19c-723d01f6a380,8c8cdd91-93bf-4266-a5e8-7603666754e7,b4d82cb6-2518-420a-bfd3-6b94dae69bfb,cms,channel_network,,
26836922-3118-4ac8-9911-513219d37c11,Mova,6a34ddae-be72-471a-ad45-7e226c3a141f,,2026-02-04 17:43:19.476527-08,,501e409b-2168-4f0c-8d46-b0f17c71796d,t,2026-02-04 17:44:41.454698-08,6a34ddae-be72-471a-ad45-7e226c3a141f,f675e58a-48c2-4bcc-9a83-5fcdf36cf272,6359dc6a-fffa-4968-9463-c4c6780859e1,cms,channel_network,,
28cd5dca-e098-4443-abbf-849c4049a5c9,YB Media,3a6d8830-8ce1-4a58-9b7b-be4f3e50bde0,,2025-11-25 19:42:36.921299-08,,448025a0-0ff7-4ed0-a917-399a73decef2,t,,,e019aa69-9d26-43ee-ae58-8de39e32a63f,b8441e1f-792a-45b8-8ec5-59ce8599425f,cms,channel_network,,
28ffd987-21da-473a-88b2-36021e195c75,Muse Network,43f06182-5eb3-4c65-a524-f723cf7ebfe9,,2025-12-24 22:46:23.710239-08,,36310203-8005-41dc-b51e-a8dc52960496,t,2025-12-24 22:51:47.310698-08,43f06182-5eb3-4c65-a524-f723cf7ebfe9,07fd7d10-9bc5-4dda-9060-49559ff8fbb5,9a8e8b2a-6145-4e3b-b677-2b23e63ff21b,cms,channel_network,,
2997cbea-da19-44ee-93ca-8600c8fa11fb,MusicFactory,3a6d8830-8ce1-4a58-9b7b-be4f3e50bde0,,2025-11-25 19:17:16.752354-08,,448025a0-0ff7-4ed0-a917-399a73decef2,t,,,3bf9733d-82d6-4cef-b781-4e718adb49f5,b8441e1f-792a-45b8-8ec5-59ce8599425f,cms,channel_network,,
29a12e1c-6978-49f2-99bd-4241cc09335b,PT Suara Mas Abadi (FM),229dc6f0-0c2f-42cc-8d32-7c3397e96194,,2025-12-01 18:14:28.864138-08,,448025a0-0ff7-4ed0-a917-399a73decef2,t,,,fdf3dd8d-68df-40be-aa84-7a90e25325b2,b8441e1f-792a-45b8-8ec5-59ce8599425f,cms,channel_network,,
2b3503c5-7b00-4873-823c-8358bc3c97a6,ODEmusic Ireland,43f06182-5eb3-4c65-a524-f723cf7ebfe9,,2026-02-12 19:29:33.287704-08,,36310203-8005-41dc-b51e-a8dc52960496,f,,,9a57d3e3-e67c-441e-8d47-d405ae1170e6,9a8e8b2a-6145-4e3b-b677-2b23e63ff21b,cms,channel_network,,
2ca1e317-7da0-4f71-bd16-0318fcfc6f00,China(Zhejiang)Internatioanl CooperationZone For Film & TV,86e0f3f2-3c06-4902-bfea-2360bfe41b9a,86e0f3f2-3c06-4902-bfea-2360bfe41b9a,2025-07-02 19:25:58.503604-07,2025-07-02 20:45:41.067472-07,448025a0-0ff7-4ed0-a917-399a73decef2,f,,,5e7eb9b7-1abb-4f3e-979c-e06b6ab60d75,782d72cb-315d-49fc-885a-9204bf2b9939,cms,channel_network,,
2d0f4be8-721f-4f46-9d6e-b035b34c5473,HTB Affiliate,86e0f3f2-3c06-4902-bfea-2360bfe41b9a,,2025-07-02 19:53:08.097929-07,,448025a0-0ff7-4ed0-a917-399a73decef2,f,,,fccc0591-e959-43cb-a2d8-62ca16075b08,e45bd9a7-6864-45d1-b098-934e18b0a820,cms,channel_network,,
2e6cc0ac-a8bc-45cd-b493-e86a88533caf,Phoenix Media SRAV,3a6d8830-8ce1-4a58-9b7b-be4f3e50bde0,,2025-11-25 19:39:26.730358-08,,501e409b-2168-4f0c-8d46-b0f17c71796d,f,,,2c21f1e4-c5c0-4cf4-a276-b01cd8a2533d,b8441e1f-792a-45b8-8ec5-59ce8599425f,cms,channel_network,,
2ebfb5d2-afdf-4dbb-8c45-d632c6e61706,GA,a49192c4-8bb3-4976-a588-82de978a882e,,2026-05-31 20:48:29.908779-07,,36310203-8005-41dc-b51e-a8dc52960496,f,,,0284a962-7a26-4092-952c-9a103f974042,9a8e8b2a-6145-4e3b-b677-2b23e63ff21b,cms,channel_network,,
2f1f7c03-3cd6-488f-be3c-b3b641bf6dd3,La Cupula Music,86e0f3f2-3c06-4902-bfea-2360bfe41b9a,,2025-07-02 19:19:11.347143-07,,448025a0-0ff7-4ed0-a917-399a73decef2,f,,,04338768-71dd-417f-ae49-9e272e2bb915,9ca7cf25-43ff-4e8d-a396-fd171994ce2a,cms,channel_network,,
2fdbba7d-0a7e-43c3-b0ae-5b1c6d94b6f5,1,43f06182-5eb3-4c65-a524-f723cf7ebfe9,,2025-12-24 23:32:43.114428-08,,36310203-8005-41dc-b51e-a8dc52960496,f,,,88c85415-1a0e-4ca1-990a-b5502eae4036,9a8e8b2a-6145-4e3b-b677-2b23e63ff21b,cms,channel_network,,
314280ee-3eca-44b2-81c4-50b39c60f8cc,Eastone Entertainment,43f06182-5eb3-4c65-a524-f723cf7ebfe9,,2026-01-14 18:21:51.776536-08,,36310203-8005-41dc-b51e-a8dc52960496,f,,,0b0cff25-c7d6-4d61-adb5-cf807afd13c6,2941f21e-4b6c-4733-adb4-ad412fb95da5,cms,channel_network,,
32708148-8af7-40a8-95c3-108e3094c722,321 Media,d54d395f-d027-40fb-a19c-723d01f6a380,,2025-09-15 19:23:37.766866-07,,448025a0-0ff7-4ed0-a917-399a73decef2,f,,,4753dd01-fcdf-4783-bb09-6ba5e84dbada,b4d82cb6-2518-420a-bfd3-6b94dae69bfb,cms,channel_network,,
32a11ab2-3362-4e3a-bfe2-dda229cd0204,[Merlin] Symphonic Distribution,86e0f3f2-3c06-4902-bfea-2360bfe41b9a,,2025-07-02 18:50:16.10461-07,,448025a0-0ff7-4ed0-a917-399a73decef2,f,,,40d73cd5-7bc6-42d1-8a8a-94df7c0f3b89,9ca7cf25-43ff-4e8d-a396-fd171994ce2a,cms,channel_network,,
35f9451b-c808-4ec7-b0c6-6cf5ca65843e,DashGo,229dc6f0-0c2f-42cc-8d32-7c3397e96194,,2025-12-03 00:34:25.393509-08,,448025a0-0ff7-4ed0-a917-399a73decef2,t,,,3050b1a2-d0a7-4e97-b597-81c20a2fbd4e,b8441e1f-792a-45b8-8ec5-59ce8599425f,cms,channel_network,,
375a0d41-b613-4bf6-9574-778744592379,HaHaHa,d54d395f-d027-40fb-a19c-723d01f6a380,,2025-10-07 23:43:15.548883-07,,448025a0-0ff7-4ed0-a917-399a73decef2,f,,,457b78eb-01e4-48da-8143-34519609d34c,b4d82cb6-2518-420a-bfd3-6b94dae69bfb,cms,channel_network,,
379e8be3-34df-4d24-b8ca-2b31d900d59b,FMC Music Sdn Bhd Malaysia,86e0f3f2-3c06-4902-bfea-2360bfe41b9a,,2025-07-02 19:49:40.545855-07,,448025a0-0ff7-4ed0-a917-399a73decef2,f,,,eb6c2ea2-df58-4139-a083-c772c04840fe,9ca7cf25-43ff-4e8d-a396-fd171994ce2a,cms,channel_network,,
38d450da-4324-45df-8388-73e90e8c68d8,Digital Minds Music,86e0f3f2-3c06-4902-bfea-2360bfe41b9a,,2025-07-02 19:18:18.699872-07,,448025a0-0ff7-4ed0-a917-399a73decef2,f,,,2147c231-efce-4c79-bb05-f5a2f1abc611,9ca7cf25-43ff-4e8d-a396-fd171994ce2a,cms,channel_network,,
3c7bad02-0bce-430d-ab7d-8e9fe36d3eb2,Digital Minds Music,43f06182-5eb3-4c65-a524-f723cf7ebfe9,,2025-12-24 23:09:51.068437-08,,36310203-8005-41dc-b51e-a8dc52960496,f,,,39e356bf-dfad-45c4-8f7d-05676dd67ed4,9a8e8b2a-6145-4e3b-b677-2b23e63ff21b,cms,channel_network,,
3dad9cd7-eaee-42d1-b15b-b0a4acf5eb47,Zoomin Affiliate,43f06182-5eb3-4c65-a524-f723cf7ebfe9,,2025-12-25 18:31:33.13232-08,,36310203-8005-41dc-b51e-a8dc52960496,f,,,212f0d25-b819-483a-b17f-61240547e5da,2941f21e-4b6c-4733-adb4-ad412fb95da5,cms,channel_network,,
3e4ac7a2-16bd-4a3f-99b0-b04dcd56f2d5,Warrior Media,86495fa0-1613-4cd4-a566-52bd123cf0df,,2025-07-22 22:02:51.735647-07,,448025a0-0ff7-4ed0-a917-399a73decef2,f,,,706679c0-e730-4b08-97a7-94727efb1c1a,782d72cb-315d-49fc-885a-9204bf2b9939,cms,channel_network,,
3ee258f2-101d-4500-87e3-fcb428ee26b3,The S&D Music Group,86e0f3f2-3c06-4902-bfea-2360bfe41b9a,,2025-07-02 19:40:29.705989-07,,448025a0-0ff7-4ed0-a917-399a73decef2,f,,,c6e95e3e-b803-4a2f-b642-c3906212abed,9ca7cf25-43ff-4e8d-a396-fd171994ce2a,cms,channel_network,,
3f497bd6-0db1-4b4a-b54b-c9d9336f188a,Media Advertisement Development Corporation of Vietnam MCVCorp (Affiliate),86e0f3f2-3c06-4902-bfea-2360bfe41b9a,,2025-07-02 20:14:23.134866-07,,448025a0-0ff7-4ed0-a917-399a73decef2,f,,,104e2b81-4f64-4d93-86e8-66a7a9c41f5e,e45bd9a7-6864-45d1-b098-934e18b0a820,cms,channel_network,,
401f52ea-9aaa-46b6-9c11-2b7dc14d2bde,HiTechEntertainment,2cd51d46-fd75-4248-bcbe-1641ada95366,,2026-06-08 23:57:12.770622-07,,448025a0-0ff7-4ed0-a917-399a73decef2,f,,,887d12f9-6424-40b1-94b3-29ef280470da,b4d82cb6-2518-420a-bfd3-6b94dae69bfb,cms,channel_network,,
420f04da-fd7a-4e5e-b908-3527f8619205,Dwaem Media Group (Music),43f06182-5eb3-4c65-a524-f723cf7ebfe9,,2026-03-22 19:25:50.222689-07,,36310203-8005-41dc-b51e-a8dc52960496,f,,,79ff62d4-2cd5-422d-a427-9d6f7c9c938c,9a8e8b2a-6145-4e3b-b677-2b23e63ff21b,cms,channel_network,,
42b551aa-0cec-41b5-adc5-e290e92e0cea,OPA Record x,a49192c4-8bb3-4976-a588-82de978a882e,,2026-04-24 20:46:10.447795-07,,36310203-8005-41dc-b51e-a8dc52960496,f,,,cffc4701-fc4d-4f90-985c-0f4fa1ed71fa,9a8e8b2a-6145-4e3b-b677-2b23e63ff21b,cms,channel_network,,
47472f70-aad6-4622-a356-0aaa93d94978,JazzeeBlueRecords,86e0f3f2-3c06-4902-bfea-2360bfe41b9a,,2025-07-02 19:53:37.663219-07,,448025a0-0ff7-4ed0-a917-399a73decef2,f,,,bfeb8e83-31f0-4401-be79-2e93c626388d,9ca7cf25-43ff-4e8d-a396-fd171994ce2a,cms,channel_network,,
478d059e-0a75-404f-bf94-77ebbfc9a47b,EMG Rights Management,86e0f3f2-3c06-4902-bfea-2360bfe41b9a,,2025-07-02 19:35:50.459137-07,,448025a0-0ff7-4ed0-a917-399a73decef2,f,,,85e329e6-de7c-4e1e-97f4-38d704d8c59a,9ca7cf25-43ff-4e8d-a396-fd171994ce2a,cms,channel_network,,
48b9dd81-08e4-41f4-a1c2-729cfa87958a,VTC Corporation Network (MCST),ed86db9a-4911-4264-bef0-4fdde9c14e85,,2026-03-18 01:10:21.093683-07,,448025a0-0ff7-4ed0-a917-399a73decef2,f,,,85a94d48-8323-478a-96f4-0b23dab55d89,6359dc6a-fffa-4968-9463-c4c6780859e1,cms,channel_network,,
4c87b522-248f-4c7e-a1ea-3479949445ed,Bongo Studios,86e0f3f2-3c06-4902-bfea-2360bfe41b9a,,2025-07-02 19:23:43.786584-07,,448025a0-0ff7-4ed0-a917-399a73decef2,f,,,13c45d54-76c2-4e89-837e-9ee80a8518d0,782d72cb-315d-49fc-885a-9204bf2b9939,cms,channel_network,,
4ce48424-bb06-4df7-aa66-48e89a737e9f,DigiVox CSP,43f06182-5eb3-4c65-a524-f723cf7ebfe9,,2025-12-24 22:44:37.90851-08,,36310203-8005-41dc-b51e-a8dc52960496,f,,,8791f79b-0e5a-4132-b076-e1b050451096,2941f21e-4b6c-4733-adb4-ad412fb95da5,cms,channel_network,,
4e0fabb4-6eda-452d-9496-0bca7f5ffb56,Menta Music,3a6d8830-8ce1-4a58-9b7b-be4f3e50bde0,,2025-11-25 19:41:14.142182-08,,448025a0-0ff7-4ed0-a917-399a73decef2,f,,,899e18ac-b059-44cb-86af-a1a626d95e89,b8441e1f-792a-45b8-8ec5-59ce8599425f,cms,channel_network,,
4f313522-6d18-454d-9461-d0be794b0ecb,DH One Records,86495fa0-1613-4cd4-a566-52bd123cf0df,,2026-04-21 02:39:04.7513-07,,448025a0-0ff7-4ed0-a917-399a73decef2,f,,,68c95c98-51e6-449b-9767-10c59a1446ee,6359dc6a-fffa-4968-9463-c4c6780859e1,cms,channel_network,,
51037062-7496-4afe-88a4-3350107b2d16,PT. Kokiku Media Indonesia,86495fa0-1613-4cd4-a566-52bd123cf0df,,2026-05-31 18:43:56.353722-07,,448025a0-0ff7-4ed0-a917-399a73decef2,f,,,8276e2e3-2447-4902-8874-2fa47eea557b,b4d82cb6-2518-420a-bfd3-6b94dae69bfb,cms,channel_network,,
533f26f4-ca5c-4be1-a244-557b9bd6bd42,Warrior Media,3a6d8830-8ce1-4a58-9b7b-be4f3e50bde0,,2025-11-25 19:13:37.07049-08,,501e409b-2168-4f0c-8d46-b0f17c71796d,f,,,706679c0-e730-4b08-97a7-94727efb1c1a,b8441e1f-792a-45b8-8ec5-59ce8599425f,cms,channel_network,,
537c0f68-99cc-49d3-9711-255aa1f46785,RouteNote,86e0f3f2-3c06-4902-bfea-2360bfe41b9a,,2025-07-02 20:23:43.095062-07,,448025a0-0ff7-4ed0-a917-399a73decef2,f,,,d5a8714b-4654-46d0-82c9-01841376c5d2,9ca7cf25-43ff-4e8d-a396-fd171994ce2a,cms,channel_network,,
53bb3189-8a56-4f57-989e-5bc984a96185,Zee Media Corporation Limited,43f06182-5eb3-4c65-a524-f723cf7ebfe9,,2025-12-24 19:00:22.256247-08,,36310203-8005-41dc-b51e-a8dc52960496,f,,,5437ddad-f472-4ab7-b1bb-968fa6c10e22,2941f21e-4b6c-4733-adb4-ad412fb95da5,cms,channel_network,,
546ae3bd-50ea-4f19-97cd-758f8ef9e39d,Ohenemedia,3a6d8830-8ce1-4a58-9b7b-be4f3e50bde0,,2025-11-25 19:22:42.947596-08,,448025a0-0ff7-4ed0-a917-399a73decef2,f,,,0e503954-6ada-4dfc-9fed-f65e4e5f257a,b8441e1f-792a-45b8-8ec5-59ce8599425f,cms,channel_network,,
55750e36-83e0-4611-b401-f7c25f7b7357,AcidSpain,229dc6f0-0c2f-42cc-8d32-7c3397e96194,,2025-12-11 23:57:36.191803-08,,501e409b-2168-4f0c-8d46-b0f17c71796d,f,,,5c125fed-0395-4b85-a2f4-e33454484043,b8441e1f-792a-45b8-8ec5-59ce8599425f,cms,channel_network,,
5619d9d7-ac28-480d-a641-29493804677e,SEEN_Managed (FM),229dc6f0-0c2f-42cc-8d32-7c3397e96194,,2026-02-08 23:28:03.144118-08,,448025a0-0ff7-4ed0-a917-399a73decef2,t,,,0f6bf5f5-5274-4756-852e-3fc1830cb293,6359dc6a-fffa-4968-9463-c4c6780859e1,cms,channel_network,,
5640ed88-1d72-4daa-bb56-e443100b3b46,BZZZ Entertainment,3a6d8830-8ce1-4a58-9b7b-be4f3e50bde0,,2025-11-25 19:21:58.055538-08,,448025a0-0ff7-4ed0-a917-399a73decef2,t,,,ff94319d-64dc-4d24-aec6-41cf687c138d,b8441e1f-792a-45b8-8ec5-59ce8599425f,cms,channel_network,,
56881e35-9705-495f-a3ad-56a6d0abcc37,AcidSpain,229dc6f0-0c2f-42cc-8d32-7c3397e96194,,2026-03-24 21:45:38.181909-07,,448025a0-0ff7-4ed0-a917-399a73decef2,f,,,5c125fed-0395-4b85-a2f4-e33454484043,9ca7cf25-43ff-4e8d-a396-fd171994ce2a,cms,channel_network,,
56b7ef41-96f3-41b5-9a4b-a285c93a1402,Dual Vision Joint Stock Company (Dat Viet VAC) Music,86495fa0-1613-4cd4-a566-52bd123cf0df,,2025-07-22 21:54:52.871579-07,,448025a0-0ff7-4ed0-a917-399a73decef2,f,,,7f11932a-5d0c-4b07-9175-ea6c44ae863a,9ca7cf25-43ff-4e8d-a396-fd171994ce2a,cms,channel_network,,
5760b4c5-2cd5-424c-ac47-cfc277cf6e11,Landvogel TV,a49192c4-8bb3-4976-a588-82de978a882e,,2026-08-06 02:37:39.962119-07,,36310203-8005-41dc-b51e-a8dc52960496,f,,,875b7d51-cc3a-4841-8919-d64224e58570,9a8e8b2a-6145-4e3b-b677-2b23e63ff21b,cms,channel_network,,
5c0fd429-d6da-4828-a757-6d35bf0b679c,Thoughtful Global,a49192c4-8bb3-4976-a588-82de978a882e,,2026-05-18 17:54:03.825674-07,,36310203-8005-41dc-b51e-a8dc52960496,f,,,d90ac5e8-b4a0-4b5f-bd8d-dbbe5fa50011,9a8e8b2a-6145-4e3b-b677-2b23e63ff21b,cms,channel_network,,
5c3d1eec-5874-45ee-a8b0-71b95646788d,"Beijing Hanqi Culture Communication Co., Ltd",3a6d8830-8ce1-4a58-9b7b-be4f3e50bde0,,2025-11-25 19:31:26.112665-08,,448025a0-0ff7-4ed0-a917-399a73decef2,t,,,e4676702-f5b9-45b0-8f87-cf51665c321a,b8441e1f-792a-45b8-8ec5-59ce8599425f,cms,channel_network,,
5c3dd824-b836-4c73-9f7d-bc302a209cf0,Tubrr,ed86db9a-4911-4264-bef0-4fdde9c14e85,,2026-03-27 21:21:10.846067-07,,448025a0-0ff7-4ed0-a917-399a73decef2,f,,,1798a381-6403-46e7-9cde-d1121ab0b215,9ca7cf25-43ff-4e8d-a396-fd171994ce2a,cms,channel_network,,
5eb477aa-7900-4d10-b3b0-85debb4b8d75,Mobile 1 Music (Bảo),d54d395f-d027-40fb-a19c-723d01f6a380,,2025-12-09 23:27:51.33296-08,,448025a0-0ff7-4ed0-a917-399a73decef2,t,,,cd0ebc3a-b2af-4aab-a572-d75c2298dd3b,b4d82cb6-2518-420a-bfd3-6b94dae69bfb,cms,channel_network,,
5ecf29d9-174e-4128-9810-0026cffbb103,RHEI MUSIC,86e0f3f2-3c06-4902-bfea-2360bfe41b9a,,2025-07-02 19:19:41.328595-07,,448025a0-0ff7-4ed0-a917-399a73decef2,f,,,ac597b42-5974-4947-89c3-b7a64c149116,9ca7cf25-43ff-4e8d-a396-fd171994ce2a,cms,channel_network,,
5f1157a8-600f-454a-baf4-7e48e5509409,Genesis,43f06182-5eb3-4c65-a524-f723cf7ebfe9,,2026-02-12 01:38:24.782019-08,,36310203-8005-41dc-b51e-a8dc52960496,f,,,7c01f313-0d09-41db-afc1-a1f3e2c4ac85,9a8e8b2a-6145-4e3b-b677-2b23e63ff21b,cms,channel_network,,
607205da-3ddc-4ff2-b065-ff8241c0d5ab,QMG,83ba83df-ee0a-473e-89f3-a27168c823e0,,2026-07-30 01:17:41.556572-07,,448025a0-0ff7-4ed0-a917-399a73decef2,f,,,b5be41d0-bc85-4f2b-9245-e2fb44bc469e,b4d82cb6-2518-420a-bfd3-6b94dae69bfb,cms,channel_network,,
610fd006-031b-4868-8891-53f6556912a7,Pepper Media,86e0f3f2-3c06-4902-bfea-2360bfe41b9a,,2025-07-02 20:21:50.003274-07,,448025a0-0ff7-4ed0-a917-399a73decef2,f,,,055cc71a-4644-4f2c-a89b-7c63d746598e,782d72cb-315d-49fc-885a-9204bf2b9939,cms,channel_network,,
6167568f-c835-40d1-9d02-f3fa42f91c4d,Blanco y Negro Music,43f06182-5eb3-4c65-a524-f723cf7ebfe9,,2025-12-25 18:10:50.516249-08,,36310203-8005-41dc-b51e-a8dc52960496,f,,,43f0a9ff-5a85-4b6b-8d31-a306c291d026,9a8e8b2a-6145-4e3b-b677-2b23e63ff21b,cms,channel_network,,
61bff469-70cb-42cc-9096-32da78e7c229,Adskimo LTD,86e0f3f2-3c06-4902-bfea-2360bfe41b9a,,2025-07-02 18:57:05.096657-07,,448025a0-0ff7-4ed0-a917-399a73decef2,f,,,899e18ac-b059-44cb-86af-a1a626d95e89,782d72cb-315d-49fc-885a-9204bf2b9939,cms,channel_network,,
6303eccb-3ddb-4ca9-8a64-c6d229bfbe6b,Spirit Digital Media,43f06182-5eb3-4c65-a524-f723cf7ebfe9,,2025-12-24 23:27:36.897035-08,,36310203-8005-41dc-b51e-a8dc52960496,f,,,e6922f2e-fd0f-4dcb-8152-24b0f32b26b8,2941f21e-4b6c-4733-adb4-ad412fb95da5,cms,channel_network,,
634a735d-eccd-40e0-9b9f-fc4ac9d49808,THINKBIG,86e0f3f2-3c06-4902-bfea-2360bfe41b9a,,2025-07-02 20:25:34.381052-07,,448025a0-0ff7-4ed0-a917-399a73decef2,t,2025-07-02 20:37:16.112606-07,86e0f3f2-3c06-4902-bfea-2360bfe41b9a,96a42cc3-08dc-42a4-9ffb-e6a4c9e33e21,e45bd9a7-6864-45d1-b098-934e18b0a820,cms,channel_network,,
6442e4d6-e58d-4ce6-bd4e-0379df711002,THINKBIG CSP (Affiliate),86495fa0-1613-4cd4-a566-52bd123cf0df,,2025-08-04 18:27:21.339425-07,,448025a0-0ff7-4ed0-a917-399a73decef2,f,,,96a42cc3-08dc-42a4-9ffb-e6a4c9e33e21,e45bd9a7-6864-45d1-b098-934e18b0a820,cms,channel_network,,
65b3fa46-5bba-429f-8b45-a8f8bf4f229d,[Merlin] Euphoria Media Group,86e0f3f2-3c06-4902-bfea-2360bfe41b9a,,2025-07-02 18:45:26.952604-07,,448025a0-0ff7-4ed0-a917-399a73decef2,f,,,fe8e6b33-141c-4736-935b-fcbc495c8b85,9ca7cf25-43ff-4e8d-a396-fd171994ce2a,cms,channel_network,,
65e928b7-7937-4327-a1cc-668c17375c8f,[Merlin] Symphonic Distribution,43f06182-5eb3-4c65-a524-f723cf7ebfe9,,2025-12-25 18:11:06.714537-08,,36310203-8005-41dc-b51e-a8dc52960496,f,,,839cf1ce-8e53-48a3-983e-3bfafc5929a0,9a8e8b2a-6145-4e3b-b677-2b23e63ff21b,cms,channel_network,,
6668c2df-0885-497a-a6ba-8f57e2bbb743,United Ad,43f06182-5eb3-4c65-a524-f723cf7ebfe9,,2026-02-12 01:53:06.372652-08,,36310203-8005-41dc-b51e-a8dc52960496,f,,,671dcc2b-1e57-4ae8-b214-ff0d26569eea,2941f21e-4b6c-4733-adb4-ad412fb95da5,cms,channel_network,,
66fac83c-a4ae-4213-814c-ca7da4800f8d,- OO,83ba83df-ee0a-473e-89f3-a27168c823e0,,2026-05-24 23:50:16.983737-07,,448025a0-0ff7-4ed0-a917-399a73decef2,t,2026-05-24 23:50:45.299073-07,83ba83df-ee0a-473e-89f3-a27168c823e0,ff01efe8-cfbe-4d09-86c6-ae98777db044,6359dc6a-fffa-4968-9463-c4c6780859e1,cms,channel_network,,
67804394-837c-45af-b421-24be61a19c8f,SVG Sports & Entertainment,a49192c4-8bb3-4976-a588-82de978a882e,,2026-07-19 18:15:20.816281-07,,36310203-8005-41dc-b51e-a8dc52960496,f,,,c489028d-80e2-402c-bb16-e63694c6445e,9a8e8b2a-6145-4e3b-b677-2b23e63ff21b,cms,channel_network,,
689376d0-e932-4e1b-bc8e-e67999852d2e,Fanatik Film - M,43f06182-5eb3-4c65-a524-f723cf7ebfe9,,2025-12-24 23:09:12.148282-08,,36310203-8005-41dc-b51e-a8dc52960496,t,2025-12-24 23:32:43.114525-08,43f06182-5eb3-4c65-a524-f723cf7ebfe9,88c85415-1a0e-4ca1-990a-b5502eae4036,9a8e8b2a-6145-4e3b-b677-2b23e63ff21b,cms,channel_network,,
68ac4be8-9c25-4873-9f5c-b1c48acbf062,Age Network Managed,86e0f3f2-3c06-4902-bfea-2360bfe41b9a,,2025-07-02 18:58:20.153784-07,,448025a0-0ff7-4ed0-a917-399a73decef2,f,,,34667519-e5e8-429a-9bcf-68aca2880133,782d72cb-315d-49fc-885a-9204bf2b9939,cms,channel_network,,
69fb74b8-1f43-42dd-bbd6-13efc5cc66a2,Bzzz Entertainment,d54d395f-d027-40fb-a19c-723d01f6a380,,2025-07-18 00:45:33.721916-07,,448025a0-0ff7-4ed0-a917-399a73decef2,f,,,ff94319d-64dc-4d24-aec6-41cf687c138d,b4d82cb6-2518-420a-bfd3-6b94dae69bfb,cms,channel_network,,
6b8bcec2-3f2d-4766-bb5c-0dd2cb620d90,ZEE MCN,43f06182-5eb3-4c65-a524-f723cf7ebfe9,,2025-12-24 22:57:03.857462-08,,36310203-8005-41dc-b51e-a8dc52960496,t,2026-02-12 01:51:55.75531-08,43f06182-5eb3-4c65-a524-f723cf7ebfe9,5437ddad-f472-4ab7-b1bb-968fa6c10e22,2941f21e-4b6c-4733-adb4-ad412fb95da5,cms,channel_network,,
6bc122d8-669b-4cab-8ba6-75dc13583a5c,Ohene Media - Music,86e0f3f2-3c06-4902-bfea-2360bfe41b9a,,2025-07-02 20:21:10.946299-07,,448025a0-0ff7-4ed0-a917-399a73decef2,f,,,0e503954-6ada-4dfc-9fed-f65e4e5f257a,9ca7cf25-43ff-4e8d-a396-fd171994ce2a,cms,channel_network,,
6c3ca097-f0e3-4066-8dd7-ef303f12765f,DashGo,86e0f3f2-3c06-4902-bfea-2360bfe41b9a,,2025-07-02 19:33:45.069432-07,,448025a0-0ff7-4ed0-a917-399a73decef2,t,,,3050b1a2-d0a7-4e97-b597-81c20a2fbd4e,782d72cb-315d-49fc-885a-9204bf2b9939,cms,channel_network,,
6c5d2d42-a58b-432f-9de3-1bfc888bfa26,ascoltalamusicavideo,43f06182-5eb3-4c65-a524-f723cf7ebfe9,,2025-12-25 18:10:06.428243-08,,36310203-8005-41dc-b51e-a8dc52960496,f,,,c0568020-d1f8-4f8f-84d7-e4e955ca4cd1,2941f21e-4b6c-4733-adb4-ad412fb95da5,cms,channel_network,,
6d3464c0-d537-4bbf-9909-13378eca15ab,SEEN_Managed,86495fa0-1613-4cd4-a566-52bd123cf0df,,2026-02-27 22:53:23.648531-08,,448025a0-0ff7-4ed0-a917-399a73decef2,f,,,0f6bf5f5-5274-4756-852e-3fc1830cb293,b4d82cb6-2518-420a-bfd3-6b94dae69bfb,cms,channel_network,,
6eb156e3-0789-4330-9a6c-7adf2dc4be2a,Eager Media,83ba83df-ee0a-473e-89f3-a27168c823e0,,2026-05-25 03:33:23.016865-07,,448025a0-0ff7-4ed0-a917-399a73decef2,f,,,ff01efe8-cfbe-4d09-86c6-ae98777db044,6359dc6a-fffa-4968-9463-c4c6780859e1,cms,channel_network,,
6ee0e8a2-d01d-4c15-b5da-e8ea7f1b0ca1,Time SpA - Sounday,43f06182-5eb3-4c65-a524-f723cf7ebfe9,,2026-02-12 01:40:12.616768-08,,36310203-8005-41dc-b51e-a8dc52960496,f,,,aafeb636-e14a-46f2-a206-8bf1a6c6f897,9a8e8b2a-6145-4e3b-b677-2b23e63ff21b,cms,channel_network,,
6f2842ef-46fa-4908-8207-535721566539,MentaMusicCLA,86e0f3f2-3c06-4902-bfea-2360bfe41b9a,,2025-07-02 18:57:05.096663-07,,448025a0-0ff7-4ed0-a917-399a73decef2,f,,,899e18ac-b059-44cb-86af-a1a626d95e89,9ca7cf25-43ff-4e8d-a396-fd171994ce2a,cms,channel_network,,
6f6035b9-aa89-404b-ab56-72b15e067337,The District,43f06182-5eb3-4c65-a524-f723cf7ebfe9,,2025-12-24 23:07:42.703432-08,,36310203-8005-41dc-b51e-a8dc52960496,f,,,65399dfa-8d34-4627-946d-462b96f15550,9a8e8b2a-6145-4e3b-b677-2b23e63ff21b,cms,channel_network,,
7046788f-e351-4cc3-8ccd-33332f4c57ae,Banijay Iberia Music,3a6d8830-8ce1-4a58-9b7b-be4f3e50bde0,,2025-11-25 19:38:28.922702-08,,448025a0-0ff7-4ed0-a917-399a73decef2,t,,,d6548d4b-3b00-4682-a4df-92245612d458,b8441e1f-792a-45b8-8ec5-59ce8599425f,cms,channel_network,,
707e60fd-e647-4a51-babe-b237d19ec9bf,Eager Media,43f06182-5eb3-4c65-a524-f723cf7ebfe9,,2026-03-22 19:58:33.739761-07,,36310203-8005-41dc-b51e-a8dc52960496,f,,,f1d07761-b3be-4d05-a61c-5693210be69e,2941f21e-4b6c-4733-adb4-ad412fb95da5,cms,channel_network,,
71b26e63-2155-45db-a1a1-c1ce96197e81,THINKBIG x NetD,a49192c4-8bb3-4976-a588-82de978a882e,,2026-06-17 02:41:12.60094-07,,36310203-8005-41dc-b51e-a8dc52960496,f,,,b0f9af9c-0e01-4c56-bbd5-1da5bbcabb95,9a8e8b2a-6145-4e3b-b677-2b23e63ff21b,cms,channel_network,,
752b6039-497e-459c-bb40-765e7b8e0ed3,The District,3a6d8830-8ce1-4a58-9b7b-be4f3e50bde0,,2025-11-25 19:26:35.48599-08,,448025a0-0ff7-4ed0-a917-399a73decef2,t,,,f09850e3-8725-4ca6-9c48-d36a594ffeaf,b8441e1f-792a-45b8-8ec5-59ce8599425f,cms,channel_network,,
76089042-fa91-48f9-8691-c41ab20fdc5b,Menta Music,86e0f3f2-3c06-4902-bfea-2360bfe41b9a,,2025-07-02 18:57:05.096655-07,,448025a0-0ff7-4ed0-a917-399a73decef2,f,,,899e18ac-b059-44cb-86af-a1a626d95e89,9ca7cf25-43ff-4e8d-a396-fd171994ce2a,cms,channel_network,,
76a9fbad-d5b8-41f0-802a-2a1dafcdc882,香港世纪优优数字科技有限公司,43f06182-5eb3-4c65-a524-f723cf7ebfe9,,2026-01-14 18:27:21.434838-08,,36310203-8005-41dc-b51e-a8dc52960496,f,,,a17da0e9-3182-45b0-b25f-3d9622375ca9,9a8e8b2a-6145-4e3b-b677-2b23e63ff21b,cms,channel_network,,
76dfb71f-cd6e-4f56-a607-7bb16fe6def7,Shebbyx,2cd51d46-fd75-4248-bcbe-1641ada95366,,2026-07-16 00:05:34.306839-07,,448025a0-0ff7-4ed0-a917-399a73decef2,f,,,c00b5f3b-dcde-48ed-bc77-ac9cfab7ec97,b8441e1f-792a-45b8-8ec5-59ce8599425f,cms,channel_network,,
790d15d1-b941-47d0-9948-9672689547cd,THINKBIG,43f06182-5eb3-4c65-a524-f723cf7ebfe9,,2025-12-24 23:07:23.475414-08,,36310203-8005-41dc-b51e-a8dc52960496,f,,,b0f9af9c-0e01-4c56-bbd5-1da5bbcabb95,2941f21e-4b6c-4733-adb4-ad412fb95da5,cms,channel_network,,
79683b61-626f-4b0a-b950-ea96493ad1a3,BẢN QUYỀN SỐ Vietnam,d54d395f-d027-40fb-a19c-723d01f6a380,,2026-01-09 03:24:41.059436-08,,448025a0-0ff7-4ed0-a917-399a73decef2,f,,,0dc0ad73-ae4f-46b4-ac72-237c5ec82fbd,b4d82cb6-2518-420a-bfd3-6b94dae69bfb,cms,channel_network,,
7a0bc3ea-71f5-4a12-a3a8-e9f8e1c1ece3,Spirit Digital Media,d54d395f-d027-40fb-a19c-723d01f6a380,,2025-07-22 19:46:13.480794-07,,448025a0-0ff7-4ed0-a917-399a73decef2,f,,,8c8cdd91-93bf-4266-a5e8-7603666754e7,b4d82cb6-2518-420a-bfd3-6b94dae69bfb,cms,channel_network,,
7a8f4676-f00c-4aba-ac31-957e53af66c6,FamiLeague,a49192c4-8bb3-4976-a588-82de978a882e,,2026-07-19 18:17:01.489982-07,,36310203-8005-41dc-b51e-a8dc52960496,f,,,c9351bef-c0cf-4e57-b934-09a233c2f261,9a8e8b2a-6145-4e3b-b677-2b23e63ff21b,cms,channel_network,,
7ae6d16d-4010-4125-ab2a-d94c40e20bff,DashGo/Audiobee,43f06182-5eb3-4c65-a524-f723cf7ebfe9,,2025-12-25 18:10:37.296022-08,,36310203-8005-41dc-b51e-a8dc52960496,f,,,1eb91473-0f42-454b-9fe6-a54ff18595e1,9a8e8b2a-6145-4e3b-b677-2b23e63ff21b,cms,channel_network,,
7b661068-75eb-4812-b33c-bca7cffd45ba,ZIPR MCN,d54d395f-d027-40fb-a19c-723d01f6a380,,2026-02-01 23:30:26.256778-08,,448025a0-0ff7-4ed0-a917-399a73decef2,f,,,8f686d3a-36ea-4533-958b-e70e82ed33b0,b4d82cb6-2518-420a-bfd3-6b94dae69bfb,cms,channel_network,,
7d6557a3-33f6-48c6-9910-dfdcf9946158,AIR Premium,86e0f3f2-3c06-4902-bfea-2360bfe41b9a,,2025-07-02 19:13:01.346539-07,,448025a0-0ff7-4ed0-a917-399a73decef2,f,,,92dd5c49-b032-4bb9-8ac8-32d93668a7de,782d72cb-315d-49fc-885a-9204bf2b9939,cms,channel_network,,
7d6b7033-7a0b-4215-99de-bb935ad3e68b,Fanatik Music,a49192c4-8bb3-4976-a588-82de978a882e,,2026-05-12 19:06:14.929003-07,,36310203-8005-41dc-b51e-a8dc52960496,f,,,b0f9af9c-0e01-4c56-bbd5-1da5bbcabb95,9a8e8b2a-6145-4e3b-b677-2b23e63ff21b,cms,channel_network,,
7da69fab-79ef-455f-b664-7cebdcf13326,MAD TV,3a6d8830-8ce1-4a58-9b7b-be4f3e50bde0,,2025-11-25 19:30:52.252464-08,,448025a0-0ff7-4ed0-a917-399a73decef2,t,,,cc7faa7b-bd7c-45ed-b2f5-151521c5787c,b8441e1f-792a-45b8-8ec5-59ce8599425f,cms,channel_network,,
7ecc1e85-6fac-42aa-9f7a-27fe3535178a,[Merlin] VIEENT Music,86e0f3f2-3c06-4902-bfea-2360bfe41b9a,,2025-07-02 18:50:53.170242-07,,448025a0-0ff7-4ed0-a917-399a73decef2,f,,,e4314a2e-872e-478a-a2a1-c2c3af4f416b,9ca7cf25-43ff-4e8d-a396-fd171994ce2a,cms,channel_network,,
7ed263fb-c57c-418e-bd48-d9550ba6cbbb,ODEmusic,43f06182-5eb3-4c65-a524-f723cf7ebfe9,,2026-03-22 19:09:40.249718-07,,36310203-8005-41dc-b51e-a8dc52960496,f,,,9a57d3e3-e67c-441e-8d47-d405ae1170e6,9a8e8b2a-6145-4e3b-b677-2b23e63ff21b,cms,channel_network,,
81018cff-96a0-4ea2-9f80-600096eaece7,FlyingNunRecords,86e0f3f2-3c06-4902-bfea-2360bfe41b9a,,2025-07-02 19:42:43.563887-07,,448025a0-0ff7-4ed0-a917-399a73decef2,f,,,03acfcbc-952e-4941-97fa-f99b19f743aa,9ca7cf25-43ff-4e8d-a396-fd171994ce2a,cms,channel_network,,
81e3ba5c-671a-45d8-b487-26c14793f6a8,Cat Tien Sa,86e0f3f2-3c06-4902-bfea-2360bfe41b9a,,2025-07-02 19:25:10.303393-07,,448025a0-0ff7-4ed0-a917-399a73decef2,f,,,759b30de-0ecf-48d5-9d12-03b9c7556ec6,9ca7cf25-43ff-4e8d-a396-fd171994ce2a,cms,channel_network,,
8327bbc9-1fb0-49d6-9ff7-9b38619b1e52,Tubrr Entertainment,a49192c4-8bb3-4976-a588-82de978a882e,,2026-07-19 18:15:53.684379-07,,36310203-8005-41dc-b51e-a8dc52960496,f,,,64e0c880-f214-4d70-a7e7-908b791b29a3,9a8e8b2a-6145-4e3b-b677-2b23e63ff21b,cms,channel_network,,
83640a65-1cfa-453c-8269-838407e03e29,THINKBIG,86e0f3f2-3c06-4902-bfea-2360bfe41b9a,,2025-07-02 20:25:34.381052-07,,448025a0-0ff7-4ed0-a917-399a73decef2,f,,,96a42cc3-08dc-42a4-9ffb-e6a4c9e33e21,782d72cb-315d-49fc-885a-9204bf2b9939,cms,channel_network,,
8461c2c5-eb28-43ef-989f-682e8f4fa8f8,321 Media,43f06182-5eb3-4c65-a524-f723cf7ebfe9,,2025-12-25 18:10:14.671595-08,,36310203-8005-41dc-b51e-a8dc52960496,f,,,23923d2b-2f44-43f1-92ae-2148f11867b9,2941f21e-4b6c-4733-adb4-ad412fb95da5,cms,channel_network,,
84d58994-7372-4882-8e4a-cbd5fc87418b,Zwarejongenz,86495fa0-1613-4cd4-a566-52bd123cf0df,,2025-07-23 23:52:36.799058-07,,448025a0-0ff7-4ed0-a917-399a73decef2,t,2025-09-16 18:47:32.962834-07,d54d395f-d027-40fb-a19c-723d01f6a380,77fdec76-e844-42a1-8ef4-1a787fa57166,782d72cb-315d-49fc-885a-9204bf2b9939,cms,channel_network,,
8509b2fb-584f-4cfe-8aed-0e6868891a81,MCVCorp US,d54d395f-d027-40fb-a19c-723d01f6a380,,2025-09-07 19:45:54.313425-07,,448025a0-0ff7-4ed0-a917-399a73decef2,f,,,104e2b81-4f64-4d93-86e8-66a7a9c41f5e,b4d82cb6-2518-420a-bfd3-6b94dae69bfb,cms,channel_network,,
85378042-c731-4bb4-9708-7748834c15c5,Tubrr Managed CMS,ed86db9a-4911-4264-bef0-4fdde9c14e85,,2026-03-15 19:50:50.46809-07,,448025a0-0ff7-4ed0-a917-399a73decef2,t,2026-03-27 21:21:10.847025-07,ed86db9a-4911-4264-bef0-4fdde9c14e85,1798a381-6403-46e7-9cde-d1121ab0b215,9ca7cf25-43ff-4e8d-a396-fd171994ce2a,cms,channel_network,,
85599e25-8c0b-4f0a-ae13-9a7f8106eeb9,Brothers And Sons SRAV,43f06182-5eb3-4c65-a524-f723cf7ebfe9,,2026-01-14 18:17:24.883035-08,,36310203-8005-41dc-b51e-a8dc52960496,f,,,dbb6deec-f785-4032-be04-2063d5812168,2941f21e-4b6c-4733-adb4-ad412fb95da5,cms,channel_network,,
87648a21-2a21-49f2-a94b-27d9f6dadbbf,METUB Network (Music),d54d395f-d027-40fb-a19c-723d01f6a380,,2026-03-05 17:57:42.470747-08,,448025a0-0ff7-4ed0-a917-399a73decef2,f,,,2c2e8a2b-0fce-43c5-b838-b2b7b5883a08,b8441e1f-792a-45b8-8ec5-59ce8599425f,cms,channel_network,,
87e4d312-5cf0-4632-a082-5a8b5e8dad30,BPMDigital,86e0f3f2-3c06-4902-bfea-2360bfe41b9a,,2025-07-02 19:24:16.822104-07,,448025a0-0ff7-4ed0-a917-399a73decef2,f,,,4145db39-65d6-47c5-aeb3-9c956cd82423,9ca7cf25-43ff-4e8d-a396-fd171994ce2a,cms,channel_network,,
88b3c089-f130-4495-9f82-359ce74a00cf,Scale Lab,43f06182-5eb3-4c65-a524-f723cf7ebfe9,,2025-12-25 18:08:47.068465-08,,36310203-8005-41dc-b51e-a8dc52960496,f,,,da115fb3-73a8-4734-ba6e-df4e901c2f08,9a8e8b2a-6145-4e3b-b677-2b23e63ff21b,cms,channel_network,,
88c2cb76-2667-4bd9-b3bf-9826f49dfbcd,Banijay Iberia Music,86e0f3f2-3c06-4902-bfea-2360bfe41b9a,,2025-07-02 19:14:00.164388-07,,448025a0-0ff7-4ed0-a917-399a73decef2,f,,,d6548d4b-3b00-4682-a4df-92245612d458,9ca7cf25-43ff-4e8d-a396-fd171994ce2a,cms,channel_network,,
8974e64e-340e-4863-81fe-44cba04f0a71,BHD Business Group,ed86db9a-4911-4264-bef0-4fdde9c14e85,,2026-02-25 01:21:01.824522-08,,448025a0-0ff7-4ed0-a917-399a73decef2,t,2026-02-25 17:51:08.922231-08,ed86db9a-4911-4264-bef0-4fdde9c14e85,0be83267-9351-4cd5-b0de-ebd5969bfb11,782d72cb-315d-49fc-885a-9204bf2b9939,cms,channel_network,,
899cc328-dfce-46e1-ae61-f1ea2a6c6c2b,Scale Lab,86e0f3f2-3c06-4902-bfea-2360bfe41b9a,,2025-07-02 20:24:10.53651-07,,448025a0-0ff7-4ed0-a917-399a73decef2,f,,,e5674692-3a3d-4afe-98f8-a2287dd946cb,782d72cb-315d-49fc-885a-9204bf2b9939,cms,channel_network,,
89a34c8a-17cf-4e9b-9db6-35a26243f9c1,Fanatik-M,229dc6f0-0c2f-42cc-8d32-7c3397e96194,,2025-12-01 18:22:44.831978-08,,448025a0-0ff7-4ed0-a917-399a73decef2,t,,,21d35415-ac60-4c98-b29d-1d494d6d34f3,b8441e1f-792a-45b8-8ec5-59ce8599425f,cms,channel_network,,
8b532671-bc46-4c12-a94b-6d74791833b1,WMG,43f06182-5eb3-4c65-a524-f723cf7ebfe9,,2025-12-24 22:58:15.496081-08,,36310203-8005-41dc-b51e-a8dc52960496,f,,,738cd161-86f1-4e31-8cde-22165756e58b,9a8e8b2a-6145-4e3b-b677-2b23e63ff21b,cms,channel_network,,
8b82b82e-a588-4a57-a47b-aae08891bd11,Zoomin Premium Content,83ba83df-ee0a-473e-89f3-a27168c823e0,,2026-06-16 02:54:52.433909-07,,448025a0-0ff7-4ed0-a917-399a73decef2,f,,,3c50d000-279c-4925-8da1-290533acfb67,b4d82cb6-2518-420a-bfd3-6b94dae69bfb,cms,channel_network,,
8b8ab4b9-b1ae-4fe4-ba65-4d38d81fdef9,WMCN_Managed,43f06182-5eb3-4c65-a524-f723cf7ebfe9,,2025-12-25 18:31:14.268117-08,,36310203-8005-41dc-b51e-a8dc52960496,f,,,fa4c3af3-54e3-4b49-afff-3d1c690cda75,2941f21e-4b6c-4733-adb4-ad412fb95da5,cms,channel_network,,
8c8bfac0-fca0-405e-9f28-26f58aa7c66b,PT Suara Mas Abadi,43f06182-5eb3-4c65-a524-f723cf7ebfe9,,2025-12-24 23:08:39.429153-08,,36310203-8005-41dc-b51e-a8dc52960496,f,,,3f987340-1632-4364-bb95-c973a952530c,2941f21e-4b6c-4733-adb4-ad412fb95da5,cms,channel_network,,
8e6e9208-1008-44bd-8a02-50705fca2b78,WMNNSL,86e0f3f2-3c06-4902-bfea-2360bfe41b9a,,2025-07-02 20:39:14.13319-07,,448025a0-0ff7-4ed0-a917-399a73decef2,f,,,10d00b68-3a8f-4b81-8919-8f1afe11a7b2,b4d82cb6-2518-420a-bfd3-6b94dae69bfb,cms,channel_network,,
8f8acab7-37fa-4d66-97c3-846abb034287,Menta Music,43f06182-5eb3-4c65-a524-f723cf7ebfe9,,2025-12-25 18:09:18.265856-08,,36310203-8005-41dc-b51e-a8dc52960496,f,,,90fed1f1-65ed-474c-9c10-39c677da6f63,9a8e8b2a-6145-4e3b-b677-2b23e63ff21b,cms,channel_network,,
91c7e8c5-3648-4ee4-93d1-f870b9fe5663,Pepper Media,3a6d8830-8ce1-4a58-9b7b-be4f3e50bde0,,2025-11-25 19:29:25.370895-08,,448025a0-0ff7-4ed0-a917-399a73decef2,t,,,055cc71a-4644-4f2c-a89b-7c63d746598e,b8441e1f-792a-45b8-8ec5-59ce8599425f,cms,channel_network,,
920a26fe-2345-4899-a6b8-9ab89ff81cc5,Symphonic Distribution,3a6d8830-8ce1-4a58-9b7b-be4f3e50bde0,,2025-11-25 19:39:58.456598-08,,448025a0-0ff7-4ed0-a917-399a73decef2,f,,,40d73cd5-7bc6-42d1-8a8a-94df7c0f3b89,b8441e1f-792a-45b8-8ec5-59ce8599425f,cms,channel_network,,
92165274-87fb-4b01-9ff7-e94ea2ffbec4,Blanco y Negro Music,86e0f3f2-3c06-4902-bfea-2360bfe41b9a,,2025-07-02 19:18:40.879496-07,,448025a0-0ff7-4ed0-a917-399a73decef2,f,,,6caad13a-b7cc-4c13-966d-8042dc80f9a8,9ca7cf25-43ff-4e8d-a396-fd171994ce2a,cms,channel_network,,
927a229f-bad7-4df8-8710-c28f26a451b6,Ohenemedia - Entertainment,3a6d8830-8ce1-4a58-9b7b-be4f3e50bde0,,2025-11-25 20:47:55.244708-08,,448025a0-0ff7-4ed0-a917-399a73decef2,f,,,0e503954-6ada-4dfc-9fed-f65e4e5f257a,b8441e1f-792a-45b8-8ec5-59ce8599425f,cms,channel_network,,
943520c7-24c1-4167-a569-311f5f6b4d62,AllContent Entertainment_Affiliate_ ART,43f06182-5eb3-4c65-a524-f723cf7ebfe9,,2025-12-25 18:10:26.313784-08,,36310203-8005-41dc-b51e-a8dc52960496,f,,,a9054532-0687-40d7-832e-88475d556346,2941f21e-4b6c-4733-adb4-ad412fb95da5,cms,channel_network,,
94d55bfb-057b-4613-b294-052bdecfb451,systemrecordings,86e0f3f2-3c06-4902-bfea-2360bfe41b9a,,2025-07-02 19:40:29.705986-07,,448025a0-0ff7-4ed0-a917-399a73decef2,f,,,c6e95e3e-b803-4a2f-b642-c3906212abed,9ca7cf25-43ff-4e8d-a396-fd171994ce2a,cms,channel_network,,
95587545-6239-42a3-90be-400924af17ea,Famous ID,86e0f3f2-3c06-4902-bfea-2360bfe41b9a,,2025-07-02 19:41:51.664186-07,,448025a0-0ff7-4ed0-a917-399a73decef2,t,2025-07-29 23:39:18.825117-07,86495fa0-1613-4cd4-a566-52bd123cf0df,0cd06532-d098-47d4-ab5f-a5a850f42515,9ca7cf25-43ff-4e8d-a396-fd171994ce2a,cms,channel_network,,
956fffdb-ea93-4e54-9ca0-1feb211f946e,Mobile 1 Music,86e0f3f2-3c06-4902-bfea-2360bfe41b9a,,2025-07-02 18:57:05.096658-07,,448025a0-0ff7-4ed0-a917-399a73decef2,f,,,899e18ac-b059-44cb-86af-a1a626d95e89,782d72cb-315d-49fc-885a-9204bf2b9939,cms,channel_network,,
95f3e51a-1f73-4d42-9423-c31c2b180a82,Ohene Media,43f06182-5eb3-4c65-a524-f723cf7ebfe9,,2026-03-30 02:20:51.560246-07,,36310203-8005-41dc-b51e-a8dc52960496,f,,,9e2f0fed-0075-4020-be08-a4fe46ccc764,9a8e8b2a-6145-4e3b-b677-2b23e63ff21b,cms,channel_network,,
9984c726-bdd5-4a77-86a5-eec922dd5f6f,"Template Import Deal Network Template Import Deal Network 100% 11 F28  Beijing Hanqi Culture Communication Co., Ltd      	 Beijing Hanqi Culture Communication Co., Ltd Bật chế độ hỗ trợ trình đọc màn hình   Để bật chế độ hỗ trợ đọc màn hình, nhấn Ctrl+Alt+Z Để tìm hiểu thêm về các phím tắt, nhấn Ctrl+dấu gạch chéoBlink HG MEDIA đã rời khỏi tài liệu.",86e0f3f2-3c06-4902-bfea-2360bfe41b9a,,2025-07-02 19:23:00.467173-07,,448025a0-0ff7-4ed0-a917-399a73decef2,t,2025-07-02 19:23:23.424477-07,86e0f3f2-3c06-4902-bfea-2360bfe41b9a,2c77bf10-1aea-424e-9dcf-2d1b0794daee,782d72cb-315d-49fc-885a-9204bf2b9939,cms,channel_network,,
9a866ced-386d-42de-913f-6a0e7a464d58,Dwaem Media Group (Entertainment),43f06182-5eb3-4c65-a524-f723cf7ebfe9,,2025-12-24 23:09:32.831643-08,,36310203-8005-41dc-b51e-a8dc52960496,f,,,79ff62d4-2cd5-422d-a427-9d6f7c9c938c,2941f21e-4b6c-4733-adb4-ad412fb95da5,cms,channel_network,,
9ad0cc89-8f83-4ec3-b628-1ac147a2227b,BusinessOfCinema,43f06182-5eb3-4c65-a524-f723cf7ebfe9,,2026-02-12 23:24:15.653176-08,,36310203-8005-41dc-b51e-a8dc52960496,f,,,e1c4ec1c-b16a-499e-aabf-621df96a69d6,2941f21e-4b6c-4733-adb4-ad412fb95da5,cms,channel_network,,
9b64a26d-11e3-4baa-9af3-fbaf66e58117,Tubrr Managed CMS,ed86db9a-4911-4264-bef0-4fdde9c14e85,,2026-03-13 03:00:40.99857-07,,448025a0-0ff7-4ed0-a917-399a73decef2,t,2026-03-13 21:10:04.083833-07,d54d395f-d027-40fb-a19c-723d01f6a380,1798a381-6403-46e7-9cde-d1121ab0b215,782d72cb-315d-49fc-885a-9204bf2b9939,cms,channel_network,,
9d6766e4-38ee-4693-b4c6-fe72efefbdce,DUGHERO PAOLO ED.MUSICALI,229dc6f0-0c2f-42cc-8d32-7c3397e96194,,2025-11-25 17:50:33.275586-08,,501e409b-2168-4f0c-8d46-b0f17c71796d,f,,,666263ab-9896-4cf0-89e2-5b374dd484f3,b8441e1f-792a-45b8-8ec5-59ce8599425f,cms,channel_network,,
9d9b969d-1482-4647-b81c-7d59ba9fbfc1,LeTV - Le Shi Internet,a49192c4-8bb3-4976-a588-82de978a882e,,2026-04-24 21:39:19.789547-07,,36310203-8005-41dc-b51e-a8dc52960496,f,,,995748e2-a2cf-4e30-a8a7-56f74336ca74,9a8e8b2a-6145-4e3b-b677-2b23e63ff21b,cms,channel_network,,
9df72e13-fceb-46df-bf5b-a7ec0f22b849,HT Mobile,43f06182-5eb3-4c65-a524-f723cf7ebfe9,,2025-12-25 18:09:29.434358-08,,36310203-8005-41dc-b51e-a8dc52960496,f,,,b22b8a4a-d455-4ccb-92cf-833f8c1b2cf1,2941f21e-4b6c-4733-adb4-ad412fb95da5,cms,channel_network,,
9e5af1d5-9d19-42f4-a553-07df6c4c9464,UMAG Music,43f06182-5eb3-4c65-a524-f723cf7ebfe9,,2025-12-24 23:06:17.85264-08,,36310203-8005-41dc-b51e-a8dc52960496,f,,,9a3805f9-8d80-42f5-9e4f-93c8e118e31c,9a8e8b2a-6145-4e3b-b677-2b23e63ff21b,cms,channel_network,,
9ecd4494-3514-4f16-9923-a82b026e2ed8,MusicFactory,86e0f3f2-3c06-4902-bfea-2360bfe41b9a,,2025-07-02 20:20:17.566833-07,,448025a0-0ff7-4ed0-a917-399a73decef2,f,,,3bf9733d-82d6-4cef-b781-4e718adb49f5,9ca7cf25-43ff-4e8d-a396-fd171994ce2a,cms,channel_network,,
9f2f22ec-1109-45f4-8b91-82e05934bd5d,KNIGHT TV,229dc6f0-0c2f-42cc-8d32-7c3397e96194,,2025-11-30 22:53:12.823113-08,,448025a0-0ff7-4ed0-a917-399a73decef2,f,,,00c2fdbb-a5c6-42ac-8d50-4b7ff84166f0,6359dc6a-fffa-4968-9463-c4c6780859e1,cms,channel_network,,
9f660153-a84d-4ba4-9b52-16b97d710191,Oniracom,86e0f3f2-3c06-4902-bfea-2360bfe41b9a,,2025-07-02 20:21:30.808802-07,,448025a0-0ff7-4ed0-a917-399a73decef2,f,,,cde775ff-be63-48cd-8775-24fcc62f7041,b4d82cb6-2518-420a-bfd3-6b94dae69bfb,cms,channel_network,,
9fe3ff9c-48ba-4853-a1a9-00d96b48a2ae,- Special Effects Media - Music,83ba83df-ee0a-473e-89f3-a27168c823e0,,2026-05-24 23:50:16.98379-07,,448025a0-0ff7-4ed0-a917-399a73decef2,t,2026-05-24 23:50:45.299077-07,83ba83df-ee0a-473e-89f3-a27168c823e0,ff01efe8-cfbe-4d09-86c6-ae98777db044,9ca7cf25-43ff-4e8d-a396-fd171994ce2a,cms,channel_network,,
a17c9776-5305-4651-9f91-52d5537cbaea,Bongo Studio,229dc6f0-0c2f-42cc-8d32-7c3397e96194,,2026-02-08 23:28:51.199057-08,,448025a0-0ff7-4ed0-a917-399a73decef2,t,,,13c45d54-76c2-4e89-837e-9ee80a8518d0,6359dc6a-fffa-4968-9463-c4c6780859e1,cms,channel_network,,
a19819bc-8d44-4e2d-bc7c-30f1b536de20,Post For Rent,86e0f3f2-3c06-4902-bfea-2360bfe41b9a,,2025-07-02 20:22:09.499336-07,,448025a0-0ff7-4ed0-a917-399a73decef2,f,,,64519ae3-9957-4c0b-b28a-0cb5263f8fce,782d72cb-315d-49fc-885a-9204bf2b9939,cms,channel_network,,
a2a2c57a-9989-4b45-9104-1392f9b3eced,PT Kokiku Media Indonesia,a49192c4-8bb3-4976-a588-82de978a882e,,2026-06-11 18:28:18.607583-07,,36310203-8005-41dc-b51e-a8dc52960496,f,,,cd9f408d-b451-4b74-b250-cca17d693703,9a8e8b2a-6145-4e3b-b677-2b23e63ff21b,cms,channel_network,,
a2dab772-ffe9-4f6b-bf11-8b8a401782d2,zwarejongenz,86e0f3f2-3c06-4902-bfea-2360bfe41b9a,,2025-07-02 19:50:49.054766-07,,448025a0-0ff7-4ed0-a917-399a73decef2,t,2025-07-23 23:52:32.896022-07,86495fa0-1613-4cd4-a566-52bd123cf0df,a34812c9-7d8f-495d-80c6-29aa701e7a07,b4d82cb6-2518-420a-bfd3-6b94dae69bfb,cms,channel_network,,
a3173624-4f51-4092-8b52-494ce4aba5ae,Euphoria Media Group Limited,86e0f3f2-3c06-4902-bfea-2360bfe41b9a,,2025-07-02 18:49:28.789812-07,,448025a0-0ff7-4ed0-a917-399a73decef2,f,,,fe8e6b33-141c-4736-935b-fcbc495c8b85,782d72cb-315d-49fc-885a-9204bf2b9939,cms,channel_network,,
a3525724-0952-4440-b331-b3f372aaaf75,[Merlin] abcdigitalcom,86e0f3f2-3c06-4902-bfea-2360bfe41b9a,,2025-07-02 18:41:27.033283-07,,448025a0-0ff7-4ed0-a917-399a73decef2,f,,,c740e31b-3623-4a4f-9b35-a8db911f0282,9ca7cf25-43ff-4e8d-a396-fd171994ce2a,cms,channel_network,,
a3d42e0a-909b-4b9d-b6aa-8a49f8946e0c,Ninova Entertainment LTD,43f06182-5eb3-4c65-a524-f723cf7ebfe9,,2026-03-22 19:58:22.532591-07,,36310203-8005-41dc-b51e-a8dc52960496,f,,,b2f86f34-327b-4d49-827e-8c6cfd698a22,2941f21e-4b6c-4733-adb4-ad412fb95da5,cms,channel_network,,
a5e1c477-455b-4577-84d0-505ed1f4b839,JonneyeTV,86e0f3f2-3c06-4902-bfea-2360bfe41b9a,,2025-07-02 19:56:57.706742-07,,448025a0-0ff7-4ed0-a917-399a73decef2,f,,,8c65ff3b-e821-4baf-85dc-88a830dd7301,782d72cb-315d-49fc-885a-9204bf2b9939,cms,channel_network,,
a617a62f-7bb1-4071-a8bc-1fee7e9b9c28,[Merlin] BHMedia Inc.,86e0f3f2-3c06-4902-bfea-2360bfe41b9a,,2025-07-02 18:42:17.750167-07,,448025a0-0ff7-4ed0-a917-399a73decef2,f,,,8ddeadd1-55d1-4a9d-83fa-2fa921eccc9d,9ca7cf25-43ff-4e8d-a396-fd171994ce2a,cms,channel_network,,
a6ee46e9-d488-4d98-9dad-2fcc1379f975,daredo GmbH (Movie),43f06182-5eb3-4c65-a524-f723cf7ebfe9,,2025-12-25 18:09:52.586768-08,,36310203-8005-41dc-b51e-a8dc52960496,f,,,1f5ff3d2-9d53-412e-8096-efdcaa42a4a2,2941f21e-4b6c-4733-adb4-ad412fb95da5,cms,channel_network,,
a7a977bd-86b7-46d2-8bd9-65b11e2c3963,Công Ty Cổ Phần Truyền Thông Và Giải Trí VMG (VMG Entertainment),86e0f3f2-3c06-4902-bfea-2360bfe41b9a,86e0f3f2-3c06-4902-bfea-2360bfe41b9a,2025-07-02 02:51:47.731599-07,2025-07-02 20:44:15.90157-07,448025a0-0ff7-4ed0-a917-399a73decef2,f,,,37594425-68b5-4201-9f47-7b1ed51cd035,782d72cb-315d-49fc-885a-9204bf2b9939,cms,channel_network,,
a7c53385-ec48-4b9b-a51e-5870604a2f42,Cat Music,d54d395f-d027-40fb-a19c-723d01f6a380,,2026-01-20 18:57:41.141032-08,,448025a0-0ff7-4ed0-a917-399a73decef2,f,,,3e9f937c-d89b-4a89-8015-5d04062e2f99,9ca7cf25-43ff-4e8d-a396-fd171994ce2a,cms,channel_network,,
a7fb53c7-3d41-4fe8-8989-1a90c6b5981f,GABI Music,86495fa0-1613-4cd4-a566-52bd123cf0df,,2025-07-23 23:52:32.895108-07,,448025a0-0ff7-4ed0-a917-399a73decef2,f,,,a34812c9-7d8f-495d-80c6-29aa701e7a07,9ca7cf25-43ff-4e8d-a396-fd171994ce2a,cms,channel_network,,
a8d7d98f-8239-493a-ae04-a33778aab8ff,BPMDigital,229dc6f0-0c2f-42cc-8d32-7c3397e96194,,2025-12-01 18:34:22.38031-08,,448025a0-0ff7-4ed0-a917-399a73decef2,t,,,4145db39-65d6-47c5-aeb3-9c956cd82423,b8441e1f-792a-45b8-8ec5-59ce8599425f,cms,channel_network,,
a9d97c1d-7f5d-4ebb-bbfb-555c9c622c54,VMG ENTERTAINMENT,3a6d8830-8ce1-4a58-9b7b-be4f3e50bde0,,2025-11-26 00:43:44.493355-08,,501e409b-2168-4f0c-8d46-b0f17c71796d,f,,,5d6b5930-b7d4-411b-8df5-c4954a66c18d,b8441e1f-792a-45b8-8ec5-59ce8599425f,cms,channel_network,,
a9eb8361-2800-4253-a96f-4368b9d4114d,BAB Media,86495fa0-1613-4cd4-a566-52bd123cf0df,,2026-01-09 18:34:08.178088-08,,448025a0-0ff7-4ed0-a917-399a73decef2,f,,,a560cffe-3b5b-48b0-9693-5e3508adcf0a,b4d82cb6-2518-420a-bfd3-6b94dae69bfb,cms,channel_network,,
aa852321-c3cd-419a-99cf-218b3db5d263,Frederator Allied Affiliate,229dc6f0-0c2f-42cc-8d32-7c3397e96194,,2026-02-08 23:29:13.299678-08,,448025a0-0ff7-4ed0-a917-399a73decef2,t,,,19db5eba-12ba-41db-be78-8d1dae07f72f,6359dc6a-fffa-4968-9463-c4c6780859e1,cms,channel_network,,
acb609a1-0c83-489d-835c-89883bab9426,AllContent Entertainment_Affiliate_ ART,86495fa0-1613-4cd4-a566-52bd123cf0df,,2025-07-23 01:59:40.479095-07,,448025a0-0ff7-4ed0-a917-399a73decef2,f,,,842cfe82-6d9c-45a0-b258-ba1ccdc843e0,782d72cb-315d-49fc-885a-9204bf2b9939,cms,channel_network,,
ae4151c6-7e1e-48ae-9990-b991e147c6ec,Grand Technology,86495fa0-1613-4cd4-a566-52bd123cf0df,,2025-09-22 00:53:26.020621-07,,448025a0-0ff7-4ed0-a917-399a73decef2,f,,,ee9c2ef5-5be6-4662-aa6e-0b7cecda5d92,b4d82cb6-2518-420a-bfd3-6b94dae69bfb,cms,channel_network,,
b053f777-5777-4b8e-8cdb-445fb9cf94e2,PT Suara Mas Abadi,d54d395f-d027-40fb-a19c-723d01f6a380,,2025-07-18 00:41:01.015333-07,,448025a0-0ff7-4ed0-a917-399a73decef2,f,,,fdf3dd8d-68df-40be-aa84-7a90e25325b2,b4d82cb6-2518-420a-bfd3-6b94dae69bfb,cms,channel_network,,
b0da151f-86c6-47e1-96c9-1f1fdae43be4,"北京汉起九州文化传播有限公司 (Beijing Hanqi Culture Communication Co., Ltd)",86e0f3f2-3c06-4902-bfea-2360bfe41b9a,,2025-07-02 19:23:00.467176-07,,448025a0-0ff7-4ed0-a917-399a73decef2,f,,,2c77bf10-1aea-424e-9dcf-2d1b0794daee,782d72cb-315d-49fc-885a-9204bf2b9939,cms,channel_network,,
b270f862-ce12-4dba-89db-24584ac505c0,HaHaHa,43f06182-5eb3-4c65-a524-f723cf7ebfe9,,2025-12-24 22:36:59.879044-08,,36310203-8005-41dc-b51e-a8dc52960496,f,,,2e2e2366-696c-4023-b744-1c78a32d464d,9a8e8b2a-6145-4e3b-b677-2b23e63ff21b,cms,channel_network,,
b3f736ed-3df3-43f8-bc6b-dbbf4fb9b34d,Undefine Network,86e0f3f2-3c06-4902-bfea-2360bfe41b9a,,2025-07-22 19:44:55.998131-07,,448025a0-0ff7-4ed0-a917-399a73decef2,f,,,bacfcd2d-a7ce-47a8-9e1d-7dbc987f3a1b,b4d82cb6-2518-420a-bfd3-6b94dae69bfb,cms,channel_network,,
b4938c58-bf47-4823-bcab-bd9455f1c15d,北京思执聚力网络科技有限公司 (PocoMix),43f06182-5eb3-4c65-a524-f723cf7ebfe9,,2025-12-25 18:31:49.796654-08,,36310203-8005-41dc-b51e-a8dc52960496,f,,,6e9b8fa9-022f-488f-967e-79731fba525a,9a8e8b2a-6145-4e3b-b677-2b23e63ff21b,cms,channel_network,,
b6649829-feeb-414f-b608-3d026941b13c,Tubrr,d54d395f-d027-40fb-a19c-723d01f6a380,,2026-03-13 21:10:04.083762-07,,448025a0-0ff7-4ed0-a917-399a73decef2,t,2026-03-15 19:50:50.468239-07,ed86db9a-4911-4264-bef0-4fdde9c14e85,1798a381-6403-46e7-9cde-d1121ab0b215,782d72cb-315d-49fc-885a-9204bf2b9939,cms,channel_network,,
b929b529-6e94-4cc7-9ea9-80ff517c0077,NetD Channels,229dc6f0-0c2f-42cc-8d32-7c3397e96194,,2026-07-27 09:24:27.016687-07,,448025a0-0ff7-4ed0-a917-399a73decef2,f,,,f2535cde-b227-4773-86c8-0f7d133ec863,b4d82cb6-2518-420a-bfd3-6b94dae69bfb,cms,channel_network,,
b9ba3af4-f07c-4c8b-88b7-ecef8ed9b8db,All Content Music,229dc6f0-0c2f-42cc-8d32-7c3397e96194,,2025-11-25 17:55:49.053023-08,,448025a0-0ff7-4ed0-a917-399a73decef2,t,,,842cfe82-6d9c-45a0-b258-ba1ccdc843e0,b8441e1f-792a-45b8-8ec5-59ce8599425f,cms,channel_network,,
bbe9f60e-4378-4267-8b2b-ef6e17f72274,Vista India,86495fa0-1613-4cd4-a566-52bd123cf0df,,2025-07-05 02:46:46.778927-07,,448025a0-0ff7-4ed0-a917-399a73decef2,f,,,5449db45-b197-47a3-a6b6-c5c581ade02f,782d72cb-315d-49fc-885a-9204bf2b9939,cms,channel_network,,
bd309d98-df98-4651-b9ef-23b9dea167b6,Zee Media,d54d395f-d027-40fb-a19c-723d01f6a380,,2025-07-17 23:51:07.927639-07,,448025a0-0ff7-4ed0-a917-399a73decef2,f,,,8f686d3a-36ea-4533-958b-e70e82ed33b0,b4d82cb6-2518-420a-bfd3-6b94dae69bfb,cms,channel_network,,
bd82fc01-6bac-4ad1-9f9f-d6560d1efd11,Unicorn Black,86e0f3f2-3c06-4902-bfea-2360bfe41b9a,,2025-07-02 20:37:59.021276-07,,448025a0-0ff7-4ed0-a917-399a73decef2,f,,,fc8b6368-4656-4cb2-8598-932701bae264,b4d82cb6-2518-420a-bfd3-6b94dae69bfb,cms,channel_network,,
be67ef81-745d-4734-b57a-b4e10d0b4221,Fanatik Film - M,43f06182-5eb3-4c65-a524-f723cf7ebfe9,,2025-12-24 23:33:08.478098-08,,36310203-8005-41dc-b51e-a8dc52960496,f,,,b0f9af9c-0e01-4c56-bbd5-1da5bbcabb95,9a8e8b2a-6145-4e3b-b677-2b23e63ff21b,cms,channel_network,,
bedbd879-600b-4b1e-ad51-dcc07c06ce19,"VIMOBI CO., LTD",86e0f3f2-3c06-4902-bfea-2360bfe41b9a,,2025-07-02 20:38:22.052075-07,,448025a0-0ff7-4ed0-a917-399a73decef2,f,,,bbda8f68-61c0-4c4d-890a-49dcadb53a5b,782d72cb-315d-49fc-885a-9204bf2b9939,cms,channel_network,,
bf24bbc0-f66c-4b74-b830-8ccbc26540de,zwarejongenz,d54d395f-d027-40fb-a19c-723d01f6a380,,2025-09-16 18:47:32.962749-07,,448025a0-0ff7-4ed0-a917-399a73decef2,f,,,77fdec76-e844-42a1-8ef4-1a787fa57166,782d72cb-315d-49fc-885a-9204bf2b9939,cms,channel_network,,
bf6f222b-ff97-484f-87eb-16780bba8cbe,OO,83ba83df-ee0a-473e-89f3-a27168c823e0,,2026-05-24 23:48:35.958172-07,,448025a0-0ff7-4ed0-a917-399a73decef2,t,2026-05-24 23:50:16.983939-07,83ba83df-ee0a-473e-89f3-a27168c823e0,ff01efe8-cfbe-4d09-86c6-ae98777db044,6359dc6a-fffa-4968-9463-c4c6780859e1,cms,channel_network,,
c020d91f-110f-4628-a769-0a9c4a4382b2,Muse Network - E,43f06182-5eb3-4c65-a524-f723cf7ebfe9,,2025-12-24 22:52:53.701237-08,,36310203-8005-41dc-b51e-a8dc52960496,f,,,07fd7d10-9bc5-4dda-9060-49559ff8fbb5,2941f21e-4b6c-4733-adb4-ad412fb95da5,cms,channel_network,,
c1663ea4-8bac-4f7d-9445-ff25d3bb996b,THINKBIG CSP,86e0f3f2-3c06-4902-bfea-2360bfe41b9a,,2025-07-02 20:37:16.112441-07,,448025a0-0ff7-4ed0-a917-399a73decef2,t,2025-08-04 18:27:21.339644-07,86495fa0-1613-4cd4-a566-52bd123cf0df,96a42cc3-08dc-42a4-9ffb-e6a4c9e33e21,e45bd9a7-6864-45d1-b098-934e18b0a820,cms,channel_network,,
c1cecbb6-cfda-4783-be77-b29f85696591,Ocean BG Media,a49192c4-8bb3-4976-a588-82de978a882e,,2026-04-24 20:09:25.889719-07,,36310203-8005-41dc-b51e-a8dc52960496,f,,,4e723037-595d-4247-b72e-9ceb84045683,9a8e8b2a-6145-4e3b-b677-2b23e63ff21b,cms,channel_network,,
c1fc6df0-5a26-4887-af74-e03a3be6d858,Dual Vision Joint Stock Company (Dat Viet VAC),d54d395f-d027-40fb-a19c-723d01f6a380,,2026-01-08 18:12:41.182471-08,,448025a0-0ff7-4ed0-a917-399a73decef2,f,,,7f11932a-5d0c-4b07-9175-ea6c44ae863a,782d72cb-315d-49fc-885a-9204bf2b9939,cms,channel_network,,
c224d62a-8c41-4102-83d8-514c29361581,WMG,ed86db9a-4911-4264-bef0-4fdde9c14e85,,2026-03-10 04:09:10.685337-07,,448025a0-0ff7-4ed0-a917-399a73decef2,f,,,d1c069b5-806f-4447-8c84-031b66dc6a70,b8441e1f-792a-45b8-8ec5-59ce8599425f,cms,channel_network,,
c26aa58c-e5d1-46af-bc8c-a9cbd5eb6fc5,Knight TV,86e0f3f2-3c06-4902-bfea-2360bfe41b9a,,2025-07-02 20:01:01.748678-07,,448025a0-0ff7-4ed0-a917-399a73decef2,t,,,00c2fdbb-a5c6-42ac-8d50-4b7ff84166f0,782d72cb-315d-49fc-885a-9204bf2b9939,cms,channel_network,,
c47428e5-2277-4061-b869-74f6ae956ac4,pingnetwork_music,43f06182-5eb3-4c65-a524-f723cf7ebfe9,,2025-12-25 18:09:09.161009-08,,36310203-8005-41dc-b51e-a8dc52960496,f,,,bcd3609e-f892-4ea4-b3f0-d158fbd07f42,9a8e8b2a-6145-4e3b-b677-2b23e63ff21b,cms,channel_network,,
c53c007d-ba5b-477a-9714-93a178662bf6,The state51 Conspiracy,86e0f3f2-3c06-4902-bfea-2360bfe41b9a,,2025-07-02 19:41:28.591925-07,,448025a0-0ff7-4ed0-a917-399a73decef2,f,,,636bb0ed-dfea-4da2-8116-57e2872ac958,782d72cb-315d-49fc-885a-9204bf2b9939,cms,channel_network,,
c53fc20e-bfd0-4f6d-a29b-f1bb9e7dccf6,The District,86e0f3f2-3c06-4902-bfea-2360bfe41b9a,,2025-07-02 19:20:12.448174-07,,448025a0-0ff7-4ed0-a917-399a73decef2,f,,,f09850e3-8725-4ca6-9c48-d36a594ffeaf,9ca7cf25-43ff-4e8d-a396-fd171994ce2a,cms,channel_network,,
c5aeeb1c-979b-4636-a171-5c1ddbc74df4,Muse Network - E,43f06182-5eb3-4c65-a524-f723cf7ebfe9,,2025-12-24 22:52:25.599993-08,,36310203-8005-41dc-b51e-a8dc52960496,t,2025-12-24 22:52:46.29662-08,43f06182-5eb3-4c65-a524-f723cf7ebfe9,8b5e6d7d-65eb-4e53-8fe2-94aa2bacc32a,2941f21e-4b6c-4733-adb4-ad412fb95da5,cms,channel_network,,
c6fde87f-4806-49f0-be75-ce581abf5cb2,Frederator Allied Affiliate,86e0f3f2-3c06-4902-bfea-2360bfe41b9a,,2025-07-02 19:50:17.206267-07,,448025a0-0ff7-4ed0-a917-399a73decef2,f,,,19db5eba-12ba-41db-be78-8d1dae07f72f,e45bd9a7-6864-45d1-b098-934e18b0a820,cms,channel_network,,
c7c891b1-a5d6-45ee-9e0b-157df09f6a74,Syndicasia O&O,a49192c4-8bb3-4976-a588-82de978a882e,,2026-05-18 18:10:23.175561-07,,36310203-8005-41dc-b51e-a8dc52960496,f,,,1e6c470e-3303-42dc-a568-198f76ef9a94,9a8e8b2a-6145-4e3b-b677-2b23e63ff21b,cms,channel_network,,
c8635467-1aa4-4412-a935-ceef2cfc3ba9,Assane Mbengue,d54d395f-d027-40fb-a19c-723d01f6a380,,2025-07-18 00:35:22.753887-07,,448025a0-0ff7-4ed0-a917-399a73decef2,f,,,9c33ab4b-de46-484c-ae24-b90b6df2826a,b4d82cb6-2518-420a-bfd3-6b94dae69bfb,cms,channel_network,,
cae4680f-cb16-4131-9e8b-858ba80236e0,Special Effects Media - Music,86495fa0-1613-4cd4-a566-52bd123cf0df,,2026-02-09 19:14:19.511971-08,,448025a0-0ff7-4ed0-a917-399a73decef2,t,2026-05-24 23:50:16.984168-07,83ba83df-ee0a-473e-89f3-a27168c823e0,ff01efe8-cfbe-4d09-86c6-ae98777db044,9ca7cf25-43ff-4e8d-a396-fd171994ce2a,cms,channel_network,,
cb9ba47c-c876-4d20-8957-39f872ea3e56,"Beijing Hanqi Culture Communication Co., Ltd",86e0f3f2-3c06-4902-bfea-2360bfe41b9a,,2025-07-02 19:23:23.424291-07,,448025a0-0ff7-4ed0-a917-399a73decef2,f,,,2c77bf10-1aea-424e-9dcf-2d1b0794daee,782d72cb-315d-49fc-885a-9204bf2b9939,cms,channel_network,,
ce999739-967a-4d6a-8446-6d7c04f5eaf8,Tubr,a49192c4-8bb3-4976-a588-82de978a882e,,2026-08-04 21:15:27.739015-07,,36310203-8005-41dc-b51e-a8dc52960496,f,,,64e0c880-f214-4d70-a7e7-908b791b29a3,9a8e8b2a-6145-4e3b-b677-2b23e63ff21b,cms,channel_network,,
cf1a67fd-14ca-4e81-a768-b34bd6aed5aa,Ohene Media - Entertainment,86e0f3f2-3c06-4902-bfea-2360bfe41b9a,,2025-07-02 20:21:10.946298-07,,448025a0-0ff7-4ed0-a917-399a73decef2,f,,,0e503954-6ada-4dfc-9fed-f65e4e5f257a,782d72cb-315d-49fc-885a-9204bf2b9939,cms,channel_network,,
cfc8ec73-c25f-4be5-ac20-f2f88715212c,WMNNSL,43f06182-5eb3-4c65-a524-f723cf7ebfe9,,2025-12-24 23:27:16.818688-08,,36310203-8005-41dc-b51e-a8dc52960496,f,,,f7a6fefb-e432-43f7-ad04-12f196e5d757,9a8e8b2a-6145-4e3b-b677-2b23e63ff21b,cms,channel_network,,
d0322219-43cf-4193-9af4-345555d6d8ee,Media Advertisement Development Corporation of Vietnam MCVCorp,86e0f3f2-3c06-4902-bfea-2360bfe41b9a,,2025-07-02 20:04:52.319151-07,,448025a0-0ff7-4ed0-a917-399a73decef2,f,,,104e2b81-4f64-4d93-86e8-66a7a9c41f5e,782d72cb-315d-49fc-885a-9204bf2b9939,cms,channel_network,,
d1b32881-bc17-4c01-beab-1601d09a70ba,Matter Entertainment,86495fa0-1613-4cd4-a566-52bd123cf0df,,2026-01-27 19:32:20.481881-08,,448025a0-0ff7-4ed0-a917-399a73decef2,t,2026-01-27 23:30:27.823052-08,86495fa0-1613-4cd4-a566-52bd123cf0df,190cb148-59c6-4a3b-9bcf-388fca011027,e45bd9a7-6864-45d1-b098-934e18b0a820,cms,channel_network,,
d3dca249-ba55-4a65-a662-5a3aa0a10d7d,2BTUBE,3a6d8830-8ce1-4a58-9b7b-be4f3e50bde0,,2026-01-21 02:11:02.077117-08,,501e409b-2168-4f0c-8d46-b0f17c71796d,t,,,4eda41f3-3c44-4885-8ef0-5bd7e3c56aff,b8441e1f-792a-45b8-8ec5-59ce8599425f,cms,channel_network,,
d5a401c8-7060-4b69-a9ea-158c20d23d4e,Landvogel TV,86495fa0-1613-4cd4-a566-52bd123cf0df,,2026-04-12 21:18:26.799161-07,,448025a0-0ff7-4ed0-a917-399a73decef2,f,,,f4255664-32ca-44c3-9a53-42d9f5fca949,6359dc6a-fffa-4968-9463-c4c6780859e1,cms,channel_network,,
d6e4aa79-25dc-4b0a-89a2-419076877b14,Phoenix Media SRAV,86e0f3f2-3c06-4902-bfea-2360bfe41b9a,,2025-07-02 18:58:20.153786-07,,448025a0-0ff7-4ed0-a917-399a73decef2,f,,,34667519-e5e8-429a-9bcf-68aca2880133,9ca7cf25-43ff-4e8d-a396-fd171994ce2a,cms,channel_network,,
d6f8eff7-8cf1-4f04-ae23-d1c4bede22d4,Muse,229dc6f0-0c2f-42cc-8d32-7c3397e96194,,2025-12-24 01:27:59.987413-08,,448025a0-0ff7-4ed0-a917-399a73decef2,t,,,927cecda-6bfe-4b34-995a-22c17d2e9795,b8441e1f-792a-45b8-8ec5-59ce8599425f,cms,channel_network,,
d901ded1-8a71-485c-bb33-9d73471ef881,ZEE MCN,d54d395f-d027-40fb-a19c-723d01f6a380,,2025-12-29 22:55:29.550448-08,,448025a0-0ff7-4ed0-a917-399a73decef2,t,2026-02-01 23:30:26.25692-08,d54d395f-d027-40fb-a19c-723d01f6a380,8f686d3a-36ea-4533-958b-e70e82ed33b0,b4d82cb6-2518-420a-bfd3-6b94dae69bfb,cms,channel_network,,
d93313b9-92fe-4da6-b880-d7f104ac9b03,Digital Minds,43f06182-5eb3-4c65-a524-f723cf7ebfe9,,2025-12-24 23:54:41.695768-08,,36310203-8005-41dc-b51e-a8dc52960496,f,,,39e356bf-dfad-45c4-8f7d-05676dd67ed4,2941f21e-4b6c-4733-adb4-ad412fb95da5,cms,channel_network,,
d987e642-3c2c-4bfb-8c63-d74da4513969,EMDC,86e0f3f2-3c06-4902-bfea-2360bfe41b9a,,2025-07-02 19:35:01.897865-07,,448025a0-0ff7-4ed0-a917-399a73decef2,f,,,b519157e-22ac-4e96-ac94-cc970e84a019,9ca7cf25-43ff-4e8d-a396-fd171994ce2a,cms,channel_network,,
dba7653b-5e20-47a1-b0d0-8e430833c7dc,Zoomin Affiliate,86e0f3f2-3c06-4902-bfea-2360bfe41b9a,,2025-07-02 20:52:48.530602-07,,448025a0-0ff7-4ed0-a917-399a73decef2,f,,,d6869263-9b2c-42a9-98f4-98f81b824612,e45bd9a7-6864-45d1-b098-934e18b0a820,cms,channel_network,,
dbeeb889-4e3c-432e-b91f-a77a1aa0d215,Kiyoshi Entertainment,a49192c4-8bb3-4976-a588-82de978a882e,,2026-07-19 18:15:38.9132-07,,36310203-8005-41dc-b51e-a8dc52960496,f,,,5ef26f9e-5a0c-4190-a76a-9c55136eb76f,9a8e8b2a-6145-4e3b-b677-2b23e63ff21b,cms,channel_network,,
dcaefa3d-17be-48e8-b452-d0dbb5c01131,MAARSS DIGITAL,a49192c4-8bb3-4976-a588-82de978a882e,,2026-04-24 21:44:17.494115-07,,36310203-8005-41dc-b51e-a8dc52960496,f,,,8417142b-0c69-4469-9ab0-3eeba4f6139e,9a8e8b2a-6145-4e3b-b677-2b23e63ff21b,cms,channel_network,,
dd81c3e5-9c6e-4eb0-930d-d2a613eadb1e,Nikita Music,86e0f3f2-3c06-4902-bfea-2360bfe41b9a,,2025-07-02 20:20:33.603003-07,,448025a0-0ff7-4ed0-a917-399a73decef2,f,,,6ac4a40f-9037-4cd7-9bcc-c84cf2f7f63a,9ca7cf25-43ff-4e8d-a396-fd171994ce2a,cms,channel_network,,
debb85b5-91e5-4088-a386-c0874fda2c39,Tellytune Ent,86e0f3f2-3c06-4902-bfea-2360bfe41b9a,,2025-07-02 20:24:40.183185-07,,448025a0-0ff7-4ed0-a917-399a73decef2,f,,,bd443c21-bb21-4010-9f82-97ea277f84e0,782d72cb-315d-49fc-885a-9204bf2b9939,cms,channel_network,,
deed57a9-7d0b-48ac-bebd-85b60f1ad51c,Thumb Media Music,86e0f3f2-3c06-4902-bfea-2360bfe41b9a,,2025-07-02 20:35:51.926389-07,,448025a0-0ff7-4ed0-a917-399a73decef2,f,,,1a6679cb-a7bf-4b21-9605-4e5ec8ae49be,9ca7cf25-43ff-4e8d-a396-fd171994ce2a,cms,channel_network,,
df2da030-4343-435f-b962-0a9bc35b4c7d,Zee Media Corporation Limited,229dc6f0-0c2f-42cc-8d32-7c3397e96194,,2026-01-04 19:56:05.480854-08,,501e409b-2168-4f0c-8d46-b0f17c71796d,f,,,8f686d3a-36ea-4533-958b-e70e82ed33b0,b8441e1f-792a-45b8-8ec5-59ce8599425f,cms,channel_network,,
e04fb66a-4cdc-42b7-b489-6eca4b54425b,Hitech Entertainment,2cd51d46-fd75-4248-bcbe-1641ada95366,,2026-06-08 21:47:13.786013-07,,448025a0-0ff7-4ed0-a917-399a73decef2,t,2026-06-08 23:57:12.770674-07,2cd51d46-fd75-4248-bcbe-1641ada95366,887d12f9-6424-40b1-94b3-29ef280470da,b4d82cb6-2518-420a-bfd3-6b94dae69bfb,cms,channel_network,,
e0680070-0e63-4243-9d33-1156e041fd7e,YB Media,86e0f3f2-3c06-4902-bfea-2360bfe41b9a,,2025-07-02 20:39:41.782145-07,,448025a0-0ff7-4ed0-a917-399a73decef2,f,,,e019aa69-9d26-43ee-ae58-8de39e32a63f,782d72cb-315d-49fc-885a-9204bf2b9939,cms,channel_network,,
e1b67e4c-9be8-4443-8300-76ab84db5781,OHM Entertainment,a49192c4-8bb3-4976-a588-82de978a882e,,2026-04-24 20:40:27.537263-07,,36310203-8005-41dc-b51e-a8dc52960496,f,,,29b01026-a79a-494a-ab8d-f1836e790a08,9a8e8b2a-6145-4e3b-b677-2b23e63ff21b,cms,channel_network,,
e20c7e37-7f87-4033-b590-8d6837e6226a,Dual Vision Joint Stock Company (Dat Viet VAC) Music,86495fa0-1613-4cd4-a566-52bd123cf0df,,2025-07-22 21:52:41.659029-07,,448025a0-0ff7-4ed0-a917-399a73decef2,t,2025-07-22 21:54:52.871653-07,86495fa0-1613-4cd4-a566-52bd123cf0df,7f11932a-5d0c-4b07-9175-ea6c44ae863a,782d72cb-315d-49fc-885a-9204bf2b9939,cms,channel_network,,
e42c36aa-ac05-4324-88f7-838acd547b4d,2BTUBE Music,86e0f3f2-3c06-4902-bfea-2360bfe41b9a,,2025-07-02 18:52:40.005924-07,,448025a0-0ff7-4ed0-a917-399a73decef2,f,,,4eda41f3-3c44-4885-8ef0-5bd7e3c56aff,9ca7cf25-43ff-4e8d-a396-fd171994ce2a,cms,channel_network,,
e44ca4c0-a1c6-4f97-92d5-69842e531329,BHD Limited Company (Vietnam),ed86db9a-4911-4264-bef0-4fdde9c14e85,,2026-02-25 17:51:08.922167-08,,448025a0-0ff7-4ed0-a917-399a73decef2,f,,,0be83267-9351-4cd5-b0de-ebd5969bfb11,782d72cb-315d-49fc-885a-9204bf2b9939,cms,channel_network,,
e46bd659-52ea-4ba9-a769-0c28413c03b7,Hashtag 2,a49192c4-8bb3-4976-a588-82de978a882e,,2026-08-19 21:34:13.906924-07,,36310203-8005-41dc-b51e-a8dc52960496,f,,,9d114833-dfe7-4159-aab9-39ad299670ba,9a8e8b2a-6145-4e3b-b677-2b23e63ff21b,cms,channel_network,,
e4cb2cc2-35ea-4b3b-afb6-379531a37df5,Acromax International,229dc6f0-0c2f-42cc-8d32-7c3397e96194,,2026-05-06 00:23:13.563604-07,,448025a0-0ff7-4ed0-a917-399a73decef2,f,,,0ce0c564-af83-4091-ab4b-22d1aebb38b1,b8441e1f-792a-45b8-8ec5-59ce8599425f,cms,channel_network,,
e5572dac-d20d-4d92-8f85-e3a0d0841e73,[Merlin] Cash Gold Records,86495fa0-1613-4cd4-a566-52bd123cf0df,,2025-07-29 21:06:29.59207-07,,448025a0-0ff7-4ed0-a917-399a73decef2,f,,,010be041-dca9-4a2b-9fe5-c4210993c862,9ca7cf25-43ff-4e8d-a396-fd171994ce2a,cms,channel_network,,
e65e1685-0fa3-45d8-96eb-6bb0aebef6c6,KK Culture,86e0f3f2-3c06-4902-bfea-2360bfe41b9a,,2025-07-02 19:59:46.203699-07,,448025a0-0ff7-4ed0-a917-399a73decef2,f,,,406e6e3c-5ed4-44d1-8fe8-3268da12e012,782d72cb-315d-49fc-885a-9204bf2b9939,cms,channel_network,,
e6f5448e-a4f7-4aa3-8872-90c85843bafc,北京默吉文化传媒有限公司,43f06182-5eb3-4c65-a524-f723cf7ebfe9,,2025-12-25 18:32:00.763689-08,,36310203-8005-41dc-b51e-a8dc52960496,f,,,a00e7ec4-3861-43cc-8489-b09d31a96672,9a8e8b2a-6145-4e3b-b677-2b23e63ff21b,cms,channel_network,,
e8eea84c-64fe-45bb-85db-cdef25769f42,THINKBIG,229dc6f0-0c2f-42cc-8d32-7c3397e96194,,2025-12-01 18:46:08.3634-08,,448025a0-0ff7-4ed0-a917-399a73decef2,t,,,96a42cc3-08dc-42a4-9ffb-e6a4c9e33e21,b8441e1f-792a-45b8-8ec5-59ce8599425f,cms,channel_network,,
e8f4e703-09c0-4b55-86ca-bb2d57c7df0c,United.Ad,229dc6f0-0c2f-42cc-8d32-7c3397e96194,,2026-01-27 18:13:07.647941-08,,501e409b-2168-4f0c-8d46-b0f17c71796d,f,,,1e342c1c-bb3b-4836-b9a3-949f5a83f514,b8441e1f-792a-45b8-8ec5-59ce8599425f,cms,channel_network,,
ea4b5fe3-6cd7-4329-b745-a1ecb0122e43,HT Mobile,d54d395f-d027-40fb-a19c-723d01f6a380,,2025-12-04 22:47:04.397492-08,,448025a0-0ff7-4ed0-a917-399a73decef2,f,,,7164d75a-bfe9-4842-bce2-c02dee708daa,b4d82cb6-2518-420a-bfd3-6b94dae69bfb,cms,channel_network,,
eaa3200f-8705-4410-bfa9-3df3d17e804f,Cat Music,43f06182-5eb3-4c65-a524-f723cf7ebfe9,,2025-12-24 23:10:08.196804-08,,36310203-8005-41dc-b51e-a8dc52960496,f,,,cdcc5715-e140-4df5-8bb9-9fa84bb02f8c,9a8e8b2a-6145-4e3b-b677-2b23e63ff21b,cms,channel_network,,
eb1b78a7-eddf-442d-8a52-ed7315cc0eb6,GT Channel Inc,d54d395f-d027-40fb-a19c-723d01f6a380,,2025-11-05 02:38:58.736462-08,,448025a0-0ff7-4ed0-a917-399a73decef2,f,,,60b6bfe0-ff51-4a95-aa12-c28758919306,b4d82cb6-2518-420a-bfd3-6b94dae69bfb,cms,channel_network,,
ec0a1131-00cc-4da4-b08d-94c02e10f7e0,MAD TV,86e0f3f2-3c06-4902-bfea-2360bfe41b9a,,2025-07-02 20:04:07.179067-07,,448025a0-0ff7-4ed0-a917-399a73decef2,f,,,cc7faa7b-bd7c-45ed-b2f5-151521c5787c,782d72cb-315d-49fc-885a-9204bf2b9939,cms,channel_network,,
ed6779d4-ffdd-4552-8860-66359128eded,Unite.ad,d54d395f-d027-40fb-a19c-723d01f6a380,,2026-03-09 21:52:52.514831-07,,448025a0-0ff7-4ed0-a917-399a73decef2,f,,,1e342c1c-bb3b-4836-b9a3-949f5a83f514,782d72cb-315d-49fc-885a-9204bf2b9939,cms,channel_network,,
edafffaa-1358-4baa-b576-b5c7193b7081,Special Effects Media - Music,83ba83df-ee0a-473e-89f3-a27168c823e0,,2026-05-24 23:50:45.298972-07,,448025a0-0ff7-4ed0-a917-399a73decef2,f,,,ff01efe8-cfbe-4d09-86c6-ae98777db044,9ca7cf25-43ff-4e8d-a396-fd171994ce2a,cms,channel_network,,
edb6169e-6082-4605-982a-eb90cd9baa7e,Acifin Network,86e0f3f2-3c06-4902-bfea-2360bfe41b9a,,2025-07-02 18:53:42.751462-07,,448025a0-0ff7-4ed0-a917-399a73decef2,f,,,e4676702-f5b9-45b0-8f87-cf51665c321a,e45bd9a7-6864-45d1-b098-934e18b0a820,cms,channel_network,,
edd6f015-ca70-449d-b4c0-6f597e6908b7,pingnetwork_music,86495fa0-1613-4cd4-a566-52bd123cf0df,,2025-11-16 19:15:00.254671-08,,448025a0-0ff7-4ed0-a917-399a73decef2,f,,,75fcb97d-71c3-4f1e-8cf5-75360b7f7d8e,9ca7cf25-43ff-4e8d-a396-fd171994ce2a,cms,channel_network,,
ee121b89-b9ea-4994-8972-db9a7ef0b06d,Shebbyx,2cd51d46-fd75-4248-bcbe-1641ada95366,,2026-07-15 23:59:17.911985-07,,448025a0-0ff7-4ed0-a917-399a73decef2,t,2026-07-16 00:05:34.30695-07,2cd51d46-fd75-4248-bcbe-1641ada95366,c00b5f3b-dcde-48ed-bc77-ac9cfab7ec97,b4d82cb6-2518-420a-bfd3-6b94dae69bfb,cms,channel_network,,
ef25859d-b1bf-4db9-9023-56a05f2c5b3b,Famous ID,86495fa0-1613-4cd4-a566-52bd123cf0df,,2025-07-29 23:39:18.825017-07,,448025a0-0ff7-4ed0-a917-399a73decef2,f,,,0cd06532-d098-47d4-ab5f-a5a850f42515,782d72cb-315d-49fc-885a-9204bf2b9939,cms,channel_network,,
f542bf44-07f7-4b1f-b22f-bdac4d7d77e4,RCS,86495fa0-1613-4cd4-a566-52bd123cf0df,,2026-01-23 23:17:29.323413-08,,448025a0-0ff7-4ed0-a917-399a73decef2,t,2026-01-27 19:32:20.482162-08,86495fa0-1613-4cd4-a566-52bd123cf0df,190cb148-59c6-4a3b-9bcf-388fca011027,b4d82cb6-2518-420a-bfd3-6b94dae69bfb,cms,channel_network,,
f6b38cc2-7478-4bc0-b673-0ef9493dd6b0,[Merlin] Silent Roar Media,86e0f3f2-3c06-4902-bfea-2360bfe41b9a,,2025-07-02 18:49:51.990918-07,,448025a0-0ff7-4ed0-a917-399a73decef2,f,,,0113e676-1b95-48eb-8ced-54ad9a7a3f3c,9ca7cf25-43ff-4e8d-a396-fd171994ce2a,cms,channel_network,,
f6ebee68-209b-4173-a2b0-37cfd020e71c,izo,86e0f3f2-3c06-4902-bfea-2360bfe41b9a,,2025-07-02 19:39:35.936591-07,,448025a0-0ff7-4ed0-a917-399a73decef2,f,,,65b4be4a-40de-4453-a0f1-20b930fb0255,b4d82cb6-2518-420a-bfd3-6b94dae69bfb,cms,channel_network,,
f85504f3-bfa9-4c42-b5c4-f0ebbb696c34,MayavinRecordsSRL,ed86db9a-4911-4264-bef0-4fdde9c14e85,,2026-08-12 20:28:54.003725-07,,448025a0-0ff7-4ed0-a917-399a73decef2,f,,,e25134fa-8497-4cac-98fe-f2094f619431,b4d82cb6-2518-420a-bfd3-6b94dae69bfb,cms,channel_network,,
f949ca92-eade-466c-b4f6-e40f9a5eae4e,The S&D Music Group,3a6d8830-8ce1-4a58-9b7b-be4f3e50bde0,,2025-11-25 19:25:13.189082-08,,501e409b-2168-4f0c-8d46-b0f17c71796d,f,,,f88ea7db-8d78-4e5d-8374-db7f189e1ff1,b8441e1f-792a-45b8-8ec5-59ce8599425f,cms,channel_network,,
fafdbe12-e979-4185-98a1-ccdb8e8b107c,Yoola_S,86e0f3f2-3c06-4902-bfea-2360bfe41b9a,,2025-07-02 20:39:56.768642-07,,448025a0-0ff7-4ed0-a917-399a73decef2,f,,,5b2ea93e-d3d5-4017-87e8-7bcdc1931ff8,782d72cb-315d-49fc-885a-9204bf2b9939,cms,channel_network,,
fd764e91-a02f-499e-a0ee-1e6545f83810,SVG Music,86495fa0-1613-4cd4-a566-52bd123cf0df,,2026-05-21 19:03:52.166539-07,,448025a0-0ff7-4ed0-a917-399a73decef2,f,,,fcd68df4-0f48-41b1-bf48-7635223ee31c,b8441e1f-792a-45b8-8ec5-59ce8599425f,cms,channel_network,,
feaf108a-3627-4b90-9c1b-b1381a184c06,Ohenemedia (Music),86e0f3f2-3c06-4902-bfea-2360bfe41b9a,,2025-07-02 20:21:10.946299-07,,448025a0-0ff7-4ed0-a917-399a73decef2,t,2025-08-07 23:48:38.164728-07,d54d395f-d027-40fb-a19c-723d01f6a380,0e503954-6ada-4dfc-9fed-f65e4e5f257a,9ca7cf25-43ff-4e8d-a396-fd171994ce2a,cms,channel_network,,
