Id,RecordingSoundVersionId,_source_id,_source_connection
6b637ab2-f1c6-4763-aaeb-07eb8c134ec2,013e860a-3d4e-4063-8935-548d312a008a,version_needs_comment,record_survey
e28a3936-0eec-4a56-9e5e-4c9a7d9debbd,028594b2-8a60-4c43-8c2c-ff084ba8fb94,version_needs_comment,record_survey
4dfc5705-6698-43cb-a57c-4aa2fe9e1b78,034bb104-abc6-437d-bba2-fc3997848158,version_needs_comment,record_survey
b787e9ab-b4d4-4028-ab22-8f7996bb5eed,05a5f164-6087-4493-93ca-d791798468c0,version_needs_comment,record_survey
f4a0135f-3c7b-4980-a5e4-2ebd43dd8e26,05cf6c66-2c06-4e93-adf4-bd83276d7da3,version_needs_comment,record_survey
fe25b2cb-314d-4f95-8528-d5f7312602c3,05e1b618-707c-474a-a837-9b2c351def23,version_needs_comment,record_survey
9211bd76-348a-4eb0-ad35-79225516084d,06c3a01e-4bb2-4f50-8d1f-7c85b8f4434a,version_needs_comment,record_survey
ec1ad711-d4a5-4f98-b084-b64fb3072b82,07f9d935-fd21-41f4-ac76-688f20768fce,version_needs_comment,record_survey
c43405ac-1991-4d0f-ad23-ffad808170fd,0be57b8d-79e3-4872-9a49-e7c4af940cec,version_needs_comment,record_survey
bde1e749-f2a3-4564-897a-04831ba7d575,0db6a167-ef96-409c-9bf6-9655e43eddff,version_needs_comment,record_survey
ea771025-fd8f-486f-bfab-4b61c5070cb2,10f0a358-abaa-4ba6-ba00-593278d3bd7f,version_needs_comment,record_survey
efeb2c9b-5230-48b1-a250-952dd1cfac0b,136f3a4c-f336-441f-bfec-e133917990b1,version_needs_comment,record_survey
9d1a49d5-18c2-4b56-85ed-47432185160e,1426de5f-43ad-4bb9-95f1-07e8a1e83f44,version_needs_comment,record_survey
e6cb5417-a0c3-4952-aa3a-817cfa1ac62f,146bfddb-b7fc-4548-bb9d-b3bb936aef91,version_needs_comment,record_survey
0aab5b49-7cdf-4138-ab35-5efb117d6ed9,15515bdb-5e87-416c-9fb8-b22b74150dc9,version_needs_comment,record_survey
62a02ef1-9d8c-463a-921f-0e0d68c40a7e,1786f2bf-bea4-4419-ab47-bb4c28212fd7,version_needs_comment,record_survey
6b1ef560-8e22-48d1-b2b7-b2ce7838af38,1786f2bf-bea4-4419-ab47-bb4c28212fd7,version_needs_comment,record_survey
b14883ef-1f9b-4e45-bd54-30b57a20da5f,18e3529d-aaba-4534-8fdf-286cc36006ac,version_needs_comment,record_survey
741cf48c-0c69-46e8-8956-2997b4096c3d,1a52c305-cb84-4bb6-ab0b-5bd7d6ebb780,version_needs_comment,record_survey
38a9d84f-731c-49a6-80f9-0d81e9484acf,1b6412aa-55b0-4574-bb74-512aa14e97fe,version_needs_comment,record_survey
6331b4b2-632f-4443-8834-1110c9174844,1be2dd23-e3e0-4acd-ab3c-6ef5d1e486ca,version_needs_comment,record_survey
6daebc9d-ece0-4e48-9b1a-2a94cc397e09,1edbb08e-a639-4467-8ce1-31e74640400b,version_needs_comment,record_survey
da34c52e-f9b4-4328-add4-cedde80b7b7e,210cd300-0e70-4014-8390-e656c66d7f5c,version_needs_comment,record_survey
0abd4ab8-ff49-4ba3-a5d5-66eb2e0de567,23987ba4-d749-4f91-89e7-dd194398124b,version_needs_comment,record_survey
8b439fd0-905c-414b-a6ac-3f9497e79614,24dd939c-e889-43d5-9699-ec4a3b8239da,version_needs_comment,record_survey
5ff07bad-fff6-4708-876d-faf6ad96f653,25ce5468-af53-4f23-be4a-64d006879248,version_needs_comment,record_survey
1afd94fb-5a53-4c00-8910-e0712b3e4e27,2aa9fddd-0544-4327-a730-a7d4e3f584ac,version_needs_comment,record_survey
d9d062bd-ddd6-4800-a8af-811686010edd,2dce6df1-f9f6-40b4-a82b-eb5d6784bcb0,version_needs_comment,record_survey
4e6098c5-7ab8-486f-858e-88a799f33e51,2e80da0f-cf92-45a9-83ea-d88f73d23649,version_needs_comment,record_survey
8e45df9f-ce3d-4ec5-8c37-61e6e234078b,3137815b-d16c-4f1c-a86f-3c12dbd643e9,version_needs_comment,record_survey
6538620a-1dea-4b93-9046-42f86ccf1235,33f821a0-3463-42d9-b8aa-d16a9cc8e9f0,version_needs_comment,record_survey
16dcc021-7691-4ce1-837f-e78e3606d135,359b79ad-b069-48a2-ab67-88a697609454,version_needs_comment,record_survey
cc345fde-06b9-4a1c-b6fb-b09280e00287,37280f32-e2a5-45bb-8a09-14ef7ccabf57,version_needs_comment,record_survey
ed1f1c27-fcaf-46ea-ace7-e6a0eab13f08,37d0975d-fb21-4007-b7d8-1f42fda7b723,version_needs_comment,record_survey
1d5e8426-eee8-4c47-b74a-227673710b9b,380da2cf-774d-4d33-8565-99f7cc2b8bcd,version_needs_comment,record_survey
80b536f9-c9d6-441d-9eac-1000cff94f5a,38cbbb68-3735-4dfb-922d-2214b449cfcc,version_needs_comment,record_survey
5dc76c32-124a-455e-b824-ed7a6ebb358a,3a913c07-ab8b-4cea-9019-87053997ce3e,version_needs_comment,record_survey
d7788b21-e04b-4738-8b4c-1e2721f7cd62,3b402be9-1f85-4b38-b93d-91f0724ce495,version_needs_comment,record_survey
821811f7-1e70-4a2d-a386-e8ec91c05032,400229d9-5361-4c0f-aff3-435c459b7a16,version_needs_comment,record_survey
f57cec20-c98d-4453-a491-6350e7b3a460,40f1741c-3e39-4a9e-aaf9-a15cd4b7eb42,version_needs_comment,record_survey
546b43a8-069e-4be4-883a-cc41ffa74491,41129a16-89dc-4b7e-9e67-6896c9ed72e4,version_needs_comment,record_survey
441f3d97-1a1a-4133-bc67-7116b168909f,43d4241f-c388-4141-a16c-92b3555ae32e,version_needs_comment,record_survey
bfea2d52-5c77-4896-8587-1fa87d429d44,45d7eb1b-250e-4643-a5a5-af2200aedf5e,version_needs_comment,record_survey
661ea2d0-f6fc-4ec4-8d7b-28a92f7aec62,45f9eeb7-e835-481e-a51d-a3aadf7187de,version_needs_comment,record_survey
a2aa2b1a-309b-4eff-aa89-214e8aa634c8,47b8d6c5-f319-4dfd-8bfa-248987e401e7,version_needs_comment,record_survey
ceed401f-d85a-4aac-b56e-a9a767bd90d0,4a28d043-52ce-418c-8f72-c05c47006441,version_needs_comment,record_survey
3d07d988-5f5e-4d27-bfb4-2b6af47cffa4,4b30f6a6-882c-431a-9264-37f7de8bc775,version_needs_comment,record_survey
29745d0e-2f51-4c0b-958e-844e400a678a,4cec9119-c127-4eae-b143-4d55100eb50c,version_needs_comment,record_survey
966e841d-1246-4f72-90e6-c24ce94ebd22,4d78acb3-6618-4d2d-a311-ac2f3f4789be,version_needs_comment,record_survey
58921536-b96b-4945-923f-37dd11d2952b,4f9b1f77-0343-4ffd-bd7e-441514e97988,version_needs_comment,record_survey
b00fbf67-89ec-4cef-8179-65dc4ed34654,504ff649-9509-444a-bd72-62ad124dc53a,version_needs_comment,record_survey
d5a0bf3f-a541-44ed-8b90-ccc6827ba31e,53ba501c-cc79-4e8a-a5b9-e7769476ac44,version_needs_comment,record_survey
a58ec6e8-2582-481f-bde2-fd432f41f4ea,56b0ac84-a2a3-4a07-bc1a-dfe985c63e5a,version_needs_comment,record_survey
51529bfb-562c-4e05-b2cd-c6af46902d81,5768b557-2ae2-4f61-a2f3-8b5d1f7079cd,version_needs_comment,record_survey
0d5d1a0c-425c-4261-9692-94c78728688b,57c63378-9f01-487b-bcf3-f3729630a971,version_needs_comment,record_survey
38295058-d720-4160-9208-fd5949263c28,5d766dad-efd0-4134-bb3d-fcf2965f40cc,version_needs_comment,record_survey
a4b17fc2-4bf4-425f-b9a1-ee3e0b53defb,5fdca7c6-143d-4472-ac16-d77077c90459,version_needs_comment,record_survey
4115e758-3f42-4c6c-b64a-2b6c6dc443b6,62a0a276-a644-445a-b387-6bb841dc427c,version_needs_comment,record_survey
8afbecae-f2e1-493d-b0a8-36825b403d8b,672a70ae-08f5-47a0-8a6a-b11bcf9b2df6,version_needs_comment,record_survey
24a6201b-3ca2-4194-8392-295b25e804a9,67a99f3f-74cc-491a-84f5-42fe4da63afc,version_needs_comment,record_survey
846b18d9-10b6-4b65-b820-c291d9e1880e,6a377179-b187-4b34-9236-08acedca3606,version_needs_comment,record_survey
e66b561c-b881-4142-956e-5a50f298e72d,6a6f042f-f9a2-4426-8b0a-1f93f5780199,version_needs_comment,record_survey
3908deb9-20e5-4aa7-87ca-75b7bf3b28e6,6c62f3ce-fed4-481b-8d29-cc0a98c4b49b,version_needs_comment,record_survey
c5e662ab-3f88-4362-bb8b-4009787d6c23,6c8a2adb-f16f-4a15-aef8-fe4b3079fd28,version_needs_comment,record_survey
52e59e95-b166-43a3-94b7-1cdbfe9d92f7,73070539-d8a7-42be-bdc5-35cf61e8cab8,version_needs_comment,record_survey
90a28952-95fc-4578-858c-0579d9a73b64,738372ec-a02e-445f-bac8-e5540348e3e5,version_needs_comment,record_survey
24960fe4-29bd-4d02-b8a9-6e962d65544d,73f8a6db-adab-4b38-bd95-3a60f5625e41,version_needs_comment,record_survey
aa03d42d-78f8-44fe-b9e8-0c3d0cefc360,740d3a7d-fc03-4554-8f02-3efe546960ff,version_needs_comment,record_survey
ab6ca733-a39c-4001-8b6a-2106e29855ca,78ad326c-e053-4f3b-967c-6a4f1e0a510f,version_needs_comment,record_survey
e6c1d2f4-917c-45d2-bb72-241680ab0f09,78e32cca-915d-4977-9ea3-a8de54252eb9,version_needs_comment,record_survey
4aef03ab-c0be-4a72-930f-b2346244562c,7c4e1202-8ed0-457e-89d9-9d103e497d60,version_needs_comment,record_survey
f9a66fdd-ada4-4a0d-8198-ea2f20c9103a,7c5d42b8-ceb9-4c17-abdc-6c12ed07bf3d,version_needs_comment,record_survey
9bc8c10a-90ee-46a4-904f-e3f700662e14,7fd52946-e648-4b91-864e-95b957ea15ec,version_needs_comment,record_survey
78417228-83e6-41cd-81af-7cf190919a8e,817c1511-0928-4490-b7f3-d59ffd1da5d0,version_needs_comment,record_survey
f24d52b5-57f2-4f9f-9aef-8232cf616ed8,8213d1b9-1b8b-4da5-a9a9-cbbefe8a921e,version_needs_comment,record_survey
3ab59e48-dbdc-4049-9ea1-584f73b18acf,8267292e-2314-4037-86bc-468a17883070,version_needs_comment,record_survey
2c7303e1-5403-4bed-9886-52cc1a6a436d,87d067b4-4552-4006-8a45-bbdee3ade7ba,version_needs_comment,record_survey
9fbe9857-4df8-4638-bd8b-9398610b0511,886de8ba-9463-474e-b13a-e7264fcc5df4,version_needs_comment,record_survey
286578f5-af11-47a2-b9b5-ab45c9359895,8d4dfb07-6d95-49db-8656-c694db93805d,version_needs_comment,record_survey
f61b224b-0df5-49e1-863d-76ceed377eca,8e518bc8-6599-4aca-8239-0c693e56c709,version_needs_comment,record_survey
c479f065-9b50-454a-86cf-2d5a85ab087c,8fa0f8b9-6397-41b2-81be-0fe5f8417e89,version_needs_comment,record_survey
27dc819d-6639-4d61-b255-320b5c3152cb,93e05de0-cfe8-4338-9d2c-db035e350385,version_needs_comment,record_survey
38d3b49a-ea80-419b-a10b-9f342c6178a2,95a99983-4953-4a55-917a-036eca0a0266,version_needs_comment,record_survey
dd96d6cb-5617-4b5f-924b-231b88a122f4,9bcb0711-195c-4062-8538-abd6c0662b1f,version_needs_comment,record_survey
54cf5d6a-dd79-415a-97f9-2cb53b13121f,9e4c7e46-1cd1-4ed3-8802-0166ff1f7015,version_needs_comment,record_survey
d0d484b2-3c5b-4ec6-b16c-70f12d96ddac,9e4c7e46-1cd1-4ed3-8802-0166ff1f7015,version_needs_comment,record_survey
3465e4fa-9793-4205-b8a1-7c69ac79ad4a,a1743b37-2d93-408f-a840-7112e92abb40,version_needs_comment,record_survey
0401a3f8-c9f2-40fc-9c84-e50b29d752ae,a28b7909-1645-4885-872b-4f3e9a17b1db,version_needs_comment,record_survey
e45323d1-ad4d-4b44-96fa-9151e4447571,a34f75a2-9c79-41ef-9113-b6e7bae228e6,version_needs_comment,record_survey
ac8e2064-a0d7-4bc0-9eef-7c1c565a870e,a63e03f8-293e-49f9-9a80-8e12e3bc0b02,version_needs_comment,record_survey
acaee007-3b70-4fa8-8e29-64d3594193af,a63fd16e-f06a-4545-901e-dd536191898e,version_needs_comment,record_survey
b770f3fd-4be4-4e2b-b1b4-99e71c0237de,a7ff79e0-342b-4422-9579-c858d5d261ee,version_needs_comment,record_survey
8e37ab51-e903-4f51-b98a-73fc019cc252,a959cd81-c334-4082-b8a1-e9868f7b41b0,version_needs_comment,record_survey
57575df7-c8f1-4cf3-ac39-ac80e535638f,aa83467b-a6e5-4ec8-bae9-a60f622dd586,version_needs_comment,record_survey
a632354e-0578-4206-94f6-fa7787c07746,acf4e600-6112-43c8-a2b4-19fb5a832d97,version_needs_comment,record_survey
086b8021-35dd-437d-bc72-6eb905d51370,b230ff9a-69a8-42de-87ec-32eed8d8c2f5,version_needs_comment,record_survey
e13536e8-08b7-494f-9837-a10744f7800d,b42fbf16-161e-4279-8d66-bca2d6865597,version_needs_comment,record_survey
54802d0d-72a7-4a5c-80e9-cd56accaa627,b604ca6d-cc76-48b9-8aba-5ba56810ce42,version_needs_comment,record_survey
a9d05db5-02b5-43c4-af94-012c587cf2a4,b746b039-5420-471d-a41a-416ed5709994,version_needs_comment,record_survey
cd349800-0a09-483d-acb8-bff3df90ca41,b8fe3758-493e-49bc-b467-106c53d75a6c,version_needs_comment,record_survey
39554178-d87c-4fa4-96b6-29434835ba53,b96fac41-0fda-4995-809b-b180586af38a,version_needs_comment,record_survey
723562ac-e149-48e9-acf2-509c21612344,bb96b9e4-711b-4b8a-9092-617450996a38,version_needs_comment,record_survey
a7822dea-7db2-4597-a435-f2e47ea9c49e,bc7795c1-3572-46b0-8364-03b142b2d5f8,version_needs_comment,record_survey
3ac3711d-fe80-4647-a34f-47123458d140,bc93f611-3a7b-47c3-a620-91c19762ba94,version_needs_comment,record_survey
4e6c8f00-3c34-481c-8cdc-c176ff96a726,bd6edd62-d3b3-4dc3-8987-d43f2a7462aa,version_needs_comment,record_survey
cec581b5-65aa-4ba5-84c6-4bed7f2f36a7,bea36eb0-bf1c-4b41-b38a-3625c5835f26,version_needs_comment,record_survey
64367d29-5ee3-4e94-9709-0deeb4670ad9,c0fee8f6-86a1-4507-9913-6bb458f16969,version_needs_comment,record_survey
4ab1ea56-63c9-413b-bf2b-036e39b1b899,c327111d-ba74-4a18-a182-52e6070fab99,version_needs_comment,record_survey
4fb056f6-1482-4829-9743-d700fdc923d7,c4303a58-663e-4a4f-957d-62e2388db92b,version_needs_comment,record_survey
7ebe045a-b091-4bce-b529-af6231be73cc,c732117b-8742-4ee6-a519-b3fa3fa802b7,version_needs_comment,record_survey
8f4c58d6-7dc9-4b17-a430-7dd640a46429,c9e7842d-cb2f-4386-844c-5f2ca6b1483a,version_needs_comment,record_survey
0f632710-abec-4f10-9738-4352de47a4b6,ccfd7ce4-c29e-48eb-b27a-e6fd3480d460,version_needs_comment,record_survey
074ae7a2-b0e8-4e19-b524-1dc361160ba0,d318afcc-4eee-4373-9e98-4a1094e977ca,version_needs_comment,record_survey
5361f8c2-61f4-4942-bf2d-fc34a913fe8a,d3652e46-0f32-4732-a04c-11291c7c5654,version_needs_comment,record_survey
dfaf451b-e4b0-4eeb-a96a-2a128ea20293,d41da5d4-e90f-4940-94b4-9aa60cc93af5,version_needs_comment,record_survey
e151670b-0373-4a77-b33f-dcd84a7f6294,d47b98f8-6fb1-4c2e-b51a-5b21618f5287,version_needs_comment,record_survey
d7225261-f200-4ea8-a1f3-180feef29845,d68bfe95-5aba-40ff-89c9-99cad8a8625c,version_needs_comment,record_survey
fb81ff7d-2847-4192-9709-d66ef9ab85bd,d6d04c1e-631e-40e8-8316-d1bb9d49b7a3,version_needs_comment,record_survey
1cf1a6b6-e4fa-4731-b3ae-a1d44fc0b33a,d9c5dc1a-35b9-4fab-b4fd-9590d5f822ee,version_needs_comment,record_survey
220d4442-c12d-41fa-aa29-8d3ed6c6d8a8,daa84333-229f-4366-bd25-167b46aef748,version_needs_comment,record_survey
e78822fc-d132-4996-8cc4-93e2c548bc5f,db11e28d-a2ae-41b3-9d78-30a297b06f0a,version_needs_comment,record_survey
2e2df8c4-3e52-4f57-b945-7f7d8a9b6574,dc50b680-2907-4f04-9b0c-7489e1c28189,version_needs_comment,record_survey
8d46a6c0-94fc-46a1-a6bc-84efe931a31d,dd7cb3d5-fb63-43a9-97ba-32b5667d5225,version_needs_comment,record_survey
03e5748a-7f65-4da9-800a-6b45e553400d,deabd92e-ce33-4522-85f1-41c2bb1f8545,version_needs_comment,record_survey
3267d596-e748-4515-8dc9-e252782c0e7b,e2cac7f9-e4d7-4340-b102-fbb6b3932765,version_needs_comment,record_survey
a3d6ea16-ffcd-4189-b71b-9910bfbd92ce,e3ea3314-45f3-4293-ab3a-7330eab90d81,version_needs_comment,record_survey
345cf87b-5b8f-4c85-9ea7-d4ffe3c3ee80,e4a823ef-0180-482d-96cd-6292d7bd2757,version_needs_comment,record_survey
57e8637f-3d0f-4b87-8f58-43c699e008ca,e761ddbe-614f-4185-aabd-3b3d402bea1c,version_needs_comment,record_survey
7c8c2e84-efad-449c-a717-5b55100adc37,ea2d3abf-0197-46b7-9885-cc5b8006e6d7,version_needs_comment,record_survey
95e6864b-e099-45aa-8898-59fb271288e6,ebc266f3-715c-4094-99c2-cdc4be936f04,version_needs_comment,record_survey
b2792874-6148-42da-8a36-fe163ff92d50,ebf9cf3a-1286-47ae-9b59-50bf09b12eeb,version_needs_comment,record_survey
d7488579-ce4f-4b78-9564-32d1a0b5d052,ec76f100-3c0f-4ffa-a492-195994d5051b,version_needs_comment,record_survey
d22b255c-702f-474c-aadb-d3bfea34f8bb,ee3c4f6e-50de-4c95-ae70-5aaeada22945,version_needs_comment,record_survey
ac14ea99-155a-401c-8c02-0d62c03fceb9,ef22bf50-4ab9-4d9c-9093-ac162bbbd64f,version_needs_comment,record_survey
1d403fa9-e6c7-4d3a-85fa-bbd3a6dcac58,ef942e62-ba68-406f-b275-54eb1d97f897,version_needs_comment,record_survey
a90f6692-e384-401a-978e-f3c9ff1747fe,ef942e62-ba68-406f-b275-54eb1d97f897,version_needs_comment,record_survey
b4525d00-9d59-4848-9b53-969dcec553e7,f0b3a0c4-61ca-42cd-a353-581af477361c,version_needs_comment,record_survey
2824f443-3418-4b82-ac1e-bbf44837bc9d,f136e641-a06d-433e-ae59-4c765ed5a27a,version_needs_comment,record_survey
9220f7c2-b6af-4783-8595-c838d8808ec9,f725cb7f-b9f9-44a0-83de-3fb65b7bfb9e,version_needs_comment,record_survey
5133bef4-7375-4dc1-8f13-b0609f6bc92a,fb770720-0cd9-48bb-81bf-c808e90c4eab,version_needs_comment,record_survey
c775f85a-c7c5-459e-95b8-d40fab180d31,fbe93032-67df-4d36-8048-bc724807602f,version_needs_comment,record_survey
33443ff2-0d34-4373-b8d8-32ac7c28c405,fd125120-626e-498e-9c9c-0c91379ea5a5,version_needs_comment,record_survey
9b1311f0-2e08-4f73-a9d2-e759b9f31fd3,ff12f0ce-4816-4368-99b9-122473e2e428,version_needs_comment,record_survey
