Id,Name,Description,Color,AvatarUrl,CoverUrl,CreatedByUserId,UpdatedByUserId,DeletedByUserId,IsDeleted,DeletedDate,IsLocked,CreatedDate,UpdatedDate,_source_id,_source_connection
000c13fc-e4ef-4d9c-8b79-0b13a9d82a9b,Team Thịnh,,,,,fcad2f27-15fe-4ba3-bf35-ddf73b35dd59,fcad2f27-15fe-4ba3-bf35-ddf73b35dd59,fcad2f27-15fe-4ba3-bf35-ddf73b35dd59,t,2024-10-09 01:28:34.931158,f,2024-10-09 01:27:45.743956,2024-10-09 01:27:45.743956,groups,hg_stock
001a847d-9d73-4a96-8973-79365853c5dc,IT Test,,,,,70ab807b-1fc5-4db5-9b4b-5fb5a5d664f7,70ab807b-1fc5-4db5-9b4b-5fb5a5d664f7,358dceb1-c1b0-46b9-a24f-c1b6a7fdb2dd,t,2024-11-05 04:30:53.961726,f,2024-08-08 09:23:11.557485,2024-08-08 09:23:11.557485,groups,hg_stock
025355b0-25e4-4224-a2e8-0166b96d97c2,Creative Studio x MKT2,,,,,3a9ff8c5-8923-4d19-a09e-2c8d79cc7c6f,9a1fc915-e747-4aa4-a786-19c67cd5ea2e,,f,,f,2025-09-15 09:52:12.296673,2026-03-09 08:04:17.946821,groups,hg_stock
02580937-e61b-4f50-b3ed-18a803ef8745,MKT4 - Thùy Dungz,,,,,aabbf95f-430f-430f-a834-fd356bc0667a,a0cf3a26-0dda-4edf-89db-d2d882fa1113,,f,,f,2024-08-15 07:13:06.126495,2024-12-19 07:16:54.902537,groups,hg_stock
02fdf7d5-4097-45cc-86ef-a8f837865aba,Sản xuất Nhạc Việt,,,,,aabbf95f-430f-430f-a834-fd356bc0667a,aabbf95f-430f-430f-a834-fd356bc0667a,aabbf95f-430f-430f-a834-fd356bc0667a,t,2025-01-17 08:01:27.377862,f,2024-08-20 03:10:31.723091,2024-08-20 03:10:31.723091,groups,hg_stock
0344c6d2-eb06-4c7e-ab3f-5b492d663d10,Adobe Stock - MKT3 - Team Trần Hoàng Long,,,,,ed8e0c83-aaec-49eb-8379-90f06bb587ed,ed8e0c83-aaec-49eb-8379-90f06bb587ed,,f,,f,2025-01-10 07:20:52.871167,2025-01-10 07:20:52.871167,groups,hg_stock
041b1d5b-48bd-4f51-b417-cd00d0670f14,Dự án Deep House - Ohene,,,,,229dc6f0-0c2f-42cc-8d32-7c3397e96194,229dc6f0-0c2f-42cc-8d32-7c3397e96194,229dc6f0-0c2f-42cc-8d32-7c3397e96194,t,2025-10-06 10:19:50.983647,f,2025-05-13 07:47:51.367256,2025-05-19 08:14:11.788546,groups,hg_stock
04ede113-f821-4e74-807d-f5c6e834213c,JAZZ - MKT 1 - KHO NỘI DUNG RIÊNG,,,,,e7ff3a0c-c058-410c-8f2f-b69aa94f9955,0200161a-5f5d-40f7-94d8-e0584d9d2831,,f,,f,2024-08-07 07:41:15.785245,2025-06-19 03:28:34.02203,groups,hg_stock
053606d4-1fcd-48bb-8f85-87212dfbe773,Adobe Stock - MKT2 - Team Nguyễn Văn Bình,,,,,ed8e0c83-aaec-49eb-8379-90f06bb587ed,ed8e0c83-aaec-49eb-8379-90f06bb587ed,,f,,f,2025-01-10 07:08:55.278254,2025-01-10 07:08:55.278254,groups,hg_stock
3e277e16-3e71-40e2-857d-e1976f8f6676,DS nhân sự làm Classical Pop,,,,,c47f3399-05a0-4073-8685-89972808f783,c47f3399-05a0-4073-8685-89972808f783,,f,,f,2026-08-19 07:42:37.188267,2026-08-19 07:42:37.188267,groups,hg_stock
0883dc30-7d10-4540-bd3c-af55e2e61da1,SÓNG ÂM ĐỘC QUYỀN- MKT234- KHO NỘI DUNG CHUNG,,,,,5d7a9893-6e21-4a12-bf1b-8594646e7b4d,5d7a9893-6e21-4a12-bf1b-8594646e7b4d,,f,,f,2024-08-08 02:06:01.578781,2025-07-21 02:10:15.499521,groups,hg_stock
09909e7d-7264-475c-a018-918b8a846927,Adobe Stock - MKT3 - Team Hoàng Duy Phong,,,,,ed8e0c83-aaec-49eb-8379-90f06bb587ed,ed8e0c83-aaec-49eb-8379-90f06bb587ed,,f,,f,2025-01-10 07:18:05.136974,2025-01-10 07:18:05.136974,groups,hg_stock
0a010201-15d6-4830-9409-08829fe6d30f,Design/Editor - FM-HCM,,,,,229dc6f0-0c2f-42cc-8d32-7c3397e96194,6a34ddae-be72-471a-ad45-7e226c3a141f,229dc6f0-0c2f-42cc-8d32-7c3397e96194,t,2025-10-06 10:20:17.82395,f,2025-05-13 11:08:29.975415,2025-09-08 02:24:42.901808,groups,hg_stock
0aeb376f-7528-4174-bba4-53db8ab15218,DARK PIANO - MKT4,,,,,0200161a-5f5d-40f7-94d8-e0584d9d2831,0200161a-5f5d-40f7-94d8-e0584d9d2831,0200161a-5f5d-40f7-94d8-e0584d9d2831,t,2025-06-13 07:52:44.355604,f,2024-10-02 07:43:01.337176,2024-10-02 07:43:01.337176,groups,hg_stock
0b1260dc-f068-4ad1-8aef-2199644b7574,MKT23 - KT RIÊNG - RELAX,,,,,3a9ff8c5-8923-4d19-a09e-2c8d79cc7c6f,3a9ff8c5-8923-4d19-a09e-2c8d79cc7c6f,3a9ff8c5-8923-4d19-a09e-2c8d79cc7c6f,t,2024-11-23 04:48:10.384003,f,2024-11-23 04:46:47.436511,2024-11-23 04:46:47.436511,groups,hg_stock
0b2a4bc0-1f2b-4002-964a-908c294c3221,GUITAR ĐỘC QUYỀN - BG - KHO NỘI DUNG CHUNG,,,,,ed8e0c83-aaec-49eb-8379-90f06bb587ed,0200161a-5f5d-40f7-94d8-e0584d9d2831,,f,,f,2024-10-01 03:45:31.669092,2025-06-30 10:15:44.313378,groups,hg_stock
0b5fd67b-6dbc-468f-9fd9-871c24314e4c,MKT23 - KT RIÊNG - RELAX,,,,,3a9ff8c5-8923-4d19-a09e-2c8d79cc7c6f,3a9ff8c5-8923-4d19-a09e-2c8d79cc7c6f,3a9ff8c5-8923-4d19-a09e-2c8d79cc7c6f,t,2026-01-28 03:21:04.091666,f,2024-11-23 04:51:16.313202,2025-08-08 04:18:59.492484,groups,hg_stock
0be3fedd-1a1f-47ce-9eef-baa933d88dbd,Chị em VH,,,,,ae786cf3-a6b6-4a7d-9ea0-ead631615e0c,ae786cf3-a6b6-4a7d-9ea0-ead631615e0c,,f,,f,2026-06-09 02:14:22.554907,2026-06-09 02:14:22.554907,groups,hg_stock
0c9640c8-ef9f-4add-abf9-c8e558378b53,Adobe Stock - MKT1 - Team Hà Trợ lý,,,,,ed8e0c83-aaec-49eb-8379-90f06bb587ed,ed8e0c83-aaec-49eb-8379-90f06bb587ed,,f,,f,2025-01-10 07:02:01.777409,2025-01-10 07:02:40.912302,groups,hg_stock
0cffc79b-1bd0-4f1d-a3a6-5d681ef29479,Thu mua Khá,,,,,3a9ff8c5-8923-4d19-a09e-2c8d79cc7c6f,3a9ff8c5-8923-4d19-a09e-2c8d79cc7c6f,,f,,f,2025-03-07 08:35:28.264659,2025-06-10 04:55:09.732967,groups,hg_stock
0dca4ce1-f595-42fa-bde9-988b7de6051c,MKT23 - KT RIÊNG - SÓNG ÂM,,,,,3a9ff8c5-8923-4d19-a09e-2c8d79cc7c6f,3a9ff8c5-8923-4d19-a09e-2c8d79cc7c6f,3a9ff8c5-8923-4d19-a09e-2c8d79cc7c6f,t,2026-01-28 03:21:11.71998,f,2024-11-23 04:53:47.864584,2025-08-08 04:19:21.349438,groups,hg_stock
0f1716ce-bc08-49c5-80ec-5ce831a77f13,GUITAR COVER - MKT 1 - KHO NỘI DUNG RIÊNG,,,,,ed8e0c83-aaec-49eb-8379-90f06bb587ed,ed8e0c83-aaec-49eb-8379-90f06bb587ed,,f,,f,2024-08-08 02:21:22.54258,2024-08-08 02:21:22.54258,groups,hg_stock
10dca449-7beb-4901-a741-e919a6d93c1f,LOFI - MKT 2 - KHO NỘI DUNG RIÊNG,,,,,0200161a-5f5d-40f7-94d8-e0584d9d2831,0200161a-5f5d-40f7-94d8-e0584d9d2831,,f,,f,2024-08-07 04:36:30.628373,2025-04-21 03:03:57.044489,groups,hg_stock
10e77125-c4d1-4d54-99c3-8ced7fabf8c0,Adobe Stock - MKT2 - Team Nguyễn Xuân Quân,,,,,ed8e0c83-aaec-49eb-8379-90f06bb587ed,ed8e0c83-aaec-49eb-8379-90f06bb587ed,,f,,f,2025-01-10 07:10:21.11906,2025-01-10 07:10:21.11906,groups,hg_stock
1162222d-8a72-4fff-9541-1249a2a4dec8,MKT2 - Kho riêng - Deephouse,,,,,3a9ff8c5-8923-4d19-a09e-2c8d79cc7c6f,3a9ff8c5-8923-4d19-a09e-2c8d79cc7c6f,3a9ff8c5-8923-4d19-a09e-2c8d79cc7c6f,t,2024-11-23 03:11:24.677612,f,2024-10-23 03:10:08.109137,2024-10-23 03:10:08.109137,groups,hg_stock
116b536f-7c73-4a29-8ec4-d7557cc98295,LOFI THƯƠNG HIỆU - MKT1,,,,,0200161a-5f5d-40f7-94d8-e0584d9d2831,0200161a-5f5d-40f7-94d8-e0584d9d2831,,f,,f,2024-12-09 08:16:09.931559,2025-03-12 01:41:39.270694,groups,hg_stock
15b94190-4cca-42e3-b15d-a51839f22b20,MKT4-test,,,,,aabbf95f-430f-430f-a834-fd356bc0667a,aabbf95f-430f-430f-a834-fd356bc0667a,aabbf95f-430f-430f-a834-fd356bc0667a,t,2024-08-14 02:15:30.321292,f,2024-08-13 03:58:37.029846,2024-08-13 03:58:37.029846,groups,hg_stock
15b9cfe7-85ee-4d5c-910a-8dd18e3c08a8,Nhân sự dùng tài nguyên AI team Vương,,,,,0cc35c2e-a146-4c07-8968-f653635f0bdc,0cc35c2e-a146-4c07-8968-f653635f0bdc,,f,,f,2024-08-09 09:56:00.854364,2024-08-09 09:56:00.854364,groups,hg_stock
16424c94-98c5-4c6e-be20-0df7f64b4e5e,TPxTL MKT1,,,,,0200161a-5f5d-40f7-94d8-e0584d9d2831,0200161a-5f5d-40f7-94d8-e0584d9d2831,,f,,f,2025-08-08 07:58:33.798757,2025-11-08 04:21:53.847801,groups,hg_stock
1678dd6e-a1e2-42db-a635-fd07b0b62837,DEEP HOUSE - MKT 1 - KHO NỘI DUNG RIÊNG,,,,,ed8e0c83-aaec-49eb-8379-90f06bb587ed,ed8e0c83-aaec-49eb-8379-90f06bb587ed,,f,,f,2024-08-08 02:19:50.311282,2024-08-08 02:19:50.311282,groups,hg_stock
17615972-ecba-44e1-8b2b-c925093f6e2b,PHÚC ÂM- MKT2- KHO NỘI DUNG RIÊNG,,,,,5d7a9893-6e21-4a12-bf1b-8594646e7b4d,5d7a9893-6e21-4a12-bf1b-8594646e7b4d,,f,,f,2024-08-08 02:08:28.982515,2025-06-05 07:10:45.881666,groups,hg_stock
17bd284a-ef80-41f5-927b-99aff424ed67,VH Core Youtube,,,,,f3b6b651-8d1f-401a-acfb-4279adfe4e8b,8eb76110-0ef5-4141-9aac-afd43ababc02,,f,,f,2024-10-09 03:16:09.005696,2026-01-09 07:23:28.0123,groups,hg_stock
17d88159-2343-4095-8640-70343c42964e,Sản xuất Piano Relax,,,,,aabbf95f-430f-430f-a834-fd356bc0667a,aabbf95f-430f-430f-a834-fd356bc0667a,aabbf95f-430f-430f-a834-fd356bc0667a,t,2025-01-17 08:01:27.378031,f,2024-08-19 12:33:55.949452,2024-08-19 12:33:55.949452,groups,hg_stock
1a0ce9b2-3f0c-4c90-91db-68d61bf8e531,Credit Tốt 30,,,,,3a9ff8c5-8923-4d19-a09e-2c8d79cc7c6f,3a9ff8c5-8923-4d19-a09e-2c8d79cc7c6f,3a9ff8c5-8923-4d19-a09e-2c8d79cc7c6f,t,2025-03-06 07:58:08.596365,f,2025-03-04 09:15:15.797851,2025-03-04 09:15:15.797851,groups,hg_stock
1b4c41dd-25d3-46e6-94bb-e7c157a10307,Nhân sự có kênh net Flyingnunrecords,,,,,a61e2437-628b-43e7-a32c-f948290dbba9,a61e2437-628b-43e7-a32c-f948290dbba9,,f,,f,2025-05-29 09:27:46.856484,2025-07-02 07:30:53.444622,groups,hg_stock
1ab3d9e8-1a4e-4a8f-a1cb-fbd21491cccd,[RED ONE] TPXLeader MKT,,,,,a61e2437-628b-43e7-a32c-f948290dbba9,a61e2437-628b-43e7-a32c-f948290dbba9,,f,,f,2026-02-26 03:08:01.490971,2026-07-22 10:34:18.511021,groups,hg_stock
0a772ad7-67df-49e9-b96b-2f236e05b0f4,Design - FM HN,,,,,229dc6f0-0c2f-42cc-8d32-7c3397e96194,6a34ddae-be72-471a-ad45-7e226c3a141f,6a34ddae-be72-471a-ad45-7e226c3a141f,t,2026-07-31 04:47:52.11068,f,2025-05-16 04:14:41.810644,2026-03-09 07:19:54.762126,groups,hg_stock
1df61a05-d36d-4a1b-aced-977d0099578b,Adobe Stock - MKT1 - Team Hoàng Luân,,,,,ed8e0c83-aaec-49eb-8379-90f06bb587ed,ed8e0c83-aaec-49eb-8379-90f06bb587ed,,f,,f,2025-01-10 07:04:22.430573,2025-01-10 07:04:22.430573,groups,hg_stock
e9f47682-4fe8-4bac-bfbb-05fcf87e198c,MKT Label chạy kênh,,,,,0200161a-5f5d-40f7-94d8-e0584d9d2831,0200161a-5f5d-40f7-94d8-e0584d9d2831,,f,,f,2026-08-20 01:53:53.452076,2026-08-20 01:53:53.452076,groups,hg_stock
211db165-a4e5-46fa-ae35-b3ce4970f396,MKT2 - Team anh Tài,,,,,3a9ff8c5-8923-4d19-a09e-2c8d79cc7c6f,3a9ff8c5-8923-4d19-a09e-2c8d79cc7c6f,3a9ff8c5-8923-4d19-a09e-2c8d79cc7c6f,t,2025-05-08 04:41:23.435573,f,2024-10-24 04:37:45.420897,2025-04-01 10:12:16.337495,groups,hg_stock
23fab090-e892-486d-8a78-16f6a1031d35,DEEP HOUSE - HG - KHO NỘI DUNG CHUNG,,,,,ed8e0c83-aaec-49eb-8379-90f06bb587ed,ed8e0c83-aaec-49eb-8379-90f06bb587ed,,f,,f,2024-08-08 02:20:55.403262,2025-08-23 04:30:31.645669,groups,hg_stock
24010127-c135-42fa-b5ee-7795f7f5f8d2,RELAX- MKT1- KHO NỘI DUNG RIÊNG,,,,,5d7a9893-6e21-4a12-bf1b-8594646e7b4d,8eb76110-0ef5-4141-9aac-afd43ababc02,,f,,f,2024-08-08 02:17:27.512292,2025-12-18 02:30:51.324973,groups,hg_stock
24f76910-e873-4c5f-8654-0445963f60a0,MKT4 - Tiên Tây,,,,,aabbf95f-430f-430f-a834-fd356bc0667a,a0cf3a26-0dda-4edf-89db-d2d882fa1113,,f,,f,2024-10-10 03:17:06.370092,2024-12-19 07:18:50.891364,groups,hg_stock
25f67c99-2b20-454b-8227-482b9aebdc47,Sản xuất Jazz,,,,,aabbf95f-430f-430f-a834-fd356bc0667a,aabbf95f-430f-430f-a834-fd356bc0667a,aabbf95f-430f-430f-a834-fd356bc0667a,t,2025-01-17 08:01:27.378066,f,2024-08-19 12:29:05.159626,2024-08-19 12:29:05.159626,groups,hg_stock
270551e0-15db-4b4a-8bed-b0a9a3a44dff,Nhân sự dùng tài nguyên AI team Độ,,,,,6225eaf1-0c57-410a-a09d-a0055f7e073a,6225eaf1-0c57-410a-a09d-a0055f7e073a,,f,,f,2024-08-09 09:57:50.664447,2024-08-09 09:57:50.664447,groups,hg_stock
276c1746-c81d-44a0-a78f-8d80533c66fb,Sản xuất Whitenoise,,,,,aabbf95f-430f-430f-a834-fd356bc0667a,aabbf95f-430f-430f-a834-fd356bc0667a,aabbf95f-430f-430f-a834-fd356bc0667a,t,2025-01-17 08:01:27.378069,f,2024-08-20 02:12:05.99488,2024-08-20 02:12:05.99488,groups,hg_stock
284ed0f0-329b-453b-9da8-5e149397d9a6,Sản xuất Sóng âm,,,,,aabbf95f-430f-430f-a834-fd356bc0667a,aabbf95f-430f-430f-a834-fd356bc0667a,aabbf95f-430f-430f-a834-fd356bc0667a,t,2025-01-17 08:01:27.378071,f,2024-08-19 12:40:21.525337,2024-08-19 12:40:21.525337,groups,hg_stock
2945fa6a-51e0-46a3-b60f-202fe88e9c23,MKT4 - Đăng Luật,,,,,aabbf95f-430f-430f-a834-fd356bc0667a,aabbf95f-430f-430f-a834-fd356bc0667a,aabbf95f-430f-430f-a834-fd356bc0667a,t,2024-12-18 10:24:31.914159,f,2024-08-15 07:16:11.992149,2024-08-15 07:16:11.992149,groups,hg_stock
2aaf2d58-ff3f-43ab-bba2-cdb306afe98b,NS cut vid 07/07,,,,,a61e2437-628b-43e7-a32c-f948290dbba9,cd248be6-7d5d-42e7-b970-c60cc9e8d1f3,,f,,f,2025-07-07 02:13:18.798107,2025-07-16 03:26:59.829811,groups,hg_stock
2b79a874-c645-4df3-ada3-40175f44b9e1,Adobe Stock - MKT4 - Team Tiên Tây,,,,,ed8e0c83-aaec-49eb-8379-90f06bb587ed,ed8e0c83-aaec-49eb-8379-90f06bb587ed,,f,,f,2025-01-10 07:28:11.30261,2025-01-10 07:28:11.30261,groups,hg_stock
2c42fe97-9e7a-4d19-a9e0-39f1b3a435a1,Phòng MKT Cơ sở 2,,,,,3a9ff8c5-8923-4d19-a09e-2c8d79cc7c6f,3a9ff8c5-8923-4d19-a09e-2c8d79cc7c6f,,f,,f,2026-02-02 07:09:01.108096,2026-02-02 07:09:17.735149,groups,hg_stock
2db6b71e-a498-496f-a1ad-8819b60d2215,HG La Giang - Relax - Hỗ trợ chung,,,,,f3b6b651-8d1f-401a-acfb-4279adfe4e8b,f3b6b651-8d1f-401a-acfb-4279adfe4e8b,,f,,f,2024-10-22 10:15:11.155925,2024-10-22 10:15:11.155925,groups,hg_stock
31dd2fe2-2bb9-4a88-adc3-c54e2db64f41,Sản xuất Sáng tạo,,,,,aabbf95f-430f-430f-a834-fd356bc0667a,aabbf95f-430f-430f-a834-fd356bc0667a,aabbf95f-430f-430f-a834-fd356bc0667a,t,2025-01-17 08:01:27.378072,f,2024-08-20 02:37:09.27608,2024-08-20 02:37:09.27608,groups,hg_stock
31f64d34-2fe4-4f86-bbc3-79906c9d5cc3,Nhân sự có kênh net Ohene,,,,,97ee41e4-8f90-4991-8d67-df26d970bf62,97ee41e4-8f90-4991-8d67-df26d970bf62,,f,,f,2025-05-08 04:06:33.939538,2025-06-18 02:11:23.253855,groups,hg_stock
33227809-0b02-40c3-b8e2-b519b5e04412,DESIGN LABEL - TEAM CÚCTK,,,,,ed8e0c83-aaec-49eb-8379-90f06bb587ed,ed8e0c83-aaec-49eb-8379-90f06bb587ed,ed8e0c83-aaec-49eb-8379-90f06bb587ed,t,2026-01-21 08:01:30.161047,f,2025-09-11 10:04:29.460939,2025-09-12 03:37:22.00832,groups,hg_stock
3807def8-f215-4a47-b8b7-de09edab70f2,RELAX/SÓNG ÂM - BG - KHO NỘI DUNG CHUNG,,,,,f3b6b651-8d1f-401a-acfb-4279adfe4e8b,8eb76110-0ef5-4141-9aac-afd43ababc02,,f,,f,2024-09-09 02:46:44.815928,2025-10-30 01:55:30.825208,groups,hg_stock
3dd806b7-3050-4e98-a230-4234cca3f49e,IT test 2,,,,,cd248be6-7d5d-42e7-b970-c60cc9e8d1f3,cd248be6-7d5d-42e7-b970-c60cc9e8d1f3,70ab807b-1fc5-4db5-9b4b-5fb5a5d664f7,t,2024-09-06 09:56:02.46612,f,2024-09-04 10:20:54.536233,2024-09-04 10:20:54.536233,groups,hg_stock
3eae95ed-28fb-4982-8ad5-61514400abbb,RELAX - FlyingNunRecords - MKT23,,,,,3a9ff8c5-8923-4d19-a09e-2c8d79cc7c6f,cd248be6-7d5d-42e7-b970-c60cc9e8d1f3,,f,,f,2025-05-28 06:46:11.383078,2025-05-30 03:37:26.124094,groups,hg_stock
3f01cad1-f0f3-4135-9736-46b2b6b35a05,MKT2 - Team R&D,,,,,3a9ff8c5-8923-4d19-a09e-2c8d79cc7c6f,3a9ff8c5-8923-4d19-a09e-2c8d79cc7c6f,,f,,f,2024-10-24 04:51:33.855156,2024-10-24 04:51:33.855156,groups,hg_stock
3f509dfe-a248-47ab-915d-22832f0a4260,CLASSICAL - MKT4 - KHO NỘI DUNG RIÊNG,,,,,f3b6b651-8d1f-401a-acfb-4279adfe4e8b,f3b6b651-8d1f-401a-acfb-4279adfe4e8b,f3b6b651-8d1f-401a-acfb-4279adfe4e8b,t,2025-05-06 09:32:27.347225,f,2024-08-08 02:00:54.437739,2024-08-08 02:00:54.437739,groups,hg_stock
3fba432f-3d20-4ac8-b575-ca5c688f0ead,TRANCE - HG - KHO NỘI DUNG CHUNG,,,,,0200161a-5f5d-40f7-94d8-e0584d9d2831,0200161a-5f5d-40f7-94d8-e0584d9d2831,,f,,f,2024-08-07 07:18:34.197253,2024-08-07 07:18:34.197253,groups,hg_stock
432f3a78-791d-4b49-8441-5d104c929662,Sóng âm độc quyền,,,,,3a9ff8c5-8923-4d19-a09e-2c8d79cc7c6f,3a9ff8c5-8923-4d19-a09e-2c8d79cc7c6f,,f,,f,2025-04-28 09:30:31.934247,2025-04-28 09:31:38.157075,groups,hg_stock
43cb405d-01ee-42fe-b15a-ecb0932292d8,MKT2 - Kho riêng - Phonk,,,,,3a9ff8c5-8923-4d19-a09e-2c8d79cc7c6f,3a9ff8c5-8923-4d19-a09e-2c8d79cc7c6f,3a9ff8c5-8923-4d19-a09e-2c8d79cc7c6f,t,2024-11-23 03:11:16.974946,f,2024-10-23 03:19:28.124251,2024-10-23 03:19:28.124251,groups,hg_stock
450da3d0-56e2-474f-b2ca-aed95135ce5f,ssd,,,,,eca0997d-3f7b-4ef3-9f31-f729c787025e,eca0997d-3f7b-4ef3-9f31-f729c787025e,eca0997d-3f7b-4ef3-9f31-f729c787025e,t,2024-10-08 08:47:48.474134,f,2024-10-08 08:47:45.84212,2024-10-08 08:47:45.84212,groups,hg_stock
469f562c-a07c-4e5e-9294-ca2b7f3e96c5,Trưởng Nhóm dùng tài nguyên AI Team Thi - MKT3,,,,,92f38085-28a3-43aa-8bde-1b4b9ecfdfd6,92f38085-28a3-43aa-8bde-1b4b9ecfdfd6,,f,,f,2024-08-09 11:18:56.954928,2024-08-09 11:19:13.779682,groups,hg_stock
48a1af96-5a7d-40d9-8ebe-4e3655f14e4b,Forest Music Group - ADMIN,,,,,cd248be6-7d5d-42e7-b970-c60cc9e8d1f3,1418f48a-d8ec-41f4-9449-f3304e0b15ee,,f,,f,2024-12-04 09:12:33.611323,2025-02-18 07:44:41.83731,groups,hg_stock
4902ce1c-b53b-4231-a641-6ad7eb709653,MKT4 - Truy cập kho Idea,,,,,aabbf95f-430f-430f-a834-fd356bc0667a,aabbf95f-430f-430f-a834-fd356bc0667a,aabbf95f-430f-430f-a834-fd356bc0667a,t,2025-01-17 08:01:51.625194,f,2024-08-19 07:17:59.355844,2024-08-19 07:17:59.355844,groups,hg_stock
4a51b3b9-0de9-4ab0-b928-2d4dec64d47c,Adobe Stock - MKT3 - Team Lê Hồng Phong,,,,,ed8e0c83-aaec-49eb-8379-90f06bb587ed,ed8e0c83-aaec-49eb-8379-90f06bb587ed,,f,,f,2025-01-10 07:18:48.375722,2025-01-10 07:18:48.375722,groups,hg_stock
4add1c78-e3e1-48a0-8e2e-238effee7a6e,Kho Giáng sinh 3D,,,,,3a9ff8c5-8923-4d19-a09e-2c8d79cc7c6f,3a9ff8c5-8923-4d19-a09e-2c8d79cc7c6f,,f,,f,2025-09-23 09:59:51.273847,2025-09-26 07:16:31.131308,groups,hg_stock
2624ae45-456b-4e2b-8d1e-234cdd37a200,[Relax] Không gian thư giãn  - Marketing,,,,,229dc6f0-0c2f-42cc-8d32-7c3397e96194,6a34ddae-be72-471a-ad45-7e226c3a141f,229dc6f0-0c2f-42cc-8d32-7c3397e96194,t,2026-08-03 03:03:45.545451,f,2025-11-03 07:50:42.43843,2026-01-05 06:56:41.320941,groups,hg_stock
209def6b-2e51-437b-83e1-6369408969c3,Phòng SX - HN + SG,,,,,229dc6f0-0c2f-42cc-8d32-7c3397e96194,229dc6f0-0c2f-42cc-8d32-7c3397e96194,229dc6f0-0c2f-42cc-8d32-7c3397e96194,t,2026-08-03 03:04:11.05473,f,2025-11-10 17:16:35.907666,2026-02-05 03:14:13.352007,groups,hg_stock
43048aba-dd2b-4a93-866f-4ff696138ef0,FMG - P.SX,,,,,bfc6aabe-cbcf-4328-ab61-0a23886cc0fe,bfc6aabe-cbcf-4328-ab61-0a23886cc0fe,70ab807b-1fc5-4db5-9b4b-5fb5a5d664f7,t,2026-08-03 05:03:13.995906,f,2025-11-10 06:41:39.116767,2025-11-10 06:41:39.116767,groups,hg_stock
3179a063-8404-4e86-b983-d4e6d47cd3a5,[FM] Phòng Design,,,,,6a34ddae-be72-471a-ad45-7e226c3a141f,6a34ddae-be72-471a-ad45-7e226c3a141f,6a34ddae-be72-471a-ad45-7e226c3a141f,t,2026-08-03 06:27:17.090399,f,2026-04-02 07:43:29.616157,2026-04-02 07:43:29.616157,groups,hg_stock
4b3deec8-b8fe-4e70-a6ba-80c6a2d3e8cb,FMG HN - Hiếu,,,,,0dc252aa-53d8-450a-8a19-706dc29e2cf3,0dc252aa-53d8-450a-8a19-706dc29e2cf3,0dc252aa-53d8-450a-8a19-706dc29e2cf3,t,2025-02-11 01:29:30.483648,f,2024-12-06 01:59:37.001429,2024-12-06 02:02:04.974661,groups,hg_stock
4bd70e3f-d6f3-4cd8-925f-746ba302dd09,Sản xuất Travel,,,,,aabbf95f-430f-430f-a834-fd356bc0667a,aabbf95f-430f-430f-a834-fd356bc0667a,aabbf95f-430f-430f-a834-fd356bc0667a,t,2025-01-17 08:01:47.751121,f,2024-08-19 12:32:14.102394,2024-08-19 12:32:14.102394,groups,hg_stock
4da47cae-5246-4b0e-afc5-5c29d9e4ac20,Team Quân - Kho sóng âm,,,,,3a9ff8c5-8923-4d19-a09e-2c8d79cc7c6f,3a9ff8c5-8923-4d19-a09e-2c8d79cc7c6f,3a9ff8c5-8923-4d19-a09e-2c8d79cc7c6f,t,2024-10-22 02:36:49.330929,f,2024-10-22 02:33:10.778224,2024-10-22 02:33:10.778224,groups,hg_stock
4dcde417-08ae-4ece-a0b1-9475dd5f932f,SÓNG ÂM - MUSIC FACTORY - MKT23,,,,,f3b6b651-8d1f-401a-acfb-4279adfe4e8b,f3b6b651-8d1f-401a-acfb-4279adfe4e8b,,f,,f,2025-05-09 07:48:00.914948,2025-08-14 08:49:19.420878,groups,hg_stock
4e78be71-86d3-45ef-849c-5bd1929a85e3,MKT4 - Sản xuất nhạc,,,,,aabbf95f-430f-430f-a834-fd356bc0667a,aabbf95f-430f-430f-a834-fd356bc0667a,,f,,f,2024-09-09 02:34:57.068992,2024-09-09 02:34:57.068992,groups,hg_stock
4f5e0e2a-faff-4a15-b5a1-fab343ca4b86,TEAM CHỊ CÚC - MKT LABEL,,,,,ed8e0c83-aaec-49eb-8379-90f06bb587ed,ed8e0c83-aaec-49eb-8379-90f06bb587ed,,f,,f,2026-01-21 08:00:23.08889,2026-01-21 08:00:23.08889,groups,hg_stock
5026b271-3ca4-475e-b42b-ecaef67294c8,Nhân sự dùng tài nguyên AI Team Thi - MKT3,,,,,92f38085-28a3-43aa-8bde-1b4b9ecfdfd6,92f38085-28a3-43aa-8bde-1b4b9ecfdfd6,,f,,f,2024-08-09 11:23:24.877558,2024-08-09 11:23:24.877558,groups,hg_stock
50ac2ed1-efa1-424e-8103-b55d6936cbfa,JAZZ - HG - KHO NỘI DUNG CHUNG,,,,,e7ff3a0c-c058-410c-8f2f-b69aa94f9955,0200161a-5f5d-40f7-94d8-e0584d9d2831,,f,,f,2024-08-07 07:40:58.193003,2025-06-19 03:28:26.602261,groups,hg_stock
510a5256-2d1b-4917-a829-9e1b06c33f3e,Dự án White Noise - Kho chung,,,,,229dc6f0-0c2f-42cc-8d32-7c3397e96194,1c47f05d-35de-4746-ad54-3967d4ef4e42,229dc6f0-0c2f-42cc-8d32-7c3397e96194,t,2025-10-06 10:19:42.039071,f,2025-05-13 10:30:34.162275,2025-06-27 03:08:09.226342,groups,hg_stock
52cea1c3-a193-411f-adb4-a6fbffe220eb,Phòng Sáng Tạo,,,,,9a1fc915-e747-4aa4-a786-19c67cd5ea2e,9a1fc915-e747-4aa4-a786-19c67cd5ea2e,,f,,f,2024-11-07 10:00:27.509916,2026-06-06 02:39:21.201097,groups,hg_stock
534e1835-d222-40b9-95b0-6dbb6e099d09,JAZZ - MKT 4 - KHO NỘI DUNG RIÊNG,,,,,e7ff3a0c-c058-410c-8f2f-b69aa94f9955,e7ff3a0c-c058-410c-8f2f-b69aa94f9955,,f,,f,2024-08-07 07:41:25.569659,2024-08-07 07:41:25.569659,groups,hg_stock
53cf2ff8-4ff8-49d9-a040-c2210b33e9ca,MKT23 - KT RIÊNG - HANGDRUM,,,,,3a9ff8c5-8923-4d19-a09e-2c8d79cc7c6f,3a9ff8c5-8923-4d19-a09e-2c8d79cc7c6f,3a9ff8c5-8923-4d19-a09e-2c8d79cc7c6f,t,2026-01-28 03:21:39.389138,f,2024-11-23 07:30:10.151293,2024-11-23 07:30:10.151293,groups,hg_stock
543a7e49-f06f-4c7d-b345-f525e8db179f,Adobe Stock - MKT4 - Team Lê Tài Nguyên,,,,,ed8e0c83-aaec-49eb-8379-90f06bb587ed,ed8e0c83-aaec-49eb-8379-90f06bb587ed,,f,,f,2025-01-10 07:22:09.077558,2025-01-10 07:22:09.077558,groups,hg_stock
548662b0-283c-448f-8305-77f91332155d,SEO Team Trung MKT2,,,,,3a9ff8c5-8923-4d19-a09e-2c8d79cc7c6f,9a1fc915-e747-4aa4-a786-19c67cd5ea2e,,f,,f,2025-05-21 04:16:05.628136,2025-12-18 01:40:44.395708,groups,hg_stock
56c03c6f-4116-4df5-9fc5-77c40781c436,SÓNG ÂM - MF - MKT2,,,,,3a9ff8c5-8923-4d19-a09e-2c8d79cc7c6f,9a1fc915-e747-4aa4-a786-19c67cd5ea2e,,f,,f,2025-05-09 08:19:07.024115,2025-05-28 07:14:37.366661,groups,hg_stock
583cde9f-50e9-4ce8-95be-17e4ebb7881b,MKT4 - Anh Dũng,,,,,aabbf95f-430f-430f-a834-fd356bc0667a,aabbf95f-430f-430f-a834-fd356bc0667a,,f,,f,2024-08-15 07:32:14.994059,2024-08-15 07:32:14.994059,groups,hg_stock
5a63bdc6-6515-45ad-a1a3-21af8440038c,MKT4 - Trung Quân,,,,,aabbf95f-430f-430f-a834-fd356bc0667a,aabbf95f-430f-430f-a834-fd356bc0667a,,f,,f,2024-08-15 07:30:40.107602,2024-08-15 07:30:40.107602,groups,hg_stock
5bcb5de8-6977-4a55-8779-9ed99d804efa,Adobe Stock - MKT3 - Team Đức Bằng,,,,,ed8e0c83-aaec-49eb-8379-90f06bb587ed,ed8e0c83-aaec-49eb-8379-90f06bb587ed,,f,,f,2025-01-10 07:17:23.593222,2025-01-10 07:17:23.593222,groups,hg_stock
5bf65c50-2b29-4543-b2e9-8c27eba03625,OHENE - RELAX - KHO CHUNG,,,,,f3b6b651-8d1f-401a-acfb-4279adfe4e8b,f3b6b651-8d1f-401a-acfb-4279adfe4e8b,,f,,f,2025-04-17 09:27:36.658642,2025-04-17 09:27:36.658642,groups,hg_stock
5e4b1cf4-449a-432d-a152-5c272f924b89,FMG HN - Vân,,,,,0dc252aa-53d8-450a-8a19-706dc29e2cf3,0dc252aa-53d8-450a-8a19-706dc29e2cf3,0dc252aa-53d8-450a-8a19-706dc29e2cf3,t,2025-02-11 01:29:21.476645,f,2024-12-06 02:00:18.729092,2024-12-06 02:01:49.053276,groups,hg_stock
5e5639b0-a15d-48af-b3db-b874d8ef4f8c,JAZZ - HG - KHO NỘI DUNG RIÊNG,,,,,e7ff3a0c-c058-410c-8f2f-b69aa94f9955,e7ff3a0c-c058-410c-8f2f-b69aa94f9955,8eb76110-0ef5-4141-9aac-afd43ababc02,t,2024-08-09 02:01:22.162152,f,2024-08-07 07:41:08.885007,2024-08-07 07:41:08.885007,groups,hg_stock
5f501d5d-1c7f-424f-8464-63000c1a820e,DARK AMBIENT - HG - KHO NỘI DUNG CHUNG,,,,,e7ff3a0c-c058-410c-8f2f-b69aa94f9955,e7ff3a0c-c058-410c-8f2f-b69aa94f9955,,f,,f,2024-08-08 02:28:34.335448,2024-08-08 02:28:34.335448,groups,hg_stock
602c907f-357e-43a3-bba2-3854ab6ab753,MKT2 - Kho riêng - Lofi,,,,,3a9ff8c5-8923-4d19-a09e-2c8d79cc7c6f,3a9ff8c5-8923-4d19-a09e-2c8d79cc7c6f,3a9ff8c5-8923-4d19-a09e-2c8d79cc7c6f,t,2024-11-23 03:11:20.039494,f,2024-10-23 03:18:03.997174,2024-10-23 03:18:03.997174,groups,hg_stock
603c994c-ae02-43cc-93b9-86707776e741,MKT23 - KT RIÊNG - EDM,,,,,3a9ff8c5-8923-4d19-a09e-2c8d79cc7c6f,3a9ff8c5-8923-4d19-a09e-2c8d79cc7c6f,3a9ff8c5-8923-4d19-a09e-2c8d79cc7c6f,t,2026-01-28 03:21:34.460758,f,2024-11-23 07:36:58.422339,2024-11-23 07:36:58.422339,groups,hg_stock
612dfa3d-83e8-4650-a754-1af914bfd9df,ALL NHÂN SỰ  YOUTUBE - HG,,,,,0200161a-5f5d-40f7-94d8-e0584d9d2831,0200161a-5f5d-40f7-94d8-e0584d9d2831,,f,,f,2024-08-09 09:57:35.503222,2024-08-09 09:57:35.503222,groups,hg_stock
61d7024e-0871-4135-8881-277248f62cb7,RELAX- HG- KHO NỘI DUNG CHUNG,,,,,5d7a9893-6e21-4a12-bf1b-8594646e7b4d,5d7a9893-6e21-4a12-bf1b-8594646e7b4d,,f,,f,2024-08-08 02:02:12.932452,2025-07-24 04:04:46.600692,groups,hg_stock
621203ec-30f6-455c-b69f-4a167d9dfd79,Team Sản xuất MKT2,,,,,3a9ff8c5-8923-4d19-a09e-2c8d79cc7c6f,3a9ff8c5-8923-4d19-a09e-2c8d79cc7c6f,,f,,f,2025-08-08 03:39:48.04925,2025-08-08 03:39:48.04925,groups,hg_stock
629885eb-65c4-4921-a300-3c618c8961e3,MKT2 - Team Trọng,,,,,3a9ff8c5-8923-4d19-a09e-2c8d79cc7c6f,3a9ff8c5-8923-4d19-a09e-2c8d79cc7c6f,3a9ff8c5-8923-4d19-a09e-2c8d79cc7c6f,t,2025-05-08 04:41:48.460669,f,2024-10-14 01:46:42.357237,2024-10-14 01:46:42.357237,groups,hg_stock
63559f7f-03f8-427f-b855-ce36aac29f9c,Dự án Deep House Cover,,,,,229dc6f0-0c2f-42cc-8d32-7c3397e96194,229dc6f0-0c2f-42cc-8d32-7c3397e96194,229dc6f0-0c2f-42cc-8d32-7c3397e96194,t,2025-10-06 10:19:50.983773,f,2025-05-13 03:41:21.1613,2025-05-19 08:15:46.340903,groups,hg_stock
65002a80-5543-41ff-aecf-8560f3f6c48e,IT Dev Team,,,,,358dceb1-c1b0-46b9-a24f-c1b6a7fdb2dd,1c47f05d-35de-4746-ad54-3967d4ef4e42,,f,,f,2024-07-27 11:49:39.199318,2025-11-20 09:32:00.097457,groups,hg_stock
667acaa9-359d-4526-8ef2-9e44c410e7f4,MKT23 - KT RIÊNG - PHÚC ÂM,,,,,3a9ff8c5-8923-4d19-a09e-2c8d79cc7c6f,3a9ff8c5-8923-4d19-a09e-2c8d79cc7c6f,3a9ff8c5-8923-4d19-a09e-2c8d79cc7c6f,t,2026-01-28 03:20:59.373063,f,2024-11-23 04:59:21.184963,2025-08-08 04:15:26.459282,groups,hg_stock
667e878c-aa36-4b68-a6da-a1a03cbbb566,OHENE - SÓNG ÂM - KHO CHUNG,,,,,f3b6b651-8d1f-401a-acfb-4279adfe4e8b,f3b6b651-8d1f-401a-acfb-4279adfe4e8b,,f,,f,2025-04-17 09:27:54.353505,2025-04-17 09:27:54.353505,groups,hg_stock
669f41b2-1590-49a2-bf46-34346742d409,HG - La Giang - Phúc Âm,,,,,3a9ff8c5-8923-4d19-a09e-2c8d79cc7c6f,3a9ff8c5-8923-4d19-a09e-2c8d79cc7c6f,,f,,f,2024-11-07 08:04:30.062121,2024-11-07 08:05:30.265789,groups,hg_stock
69613bb6-dd8c-4724-ab7d-b0b591253531,Dự án Piano - Kho chung Helios,,,,,229dc6f0-0c2f-42cc-8d32-7c3397e96194,229dc6f0-0c2f-42cc-8d32-7c3397e96194,229dc6f0-0c2f-42cc-8d32-7c3397e96194,t,2025-10-06 10:20:17.823959,f,2025-05-13 10:21:06.655006,2025-05-19 08:13:31.182566,groups,hg_stock
6abb5a1b-a70f-45c1-a3f8-82e0fe0e48b1,Adobe Stock - MKT1 - Team Minh Phúc,,,,,ed8e0c83-aaec-49eb-8379-90f06bb587ed,ed8e0c83-aaec-49eb-8379-90f06bb587ed,,f,,f,2025-01-10 07:06:40.116546,2025-01-10 07:06:40.116546,groups,hg_stock
63ba5039-d53d-48aa-bf14-3dc91a104932,Phòng RnD,,,,,229dc6f0-0c2f-42cc-8d32-7c3397e96194,229dc6f0-0c2f-42cc-8d32-7c3397e96194,229dc6f0-0c2f-42cc-8d32-7c3397e96194,t,2026-08-03 03:04:11.054736,f,2026-03-12 01:44:43.913034,2026-03-12 01:45:26.658332,groups,hg_stock
6acda9f6-875a-41e1-ad65-d995b6768b27,Adobe Stock - MKT4 - Team Nguyễn Đăng Huy,,,,,ed8e0c83-aaec-49eb-8379-90f06bb587ed,ed8e0c83-aaec-49eb-8379-90f06bb587ed,,f,,f,2025-01-10 07:23:10.549385,2025-01-10 07:23:10.549385,groups,hg_stock
6cf11a5f-22e5-4f88-bed1-e57bb641cfb0,CLASSICAL - MKT2 - KHO NỘI DUNG RIÊNG,,,,,f3b6b651-8d1f-401a-acfb-4279adfe4e8b,f3b6b651-8d1f-401a-acfb-4279adfe4e8b,f3b6b651-8d1f-401a-acfb-4279adfe4e8b,t,2025-05-06 09:32:35.806212,f,2024-08-08 02:00:48.191468,2024-08-08 02:00:48.191468,groups,hg_stock
6d2d1e2c-a8a8-489f-a30e-d4ba16cda167,FMG - ALL NHÂN SỰ,,,,,cd248be6-7d5d-42e7-b970-c60cc9e8d1f3,cd248be6-7d5d-42e7-b970-c60cc9e8d1f3,,f,,f,2024-12-20 01:38:15.629791,2024-12-20 01:38:15.629791,groups,hg_stock
6f62bebe-d42d-4be9-9c88-464e0cad8e0c,FMG HN - Nam,,,,,0dc252aa-53d8-450a-8a19-706dc29e2cf3,0dc252aa-53d8-450a-8a19-706dc29e2cf3,0dc252aa-53d8-450a-8a19-706dc29e2cf3,t,2025-02-11 01:29:41.639227,f,2024-12-06 01:59:27.923526,2024-12-06 02:02:09.181372,groups,hg_stock
7276178d-ad18-4893-9db6-dbc4cb98b183,FMG HN -  Thảo,,,,,0dc252aa-53d8-450a-8a19-706dc29e2cf3,0dc252aa-53d8-450a-8a19-706dc29e2cf3,0dc252aa-53d8-450a-8a19-706dc29e2cf3,t,2025-02-11 01:29:46.084859,f,2024-12-06 02:00:02.319972,2024-12-06 02:01:52.957926,groups,hg_stock
72b06034-db66-4dce-83a0-d7b156aff801,RELAX- MKT4- KHO NỘI DUNG RIÊNG,,,,,5d7a9893-6e21-4a12-bf1b-8594646e7b4d,5d7a9893-6e21-4a12-bf1b-8594646e7b4d,,f,,f,2024-08-08 02:17:47.119642,2024-08-08 02:17:47.119642,groups,hg_stock
72cbcbe6-d0d4-4995-b627-47718b527b4e,MKT2 - R&B,,,,,8eb76110-0ef5-4141-9aac-afd43ababc02,8eb76110-0ef5-4141-9aac-afd43ababc02,,f,,f,2025-02-28 02:50:34.992601,2025-02-28 02:50:34.992601,groups,hg_stock
72cc970f-92e1-44f8-a480-910fae6f4013,MKT2 - Kho riêng - Sóng âm,,,,,3a9ff8c5-8923-4d19-a09e-2c8d79cc7c6f,3a9ff8c5-8923-4d19-a09e-2c8d79cc7c6f,3a9ff8c5-8923-4d19-a09e-2c8d79cc7c6f,t,2024-11-23 03:11:21.322686,f,2024-10-23 03:16:07.817862,2024-10-23 03:16:07.817862,groups,hg_stock
735e8d00-b729-438f-9683-5f468db6a0b6,LOFI - HG - KHO NỘI DUNG CHUNG,,,,,0200161a-5f5d-40f7-94d8-e0584d9d2831,0200161a-5f5d-40f7-94d8-e0584d9d2831,,f,,f,2024-08-07 04:31:50.140711,2025-06-30 10:15:22.679522,groups,hg_stock
7657821d-0928-4099-92a1-2146097c66b0,Runway gen 3 MKT2,,,,,ecea4636-c7f9-453a-9ad4-0ed81277cf00,ecea4636-c7f9-453a-9ad4-0ed81277cf00,ecea4636-c7f9-453a-9ad4-0ed81277cf00,t,2025-08-06 10:54:07.133334,f,2024-08-19 03:01:08.848432,2024-08-19 03:01:08.848432,groups,hg_stock
78d24b0d-e408-4541-802e-d23be5eddb9f,HANGDRUM- MKT2- KHO NỘI DUNG RIÊNG,,,,,5d7a9893-6e21-4a12-bf1b-8594646e7b4d,5d7a9893-6e21-4a12-bf1b-8594646e7b4d,,f,,f,2024-08-08 02:07:31.410716,2024-08-08 02:08:14.501484,groups,hg_stock
79c26a7e-01ae-4e04-a22d-3649878a927a,DEEP HOUSE COVER (-1) - HỖ TRỢ CHUNG,,,,,ed8e0c83-aaec-49eb-8379-90f06bb587ed,ed8e0c83-aaec-49eb-8379-90f06bb587ed,,f,,f,2025-06-14 04:09:23.584284,2025-06-19 04:01:04.079987,groups,hg_stock
7ad7d9b9-4600-4db5-a3a8-e7c243499008,MKT3-Kho AI Thiên nhiên-Team Thi,,,,,3a9ff8c5-8923-4d19-a09e-2c8d79cc7c6f,3a9ff8c5-8923-4d19-a09e-2c8d79cc7c6f,3a9ff8c5-8923-4d19-a09e-2c8d79cc7c6f,t,2026-01-28 03:21:46.263505,f,2024-11-08 04:31:29.862735,2024-11-08 04:31:29.862735,groups,hg_stock
7b13b31e-e600-4c3e-8d91-0cde1f2148ef,GIÁNG SINH COVER - HG - KHO CHUNG,,,,,8eb76110-0ef5-4141-9aac-afd43ababc02,8eb76110-0ef5-4141-9aac-afd43ababc02,,f,,f,2024-09-27 07:21:12.652806,2024-09-28 03:19:08.466989,groups,hg_stock
7bb45abc-6a25-4996-8689-f0e49fd2ad72,Nhân sự chấm nhạc Red One,,,,,a61e2437-628b-43e7-a32c-f948290dbba9,a61e2437-628b-43e7-a32c-f948290dbba9,,f,,f,2026-01-28 02:46:54.862897,2026-01-28 03:31:19.842993,groups,hg_stock
7c621890-56f0-4da1-8295-aad696f4379c,CLASSICAL - MKT1 - KHO NỘI DUNG RIÊNG,,,,,f3b6b651-8d1f-401a-acfb-4279adfe4e8b,f3b6b651-8d1f-401a-acfb-4279adfe4e8b,,f,,f,2024-08-08 02:00:40.951794,2025-10-06 03:04:24.238088,groups,hg_stock
800a2e44-ff45-486b-874f-1ed691b4fefd,DARK PIANO - MKT 1,,,,,0200161a-5f5d-40f7-94d8-e0584d9d2831,0200161a-5f5d-40f7-94d8-e0584d9d2831,,f,,f,2024-10-02 08:02:16.932201,2025-06-13 07:46:42.38507,groups,hg_stock
81e263c0-2026-40a6-84b6-05f033917d6f,BD Team - HG Media,,,,,ed86db9a-4911-4264-bef0-4fdde9c14e85,ed86db9a-4911-4264-bef0-4fdde9c14e85,,f,,f,2025-11-10 08:37:53.419426,2026-01-19 04:37:33.195406,groups,hg_stock
82110198-8e9f-454b-9ba6-0e4ffe646b31,RELAX- MKT2- KHO NỘI DUNG RIÊNG,,,,,5d7a9893-6e21-4a12-bf1b-8594646e7b4d,5d7a9893-6e21-4a12-bf1b-8594646e7b4d,,f,,f,2024-08-08 02:17:34.160814,2025-07-05 09:19:54.326001,groups,hg_stock
829d90ed-e401-464a-882c-7186741cd05d,Design Creative  & AI,,,,,229dc6f0-0c2f-42cc-8d32-7c3397e96194,229dc6f0-0c2f-42cc-8d32-7c3397e96194,229dc6f0-0c2f-42cc-8d32-7c3397e96194,t,2025-10-06 10:23:07.491548,f,2025-07-16 09:24:00.221183,2025-07-16 09:24:32.261047,groups,hg_stock
82afe63e-80e8-41e0-933c-2ee88485ea4c,RED One MKT 2,,,,,391baad2-cb55-4aac-bdd4-660804b94562,0200161a-5f5d-40f7-94d8-e0584d9d2831,,f,,f,2026-06-05 02:12:25.892607,2026-06-05 03:55:03.620932,groups,hg_stock
83d67e0f-4ee2-4986-b2a1-66d1430a13bb,SỬ DỤNG EXTENSION - MKT 2 - 3,,,,,0200161a-5f5d-40f7-94d8-e0584d9d2831,0200161a-5f5d-40f7-94d8-e0584d9d2831,,f,,f,2024-10-04 01:51:43.607908,2024-10-04 01:51:43.607908,groups,hg_stock
8600cf2a-03bb-4398-a66b-87b9c45e9e55,SÓNG ÂM ĐỘC QUYỀN- HG- KHO NỘI DUNG CHUNG,,,,,5d7a9893-6e21-4a12-bf1b-8594646e7b4d,5d7a9893-6e21-4a12-bf1b-8594646e7b4d,,f,,f,2024-08-08 02:05:43.265473,2025-07-21 10:12:19.226777,groups,hg_stock
8650d2eb-8e3b-4215-93c2-22a05b9e416a,MKT4 - 2D Design,,,,,a0cf3a26-0dda-4edf-89db-d2d882fa1113,a0cf3a26-0dda-4edf-89db-d2d882fa1113,,f,,f,2024-12-19 07:25:13.820599,2024-12-19 07:25:13.820599,groups,hg_stock
86727158-7687-4507-9903-6a600a8f6463,MKT23 - KT RIÊNG - DEEPHOUSE,,,,,3a9ff8c5-8923-4d19-a09e-2c8d79cc7c6f,3a9ff8c5-8923-4d19-a09e-2c8d79cc7c6f,3a9ff8c5-8923-4d19-a09e-2c8d79cc7c6f,t,2026-01-28 03:21:42.307628,f,2024-11-23 07:23:16.380075,2024-11-23 07:23:16.380075,groups,hg_stock
868aa162-1f6d-491e-a240-0dd7a50439ee,Dự án Piano Nature Thương hiệu BPM,,,,,229dc6f0-0c2f-42cc-8d32-7c3397e96194,229dc6f0-0c2f-42cc-8d32-7c3397e96194,229dc6f0-0c2f-42cc-8d32-7c3397e96194,t,2025-10-06 10:19:50.983778,f,2025-05-12 09:38:44.495294,2025-05-19 08:16:31.69167,groups,hg_stock
8793474e-7d71-4705-a5da-a62c495d3d7a,Adobe Stock - MKT2 - Team Phạm Quang Trung,,,,,ed8e0c83-aaec-49eb-8379-90f06bb587ed,ed8e0c83-aaec-49eb-8379-90f06bb587ed,,f,,f,2025-01-10 07:12:58.528092,2025-01-10 07:12:58.528092,groups,hg_stock
88d62e0a-d49d-4fd3-ae5b-155f19aae25a,DEEP HOUSE - MKT 4 - KHO NỘI DUNG RIÊNG,,,,,ed8e0c83-aaec-49eb-8379-90f06bb587ed,ed8e0c83-aaec-49eb-8379-90f06bb587ed,,f,,f,2024-08-08 02:19:02.603584,2024-08-08 02:19:02.603584,groups,hg_stock
8a8fb908-3363-4486-bc1f-679b2526574d,Chuyên viên team Design MKT2,,,,,3a9ff8c5-8923-4d19-a09e-2c8d79cc7c6f,3a9ff8c5-8923-4d19-a09e-2c8d79cc7c6f,,f,,f,2025-05-21 07:12:57.249036,2025-05-21 07:12:57.249036,groups,hg_stock
8b9c7b79-af61-4ac8-ab0b-533293c0b506,PIANO RELAX COVER - MKT 1 - KHO NỘI DUNG RIÊNG,,,,,ed8e0c83-aaec-49eb-8379-90f06bb587ed,ed8e0c83-aaec-49eb-8379-90f06bb587ed,,f,,f,2024-08-08 02:21:46.846955,2025-06-12 07:21:28.502642,groups,hg_stock
6c979bdd-4fe0-4002-ab36-7fd6af2fca80,[Piano] Relax - Marketing,,,,,229dc6f0-0c2f-42cc-8d32-7c3397e96194,6a34ddae-be72-471a-ad45-7e226c3a141f,229dc6f0-0c2f-42cc-8d32-7c3397e96194,t,2026-08-03 03:03:45.545461,f,2025-10-16 03:55:18.382646,2026-01-05 06:56:07.918966,groups,hg_stock
7f5135e4-d782-4dbe-beb9-6bf19933e378,[Relax] Tre suối - Marketing,,,,,229dc6f0-0c2f-42cc-8d32-7c3397e96194,229dc6f0-0c2f-42cc-8d32-7c3397e96194,229dc6f0-0c2f-42cc-8d32-7c3397e96194,t,2026-08-03 03:04:11.054739,f,2026-01-06 02:47:17.08154,2026-01-06 02:49:59.57443,groups,hg_stock
8a203f9a-e0f5-4c96-b494-81aec6c660ab,[Jazz] Marketing - Team Nguyên,,,,,229dc6f0-0c2f-42cc-8d32-7c3397e96194,229dc6f0-0c2f-42cc-8d32-7c3397e96194,229dc6f0-0c2f-42cc-8d32-7c3397e96194,t,2026-08-03 03:08:37.240796,f,2026-03-27 07:48:55.810861,2026-03-27 07:49:13.882596,groups,hg_stock
7a389018-94d3-443d-9646-ed7b63117169,FMG - P.Design,,,,,0dc252aa-53d8-450a-8a19-706dc29e2cf3,70ab807b-1fc5-4db5-9b4b-5fb5a5d664f7,6a34ddae-be72-471a-ad45-7e226c3a141f,t,2026-08-03 06:27:03.985997,f,2024-12-06 02:03:13.094227,2026-08-03 04:29:56.988513,groups,hg_stock
854cae12-c88d-4bb4-85cf-4ed044d8e963,FMG - Audio,,,,,0dc252aa-53d8-450a-8a19-706dc29e2cf3,70ab807b-1fc5-4db5-9b4b-5fb5a5d664f7,6a34ddae-be72-471a-ad45-7e226c3a141f,t,2026-08-03 06:26:39.272699,f,2024-12-06 02:03:19.12755,2026-08-03 04:56:12.575246,groups,hg_stock
8bc1dbee-1031-4334-b6e9-36b73bd18739,Adobe Stock - MKT2 - Team Đoàn Trọng Vương,,,,,ed8e0c83-aaec-49eb-8379-90f06bb587ed,ed8e0c83-aaec-49eb-8379-90f06bb587ed,,f,,f,2025-01-10 07:15:26.30958,2025-01-10 07:15:26.30958,groups,hg_stock
8bf512db-998f-4833-9e27-304fa472946d,Adobe Stock - MKT4 - Team Phạm Anh Dũng,,,,,ed8e0c83-aaec-49eb-8379-90f06bb587ed,ed8e0c83-aaec-49eb-8379-90f06bb587ed,,f,,f,2025-01-10 07:27:42.68641,2025-01-10 07:27:42.68641,groups,hg_stock
8c77df69-c9cf-4689-93f8-62cbc115f3b9,RELAX- MKT3- KHO NỘI DUNG RIÊNG,,,,,5d7a9893-6e21-4a12-bf1b-8594646e7b4d,5d7a9893-6e21-4a12-bf1b-8594646e7b4d,,f,,f,2024-08-08 02:17:40.669873,2025-03-12 02:00:12.249807,groups,hg_stock
8e124ce0-a0de-4382-bded-7b413e4654ad,Team MKT3,,,,,9a1fc915-e747-4aa4-a786-19c67cd5ea2e,9a1fc915-e747-4aa4-a786-19c67cd5ea2e,,f,,f,2024-11-23 02:26:57.274147,2024-11-23 02:26:57.274147,groups,hg_stock
8f618b58-9cbe-4275-9ba8-713a04f4ffc2,Test,,,,,aabbf95f-430f-430f-a834-fd356bc0667a,aabbf95f-430f-430f-a834-fd356bc0667a,aabbf95f-430f-430f-a834-fd356bc0667a,t,2024-08-19 03:10:03.963791,f,2024-08-19 03:09:50.983661,2024-08-19 03:09:50.983661,groups,hg_stock
8fa84a4a-18eb-4c51-b132-0a322ad253a6,MKT4 - 3D,,,,,aabbf95f-430f-430f-a834-fd356bc0667a,aabbf95f-430f-430f-a834-fd356bc0667a,,f,,f,2024-10-22 10:50:38.75193,2024-10-22 10:53:35.401209,groups,hg_stock
8ff764e4-1c14-41ce-9fb2-37f9b60c915c,SEO Team Quân MKT2,,,,,3a9ff8c5-8923-4d19-a09e-2c8d79cc7c6f,9a1fc915-e747-4aa4-a786-19c67cd5ea2e,,f,,f,2025-05-28 10:00:15.756634,2025-12-18 01:39:54.436671,groups,hg_stock
90131258-8e87-4cb3-ba29-7dbe76fded3e,GUITAR ORIGINAL - MKT4,,,,,f3b6b651-8d1f-401a-acfb-4279adfe4e8b,f3b6b651-8d1f-401a-acfb-4279adfe4e8b,f3b6b651-8d1f-401a-acfb-4279adfe4e8b,t,2025-05-06 09:32:14.021237,f,2024-12-14 02:41:12.481338,2024-12-14 02:41:12.481338,groups,hg_stock
93290867-94e0-4bcd-8f50-6ffdfcbc3d9d,Adobe Stock - MKT3 - Team Nguyễn Đức Độ,,,,,ed8e0c83-aaec-49eb-8379-90f06bb587ed,ed8e0c83-aaec-49eb-8379-90f06bb587ed,,f,,f,2025-01-10 07:19:37.711651,2025-01-10 07:19:37.711651,groups,hg_stock
93d812e9-38bd-42c1-bea0-d3cd4c97f613,Leader Team Quân - MKT2,,,,,8eefc4bf-3fda-4bc0-9a87-367394527a6a,8eefc4bf-3fda-4bc0-9a87-367394527a6a,,f,,f,2024-08-09 09:23:25.8746,2024-08-09 09:23:25.8746,groups,hg_stock
94945b2e-ed0e-4b25-8a2d-0f7697cd726e,CLASSICAL - HG - KHO NỘI DUNG CHUNG,,,,,f3b6b651-8d1f-401a-acfb-4279adfe4e8b,f3b6b651-8d1f-401a-acfb-4279adfe4e8b,,f,,f,2024-08-08 01:55:44.443785,2025-10-06 03:04:32.475808,groups,hg_stock
94d303a0-6773-4c27-9dba-0e6375c93652,MKT23 - KT RIÊNG - WHITE NOISE,,,,,3a9ff8c5-8923-4d19-a09e-2c8d79cc7c6f,3a9ff8c5-8923-4d19-a09e-2c8d79cc7c6f,3a9ff8c5-8923-4d19-a09e-2c8d79cc7c6f,t,2026-01-28 03:21:30.726859,f,2024-12-05 01:58:16.109595,2025-04-02 07:29:55.242351,groups,hg_stock
9658bc91-c393-48f0-bcd5-edf1c878051f,JAZZ - TEAM A BÌNH - KHO NỘI DUNG CHUNG,,,,,e7ff3a0c-c058-410c-8f2f-b69aa94f9955,0200161a-5f5d-40f7-94d8-e0584d9d2831,,f,,f,2024-11-12 09:29:15.915404,2025-06-30 10:16:28.50827,groups,hg_stock
976be316-9fc1-4a08-9bf0-6d86493014cb,Trợ lý - Dự án,,,,,70ab807b-1fc5-4db5-9b4b-5fb5a5d664f7,cd248be6-7d5d-42e7-b970-c60cc9e8d1f3,,f,,f,2024-10-25 03:57:22.716185,2025-01-21 07:27:39.092105,groups,hg_stock
9a542688-e7af-4256-abc7-87c6000ec555,Nhân sự có kênh net Flyingnunrecords,,,,,97ee41e4-8f90-4991-8d67-df26d970bf62,97ee41e4-8f90-4991-8d67-df26d970bf62,97ee41e4-8f90-4991-8d67-df26d970bf62,t,2025-05-29 09:26:36.839981,f,2025-05-29 07:19:13.87805,2025-05-29 07:19:13.87805,groups,hg_stock
9b0e3512-95ee-4de3-98c4-93ebca174137,SEO Team Quân MKT2,,,,,3a9ff8c5-8923-4d19-a09e-2c8d79cc7c6f,3a9ff8c5-8923-4d19-a09e-2c8d79cc7c6f,3a9ff8c5-8923-4d19-a09e-2c8d79cc7c6f,t,2025-05-28 09:59:13.691236,f,2025-05-28 09:58:57.683899,2025-05-28 09:58:57.683899,groups,hg_stock
9b2137ee-eddd-4636-af32-25f49720f68f,Hậu kỳ âm thanh MKT2,,,,,3a9ff8c5-8923-4d19-a09e-2c8d79cc7c6f,3a9ff8c5-8923-4d19-a09e-2c8d79cc7c6f,,f,,f,2025-05-19 01:39:11.699825,2025-05-19 01:39:11.699825,groups,hg_stock
9cc4b32a-1248-45d7-9920-e8e100f2acfb,MKT2 - Kho riêng - Phúc âm,,,,,3a9ff8c5-8923-4d19-a09e-2c8d79cc7c6f,3a9ff8c5-8923-4d19-a09e-2c8d79cc7c6f,3a9ff8c5-8923-4d19-a09e-2c8d79cc7c6f,t,2024-11-23 03:11:14.966713,f,2024-10-23 03:21:14.813001,2024-10-23 03:21:14.813001,groups,hg_stock
9f62b844-51a8-44a9-914e-d1e9b82c356c,MKT2 - Giáng sinh Cover VICE,,,,,3a9ff8c5-8923-4d19-a09e-2c8d79cc7c6f,3a9ff8c5-8923-4d19-a09e-2c8d79cc7c6f,3a9ff8c5-8923-4d19-a09e-2c8d79cc7c6f,t,2026-01-28 03:21:36.837749,f,2024-11-27 08:18:24.64695,2024-11-27 08:18:24.64695,groups,hg_stock
a0843700-ffc0-44c6-95bb-9f3182e8345c,Adobe Stock - MKT2 - Team Hoàng Nam Dương,,,,,ed8e0c83-aaec-49eb-8379-90f06bb587ed,ed8e0c83-aaec-49eb-8379-90f06bb587ed,,f,,f,2025-01-10 07:16:23.97417,2025-01-10 07:16:23.97417,groups,hg_stock
a6b57c5b-63d2-4016-bcd1-a1ed3146008d,MKT4 - ALL NHÂN SỰ,,,,,a0cf3a26-0dda-4edf-89db-d2d882fa1113,a0cf3a26-0dda-4edf-89db-d2d882fa1113,,f,,f,2024-12-19 07:39:45.826214,2024-12-19 07:39:45.826214,groups,hg_stock
a6e938f9-1a0f-40ce-9150-1a6d7e98ecda,FMG HN - Hoàng,,,,,0dc252aa-53d8-450a-8a19-706dc29e2cf3,0dc252aa-53d8-450a-8a19-706dc29e2cf3,0dc252aa-53d8-450a-8a19-706dc29e2cf3,t,2025-02-11 01:29:26.622262,f,2024-12-06 01:59:47.52008,2024-12-06 02:02:00.543341,groups,hg_stock
a72e4e65-e583-4d30-8bce-ac20af5566c4,Dự án Deep Tropical House - Ohene,,,,,229dc6f0-0c2f-42cc-8d32-7c3397e96194,229dc6f0-0c2f-42cc-8d32-7c3397e96194,229dc6f0-0c2f-42cc-8d32-7c3397e96194,t,2025-10-06 10:19:50.983784,f,2025-05-13 05:16:36.543262,2025-05-19 08:14:57.452964,groups,hg_stock
a83ea7ea-e4d7-407b-8d45-a4d460bec1b3,MKT2 - Kho riêng - Jazz,,,,,3a9ff8c5-8923-4d19-a09e-2c8d79cc7c6f,3a9ff8c5-8923-4d19-a09e-2c8d79cc7c6f,3a9ff8c5-8923-4d19-a09e-2c8d79cc7c6f,t,2024-11-23 03:11:18.482059,f,2024-10-23 03:18:46.536402,2024-10-23 03:18:46.536402,groups,hg_stock
a8e33026-5ccb-4316-a359-eeffb0befbe0,Sản xuất Trance,,,,,aabbf95f-430f-430f-a834-fd356bc0667a,aabbf95f-430f-430f-a834-fd356bc0667a,aabbf95f-430f-430f-a834-fd356bc0667a,t,2025-01-17 08:01:27.378074,f,2024-08-19 12:35:54.431874,2024-08-19 12:35:54.431874,groups,hg_stock
a9f7da64-2345-4e00-890a-7c61c16bf6e6,MKT2 - Nhạc kho riêng - Pop Indie,,,,,3a9ff8c5-8923-4d19-a09e-2c8d79cc7c6f,3a9ff8c5-8923-4d19-a09e-2c8d79cc7c6f,3a9ff8c5-8923-4d19-a09e-2c8d79cc7c6f,t,2026-01-28 03:21:48.896587,f,2024-10-23 03:29:04.810771,2024-11-23 03:23:03.352953,groups,hg_stock
ac83ecea-584e-45a0-b1cd-48c47fbfcafb,Test,,,,,aabbf95f-430f-430f-a834-fd356bc0667a,aabbf95f-430f-430f-a834-fd356bc0667a,aabbf95f-430f-430f-a834-fd356bc0667a,t,2024-08-19 03:09:37.222705,f,2024-08-19 03:09:28.653243,2024-08-19 03:09:28.653243,groups,hg_stock
aeed069d-019c-4cad-93d4-0114f0b6f5cb,MKT2 - Kho riêng - Relax,,,,,3a9ff8c5-8923-4d19-a09e-2c8d79cc7c6f,3a9ff8c5-8923-4d19-a09e-2c8d79cc7c6f,3a9ff8c5-8923-4d19-a09e-2c8d79cc7c6f,t,2024-11-23 03:11:22.906482,f,2024-10-23 03:12:46.858524,2024-10-23 03:12:46.858524,groups,hg_stock
af261b59-c398-43a9-9e46-f5a68c99ae61,Creative studio HG,,,,,8eb76110-0ef5-4141-9aac-afd43ababc02,ed8e0c83-aaec-49eb-8379-90f06bb587ed,,f,,f,2026-01-17 08:03:28.039889,2026-04-02 09:44:36.79376,groups,hg_stock
af29bf61-ce23-47cb-bb84-36f6f0bd677c,JAZZ - HG - KHO NỘI DUNG RIÊNG,,,,,e7ff3a0c-c058-410c-8f2f-b69aa94f9955,e7ff3a0c-c058-410c-8f2f-b69aa94f9955,e7ff3a0c-c058-410c-8f2f-b69aa94f9955,t,2024-08-09 03:02:42.583514,f,2024-08-09 02:05:39.460476,2024-08-09 02:05:39.460476,groups,hg_stock
acba7004-0bd0-4915-964c-3d7d9a4977b0,SXN + VHLB,,,,,8eb76110-0ef5-4141-9aac-afd43ababc02,ed8e0c83-aaec-49eb-8379-90f06bb587ed,,f,,f,2026-01-14 04:35:52.824611,2026-07-16 09:46:13.268116,groups,hg_stock
92c12f07-3a80-430a-ba06-aaf5e1c12d90,Design - FM HCM,,,,,229dc6f0-0c2f-42cc-8d32-7c3397e96194,6a34ddae-be72-471a-ad45-7e226c3a141f,6a34ddae-be72-471a-ad45-7e226c3a141f,t,2026-07-31 04:45:29.661397,f,2025-05-19 08:06:30.28378,2025-12-05 03:37:24.93393,groups,hg_stock
a395020b-3177-474a-a0f3-d730ce48674f,[Guitar] Marketing,,,,,229dc6f0-0c2f-42cc-8d32-7c3397e96194,6a34ddae-be72-471a-ad45-7e226c3a141f,229dc6f0-0c2f-42cc-8d32-7c3397e96194,t,2026-08-03 03:03:45.545465,f,2025-10-31 03:22:22.272933,2026-01-05 06:56:32.976957,groups,hg_stock
b1f49e7a-1122-4e32-8526-09a3651216d1,FMG  - Dự án Hà Nội - Designer + Editor,,,,,6a34ddae-be72-471a-ad45-7e226c3a141f,6a34ddae-be72-471a-ad45-7e226c3a141f,6a34ddae-be72-471a-ad45-7e226c3a141f,t,2026-08-03 06:27:09.193351,f,2025-04-25 07:18:38.913885,2026-03-23 07:30:07.706119,groups,hg_stock
ba826125-ec02-4f09-b0d4-9e4aeeb11c0a,PHONK - MKT 2 - KHO NỘI DUNG RIÊNG,,,,,0200161a-5f5d-40f7-94d8-e0584d9d2831,0200161a-5f5d-40f7-94d8-e0584d9d2831,,f,,f,2024-08-07 07:44:26.448273,2024-08-07 07:44:26.448273,groups,hg_stock
bc1799a3-603f-4412-909a-1f0d9907f17c,Team MKT2,,,,,9a1fc915-e747-4aa4-a786-19c67cd5ea2e,1c47f05d-35de-4746-ad54-3967d4ef4e42,,f,,f,2024-11-23 02:20:14.795533,2025-06-27 02:31:24.009987,groups,hg_stock
c03e9b82-9ee8-4653-bb62-7611833ab735,Anh Thành Chùa Láng,,,,,3a9ff8c5-8923-4d19-a09e-2c8d79cc7c6f,3a9ff8c5-8923-4d19-a09e-2c8d79cc7c6f,,f,,f,2025-08-06 10:03:07.206557,2026-05-25 10:26:10.459375,groups,hg_stock
c13ce998-d8a5-409c-882f-682d2f0a9970,FMG HN - Huy,,,,,0dc252aa-53d8-450a-8a19-706dc29e2cf3,0dc252aa-53d8-450a-8a19-706dc29e2cf3,0dc252aa-53d8-450a-8a19-706dc29e2cf3,t,2025-02-11 01:29:43.879595,f,2024-12-06 01:59:06.528778,2024-12-06 02:02:14.542013,groups,hg_stock
c2fd3bb8-df08-4f5b-9d8b-608590d4f664,Afrotech Cover -1,,,,,5d7a9893-6e21-4a12-bf1b-8594646e7b4d,5d7a9893-6e21-4a12-bf1b-8594646e7b4d,,f,,f,2025-06-12 09:45:28.50938,2025-07-29 02:10:54.330832,groups,hg_stock
c3558fc9-7b2b-4c0b-99b1-1ea34aa3dd6a,Adobe Stock - MKT1 - Team Quang Duy,,,,,ed8e0c83-aaec-49eb-8379-90f06bb587ed,ed8e0c83-aaec-49eb-8379-90f06bb587ed,,f,,f,2025-01-10 07:05:07.782741,2025-01-10 07:05:07.782741,groups,hg_stock
c5a11712-113d-4eed-bf09-d7e2070aaf28,BG - CINEMATIC ĐQ,,,,,0200161a-5f5d-40f7-94d8-e0584d9d2831,0200161a-5f5d-40f7-94d8-e0584d9d2831,,f,,f,2025-01-15 08:26:29.803112,2026-03-27 03:40:23.030255,groups,hg_stock
c72bd49c-cee2-45da-a24b-e31f2c9d3db5,MKT23 - KT RIÊNG - JAZZ,,,,,3a9ff8c5-8923-4d19-a09e-2c8d79cc7c6f,3a9ff8c5-8923-4d19-a09e-2c8d79cc7c6f,3a9ff8c5-8923-4d19-a09e-2c8d79cc7c6f,t,2026-01-28 03:21:01.84624,f,2024-11-23 07:31:21.844094,2025-08-08 04:18:09.106616,groups,hg_stock
c7c021e0-2426-42e7-9957-8951569040ff,SÓNG ÂM- HG- KHO NỘI DUNG CHUNG,,,,,5d7a9893-6e21-4a12-bf1b-8594646e7b4d,5d7a9893-6e21-4a12-bf1b-8594646e7b4d,,f,,f,2024-08-08 02:05:02.454493,2025-07-21 10:12:27.098,groups,hg_stock
c878096b-388b-411e-a3f1-58ff5ae60801,BD upload tài nguyên,,,,,8eb76110-0ef5-4141-9aac-afd43ababc02,8eb76110-0ef5-4141-9aac-afd43ababc02,8eb76110-0ef5-4141-9aac-afd43ababc02,t,2026-01-13 03:44:33.124002,f,2026-01-12 08:25:57.546005,2026-01-12 08:25:57.546005,groups,hg_stock
ca3d0044-d44d-4454-8d6b-befb7896872d,EDM COVER - HG - KHO NỘI DUNG CHUNG,,,,,f3b6b651-8d1f-401a-acfb-4279adfe4e8b,f3b6b651-8d1f-401a-acfb-4279adfe4e8b,f3b6b651-8d1f-401a-acfb-4279adfe4e8b,t,2025-05-12 02:05:10.598624,f,2024-08-08 01:56:17.074368,2024-08-08 01:56:17.074368,groups,hg_stock
caa70233-a787-4a10-99c7-137102c05550,Adobe Stock - MKT4 - Team Nguyễn Thị Thùy Dung,,,,,ed8e0c83-aaec-49eb-8379-90f06bb587ed,ed8e0c83-aaec-49eb-8379-90f06bb587ed,,f,,f,2025-01-10 07:26:58.570639,2025-01-10 07:26:58.570639,groups,hg_stock
caf3c970-d94d-47df-ba54-64e7a1d9c75f,Nhạc sóng âm kho riêng MKT2 - Team Quân,,,,,8eefc4bf-3fda-4bc0-9a87-367394527a6a,8eefc4bf-3fda-4bc0-9a87-367394527a6a,8eefc4bf-3fda-4bc0-9a87-367394527a6a,t,2024-10-22 02:45:19.889551,f,2024-10-22 02:34:49.100619,2024-10-22 02:34:49.100619,groups,hg_stock
cd99d922-364c-4e97-ac96-94cf1c414d1d,Giáng sinh pd có lời - team a Bình,,,,,8eb76110-0ef5-4141-9aac-afd43ababc02,8eb76110-0ef5-4141-9aac-afd43ababc02,,f,,f,2025-09-17 09:11:53.915969,2025-09-18 07:53:53.676628,groups,hg_stock
d0a6c7ae-3a77-4b4c-bc33-bed245694277,ALL NHÂN SỰ YOUTUBE - MKT1,,,,,97ee41e4-8f90-4991-8d67-df26d970bf62,1c47f05d-35de-4746-ad54-3967d4ef4e42,,f,,f,2024-08-21 04:19:16.099574,2025-06-27 08:31:20.503699,groups,hg_stock
d4bc8bd1-4f08-4051-8f2e-5462b321c853,MKT4 - Creative Design,,,,,a0cf3a26-0dda-4edf-89db-d2d882fa1113,a0cf3a26-0dda-4edf-89db-d2d882fa1113,,f,,f,2024-12-19 07:28:43.846603,2024-12-19 07:28:43.846603,groups,hg_stock
d719e8b5-e16c-4b6a-9ffa-38467ae0529d,KID NGỦ - MKT 1 - KHO NỘI DUNG RIÊNG,,,,,ed8e0c83-aaec-49eb-8379-90f06bb587ed,ed8e0c83-aaec-49eb-8379-90f06bb587ed,,f,,f,2024-08-08 02:22:25.086365,2025-08-19 09:24:07.089657,groups,hg_stock
d757183a-fdf2-43de-a064-ee78ff8eb842,MKT 1 - Nhân sự upload tài nguyên,,,,,0200161a-5f5d-40f7-94d8-e0584d9d2831,0200161a-5f5d-40f7-94d8-e0584d9d2831,,f,,f,2024-08-13 04:48:08.403404,2024-08-13 04:48:08.403404,groups,hg_stock
d92801b3-dc5d-4ce3-be65-bbd440e0159c,Nhóm nghiệm thu footage MKT1 và MKT23,,,,,8eb76110-0ef5-4141-9aac-afd43ababc02,8eb76110-0ef5-4141-9aac-afd43ababc02,,f,,f,2025-03-31 02:42:29.767473,2025-04-02 05:15:03.371527,groups,hg_stock
d9d10b79-728e-4c9d-a83f-9584b03a93b1,Adobe Stock - MKT2 - Team Nguyễn Đức Trọng,,,,,ed8e0c83-aaec-49eb-8379-90f06bb587ed,ed8e0c83-aaec-49eb-8379-90f06bb587ed,,f,,f,2025-01-10 07:07:55.268403,2025-01-10 07:08:02.633572,groups,hg_stock
da4a092d-d161-403b-b804-da5bda1dfcb2,Adobe Stock - MKT3 - Team Nguyễn Thị Vân Anh,,,,,ed8e0c83-aaec-49eb-8379-90f06bb587ed,ed8e0c83-aaec-49eb-8379-90f06bb587ed,,f,,f,2025-01-10 07:20:08.860725,2025-01-10 07:20:08.860725,groups,hg_stock
db869e71-ba93-441b-a264-32c62f017853,Quản lý MKT3,,,,,43de9c8f-6685-44a4-8e13-be229a75ee6f,3a9ff8c5-8923-4d19-a09e-2c8d79cc7c6f,3a9ff8c5-8923-4d19-a09e-2c8d79cc7c6f,t,2025-12-05 03:53:09.310358,f,2024-08-09 04:57:38.322545,2025-04-03 02:05:14.110852,groups,hg_stock
dc0086b5-3fcb-412a-90e5-8360164a7d1d,Sản xuất EDM,,,,,aabbf95f-430f-430f-a834-fd356bc0667a,aabbf95f-430f-430f-a834-fd356bc0667a,aabbf95f-430f-430f-a834-fd356bc0667a,t,2025-01-17 08:01:27.378076,f,2024-08-19 12:34:57.766685,2024-08-19 12:34:57.766685,groups,hg_stock
dc3ac3f9-3ac2-4840-9291-e4a8d3e68a16,SỬ DỤNG EXTENSION - MKT 4,,,,,0200161a-5f5d-40f7-94d8-e0584d9d2831,0200161a-5f5d-40f7-94d8-e0584d9d2831,,f,,f,2024-10-04 01:57:32.410557,2024-10-04 01:57:32.410557,groups,hg_stock
dd8dfe72-62b3-48d7-9962-17a0ef70b61e,OHENE - RELAX - KHO RIÊNG MKT1,,,,,f3b6b651-8d1f-401a-acfb-4279adfe4e8b,f3b6b651-8d1f-401a-acfb-4279adfe4e8b,,f,,f,2025-04-17 09:28:19.613698,2025-04-17 09:28:19.613698,groups,hg_stock
de0102b9-50f9-41fa-992a-06ae9eb82724,MKT2-3 Team Nghiệm Thu,,,,,3a9ff8c5-8923-4d19-a09e-2c8d79cc7c6f,3a9ff8c5-8923-4d19-a09e-2c8d79cc7c6f,,f,,f,2025-02-27 08:16:29.843587,2025-09-29 02:36:00.157116,groups,hg_stock
df42ed2a-f2da-49a1-a4ea-36e358b59bee,Team Trung -  Nhân sự sử dụng video AI relax,,,,,767992f5-d8e2-4101-ab70-a59c88eb1d6d,767992f5-d8e2-4101-ab70-a59c88eb1d6d,,f,,f,2024-08-19 03:48:25.562205,2024-08-19 10:11:06.370354,groups,hg_stock
e17f8ea5-f5a8-4b5b-a210-4bb8c0202c0d,DEEP HOUSE FM - HG - KHO NỘI DUNG CHUNG,,,,,ed8e0c83-aaec-49eb-8379-90f06bb587ed,ed8e0c83-aaec-49eb-8379-90f06bb587ed,,f,,f,2024-08-09 10:25:14.986664,2025-05-08 09:33:23.414501,groups,hg_stock
e1e31817-a114-42ec-8d34-f68f1ccd5246,Adobe Stock - MKT1 - Team Võ Hoài Nam,,,,,ed8e0c83-aaec-49eb-8379-90f06bb587ed,ed8e0c83-aaec-49eb-8379-90f06bb587ed,,f,,f,2025-01-10 07:03:23.796598,2025-01-10 07:06:09.555179,groups,hg_stock
e2d5d683-013e-4197-8061-a8b45c971b8a,SEO Team Thi MKT3,,,,,3a9ff8c5-8923-4d19-a09e-2c8d79cc7c6f,9a1fc915-e747-4aa4-a786-19c67cd5ea2e,,f,,f,2025-05-28 10:01:09.348844,2025-12-18 01:41:06.715739,groups,hg_stock
d6e3b46f-1452-4ecd-8857-7c0f472d86eb,Leader Cơ sở 2,,,,,3a9ff8c5-8923-4d19-a09e-2c8d79cc7c6f,43de9c8f-6685-44a4-8e13-be229a75ee6f,,f,,f,2026-01-29 04:16:02.828424,2026-07-20 07:23:18.817433,groups,hg_stock
d5f7848f-7b70-4ee9-b68a-070d7dc9afb9,[Relax] Study with me BI Studio - Marketing,,,,,229dc6f0-0c2f-42cc-8d32-7c3397e96194,6a34ddae-be72-471a-ad45-7e226c3a141f,229dc6f0-0c2f-42cc-8d32-7c3397e96194,t,2026-08-03 03:03:45.545466,f,2025-10-08 10:52:55.752879,2026-01-05 06:55:59.833767,groups,hg_stock
bdd9d4f3-6a59-4a34-8087-8b6c644ced64,[Food] Marketing,,,,,229dc6f0-0c2f-42cc-8d32-7c3397e96194,229dc6f0-0c2f-42cc-8d32-7c3397e96194,229dc6f0-0c2f-42cc-8d32-7c3397e96194,t,2026-08-03 03:04:11.054746,f,2025-10-30 03:01:33.978491,2026-01-05 08:22:59.066423,groups,hg_stock
c7787089-82cb-452b-b30f-86820d9e61f7,[Jazz] Marketing,,,,,229dc6f0-0c2f-42cc-8d32-7c3397e96194,229dc6f0-0c2f-42cc-8d32-7c3397e96194,229dc6f0-0c2f-42cc-8d32-7c3397e96194,t,2026-08-03 03:08:37.240804,f,2025-10-16 08:57:53.566909,2026-04-16 09:39:27.271329,groups,hg_stock
e1d951fb-6e4b-4b8f-a65d-3d6861f7ac15,[FM] Phòng Hậu kỳ,,,,,6a34ddae-be72-471a-ad45-7e226c3a141f,6a34ddae-be72-471a-ad45-7e226c3a141f,,f,,f,2026-04-02 07:41:42.143062,2026-08-03 06:27:51.26223,groups,hg_stock
be3902b4-f926-4850-ba31-f18b178b9d39,FMG - P.Editor,,,,,0dc252aa-53d8-450a-8a19-706dc29e2cf3,70ab807b-1fc5-4db5-9b4b-5fb5a5d664f7,6a34ddae-be72-471a-ad45-7e226c3a141f,t,2026-08-03 06:27:24.247479,f,2024-12-06 02:03:05.57308,2026-08-03 04:31:53.496715,groups,hg_stock
e3e8fbe8-bf33-4590-a19f-3c36e6f8d861,Nhân sự có kênh net AGE,,,,,a61e2437-628b-43e7-a32c-f948290dbba9,a61e2437-628b-43e7-a32c-f948290dbba9,,f,,f,2025-05-31 09:34:46.022211,2025-06-12 10:35:34.169894,groups,hg_stock
e43c6415-4c89-451e-8bee-004c8f6ed620,MKT2 - Team Thịnh,,,,,3a9ff8c5-8923-4d19-a09e-2c8d79cc7c6f,3a9ff8c5-8923-4d19-a09e-2c8d79cc7c6f,3a9ff8c5-8923-4d19-a09e-2c8d79cc7c6f,t,2025-05-08 04:41:55.320792,f,2024-10-08 09:07:54.016932,2024-10-08 09:08:06.986411,groups,hg_stock
e4a9befa-f211-4d75-b267-22cd81d0adb2,REGGAE COVER -1 - CHUNG,,,,,0200161a-5f5d-40f7-94d8-e0584d9d2831,0200161a-5f5d-40f7-94d8-e0584d9d2831,,f,,f,2025-06-12 09:10:10.57891,2025-07-25 11:17:35.830442,groups,hg_stock
e77caeca-24aa-47f6-b5d8-a31c394bcbfb,Design/ Editor - FM-HN,,,,,229dc6f0-0c2f-42cc-8d32-7c3397e96194,229dc6f0-0c2f-42cc-8d32-7c3397e96194,229dc6f0-0c2f-42cc-8d32-7c3397e96194,t,2025-10-06 10:20:17.823963,f,2025-05-13 11:00:24.956124,2025-05-19 08:11:42.23521,groups,hg_stock
e7d825ef-64d5-4809-a04c-6f57f65c91b3,ASMR Team Trung,,,,,767992f5-d8e2-4101-ab70-a59c88eb1d6d,767992f5-d8e2-4101-ab70-a59c88eb1d6d,,f,,f,2025-02-25 09:22:18.661985,2025-02-25 09:22:18.661985,groups,hg_stock
e7e707c6-301e-4161-a98f-15f9b1de105b,SỬ DỤNG EXTENSION - MKT 1,,,,,0200161a-5f5d-40f7-94d8-e0584d9d2831,0200161a-5f5d-40f7-94d8-e0584d9d2831,,f,,f,2024-10-04 02:07:44.793052,2024-10-04 02:07:44.793052,groups,hg_stock
e90c300a-bee8-49c1-8966-7a40f1a8ad94,Adobe Stock - MKT2 - Team Đỗ Thiện Tâm,,,,,ed8e0c83-aaec-49eb-8379-90f06bb587ed,ed8e0c83-aaec-49eb-8379-90f06bb587ed,,f,,f,2025-01-10 07:14:52.047765,2025-01-10 07:14:52.047765,groups,hg_stock
ea49daf4-0094-4b57-b8a6-e753495c3b0f,Credit T4/2025 - SEO MKT1,,,,,97ee41e4-8f90-4991-8d67-df26d970bf62,97ee41e4-8f90-4991-8d67-df26d970bf62,,f,,f,2025-03-26 03:33:15.722231,2025-05-08 02:11:53.939927,groups,hg_stock
ea65e3c1-8b96-433f-9df1-932e1d98c692,Sản xuất Ambient,,,,,aabbf95f-430f-430f-a834-fd356bc0667a,aabbf95f-430f-430f-a834-fd356bc0667a,aabbf95f-430f-430f-a834-fd356bc0667a,t,2025-01-17 08:01:27.378077,f,2024-08-19 12:37:03.312029,2024-08-19 12:37:03.312029,groups,hg_stock
eaa79b02-4087-4465-8a08-6f86137dbbe0,FM - Tropical House,,,,,5d7a9893-6e21-4a12-bf1b-8594646e7b4d,5d7a9893-6e21-4a12-bf1b-8594646e7b4d,,f,,f,2025-05-05 10:10:29.853694,2025-05-05 10:10:29.853694,groups,hg_stock
48ce25bf-0acc-45f2-bfcf-2f3df85cd521,Danh sách người dùng kho nhạc Sáo Nam Mỹ,,,,,c47f3399-05a0-4073-8685-89972808f783,c47f3399-05a0-4073-8685-89972808f783,,f,,f,2026-06-12 07:29:13.198249,2026-08-19 02:11:11.042931,groups,hg_stock
f04b1c8f-8f84-41a8-a9b5-3b2f2d621db4,Adobe Stock - MKT2 - Team Võ Thiện,,,,,ed8e0c83-aaec-49eb-8379-90f06bb587ed,ed8e0c83-aaec-49eb-8379-90f06bb587ed,,f,,f,2025-01-10 07:09:35.079723,2025-01-10 07:09:35.079723,groups,hg_stock
f13dc754-9fa8-4715-8784-b6205c006b69,TPxTL MKT2,,,,,0200161a-5f5d-40f7-94d8-e0584d9d2831,8eb76110-0ef5-4141-9aac-afd43ababc02,,f,,f,2025-08-08 07:57:15.284105,2026-01-12 03:38:41.910951,groups,hg_stock
f2383fbb-4f00-46d7-a55b-262325b89ae7,Adobe Stock - MKT1 - Team Đức Tuyên,,,,,ed8e0c83-aaec-49eb-8379-90f06bb587ed,ed8e0c83-aaec-49eb-8379-90f06bb587ed,,f,,f,2025-01-10 07:05:57.234732,2025-01-10 07:05:57.234732,groups,hg_stock
f3703b4d-28f0-4dcb-9453-efaf462844e0,MKT2 x MKT4 - NHẠC INDO YEG,,,,,e7ff3a0c-c058-410c-8f2f-b69aa94f9955,e7ff3a0c-c058-410c-8f2f-b69aa94f9955,,f,,f,2024-10-09 02:25:54.636103,2024-10-09 02:25:54.636103,groups,hg_stock
f4085195-1fd3-47d5-92a0-49f1430385f8,LOFI - MKT 1 - KHO NỘI DUNG RIÊNG,,,,,0200161a-5f5d-40f7-94d8-e0584d9d2831,0200161a-5f5d-40f7-94d8-e0584d9d2831,,f,,f,2024-08-07 04:32:57.984072,2025-06-27 04:11:01.858943,groups,hg_stock
f697238d-fb55-4b69-a2c9-7c23014ba7da,MKT2 Team Quân - Kho riêng - Sóng âm,,,,,3a9ff8c5-8923-4d19-a09e-2c8d79cc7c6f,3a9ff8c5-8923-4d19-a09e-2c8d79cc7c6f,3a9ff8c5-8923-4d19-a09e-2c8d79cc7c6f,t,2024-11-23 03:11:26.113523,f,2024-10-22 02:43:02.302533,2024-10-22 02:43:02.302533,groups,hg_stock
f7518a4f-31cf-4274-9dec-a7d57ef00a5e,"GUITAR ORIGINAL - MKT2,3",,,,,f3b6b651-8d1f-401a-acfb-4279adfe4e8b,f3b6b651-8d1f-401a-acfb-4279adfe4e8b,,f,,f,2025-05-05 03:44:46.377321,2025-05-09 02:02:43.366249,groups,hg_stock
f97d1b94-6227-4ece-a34c-ca8000907f4d,Nhân sự có kênh net Ohene (L),,,,,a61e2437-628b-43e7-a32c-f948290dbba9,a61e2437-628b-43e7-a32c-f948290dbba9,,f,,f,2025-06-14 07:05:26.843093,2025-06-18 08:36:46.713578,groups,hg_stock
f980e39f-4c61-461a-b326-ce34e3121483,MKT4 - Edit,,,,,a0cf3a26-0dda-4edf-89db-d2d882fa1113,a0cf3a26-0dda-4edf-89db-d2d882fa1113,,f,,f,2024-12-19 07:31:39.581784,2024-12-19 07:31:39.581784,groups,hg_stock
fb9ef524-1376-4ca5-8c2c-f31b75992b53,Sản xuất Deephouse,,,,,aabbf95f-430f-430f-a834-fd356bc0667a,aabbf95f-430f-430f-a834-fd356bc0667a,aabbf95f-430f-430f-a834-fd356bc0667a,t,2025-01-17 08:01:27.378079,f,2024-08-19 12:28:02.556597,2024-08-19 12:28:02.556597,groups,hg_stock
fcdd5322-049e-4b50-aecf-593d36d18b8f,Nhân sự dùng tài nguyên AI team Quân,,,,,8eefc4bf-3fda-4bc0-9a87-367394527a6a,8eefc4bf-3fda-4bc0-9a87-367394527a6a,,f,,f,2024-08-09 09:32:06.636175,2024-08-09 09:32:06.636175,groups,hg_stock
fd247ce1-0646-4cba-8dd8-d287c9374c13,MKT4 - Tài Nguyên,,,,,aabbf95f-430f-430f-a834-fd356bc0667a,aabbf95f-430f-430f-a834-fd356bc0667a,,f,,f,2024-08-15 07:51:18.201288,2024-08-15 07:51:18.201288,groups,hg_stock
fd3089ef-3c41-4dd2-a99d-79bb26ed1332,MKT4 - Hoàng Bửu,,,,,aabbf95f-430f-430f-a834-fd356bc0667a,aabbf95f-430f-430f-a834-fd356bc0667a,,f,,f,2024-12-18 10:27:24.505845,2024-12-18 10:27:24.505845,groups,hg_stock
fdcc1baf-4920-4807-95e7-8f10d44f21d2,MKT23 - KT RIÊNG - LOFI,,,,,3a9ff8c5-8923-4d19-a09e-2c8d79cc7c6f,3a9ff8c5-8923-4d19-a09e-2c8d79cc7c6f,3a9ff8c5-8923-4d19-a09e-2c8d79cc7c6f,t,2026-01-28 03:21:16.82201,f,2024-11-23 04:56:07.93511,2025-05-22 08:12:58.100101,groups,hg_stock
7e73a075-6cd4-4427-800b-ed0070b4f94f,Thông Tuệ chấm nhạc,,,,,ae786cf3-a6b6-4a7d-9ea0-ead631615e0c,ae786cf3-a6b6-4a7d-9ea0-ead631615e0c,,f,,f,2026-06-20 08:58:57.697346,2026-06-20 08:58:57.697346,groups,hg_stock
7994e510-36c2-4024-a184-adb28ab3b50a,Danh sách người dùng kho nhạc Classical Masterpieces (Team Tuấn 2k),,,,,c47f3399-05a0-4073-8685-89972808f783,c47f3399-05a0-4073-8685-89972808f783,,f,,f,2026-06-15 04:41:45.524522,2026-07-28 04:34:08.663221,groups,hg_stock
7d4e6e66-479d-4933-a5cb-202196d545d6,Danh sách share kho footage Tre nứa,,,,,c47f3399-05a0-4073-8685-89972808f783,c47f3399-05a0-4073-8685-89972808f783,,f,,f,2026-06-25 08:09:43.136485,2026-07-30 02:32:11.29599,groups,hg_stock
ce1d70e7-5070-47ab-a547-d368464760a8,Trợ lý Chủ Tịch,,,,,0200161a-5f5d-40f7-94d8-e0584d9d2831,0200161a-5f5d-40f7-94d8-e0584d9d2831,,f,,f,2026-07-04 07:12:08.332514,2026-07-04 07:12:08.332514,groups,hg_stock
ee56dfae-bda8-45e8-9fea-7cdbb99a7d5f,[Piano] Girl Sleep - Marketing,,,,,229dc6f0-0c2f-42cc-8d32-7c3397e96194,6a34ddae-be72-471a-ad45-7e226c3a141f,229dc6f0-0c2f-42cc-8d32-7c3397e96194,t,2026-08-03 03:03:45.545469,f,2025-10-24 01:47:35.771401,2026-01-05 06:56:24.765102,groups,hg_stock
1d775d48-66ae-4193-bc05-81fe33315df8,DS nhân sự dự án 4K,,,,,a61e2437-628b-43e7-a32c-f948290dbba9,a61e2437-628b-43e7-a32c-f948290dbba9,,f,,f,2026-06-29 09:54:29.831929,2026-07-30 02:36:13.988516,groups,hg_stock
d431d558-284b-497b-a657-c118c03dd98c,Trợ lý An Tuệ,,,,,3a9ff8c5-8923-4d19-a09e-2c8d79cc7c6f,43de9c8f-6685-44a4-8e13-be229a75ee6f,,f,,f,2026-04-01 02:17:44.393045,2026-07-16 10:48:33.405432,groups,hg_stock
ef0e70d4-93be-4dbc-a8f4-a2c0ab59b014,[Relax] Study with me SX In-house - Marketing,,,,,229dc6f0-0c2f-42cc-8d32-7c3397e96194,63223140-0dc1-4205-af3c-00d575dd5b25,229dc6f0-0c2f-42cc-8d32-7c3397e96194,t,2026-08-03 03:04:11.054748,f,2025-11-20 06:47:19.948022,2026-01-08 02:01:58.489659,groups,hg_stock
f5a4dab5-df91-4776-9a1f-1c2e1ed7ce8b,FMG SG - Dương,,,,,0dc252aa-53d8-450a-8a19-706dc29e2cf3,70ab807b-1fc5-4db5-9b4b-5fb5a5d664f7,6a34ddae-be72-471a-ad45-7e226c3a141f,t,2026-08-03 06:26:34.044238,f,2024-12-06 02:01:42.373641,2026-08-03 04:58:09.623907,groups,hg_stock
f30dad8c-85eb-43c2-a375-5d3fe9ff31ce,FMG SG - Trường Anh,,,,,0dc252aa-53d8-450a-8a19-706dc29e2cf3,70ab807b-1fc5-4db5-9b4b-5fb5a5d664f7,6a34ddae-be72-471a-ad45-7e226c3a141f,t,2026-08-03 05:03:57.158014,f,2024-12-06 02:01:24.06062,2026-08-03 05:02:50.027183,groups,hg_stock
39768669-befd-4f38-a132-423a75831aca,Trợ lý An Tuệ 2.0,,,,,ae786cf3-a6b6-4a7d-9ea0-ead631615e0c,43de9c8f-6685-44a4-8e13-be229a75ee6f,,f,,f,2026-06-16 06:45:48.223076,2026-08-17 07:49:52.60582,groups,hg_stock
7b56a13f-aff1-4987-89fa-3df97114f8a6,SEO MKT2-3,,,,,3a9ff8c5-8923-4d19-a09e-2c8d79cc7c6f,70ab807b-1fc5-4db5-9b4b-5fb5a5d664f7,,f,,f,2025-05-06 09:39:56.791982,2026-07-07 09:08:43.974814,groups,hg_stock
64362801-3c17-4e99-b10a-bc7a8dc10c14,FMG - Leader Khai thác,,,,,0dc252aa-53d8-450a-8a19-706dc29e2cf3,70ab807b-1fc5-4db5-9b4b-5fb5a5d664f7,6a34ddae-be72-471a-ad45-7e226c3a141f,t,2026-08-03 06:26:44.743823,f,2024-12-11 02:53:38.890876,2026-08-03 04:42:01.279444,groups,hg_stock
cfa6b68f-c80b-4445-809c-c99c5aaf1037,GĐ và Trợ lý FM,,,,,8eb76110-0ef5-4141-9aac-afd43ababc02,8eb76110-0ef5-4141-9aac-afd43ababc02,,f,,f,2026-07-15 07:17:56.775227,2026-07-15 07:17:56.775227,groups,hg_stock
4b130012-bca4-48d9-b677-a3bbac756669,Quản lý An Tuệ,,,,,43de9c8f-6685-44a4-8e13-be229a75ee6f,43de9c8f-6685-44a4-8e13-be229a75ee6f,,f,,f,2024-08-09 04:52:52.683124,2026-07-16 10:49:24.786917,groups,hg_stock
87219cb0-8e12-470f-ab1c-d23af0defe77,Leader cs2,,,,,f555e82d-0044-42ca-ac2a-f05340bad471,70ab807b-1fc5-4db5-9b4b-5fb5a5d664f7,,f,,f,2026-07-22 10:07:10.402869,2026-08-06 23:38:21.403695,groups,hg_stock
a7794481-2c76-4b5d-b134-b7b3aaa30bdd,Admin MKT2-3,,,,,3a9ff8c5-8923-4d19-a09e-2c8d79cc7c6f,43de9c8f-6685-44a4-8e13-be229a75ee6f,,f,,f,2025-08-08 02:24:14.276725,2026-07-16 11:12:00.181004,groups,hg_stock
0749da15-f004-4cad-8a3f-26ebdf77e84c,MKT2 - Team hậu kỳ footage,,,,,3a9ff8c5-8923-4d19-a09e-2c8d79cc7c6f,43de9c8f-6685-44a4-8e13-be229a75ee6f,,f,,f,2025-02-27 08:13:28.388044,2026-07-21 04:06:56.399111,groups,hg_stock
f14fa4b5-49f7-44ed-ae20-815d2d749e4d,Danh sách người dùng kho nhạc Neo Classical,,,,,c47f3399-05a0-4073-8685-89972808f783,c47f3399-05a0-4073-8685-89972808f783,,f,,f,2026-07-14 04:48:37.700277,2026-07-30 07:57:00.261958,groups,hg_stock
7462aaaa-8da4-4b41-ac0f-2db8cb34d509,Editor - FM HN,,,,,229dc6f0-0c2f-42cc-8d32-7c3397e96194,229dc6f0-0c2f-42cc-8d32-7c3397e96194,229dc6f0-0c2f-42cc-8d32-7c3397e96194,t,2026-08-03 03:03:13.639881,f,2025-05-16 04:16:21.346334,2025-11-10 17:49:33.0404,groups,hg_stock
e2b15c82-aab7-4248-8b15-9079af4d8135,[Pop] Không gian Thư giãn - Marketing,,,,,229dc6f0-0c2f-42cc-8d32-7c3397e96194,229dc6f0-0c2f-42cc-8d32-7c3397e96194,229dc6f0-0c2f-42cc-8d32-7c3397e96194,t,2026-08-03 03:03:13.640175,f,2025-11-18 10:15:44.173789,2025-11-24 05:03:43.162568,groups,hg_stock
3b5dd9af-0dee-4d70-b675-f3b1d8b4d643,[Relax] Cinematic - Marketing,,,,,229dc6f0-0c2f-42cc-8d32-7c3397e96194,6a34ddae-be72-471a-ad45-7e226c3a141f,229dc6f0-0c2f-42cc-8d32-7c3397e96194,t,2026-08-03 03:03:45.545456,f,2025-11-10 03:43:17.853329,2026-01-05 06:57:04.619748,groups,hg_stock
4ad0b245-7423-41a4-b93d-2b237bbb40a9,[Sóng Âm] Thiền - Marketing,,,,,229dc6f0-0c2f-42cc-8d32-7c3397e96194,6a34ddae-be72-471a-ad45-7e226c3a141f,229dc6f0-0c2f-42cc-8d32-7c3397e96194,t,2026-08-03 03:03:45.545458,f,2025-11-03 09:54:56.850072,2026-01-05 06:57:14.326936,groups,hg_stock
61093fd8-3ec2-43fb-9ee7-44cb3b707919,Documentary - Marketing,,,,,229dc6f0-0c2f-42cc-8d32-7c3397e96194,229dc6f0-0c2f-42cc-8d32-7c3397e96194,229dc6f0-0c2f-42cc-8d32-7c3397e96194,t,2026-08-03 03:03:45.54546,f,2025-12-02 08:19:57.911379,2025-12-02 08:19:57.911379,groups,hg_stock
79c21f64-bccf-409c-a2f4-68a86433c78c,[Giáng Sinh] Marketing,,,,,229dc6f0-0c2f-42cc-8d32-7c3397e96194,229dc6f0-0c2f-42cc-8d32-7c3397e96194,229dc6f0-0c2f-42cc-8d32-7c3397e96194,t,2026-08-03 03:03:45.545463,f,2025-10-30 02:53:47.029084,2025-11-24 05:06:07.893507,groups,hg_stock
de8dffd8-4f8e-4226-b4a3-64fd21a3de1c,[Deep House] Deep House Cover - Marketing,,,,,229dc6f0-0c2f-42cc-8d32-7c3397e96194,6a34ddae-be72-471a-ad45-7e226c3a141f,229dc6f0-0c2f-42cc-8d32-7c3397e96194,t,2026-08-03 03:03:45.545468,f,2025-11-07 02:56:42.916944,2026-01-05 06:56:57.719533,groups,hg_stock
f2ba1a61-a71d-4f10-bfc5-77ed22174eda,[Whitenoise] Mưa - Marketing,,,,,229dc6f0-0c2f-42cc-8d32-7c3397e96194,6a34ddae-be72-471a-ad45-7e226c3a141f,229dc6f0-0c2f-42cc-8d32-7c3397e96194,t,2026-08-03 03:03:45.545471,f,2025-11-03 10:19:20.960567,2026-01-05 06:54:50.038222,groups,hg_stock
f72d02f3-05c0-4136-b7c1-60cab50c17e0,[Relax] Video AI + Piano,,,,,229dc6f0-0c2f-42cc-8d32-7c3397e96194,229dc6f0-0c2f-42cc-8d32-7c3397e96194,229dc6f0-0c2f-42cc-8d32-7c3397e96194,t,2026-08-03 03:03:45.545473,f,2025-12-19 08:45:47.998887,2025-12-19 08:50:39.451414,groups,hg_stock
9a6cf3a8-7882-44ed-944f-8cae3373fc42,Marketing HN + HCM,,,,,229dc6f0-0c2f-42cc-8d32-7c3397e96194,229dc6f0-0c2f-42cc-8d32-7c3397e96194,229dc6f0-0c2f-42cc-8d32-7c3397e96194,t,2026-08-03 03:04:11.054741,f,2026-01-13 04:14:02.115752,2026-01-14 08:13:38.084587,groups,hg_stock
afc66234-6b63-44f3-a1a5-1d938845d982,[Relax] Deep Focus  - Marketing,,,,,229dc6f0-0c2f-42cc-8d32-7c3397e96194,6a34ddae-be72-471a-ad45-7e226c3a141f,229dc6f0-0c2f-42cc-8d32-7c3397e96194,t,2026-08-03 03:04:11.054743,f,2025-11-05 01:30:06.429798,2026-01-05 06:57:21.30634,groups,hg_stock
8b14af3a-2dc9-425e-87da-0fbe82bb4f7d,Editor - FM HCM,,,,,229dc6f0-0c2f-42cc-8d32-7c3397e96194,6a34ddae-be72-471a-ad45-7e226c3a141f,229dc6f0-0c2f-42cc-8d32-7c3397e96194,t,2026-08-03 03:08:46.640613,f,2025-05-19 08:09:30.966241,2026-03-23 07:30:59.449492,groups,hg_stock
cc55c54f-0d1b-4c7f-a5d4-825dc03d6c15,Team anh Thành,,,,,f555e82d-0044-42ca-ac2a-f05340bad471,43de9c8f-6685-44a4-8e13-be229a75ee6f,,f,,f,2026-07-07 04:41:00.168498,2026-08-12 09:06:05.703369,groups,hg_stock
2ad46714-0dc6-44c2-9985-ef69218846a6,Danh sách share kho 4K design (MKT3),,,,,c47f3399-05a0-4073-8685-89972808f783,c47f3399-05a0-4073-8685-89972808f783,,f,,f,2026-07-30 02:30:55.938374,2026-08-15 06:51:47.090563,groups,hg_stock
47395ade-2fd1-43a6-aafc-1f1481d0a897,TPxTL MKT,,,,,0200161a-5f5d-40f7-94d8-e0584d9d2831,8eb76110-0ef5-4141-9aac-afd43ababc02,,f,,f,2025-07-12 03:16:45.345306,2026-08-17 08:13:25.895893,groups,hg_stock
