id,company_id,parent_id,manager_id,color,master_department_id,create_uid,write_uid,complete_name,parent_path,name,note,active,create_date,write_date,hg_paymenttool_id,hg_assign_sequence_id,hg_repair_sequence_id,hg_return_sequence_id,hg_dispose_sequence_id,hg_code,sequence,_source_id,_source_connection,_batch_id,_loaded_at
180,3,,3314,0,180,2335,2335,Phòng HCNS,180/,"{""en_US"": ""Phòng HCNS"", ""vi_VN"": ""Phòng HCNS""}",,t,2026-01-23 01:49:04.070182,2026-01-23 01:49:04.070182,,,,,,,10,hr_department,odoo_pg,hr_department_20260822_051409,2026-08-22 05:14:10.113198
181,2,,,,181,2318,2318,thể,181/,"{""en_US"": ""thể"", ""vi_VN"": ""thể""}",,t,2026-03-17 07:00:02.679598,2026-03-17 07:00:02.679598,,,,,,,10,hr_department,odoo_pg,hr_department_20260822_051409,2026-08-22 05:14:10.113198
52,2,39,,,35,6,2318,Red One Media / Phòng MKT3 / Team MKT Thể,35/39/52/,"{""en_US"": ""Team SEO Youtube anh Thể"", ""vi_VN"": ""Team MKT Thể""}",,t,2025-08-18 17:25:19.573697,2025-12-24 07:04:22.195827,,,,,,,10,hr_department,odoo_pg,hr_department_20260822_051409,2026-08-22 05:14:10.113198
55,2,41,,,35,6,2318,Red One Media / Phòng MKT Tuấn TP / Team MKT Tuyên,35/41/55/,"{""en_US"": ""Team SEO Youtube anh Tuyên"", ""vi_VN"": ""Team MKT Tuyên""}",,t,2025-08-18 17:25:19.573697,2025-12-24 07:04:36.328866,,,,,,,10,hr_department,odoo_pg,hr_department_20260822_051409,2026-08-22 05:14:10.113198
39,2,35,,,35,6,2318,Red One Media / Phòng MKT3,35/39/,"{""en_US"": ""Phòng SEO Youtube anh Luân"", ""vi_VN"": ""Phòng MKT3""}",,t,2025-08-18 17:25:19.573697,2025-12-24 06:59:05.443718,,,,,,,10,hr_department,odoo_pg,hr_department_20260822_051409,2026-08-22 05:14:10.113198
179,1,,,0,179,2318,2318,HG Media,179/,"{""en_US"": ""HG Media"", ""vi_VN"": ""HG Media""}",,t,2025-12-24 07:32:54.441106,2025-12-24 07:32:54.441106,,,,,,,10,hr_department,odoo_pg,hr_department_20260822_051409,2026-08-22 05:14:10.113198
29,10,,,0,29,6,59,BD,29/,"{""en_US"": ""BD"", ""vi_VN"": ""BD""}",,t,2025-08-17 15:28:25.454909,2025-12-25 09:48:24.166659,,541,542,543,544,T,10,hr_department,odoo_pg,hr_department_20260822_051409,2026-08-22 05:14:10.113198
31,,29,,0,29,6,6,BD / Thu Mua Nhạc,29/31/,"{""en_US"": ""Thu Mua Nhạc"", ""vi_VN"": ""Thu Mua Nhạc""}",,t,2025-08-17 15:29:06.214105,2025-08-18 09:58:39.537803,,,,,,,10,hr_department,odoo_pg,hr_department_20260822_051409,2026-08-22 05:14:10.113198
26,,21,,0,20,6,6,Sản Xuất Nhạc / Sản Xuất Nhạc HN / Trợ lý trưởng phòng HN,20/21/26/,"{""en_US"": ""Trợ lý trưởng phòng HN"", ""vi_VN"": ""Trợ lý trưởng phòng HN""}",,t,2025-08-17 12:10:42.878851,2025-08-18 09:58:39.537803,,,,,,,10,hr_department,odoo_pg,hr_department_20260822_051409,2026-08-22 05:14:10.113198
28,,22,,0,20,6,6,Sản Xuất Nhạc / Sản Xuất Nhạc SG / Trợ lý trưởng phòng SG,20/22/28/,"{""en_US"": ""Trợ lý trưởng phòng SG"", ""vi_VN"": ""Trợ lý trưởng phòng SG""}",,t,2025-08-17 12:10:58.254163,2025-08-18 09:58:39.537803,,,,,,,10,hr_department,odoo_pg,hr_department_20260822_051409,2026-08-22 05:14:10.113198
36,2,35,,,35,6,2318,Red One Media / Phòng hỗ trợ Red One,35/36/,"{""en_US"": ""Phòng hỗ trợ"", ""vi_VN"": ""Phòng hỗ trợ Red One""}",,t,2025-08-18 17:25:19.573697,2025-12-24 06:59:24.122131,,,,,,,10,hr_department,odoo_pg,hr_department_20260822_051409,2026-08-22 05:14:10.113198
30,,29,,0,29,6,59,BD / Thu Mua Footage,29/30/,"{""en_US"": ""Thu Mua Footage"", ""vi_VN"": ""Thu Mua Footage""}",,t,2025-08-17 15:28:52.043447,2026-01-06 04:40:35.778089,,527,528,529,530,BD,10,hr_department,odoo_pg,hr_department_20260822_051409,2026-08-22 05:14:10.113198
34,,,,0,34,6,6,Vận hành Youtube,34/,"{""en_US"": ""Vận hành Youtube"", ""vi_VN"": ""Vận hành Youtube""}",,t,2025-08-18 16:42:01.543873,2025-08-18 16:47:57.449813,,,,,,,10,hr_department,odoo_pg,hr_department_20260822_051409,2026-08-22 05:14:10.113198
35,2,,,,35,6,2318,Red One Media,35/,"{""en_US"": ""Marketing 1"", ""vi_VN"": ""Red One Media""}",,t,2025-08-18 17:25:19.573697,2025-12-24 06:59:53.805406,,,,,,,10,hr_department,odoo_pg,hr_department_20260822_051409,2026-08-22 05:14:10.113198
138,7,,,0,138,6,2318,Marketing Label,138/,"{""en_US"": ""M"", ""vi_VN"": ""Marketing Label""}",,t,2025-08-23 08:35:54.973842,2025-12-24 06:56:36.532899,,,,,,,10,hr_department,odoo_pg,hr_department_20260822_051409,2026-08-22 05:14:10.113198
98,,,,,98,6,4581,Vibe,98/,"{""en_US"": ""Marketing 3"", ""vi_VN"": ""Vibe""}",,t,2025-08-18 17:48:22.947069,2025-11-12 01:45:16.603173,,,,,,,10,hr_department,odoo_pg,hr_department_20260822_051409,2026-08-22 05:14:10.113198
24,,21,,0,20,6,6,Sản Xuất Nhạc / Sản Xuất Nhạc HN / A&R HN,20/21/24/,"{""en_US"": ""A&R HN"", ""vi_VN"": ""A&R HN""}",,t,2025-08-17 12:10:14.937379,2025-09-21 16:38:08.311628,,,,,,,10,hr_department,odoo_pg,hr_department_20260822_051409,2026-08-22 05:14:10.113198
50,2,40,,,35,6,2318,Red One Media / Phòng MKT2 / Team MKT Quang,35/40/50/,"{""en_US"": ""Team SEO Youtube anh Quang"", ""vi_VN"": ""Team MKT Quang""}",,t,2025-08-18 17:25:19.573697,2025-12-24 07:04:03.242973,,,,,,,10,hr_department,odoo_pg,hr_department_20260822_051409,2026-08-22 05:14:10.113198
46,,37,,,35,6,2318,Red One Media / Phòng Sáng tạo / Team Motion,35/37/46/,"{""en_US"": ""Team Motion"", ""vi_VN"": ""Team Motion""}",,t,2025-08-18 17:25:19.573697,2025-12-24 06:57:00.933549,,,,,,,10,hr_department,odoo_pg,hr_department_20260822_051409,2026-08-22 05:14:10.113198
48,2,38,,,35,6,2318,Red One Media / Phòng MKT1 / Team MKT Hoài Nam,35/38/48/,"{""en_US"": ""Team SEO Youtube anh Nam"", ""vi_VN"": ""Team MKT Hoài Nam""}",,t,2025-08-18 17:25:19.573697,2025-12-24 07:03:27.535171,,,,,,,10,hr_department,odoo_pg,hr_department_20260822_051409,2026-08-22 05:14:10.113198
27,,22,,0,20,6,6,Sản Xuất Nhạc / Sản Xuất Nhạc SG / A&R SG,20/22/27/,"{""en_US"": ""A&R SG"", ""vi_VN"": ""A&R SG""}",,t,2025-08-17 12:10:52.90576,2025-09-21 16:38:08.311628,,,,,,,10,hr_department,odoo_pg,hr_department_20260822_051409,2026-08-22 05:14:10.113198
144,,,,0,144,6,4581,Hành chính nhân sự,144/,"{""en_US"": ""Hành chính nhân sự"", ""vi_VN"": ""Hành chính nhân sự""}",,f,2025-09-01 16:01:18.770112,2025-11-26 03:42:53.366123,,,,,,,10,hr_department,odoo_pg,hr_department_20260822_051409,2026-08-22 05:14:10.113198
33,,,,0,33,6,4581,Kế toán,33/,"{""en_US"": ""Kế toán"", ""vi_VN"": ""Kế toán""}",,f,2025-08-18 09:50:51.413941,2025-11-26 03:43:10.866305,,,,,,,10,hr_department,odoo_pg,hr_department_20260822_051409,2026-08-22 05:14:10.113198
51,2,40,,,35,6,2318,Red One Media / Phòng MKT2 / Team MKT Hải Nam,35/40/51/,"{""en_US"": ""Team SEO Youtube anh Nam"", ""vi_VN"": ""Team MKT Hải Nam""}",,t,2025-08-18 17:25:19.573697,2025-12-24 07:03:41.025723,,,,,,,10,hr_department,odoo_pg,hr_department_20260822_051409,2026-08-22 05:14:10.113198
37,2,35,,,35,6,2318,Red One Media / Phòng Sáng tạo,35/37/,"{""en_US"": ""Phòng design"", ""vi_VN"": ""Phòng Sáng tạo""}",,t,2025-08-18 17:25:19.573697,2025-12-24 06:57:00.933549,,,,,,,10,hr_department,odoo_pg,hr_department_20260822_051409,2026-08-22 05:14:10.113198
99,,,,,99,6,6,HG La Giang,99/,"{""en_US"": ""HG La Giang"", ""vi_VN"": ""HG La Giang""}",,t,2025-08-18 17:48:22.947069,2025-09-21 16:38:08.311628,,,,,,,10,hr_department,odoo_pg,hr_department_20260822_051409,2026-08-22 05:14:10.113198
101,,129,,,99,6,6,HG La Giang / Phòng hỗ trợ / Team trợ lý,99/129/101/,"{""en_US"": ""Team trợ lý"", ""vi_VN"": ""Team trợ lý""}",,t,2025-08-18 17:48:22.947069,2025-08-18 18:18:20.785837,,,,,,,10,hr_department,odoo_pg,hr_department_20260822_051409,2026-08-22 05:14:10.113198
49,2,38,,,35,6,2318,Red One Media / Phòng MKT1 / Team MKT Kinh,35/38/49/,"{""en_US"": ""Team SEO Youtube anh Kinh"", ""vi_VN"": ""Team MKT Kinh""}",,t,2025-08-18 17:25:19.573697,2025-12-24 07:03:47.102264,,,,,,,10,hr_department,odoo_pg,hr_department_20260822_051409,2026-08-22 05:14:10.113198
178,3,97,172,0,97,2318,2318,An Tuệ / Phòng MKT Cơ sở 2,97/178/,"{""en_US"": ""Phòng MKT Cơ sở 2"", ""vi_VN"": ""Phòng MKT Cơ sở 2""}",,t,2025-11-28 08:47:16.716484,2025-11-28 08:53:16.775964,,,,,,,10,hr_department,odoo_pg,hr_department_20260822_051409,2026-08-22 05:14:10.113198
53,,39,,,35,6,2318,Red One Media / Phòng MKT3 / Team MKT Tuấn 2K,35/39/53/,"{""en_US"": ""Team SEO Youtube Tuấn 2K"", ""vi_VN"": ""Team MKT Tuấn 2K""}",,t,2025-08-18 17:25:19.573697,2025-12-24 04:27:44.881838,,,,,,,10,hr_department,odoo_pg,hr_department_20260822_051409,2026-08-22 05:14:10.113198
102,,118,,,98,6,2318,Vibe / Phòng hỗ trợ Vibe / Team R&D,98/118/102/,"{""en_US"": ""Team R&D"", ""vi_VN"": ""Team R&D""}",,t,2025-08-18 17:48:22.947069,2025-12-23 09:57:52.0932,,,,,,,10,hr_department,odoo_pg,hr_department_20260822_051409,2026-08-22 05:14:10.113198
103,,118,,,98,6,2318,Vibe / Phòng hỗ trợ Vibe / Team Thu mua,98/118/103/,"{""en_US"": ""Team Thu mua"", ""vi_VN"": ""Team Thu mua""}",,t,2025-08-18 17:48:22.947069,2025-12-23 09:57:52.0932,,,,,,,10,hr_department,odoo_pg,hr_department_20260822_051409,2026-08-22 05:14:10.113198
42,2,36,,,35,6,2318,Red One Media / Phòng hỗ trợ Red One / Team trợ lý,35/36/42/,"{""en_US"": ""Team trợ lý"", ""vi_VN"": ""Team trợ lý""}",,t,2025-08-18 17:25:19.573697,2025-12-24 06:52:38.718443,,,,,,,10,hr_department,odoo_pg,hr_department_20260822_051409,2026-08-22 05:14:10.113198
97,3,,,,97,6,2318,An Tuệ,97/,"{""en_US"": ""Marketing 2"", ""vi_VN"": ""An Tuệ""}",,t,2025-08-18 17:48:22.947069,2025-12-24 06:55:04.556489,,,,,,,10,hr_department,odoo_pg,hr_department_20260822_051409,2026-08-22 05:14:10.113198
38,2,35,,,35,6,2318,Red One Media / Phòng MKT1,35/38/,"{""en_US"": ""Phòng SEO Youtube anh Nam"", ""vi_VN"": ""Phòng MKT1""}",,t,2025-08-18 17:25:19.573697,2025-12-24 06:57:26.458831,,,,,,,10,hr_department,odoo_pg,hr_department_20260822_051409,2026-08-22 05:14:10.113198
32,,29,,0,29,6,6,BD / Network,29/32/,"{""en_US"": ""Network"", ""vi_VN"": ""Network""}",,t,2025-08-17 15:29:15.443314,2025-09-21 16:38:08.311628,,,,,,,10,hr_department,odoo_pg,hr_department_20260822_051409,2026-08-22 05:14:10.113198
139,,138,,0,138,6,6,Marketing Label / Vận hành Label,138/139/,"{""en_US"": ""Vận hành Label"", ""vi_VN"": ""Vận hành Label""}",,t,2025-08-23 08:36:46.128516,2025-08-23 08:36:46.128516,,,,,,,10,hr_department,odoo_pg,hr_department_20260822_051409,2026-08-22 05:14:10.113198
100,3,97,,4,97,6,2318,An Tuệ / Phòng Cung ứng,97/100/,"{""en_US"": ""Phòng hỗ trợ"", ""vi_VN"": ""Phòng Cung ứng""}",,t,2025-08-18 17:48:22.947069,2025-12-24 06:56:47.137587,,517,518,519,520,PB,10,hr_department,odoo_pg,hr_department_20260822_051409,2026-08-22 05:14:10.113198
40,2,35,,,35,6,2318,Red One Media / Phòng MKT2,35/40/,"{""en_US"": ""Phòng SEO Youtube anh Quang"", ""vi_VN"": ""Phòng MKT2""}",,t,2025-08-18 17:25:19.573697,2025-12-24 06:58:22.892463,,,,,,,10,hr_department,odoo_pg,hr_department_20260822_051409,2026-08-22 05:14:10.113198
106,3,97,,,97,6,2318,An Tuệ / Phòng Sáng tạo,97/106/,"{""en_US"": ""Phòng design"", ""vi_VN"": ""Phòng Sáng tạo""}",,t,2025-08-18 17:48:22.947069,2025-12-24 06:59:13.601072,,,,,,,10,hr_department,odoo_pg,hr_department_20260822_051409,2026-08-22 05:14:10.113198
111,3,97,,,97,6,2318,An Tuệ / Phòng MKT Trung,97/111/,"{""en_US"": ""Phòng MKT Trung"", ""vi_VN"": ""Phòng MKT Trung""}",,t,2025-08-18 17:48:22.947069,2025-12-24 07:01:07.246941,,,,,,,10,hr_department,odoo_pg,hr_department_20260822_051409,2026-08-22 05:14:10.113198
41,2,35,,,35,6,2318,Red One Media / Phòng MKT Tuấn TP,35/41/,"{""en_US"": ""Phòng SEO Youtube anh Tuấn"", ""vi_VN"": ""Phòng MKT Tuấn TP""}",,t,2025-08-18 17:25:19.573697,2025-12-24 07:01:18.016186,,,,,,,10,hr_department,odoo_pg,hr_department_20260822_051409,2026-08-22 05:14:10.113198
113,3,97,,,97,6,2318,An Tuệ / Phòng MKT Quân,97/113/,"{""en_US"": ""Phòng MKT Quân"", ""vi_VN"": ""Phòng MKT Quân""}",,t,2025-08-18 17:48:22.947069,2025-12-24 07:01:35.636385,,,,,,,10,hr_department,odoo_pg,hr_department_20260822_051409,2026-08-22 05:14:10.113198
56,2,41,,,35,6,2318,Red One Media / Phòng MKT Tuấn TP / Team MKT Duy,35/41/56/,"{""en_US"": ""Team SEO Youtube anh Duy"", ""vi_VN"": ""Team MKT Duy""}",,t,2025-08-18 17:25:19.573697,2025-12-24 07:03:35.385456,,,,,,,10,hr_department,odoo_pg,hr_department_20260822_051409,2026-08-22 05:14:10.113198
54,2,39,,,35,6,2318,Red One Media / Phòng MKT3 / Team MKT Luân,35/39/54/,"{""en_US"": ""Team SEO Youtube anh Luân"", ""vi_VN"": ""Team MKT Luân""}",,t,2025-08-18 17:25:19.573697,2025-12-24 07:03:57.608604,,,,,,,10,hr_department,odoo_pg,hr_department_20260822_051409,2026-08-22 05:14:10.113198
140,,138,,0,138,6,6,Marketing Label / Performance,138/140/,"{""en_US"": ""Performance"", ""vi_VN"": ""Performance""}",,t,2025-08-23 08:37:00.254235,2025-09-21 16:38:08.311628,,,,,,,10,hr_department,odoo_pg,hr_department_20260822_051409,2026-08-22 05:14:10.113198
1,,,,,1,1,6,Administration,1/,"{""en_US"": ""Administration"", ""vi_VN"": ""Quản trị""}",,t,2025-08-04 03:23:04.316029,2025-09-21 16:38:08.311628,,,,,,,10,hr_department,odoo_pg,hr_department_20260822_051409,2026-08-22 05:14:10.113198
109,3,106,,,97,6,2318,An Tuệ / Phòng Sáng tạo / Team Design,97/106/109/,"{""en_US"": ""Team Design"", ""vi_VN"": ""Team Design""}",,t,2025-08-18 17:48:22.947069,2025-12-24 07:02:49.984928,,,,,,,10,hr_department,odoo_pg,hr_department_20260822_051409,2026-08-22 05:14:10.113198
22,8,20,,0,20,6,2318,Sản Xuất Nhạc / Sản Xuất Nhạc SG,20/22/,"{""en_US"": ""Sản Xuất Nhạc SG"", ""vi_VN"": ""Sản Xuất Nhạc SG""}",,t,2025-08-17 12:09:45.072234,2025-12-24 07:05:44.940613,,,,,,,10,hr_department,odoo_pg,hr_department_20260822_051409,2026-08-22 05:14:10.113198
117,4,98,,,98,6,2318,Vibe / Phòng MKT Thi,98/117/,"{""en_US"": ""Phòng MKT Thi"", ""vi_VN"": ""Phòng MKT Thi""}",,t,2025-08-18 17:48:22.947069,2025-12-24 07:01:26.807756,,,,,,,10,hr_department,odoo_pg,hr_department_20260822_051409,2026-08-22 05:14:10.113198
137,3,100,,0,97,6,6,An Tuệ / Phòng Cung ứng / Team sản xuất,97/100/137/,"{""en_US"": ""Team sản xuất"", ""vi_VN"": ""Team sản xuất""}",,t,2025-08-18 18:05:02.106427,2025-11-26 08:43:10.692509,,,,,,,10,hr_department,odoo_pg,hr_department_20260822_051409,2026-08-22 05:14:10.113198
121,,100,,,97,6,155,An Tuệ / Phòng Cung ứng / Team Thu mua,97/100/121/,"{""en_US"": ""Team Thu mua"", ""vi_VN"": ""Team Thu mua""}",,t,2025-08-18 17:48:22.947069,2025-12-16 08:00:58.203369,,521,522,523,524,PB,10,hr_department,odoo_pg,hr_department_20260822_051409,2026-08-22 05:14:10.113198
21,8,20,,0,20,6,2318,Sản Xuất Nhạc / Sản Xuất Nhạc HN,20/21/,"{""en_US"": ""Sản Xuất Nhạc HN"", ""vi_VN"": ""Sản Xuất Nhạc HN""}",,t,2025-08-17 12:09:35.502296,2025-12-24 07:05:54.848769,,,,,,,10,hr_department,odoo_pg,hr_department_20260822_051409,2026-08-22 05:14:10.113198
129,6,99,,,99,6,2318,HG La Giang / Phòng hỗ trợ,99/129/,"{""en_US"": ""Phòng hỗ trợ"", ""vi_VN"": ""Phòng hỗ trợ""}",,t,2025-08-18 17:48:22.947069,2025-12-24 07:01:46.381152,,,,,,,10,hr_department,odoo_pg,hr_department_20260822_051409,2026-08-22 05:14:10.113198
43,2,37,,,35,6,2318,Red One Media / Phòng Sáng tạo / Team 2D,35/37/43/,"{""en_US"": ""Team 2D"", ""vi_VN"": ""Team 2D""}",,t,2025-08-18 17:25:19.573697,2025-12-24 07:02:00.328912,,,,,,,10,hr_department,odoo_pg,hr_department_20260822_051409,2026-08-22 05:14:10.113198
107,3,106,,,97,6,2318,An Tuệ / Phòng Sáng tạo / Team 2D Artist,97/106/107/,"{""en_US"": ""Team 2D Artist"", ""vi_VN"": ""Team 2D Artist""}",,t,2025-08-18 17:48:22.947069,2025-12-24 07:02:07.255499,,,,,,,10,hr_department,odoo_pg,hr_department_20260822_051409,2026-08-22 05:14:10.113198
127,4,124,,,98,6,2318,Vibe / Phòng Design Vibe / Team Design,98/124/127/,"{""en_US"": ""Team Design"", ""vi_VN"": ""Team Design""}",,t,2025-08-18 17:48:22.947069,2025-12-24 07:02:55.81733,,,,,,,10,hr_department,odoo_pg,hr_department_20260822_051409,2026-08-22 05:14:10.113198
128,4,124,,,98,6,2318,Vibe / Phòng Design Vibe / Team Edit,98/124/128/,"{""en_US"": ""Team Edit"", ""vi_VN"": ""Team Edit""}",,t,2025-08-18 17:48:22.947069,2025-12-24 07:03:03.644488,,,,,,,10,hr_department,odoo_pg,hr_department_20260822_051409,2026-08-22 05:14:10.113198
110,3,106,,,97,6,2318,An Tuệ / Phòng Sáng tạo / Team Edit,97/106/110/,"{""en_US"": ""Team Edit"", ""vi_VN"": ""Team Edit""}",,t,2025-08-18 17:48:22.947069,2025-12-24 07:03:11.144355,,,,,,,10,hr_department,odoo_pg,hr_department_20260822_051409,2026-08-22 05:14:10.113198
165,8,,,,165,6,2318,Inhouse Producer,165/,"{""en_US"": ""Inhouse Producer"", ""vi_VN"": ""Inhouse Producer""}",,t,2025-09-10 16:11:39.282993,2025-12-24 06:56:30.142039,,,,,,,10,hr_department,odoo_pg,hr_department_20260822_051409,2026-08-22 05:14:10.113198
135,,99,,,99,6,2318,HG La Giang / Phòng design La Giang,99/135/,"{""en_US"": ""Phòng design"", ""vi_VN"": ""Phòng design La Giang""}",,t,2025-08-18 17:48:22.947069,2025-10-21 04:00:47.901653,,,,,,,10,hr_department,odoo_pg,hr_department_20260822_051409,2026-08-22 05:14:10.113198
163,1,179,,,179,6,2318,HG Media / Hành Chính Nhân Sự,179/163/,"{""en_US"": ""Human Resources & Administration Department"", ""vi_VN"": ""Hành Chính Nhân Sự""}",,t,2025-09-10 16:11:39.282993,2025-12-24 07:33:06.479588,40d46663-b48e-474e-b2a3-2aad73d56ba9,,,,,,10,hr_department,odoo_pg,hr_department_20260822_051409,2026-08-22 05:14:10.113198
164,1,179,,,179,6,2318,HG Media / IT,179/164/,"{""en_US"": ""Information Technology Department"", ""vi_VN"": ""IT""}",,t,2025-09-10 16:11:39.282993,2025-12-24 07:33:22.365627,,,,,,,10,hr_department,odoo_pg,hr_department_20260822_051409,2026-08-22 05:14:10.113198
156,1,179,,,179,6,2318,HG Media / Team Trợ Lý,179/156/,"{""en_US"": ""Assistant Department"", ""vi_VN"": ""Team Trợ Lý""}",,t,2025-09-10 16:11:39.282993,2025-12-24 07:33:57.054461,,,,,,,10,hr_department,odoo_pg,hr_department_20260822_051409,2026-08-22 05:14:10.113198
155,1,179,,,179,6,2318,HG Media / Kế Toán,179/155/,"{""en_US"": ""Accounting Department"", ""vi_VN"": ""Kế Toán""}",,t,2025-09-10 16:11:39.282993,2025-12-24 07:34:27.897356,,,,,,,10,hr_department,odoo_pg,hr_department_20260822_051409,2026-08-22 05:14:10.113198
162,14,,,,162,6,2318,Forest Music,162/,"{""en_US"": ""Forest Music"", ""vi_VN"": ""Forest Music""}",,t,2025-09-10 16:11:39.282993,2025-12-24 07:37:04.169506,,,,,,,10,hr_department,odoo_pg,hr_department_20260822_051409,2026-08-22 05:14:10.113198
170,,,,,170,6,6,Tiktok,170/,"{""en_US"": ""Tiktok"", ""vi_VN"": ""Tiktok""}",,t,2025-09-10 16:11:39.282993,2025-09-10 16:11:39.282993,,,,,,,10,hr_department,odoo_pg,hr_department_20260822_051409,2026-08-22 05:14:10.113198
171,,,,,171,6,6,Training Department,171/,"{""en_US"": ""Training Department"", ""vi_VN"": ""Training Department""}",,t,2025-09-10 16:11:39.282993,2025-09-10 16:11:39.282993,,,,,,,10,hr_department,odoo_pg,hr_department_20260822_051409,2026-08-22 05:14:10.113198
175,,,,,175,6,6,Youtube - Marketing 4,175/,"{""en_US"": ""Youtube - Marketing 4"", ""vi_VN"": ""Youtube - Marketing 4""}",,t,2025-09-10 16:11:39.282993,2025-09-10 16:11:39.282993,,,,,,,10,hr_department,odoo_pg,hr_department_20260822_051409,2026-08-22 05:14:10.113198
160,,,,,160,6,6,Creative Studio,160/,"{""en_US"": ""Creative Studio"", ""vi_VN"": ""Creative Studio""}",,t,2025-09-10 16:11:39.282993,2025-09-21 16:38:08.311628,,,,,,,10,hr_department,odoo_pg,hr_department_20260822_051409,2026-08-22 05:14:10.113198
161,,,,,161,6,6,External Relations Department,161/,"{""en_US"": ""External Relations Department"", ""vi_VN"": ""External Relations Department""}",,t,2025-09-10 16:11:39.282993,2025-09-21 16:38:08.311628,,,,,,,10,hr_department,odoo_pg,hr_department_20260822_051409,2026-08-22 05:14:10.113198
168,,,,,168,6,6,Operation,168/,"{""en_US"": ""Operation"", ""vi_VN"": ""Operation""}",,t,2025-09-10 16:11:39.282993,2025-09-21 16:38:08.311628,,,,,,,10,hr_department,odoo_pg,hr_department_20260822_051409,2026-08-22 05:14:10.113198
169,,,,,169,6,6,Project Management,169/,"{""en_US"": ""Project Management"", ""vi_VN"": ""Project Management""}",,t,2025-09-10 16:11:39.282993,2025-09-21 16:38:08.311628,,,,,,,10,hr_department,odoo_pg,hr_department_20260822_051409,2026-08-22 05:14:10.113198
105,,129,,,99,6,6,HG La Giang / Phòng hỗ trợ / Team Hậu kỳ màu,99/129/105/,"{""en_US"": ""Team Hậu kỳ màu"", ""vi_VN"": ""Team Hậu kỳ màu""}",,t,2025-08-18 17:48:22.947069,2025-09-21 16:38:08.311628,,,,,,,10,hr_department,odoo_pg,hr_department_20260822_051409,2026-08-22 05:14:10.113198
114,3,113,,,97,6,2318,An Tuệ / Phòng MKT Quân / Team MKT Long,97/113/114/,"{""en_US"": ""Team MKT Long"", ""vi_VN"": ""Team MKT Long""}",,t,2025-08-18 17:48:22.947069,2025-12-24 07:04:09.977375,,,,,,,10,hr_department,odoo_pg,hr_department_20260822_051409,2026-08-22 05:14:10.113198
151,,,,,151,6,6,Editor,151/,"{""en_US"": ""Editor"", ""vi_VN"": ""Editor""}",,t,2025-09-10 14:08:17.216065,2025-09-21 16:38:08.311628,,,,,,,10,hr_department,odoo_pg,hr_department_20260822_051409,2026-08-22 05:14:10.113198
152,,,,,152,6,6,Sản xuất,152/,"{""en_US"": ""Sản xuất"", ""vi_VN"": ""Sản xuất""}",,t,2025-09-10 14:08:17.216065,2025-09-21 16:38:08.311628,,,,,,,10,hr_department,odoo_pg,hr_department_20260822_051409,2026-08-22 05:14:10.113198
153,,,,,153,6,6,Art,153/,"{""en_US"": ""Art"", ""vi_VN"": ""Art""}",,t,2025-09-10 14:08:17.216065,2025-09-21 16:38:08.311628,,,,,,,10,hr_department,odoo_pg,hr_department_20260822_051409,2026-08-22 05:14:10.113198
154,,,,,154,6,6,Concept Designer,154/,"{""en_US"": ""Concept Designer"", ""vi_VN"": ""Concept Designer""}",,t,2025-09-10 14:08:17.216065,2025-09-21 16:38:08.311628,,,,,,,10,hr_department,odoo_pg,hr_department_20260822_051409,2026-08-22 05:14:10.113198
150,,,,,150,6,6,Quay Phim,150/,"{""en_US"": ""Quay Phim"", ""vi_VN"": ""Quay Phim""}",,t,2025-09-10 14:08:17.216065,2025-09-21 16:38:08.311628,,,,,,,10,hr_department,odoo_pg,hr_department_20260822_051409,2026-08-22 05:14:10.113198
119,,118,,,98,6,2318,Vibe / Phòng hỗ trợ Vibe / Team trợ lý,98/118/119/,"{""en_US"": ""Team trợ lý"", ""vi_VN"": ""Team trợ lý""}",,t,2025-08-18 17:48:22.947069,2025-12-23 09:57:52.0932,,,,,,,10,hr_department,odoo_pg,hr_department_20260822_051409,2026-08-22 05:14:10.113198
45,2,37,,,35,6,2318,Red One Media / Phòng Sáng tạo / Team Editor,35/37/45/,"{""en_US"": ""Team Editor"", ""vi_VN"": ""Team Editor""}",,t,2025-08-18 17:25:19.573697,2025-12-24 07:03:17.337353,,,,,,,10,hr_department,odoo_pg,hr_department_20260822_051409,2026-08-22 05:14:10.113198
25,,21,,0,20,6,6,Sản Xuất Nhạc / Sản Xuất Nhạc HN / Producer In House,20/21/25/,"{""en_US"": ""Producer In House"", ""vi_VN"": ""Producer In House""}",,t,2025-08-17 12:10:25.235292,2025-09-21 16:38:08.311628,,,,,,,10,hr_department,odoo_pg,hr_department_20260822_051409,2026-08-22 05:14:10.113198
23,,21,,0,20,6,6,Sản Xuất Nhạc / Sản Xuất Nhạc HN / Quản lý sản xuất,20/21/23/,"{""en_US"": ""Quản lý sản xuất"", ""vi_VN"": ""Quản lý sản xuất""}",,t,2025-08-17 12:10:01.192555,2025-09-21 16:38:08.311628,,,,,,,10,hr_department,odoo_pg,hr_department_20260822_051409,2026-08-22 05:14:10.113198
20,,,,0,20,6,6,Sản Xuất Nhạc,20/,"{""en_US"": ""Sản Xuất Nhạc"", ""vi_VN"": ""Sản Xuất Nhạc""}",,t,2025-08-17 12:09:26.347866,2025-09-21 16:38:08.311628,,,,,,,10,hr_department,odoo_pg,hr_department_20260822_051409,2026-08-22 05:14:10.113198
124,4,98,,,98,6,2318,Vibe / Phòng Design Vibe,98/124/,"{""en_US"": ""Phòng design"", ""vi_VN"": ""Phòng Design Vibe""}",,t,2025-08-18 17:48:22.947069,2025-12-24 06:57:12.666733,,,,,,,10,hr_department,odoo_pg,hr_department_20260822_051409,2026-08-22 05:14:10.113198
118,4,98,,,98,6,2318,Vibe / Phòng hỗ trợ Vibe,98/118/,"{""en_US"": ""Phòng hỗ trợ"", ""vi_VN"": ""Phòng hỗ trợ Vibe""}",,t,2025-08-18 17:48:22.947069,2025-12-24 06:59:33.086564,,,,,,,10,hr_department,odoo_pg,hr_department_20260822_051409,2026-08-22 05:14:10.113198
126,3,106,,,97,6,2318,An Tuệ / Phòng Sáng tạo / Team 3D,97/106/126/,"{""en_US"": ""Team 3D"", ""vi_VN"": ""Team 3D""}",,t,2025-08-18 17:48:22.947069,2025-12-24 07:02:16.386822,,,,,,,10,hr_department,odoo_pg,hr_department_20260822_051409,2026-08-22 05:14:10.113198
125,4,124,,,98,6,2318,Vibe / Phòng Design Vibe / Team 2D Artist,98/124/125/,"{""en_US"": ""Team 2D Artist"", ""vi_VN"": ""Team 2D Artist""}",,t,2025-08-18 17:48:22.947069,2025-12-24 07:02:23.949831,,,,,,,10,hr_department,odoo_pg,hr_department_20260822_051409,2026-08-22 05:14:10.113198
130,,100,,,97,6,6,An Tuệ / Phòng Cung ứng / Team trợ lý,97/100/130/,"{""en_US"": ""Team trợ lý"", ""vi_VN"": ""Team trợ lý""}",,t,2025-08-18 17:48:22.947069,2025-11-26 08:43:10.692509,,,,,,,10,hr_department,odoo_pg,hr_department_20260822_051409,2026-08-22 05:14:10.113198
131,,100,,,97,6,6,An Tuệ / Phòng Cung ứng / Team R&D,97/100/131/,"{""en_US"": ""Team R&D"", ""vi_VN"": ""Team R&D""}",,t,2025-08-18 17:48:22.947069,2025-11-26 08:43:10.692509,,,,,,,10,hr_department,odoo_pg,hr_department_20260822_051409,2026-08-22 05:14:10.113198
108,4,124,,,98,6,2318,Vibe / Phòng Design Vibe / Team 3D,98/124/108/,"{""en_US"": ""Team 3D"", ""vi_VN"": ""Team 3D""}",,t,2025-08-18 17:48:22.947069,2025-12-24 07:02:30.404787,,,,,,,10,hr_department,odoo_pg,hr_department_20260822_051409,2026-08-22 05:14:10.113198
44,2,37,,,35,6,2318,Red One Media / Phòng Sáng tạo / Team 3D,35/37/44/,"{""en_US"": ""Team 3D"", ""vi_VN"": ""Team 3D""}",,t,2025-08-18 17:25:19.573697,2025-12-24 07:02:37.264829,,,,,,,10,hr_department,odoo_pg,hr_department_20260822_051409,2026-08-22 05:14:10.113198
47,2,37,,,35,6,2318,Red One Media / Phòng Sáng tạo / Team AI,35/37/47/,"{""en_US"": ""Team AI"", ""vi_VN"": ""Team AI""}",,t,2025-08-18 17:25:19.573697,2025-12-24 07:02:44.671649,,,,,,,10,hr_department,odoo_pg,hr_department_20260822_051409,2026-08-22 05:14:10.113198
120,,129,,,99,6,6,HG La Giang / Phòng hỗ trợ / Team R&D,99/129/120/,"{""en_US"": ""Team R&D"", ""vi_VN"": ""Team R&D""}",,t,2025-08-18 17:48:22.947069,2025-08-18 18:17:49.483728,,,,,,,10,hr_department,odoo_pg,hr_department_20260822_051409,2026-08-22 05:14:10.113198
132,,129,,,99,6,6,HG La Giang / Phòng hỗ trợ / Team Thu mua,99/129/132/,"{""en_US"": ""Team Thu mua"", ""vi_VN"": ""Team Thu mua""}",,t,2025-08-18 17:48:22.947069,2025-08-18 18:18:03.846724,,,,,,,10,hr_department,odoo_pg,hr_department_20260822_051409,2026-08-22 05:14:10.113198
136,,99,,,99,6,2318,HG La Giang / Phòng MKT HG La Giang,99/136/,"{""en_US"": ""Phòng MKT"", ""vi_VN"": ""Phòng MKT HG La Giang""}",,t,2025-08-18 17:48:22.947069,2025-12-24 04:16:45.993582,,,,,,,10,hr_department,odoo_pg,hr_department_20260822_051409,2026-08-22 05:14:10.113198
157,1,,,,157,6,2318,Board of Directors,157/,"{""en_US"": ""Board of Directors"", ""vi_VN"": ""Board of Directors""}",,t,2025-09-10 16:11:39.282993,2025-12-24 06:55:29.974488,,,,,,,10,hr_department,odoo_pg,hr_department_20260822_051409,2026-08-22 05:14:10.113198
143,7,138,,0,138,6,2318,Marketing Label / Content Marketing,138/143/,"{""en_US"": ""Content Marketing"", ""vi_VN"": ""Content Marketing""}",,t,2025-08-23 08:37:42.557048,2025-12-24 06:55:44.940497,,,,,,,10,hr_department,odoo_pg,hr_department_20260822_051409,2026-08-22 05:14:10.113198
141,,138,,0,138,6,6,Marketing Label / Design,138/141/,"{""en_US"": ""Design"", ""vi_VN"": ""Design""}",,t,2025-08-23 08:37:14.099756,2025-09-21 16:38:08.311628,,,,,,,10,hr_department,odoo_pg,hr_department_20260822_051409,2026-08-22 05:14:10.113198
142,,138,,0,138,6,6,Marketing Label / Social Marketing,138/142/,"{""en_US"": ""Social Marketing"", ""vi_VN"": ""Social Marketing""}",,t,2025-08-23 08:37:26.274147,2025-09-21 16:38:08.311628,,,,,,,10,hr_department,odoo_pg,hr_department_20260822_051409,2026-08-22 05:14:10.113198
134,,100,,,97,6,6,An Tuệ / Phòng Cung ứng / Team Hậu kỳ màu,97/100/134/,"{""en_US"": ""Team Hậu kỳ màu"", ""vi_VN"": ""Team Hậu kỳ màu""}",,t,2025-08-18 17:48:22.947069,2025-11-26 08:43:10.692509,,,,,,,10,hr_department,odoo_pg,hr_department_20260822_051409,2026-08-22 05:14:10.113198
115,3,113,,,97,6,2318,An Tuệ / Phòng MKT Quân / Team MKT Thảo,97/113/115/,"{""en_US"": ""Team MKT Thảo"", ""vi_VN"": ""Team MKT Thảo""}",,t,2025-08-18 17:48:22.947069,2025-12-24 07:04:16.274117,,,,,,,10,hr_department,odoo_pg,hr_department_20260822_051409,2026-08-22 05:14:10.113198
112,3,111,,,97,6,2318,An Tuệ / Phòng MKT Trung / Team MKT Trung,97/111/112/,"{""en_US"": ""Team MKT Trung"", ""vi_VN"": ""Team MKT Trung""}",,t,2025-08-18 17:48:22.947069,2025-12-24 07:04:27.889917,,,,,,,10,hr_department,odoo_pg,hr_department_20260822_051409,2026-08-22 05:14:10.113198
123,,118,,,98,6,2318,Vibe / Phòng hỗ trợ Vibe / Team Hậu kỳ màu,98/118/123/,"{""en_US"": ""Team Hậu kỳ màu"", ""vi_VN"": ""Team Hậu kỳ màu""}",,t,2025-08-18 17:48:22.947069,2025-12-23 09:57:52.0932,,,,,,,10,hr_department,odoo_pg,hr_department_20260822_051409,2026-08-22 05:14:10.113198
116,3,113,,,97,6,2318,An Tuệ / Phòng MKT Quân / Team MKT Quân,97/113/116/,"{""en_US"": ""Team MKT Quân"", ""vi_VN"": ""Team MKT Quân""}",,t,2025-08-18 17:48:22.947069,2025-12-24 07:04:43.873645,,,,,,,10,hr_department,odoo_pg,hr_department_20260822_051409,2026-08-22 05:14:10.113198
133,3,100,,,97,6,2318,An Tuệ / Phòng Cung ứng / Team Hậu kỳ âm thanh,97/100/133/,"{""en_US"": ""Team Hậu kỳ âm thanh"", ""vi_VN"": ""Team Hậu kỳ âm thanh""}",,t,2025-08-18 17:48:22.947069,2025-12-24 07:04:53.972808,,,,,,,10,hr_department,odoo_pg,hr_department_20260822_051409,2026-08-22 05:14:10.113198
122,4,118,,,98,6,2318,Vibe / Phòng hỗ trợ Vibe / Team Hậu kỳ âm thanh,98/118/122/,"{""en_US"": ""Team Hậu kỳ âm thanh"", ""vi_VN"": ""Team Hậu kỳ âm thanh""}",,t,2025-08-18 17:48:22.947069,2025-12-24 07:05:00.303941,,,,,,,10,hr_department,odoo_pg,hr_department_20260822_051409,2026-08-22 05:14:10.113198
104,6,129,,,99,6,2318,HG La Giang / Phòng hỗ trợ / Team Hậu kỳ âm thanh,99/129/104/,"{""en_US"": ""Team Hậu kỳ âm thanh"", ""vi_VN"": ""Team Hậu kỳ âm thanh""}",,t,2025-08-18 17:48:22.947069,2025-12-24 07:05:08.401653,,,,,,,10,hr_department,odoo_pg,hr_department_20260822_051409,2026-08-22 05:14:10.113198
182,2,,,,182,2318,2318,hải nam,182/,"{""en_US"": ""hải nam"", ""vi_VN"": ""hải nam""}",,t,2026-05-29 04:01:06.919024,2026-05-29 04:01:06.919024,,,,,,,10,hr_department,odoo_pg,hr_department_20260822_051409,2026-08-22 05:14:10.113198
