Id,Name,AreaId,CountryId,CreatedByUserId,UpdatedByUserId,IsDeleted,DeletedTimeUtc,DeletedByUserId,CompanyId,CreatedTimeUtc,UpdatedTimeUtc,CmsId,Code,Prefix,Sequence,_source_id,_source_connection,_batch_id,_loaded_at
00c2fdbb-a5c6-42ac-8d50-4b7ff84166f0,KNIGHT TV,,,86e0f3f2-3c06-4902-bfea-2360bfe41b9a,,f,,,448025a0-0ff7-4ed0-a917-399a73decef2,2025-07-02 20:01:01.748672-07,,,NET-KNI-1,NET-KNI-,1,network,channel_network,network_20260823_075711,2026-08-23 07:57:42.153778
010be041-dca9-4a2b-9fe5-c4210993c862,[Merlin] Cash Gold Records,BFAB679C-A663-468D-8A41-0C2153489A54,ED82D03E-6CF3-4A3C-BEBD-E6BDAB4AB183,86495fa0-1613-4cd4-a566-52bd123cf0df,,f,,,448025a0-0ff7-4ed0-a917-399a73decef2,2025-07-29 21:06:29.591944-07,,,NET-MCGR-1,NET-MCGR-,1,network,channel_network,network_20260823_075711,2026-08-23 07:57:42.153778
0113e676-1b95-48eb-8ced-54ad9a7a3f3c,SILENT ROAR MEDIA,,,86e0f3f2-3c06-4902-bfea-2360bfe41b9a,,f,,,448025a0-0ff7-4ed0-a917-399a73decef2,2025-07-02 18:49:51.990909-07,,,NET-SIL-1,NET-SIL-,1,network,channel_network,network_20260823_075711,2026-08-23 07:57:42.153778
0284a962-7a26-4092-952c-9a103f974042,GA,,,a49192c4-8bb3-4976-a588-82de978a882e,,f,,,36310203-8005-41dc-b51e-a8dc52960496,2026-05-31 20:48:29.908775-07,,,NET-GA,GA,0,network,channel_network,network_20260823_075711,2026-08-23 07:57:42.153778
035bdcfd-2b1a-40b3-9e78-56dbd7d6575a,PT BKB MEDIA,,,86e0f3f2-3c06-4902-bfea-2360bfe41b9a,,f,,,448025a0-0ff7-4ed0-a917-399a73decef2,2025-07-02 20:23:20.719057-07,,,NET-PTB-1,NET-PTB-,1,network,channel_network,network_20260823_075711,2026-08-23 07:57:42.153778
03acfcbc-952e-4941-97fa-f99b19f743aa,FLYINGNUNRECORDS,,,86e0f3f2-3c06-4902-bfea-2360bfe41b9a,,f,,,448025a0-0ff7-4ed0-a917-399a73decef2,2025-07-02 19:42:43.563881-07,,,NET-FLY-1,NET-FLY-,1,network,channel_network,network_20260823_075711,2026-08-23 07:57:42.153778
04338768-71dd-417f-ae49-9e272e2bb915,LA CUPULA MUSIC,6EDA34C3-25B8-43E3-97F2-4B7E02247DAC,3DE46E67-1F4E-43D6-BD84-28627627AA13,86e0f3f2-3c06-4902-bfea-2360bfe41b9a,,f,,,448025a0-0ff7-4ed0-a917-399a73decef2,2025-07-02 19:19:11.347138-07,,,NET-LAC-1,NET-LAC-,1,network,channel_network,network_20260823_075711,2026-08-23 07:57:42.153778
0466a2cb-0d20-4f8e-b999-d81da8b47109,ZOJAKWORLDWIDE,2CFD303E-230A-40C4-A8F3-C4BFBBDCD226,64E748BB-03A3-44AB-83A8-69CFD1C47C17,86e0f3f2-3c06-4902-bfea-2360bfe41b9a,,f,,,448025a0-0ff7-4ed0-a917-399a73decef2,2025-07-02 20:40:27.168395-07,,,NET-ZOJ-1,NET-ZOJ-,1,network,channel_network,network_20260823_075711,2026-08-23 07:57:42.153778
055cc71a-4644-4f2c-a89b-7c63d746598e,PEPPER MEDIA,,,86e0f3f2-3c06-4902-bfea-2360bfe41b9a,,f,,,448025a0-0ff7-4ed0-a917-399a73decef2,2025-07-02 20:21:50.003269-07,,,NET-PEP-1,NET-PEP-,1,network,channel_network,network_20260823_075711,2026-08-23 07:57:42.153778
07fd7d10-9bc5-4dda-9060-49559ff8fbb5,Muse Network,,,43f06182-5eb3-4c65-a524-f723cf7ebfe9,43f06182-5eb3-4c65-a524-f723cf7ebfe9,f,,,36310203-8005-41dc-b51e-a8dc52960496,2025-12-24 22:46:23.710235-08,2025-12-24 22:51:47.310654-08,,NET-MNM,MNM,0,network,channel_network,network_20260823_075711,2026-08-23 07:57:42.153778
0b0cff25-c7d6-4d61-adb5-cf807afd13c6,Eastone Entertainment,,,43f06182-5eb3-4c65-a524-f723cf7ebfe9,,f,,,36310203-8005-41dc-b51e-a8dc52960496,2026-01-14 18:21:51.776436-08,,,NET-EAEN,EAEN,0,network,channel_network,network_20260823_075711,2026-08-23 07:57:42.153778
0be83267-9351-4cd5-b0de-ebd5969bfb11,BHD Business Group,2CFD303E-230A-40C4-A8F3-C4BFBBDCD226,7A469C59-54C1-4E27-9D4A-965CFBA55847,ed86db9a-4911-4264-bef0-4fdde9c14e85,,f,,,448025a0-0ff7-4ed0-a917-399a73decef2,2026-02-25 01:21:01.824515-08,,,NET-BBG,BBG,0,network,channel_network,network_20260823_075711,2026-08-23 07:57:42.153778
0cd06532-d098-47d4-ab5f-a5a850f42515,FAMOUS ID,,,86e0f3f2-3c06-4902-bfea-2360bfe41b9a,,f,,,448025a0-0ff7-4ed0-a917-399a73decef2,2025-07-02 19:41:51.664181-07,,,NET-FAM-1,NET-FAM-,1,network,channel_network,network_20260823_075711,2026-08-23 07:57:42.153778
0ce0c564-af83-4091-ab4b-22d1aebb38b1,Acromax Media GmbH,6EDA34C3-25B8-43E3-97F2-4B7E02247DAC,4AED9B7C-D55B-42C6-A2B9-8E0F3AB304BD,229dc6f0-0c2f-42cc-8d32-7c3397e96194,86495fa0-1613-4cd4-a566-52bd123cf0df,f,,,448025a0-0ff7-4ed0-a917-399a73decef2,2026-05-06 00:23:13.563459-07,2026-05-31 18:52:39.782977-07,,NET-AMG-1,AMG,0,network,channel_network,network_20260823_075711,2026-08-23 07:57:42.153778
0d8b4b3e-3f72-4f84-93ae-d4b8fd840ac9,Knight TV,,,3a6d8830-8ce1-4a58-9b7b-be4f3e50bde0,,t,,,448025a0-0ff7-4ed0-a917-399a73decef2,2025-11-20 17:56:11.571591-08,,,KNIGHT TV,KNIGHT TV,0,network,channel_network,network_20260823_075711,2026-08-23 07:57:42.153778
0dc0ad73-ae4f-46b4-ac72-237c5ec82fbd,BẢN QUYỀN SỐ,,,d54d395f-d027-40fb-a19c-723d01f6a380,,f,,,448025a0-0ff7-4ed0-a917-399a73decef2,2026-01-09 03:24:41.059282-08,,,NET-BQS,BQS,0,network,channel_network,network_20260823_075711,2026-08-23 07:57:42.153778
0e503954-6ada-4dfc-9fed-f65e4e5f257a,OHENEMEDIA,,,86e0f3f2-3c06-4902-bfea-2360bfe41b9a,,f,,,448025a0-0ff7-4ed0-a917-399a73decef2,2025-07-02 20:21:10.946294-07,,,NET-OHE-1,NET-OHE-,1,network,channel_network,network_20260823_075711,2026-08-23 07:57:42.153778
0f6bf5f5-5274-4756-852e-3fc1830cb293,SEEN,,,86495fa0-1613-4cd4-a566-52bd123cf0df,86495fa0-1613-4cd4-a566-52bd123cf0df,f,,,448025a0-0ff7-4ed0-a917-399a73decef2,2026-02-27 17:41:46.836405-08,2026-02-27 22:52:59.641607-08,,NET-SEE,SEE,0,network,channel_network,network_20260823_075711,2026-08-23 07:57:42.153778
104e2b81-4f64-4d93-86e8-66a7a9c41f5e,MCV,2CFD303E-230A-40C4-A8F3-C4BFBBDCD226,7A469C59-54C1-4E27-9D4A-965CFBA55847,86e0f3f2-3c06-4902-bfea-2360bfe41b9a,,f,,,448025a0-0ff7-4ed0-a917-399a73decef2,2025-07-02 20:04:52.319145-07,,,NET-MCV-1,NET-MCV-,1,network,channel_network,network_20260823_075711,2026-08-23 07:57:42.153778
10d00b68-3a8f-4b81-8919-8f1afe11a7b2,WMNNSL,,,86e0f3f2-3c06-4902-bfea-2360bfe41b9a,,f,,,448025a0-0ff7-4ed0-a917-399a73decef2,2025-07-02 20:39:14.133187-07,,,NET-WMN-1,NET-WMN-,1,network,channel_network,network_20260823_075711,2026-08-23 07:57:42.153778
13b3cb9f-4c96-4680-98b4-388b3007f171,DashGo,,,43f06182-5eb3-4c65-a524-f723cf7ebfe9,,t,2025-12-24 22:35:12.177158-08,43f06182-5eb3-4c65-a524-f723cf7ebfe9,36310203-8005-41dc-b51e-a8dc52960496,2025-12-24 18:51:16.418938-08,,,NET-DAS,DAS,0,network,channel_network,network_20260823_075711,2026-08-23 07:57:42.153778
13c45d54-76c2-4e89-837e-9ee80a8518d0,BONGO STUDIO,,,86e0f3f2-3c06-4902-bfea-2360bfe41b9a,,f,,,448025a0-0ff7-4ed0-a917-399a73decef2,2025-07-02 19:23:43.786574-07,,,NET-BON-1,NET-BON-,1,network,channel_network,network_20260823_075711,2026-08-23 07:57:42.153778
13fe3fae-0a0c-4114-bce9-e076b9b8950d,Acifin Network Affiliate,2CFD303E-230A-40C4-A8F3-C4BFBBDCD226,,229dc6f0-0c2f-42cc-8d32-7c3397e96194,,t,,,448025a0-0ff7-4ed0-a917-399a73decef2,2026-02-08 23:26:53.438466-08,,,NET-ANA,ANA,0,network,channel_network,network_20260823_075711,2026-08-23 07:57:42.153778
16dcacc3-be22-46d4-ac5d-92bd7313a35b,Izo (EMVN),2CFD303E-230A-40C4-A8F3-C4BFBBDCD226,,229dc6f0-0c2f-42cc-8d32-7c3397e96194,,t,,,448025a0-0ff7-4ed0-a917-399a73decef2,2026-02-08 23:26:01.184342-08,,,NET-IZEM,IZEM,0,network,channel_network,network_20260823_075711,2026-08-23 07:57:42.153778
172449e8-db06-428e-9187-b6556afcbb54,MCVCorp US,2CFD303E-230A-40C4-A8F3-C4BFBBDCD226,7A469C59-54C1-4E27-9D4A-965CFBA55847,3a6d8830-8ce1-4a58-9b7b-be4f3e50bde0,3a6d8830-8ce1-4a58-9b7b-be4f3e50bde0,t,,,448025a0-0ff7-4ed0-a917-399a73decef2,2025-11-20 17:55:51.890125-08,2025-11-25 19:11:54.069528-08,,MCV,MCV,0,network,channel_network,network_20260823_075711,2026-08-23 07:57:42.153778
1798a381-6403-46e7-9cde-d1121ab0b215,Tubrr,6EDA34C3-25B8-43E3-97F2-4B7E02247DAC,E984E286-3A3E-4ACC-ABB3-FF936E4D84B6,ed86db9a-4911-4264-bef0-4fdde9c14e85,,f,,,448025a0-0ff7-4ed0-a917-399a73decef2,2026-03-13 03:00:40.99852-07,,,NET-TUB,TUB,0,network,channel_network,network_20260823_075711,2026-08-23 07:57:42.153778
190cb148-59c6-4a3b-9bcf-388fca011027,MATTER,,,86495fa0-1613-4cd4-a566-52bd123cf0df,86495fa0-1613-4cd4-a566-52bd123cf0df,f,,,448025a0-0ff7-4ed0-a917-399a73decef2,2026-01-23 23:17:29.323281-08,2026-01-27 19:32:20.481977-08,,NET-MAT-1,RCS-,1,network,channel_network,network_20260823_075711,2026-08-23 07:57:42.153778
19db5eba-12ba-41db-be78-8d1dae07f72f,FREDERATOR ALLIED,,,86e0f3f2-3c06-4902-bfea-2360bfe41b9a,,f,,,448025a0-0ff7-4ed0-a917-399a73decef2,2025-07-02 19:50:17.206263-07,,,NET-FRE-1,NET-FRE-,1,network,channel_network,network_20260823_075711,2026-08-23 07:57:42.153778
1a6679cb-a7bf-4b21-9605-4e5ec8ae49be,THUMB MEDIA MUSIC,6EDA34C3-25B8-43E3-97F2-4B7E02247DAC,3DE46E67-1F4E-43D6-BD84-28627627AA13,86e0f3f2-3c06-4902-bfea-2360bfe41b9a,,f,,,448025a0-0ff7-4ed0-a917-399a73decef2,2025-07-02 20:35:51.926385-07,,,NET-THU-1,NET-THU-,1,network,channel_network,network_20260823_075711,2026-08-23 07:57:42.153778
1cf6ba2e-3e22-49e0-83a7-947729de94a1,RHEI MUSIC,,,43f06182-5eb3-4c65-a524-f723cf7ebfe9,,f,,,36310203-8005-41dc-b51e-a8dc52960496,2025-12-25 18:08:58.650878-08,,,NET-RHMU,RHMU,0,network,channel_network,network_20260823_075711,2026-08-23 07:57:42.153778
1e342c1c-bb3b-4836-b9a3-949f5a83f514,Unite.ad,3863BD72-5FD0-4760-AB3D-58C99BEBF1E1,8FBDC1E1-0CF7-4CEB-A5CA-3066538E6EED,229dc6f0-0c2f-42cc-8d32-7c3397e96194,86495fa0-1613-4cd4-a566-52bd123cf0df,f,,,448025a0-0ff7-4ed0-a917-399a73decef2,2026-01-27 18:13:07.647814-08,2026-03-05 20:44:39.559065-08,,NET-UNI,UNI,0,network,channel_network,network_20260823_075711,2026-08-23 07:57:42.153778
1e6c470e-3303-42dc-a568-198f76ef9a94,Syndicasia O&O,,,a49192c4-8bb3-4976-a588-82de978a882e,,f,,,36310203-8005-41dc-b51e-a8dc52960496,2026-05-18 18:10:23.175521-07,,,NET-SYO,SYO,0,network,channel_network,network_20260823_075711,2026-08-23 07:57:42.153778
1eb91473-0f42-454b-9fe6-a54ff18595e1,DashGo,,,43f06182-5eb3-4c65-a524-f723cf7ebfe9,,f,,,36310203-8005-41dc-b51e-a8dc52960496,2025-12-25 18:10:37.296019-08,,,NET-DAS,DAS,0,network,channel_network,network_20260823_075711,2026-08-23 07:57:42.153778
1f5ff3d2-9d53-412e-8096-efdcaa42a4a2,daredo GmbH,,,43f06182-5eb3-4c65-a524-f723cf7ebfe9,,f,,,36310203-8005-41dc-b51e-a8dc52960496,2025-12-25 18:09:52.586764-08,,,NET-DAGM,DAGM,0,network,channel_network,network_20260823_075711,2026-08-23 07:57:42.153778
212f0d25-b819-483a-b17f-61240547e5da,Zoomin,,,43f06182-5eb3-4c65-a524-f723cf7ebfe9,,f,,,36310203-8005-41dc-b51e-a8dc52960496,2025-12-25 18:31:33.132317-08,,,NET-ZOO,ZOO,0,network,channel_network,network_20260823_075711,2026-08-23 07:57:42.153778
2147c231-efce-4c79-bb05-f5a2f1abc611,DIGITAL MINDS MUSIC,,,86e0f3f2-3c06-4902-bfea-2360bfe41b9a,,f,,,448025a0-0ff7-4ed0-a917-399a73decef2,2025-07-02 19:18:18.699866-07,,,NET-DIG-1,NET-DIG-,1,network,channel_network,network_20260823_075711,2026-08-23 07:57:42.153778
21d35415-ac60-4c98-b29d-1d494d6d34f3,FANATIK FILM,,,86e0f3f2-3c06-4902-bfea-2360bfe41b9a,,f,,,448025a0-0ff7-4ed0-a917-399a73decef2,2025-07-02 19:42:14.028887-07,,,NET-FAN-1,NET-FAN-,1,network,channel_network,network_20260823_075711,2026-08-23 07:57:42.153778
23923d2b-2f44-43f1-92ae-2148f11867b9,321 Media,,,43f06182-5eb3-4c65-a524-f723cf7ebfe9,,f,,,36310203-8005-41dc-b51e-a8dc52960496,2025-12-25 18:10:14.671592-08,,,NET-32ME,32ME,0,network,channel_network,network_20260823_075711,2026-08-23 07:57:42.153778
26361a71-9650-466e-83b7-321dfd160e55,Anand Music,,,2cd51d46-fd75-4248-bcbe-1641ada95366,,f,,,448025a0-0ff7-4ed0-a917-399a73decef2,2026-07-12 19:55:10.442327-07,,,NET-ANMU,ANMU,0,network,channel_network,network_20260823_075711,2026-08-23 07:57:42.153778
29b01026-a79a-494a-ab8d-f1836e790a08,OHM Entertainment,,,a49192c4-8bb3-4976-a588-82de978a882e,,f,,,36310203-8005-41dc-b51e-a8dc52960496,2026-04-24 20:40:27.537258-07,,,NET-OHEN,OHEN,0,network,channel_network,network_20260823_075711,2026-08-23 07:57:42.153778
2c21f1e4-c5c0-4cf4-a276-b01cd8a2533d,Phoenix Media SRAV,BFAB679C-A663-468D-8A41-0C2153489A54,ED82D03E-6CF3-4A3C-BEBD-E6BDAB4AB183,3a6d8830-8ce1-4a58-9b7b-be4f3e50bde0,3a6d8830-8ce1-4a58-9b7b-be4f3e50bde0,f,,,448025a0-0ff7-4ed0-a917-399a73decef2,2025-11-20 17:41:30.987795-08,2025-11-25 19:39:26.730446-08,,PHOENIX,PHOENIX,0,network,channel_network,network_20260823_075711,2026-08-23 07:57:42.153778
2c2e8a2b-0fce-43c5-b838-b2b7b5883a08,METUB,,,d54d395f-d027-40fb-a19c-723d01f6a380,,f,,,448025a0-0ff7-4ed0-a917-399a73decef2,2026-03-05 17:57:42.470524-08,,,NET-MET,MET,0,network,channel_network,network_20260823_075711,2026-08-23 07:57:42.153778
2c77bf10-1aea-424e-9dcf-2d1b0794daee,BEIJING HANQI,2CFD303E-230A-40C4-A8F3-C4BFBBDCD226,C081FB41-2B90-4D5A-ADCD-3B3C3FABEEFF,86e0f3f2-3c06-4902-bfea-2360bfe41b9a,,f,,,448025a0-0ff7-4ed0-a917-399a73decef2,2025-07-02 19:23:00.467166-07,,,NET-BEI-1,NET-BEI-,1,network,channel_network,network_20260823_075711,2026-08-23 07:57:42.153778
2e2e2366-696c-4023-b744-1c78a32d464d,HaHaHa,,,43f06182-5eb3-4c65-a524-f723cf7ebfe9,,f,,,36310203-8005-41dc-b51e-a8dc52960496,2025-12-24 22:36:59.879042-08,,,NET-HAH,HAH,0,network,channel_network,network_20260823_075711,2026-08-23 07:57:42.153778
3050b1a2-d0a7-4e97-b597-81c20a2fbd4e,DASHGO,,,86e0f3f2-3c06-4902-bfea-2360bfe41b9a,,f,,,448025a0-0ff7-4ed0-a917-399a73decef2,2025-07-02 19:33:45.069427-07,,,NET-DAS-1,NET-DAS-,1,network,channel_network,network_20260823_075711,2026-08-23 07:57:42.153778
3411b084-32bb-431a-a32b-16275206bbc4,Banijay Iberia Music,6EDA34C3-25B8-43E3-97F2-4B7E02247DAC,58B6E700-8A0C-4094-830F-9C38013195B3,3a6d8830-8ce1-4a58-9b7b-be4f3e50bde0,3a6d8830-8ce1-4a58-9b7b-be4f3e50bde0,t,,,448025a0-0ff7-4ed0-a917-399a73decef2,2025-11-20 17:42:02.553614-08,2025-11-25 19:38:28.922734-08,,BANIJAY,BANIJAY,0,network,channel_network,network_20260823_075711,2026-08-23 07:57:42.153778
34667519-e5e8-429a-9bcf-68aca2880133,AGE,6EDA34C3-25B8-43E3-97F2-4B7E02247DAC,5EEEAE3D-C51A-44D1-AA1F-80E354991217,86e0f3f2-3c06-4902-bfea-2360bfe41b9a,,f,,,448025a0-0ff7-4ed0-a917-399a73decef2,2025-07-02 18:58:20.153774-07,,,NET-AGE-1,NET-AGE-,1,network,channel_network,network_20260823_075711,2026-08-23 07:57:42.153778
37594425-68b5-4201-9f47-7b1ed51cd035,VMG,2CFD303E-230A-40C4-A8F3-C4BFBBDCD226,7A469C59-54C1-4E27-9D4A-965CFBA55847,86e0f3f2-3c06-4902-bfea-2360bfe41b9a,86e0f3f2-3c06-4902-bfea-2360bfe41b9a,f,,,448025a0-0ff7-4ed0-a917-399a73decef2,2025-07-02 20:43:23.395107-07,2025-07-02 20:51:58.053227-07,,NET-VMG-1,NET-VMG-,1,network,channel_network,network_20260823_075711,2026-08-23 07:57:42.153778
3832f766-b52e-400c-af94-038d8152c2bf,Ohenemedia,6EDA34C3-25B8-43E3-97F2-4B7E02247DAC,F327A54B-894D-4EAE-BCBC-7F824CF94323,3a6d8830-8ce1-4a58-9b7b-be4f3e50bde0,3a6d8830-8ce1-4a58-9b7b-be4f3e50bde0,t,,,448025a0-0ff7-4ed0-a917-399a73decef2,2025-11-20 17:47:38.60884-08,2025-11-25 19:22:42.947633-08,,OHENEMEDIA,OHENEMEDIA,0,network,channel_network,network_20260823_075711,2026-08-23 07:57:42.153778
3900c3be-ae58-4ed8-831e-830145b8d681,Bab Media,,,43f06182-5eb3-4c65-a524-f723cf7ebfe9,,t,2025-12-24 22:35:06.136584-08,43f06182-5eb3-4c65-a524-f723cf7ebfe9,36310203-8005-41dc-b51e-a8dc52960496,2025-12-24 18:51:29.624845-08,,,NET-BAME,BAME,0,network,channel_network,network_20260823_075711,2026-08-23 07:57:42.153778
3928195d-eb68-43eb-b534-c435dcd20e02,Test,CE491645-ADB6-4E02-9F56-DA16EC76D549,D48736C8-920A-406A-BAE2-9A106F060B6D,43f06182-5eb3-4c65-a524-f723cf7ebfe9,43f06182-5eb3-4c65-a524-f723cf7ebfe9,t,2025-12-24 18:49:31.145236-08,43f06182-5eb3-4c65-a524-f723cf7ebfe9,36310203-8005-41dc-b51e-a8dc52960496,2025-12-16 19:44:36.25204-08,2025-12-16 19:51:20.503408-08,,NET-TES,TES,0,network,channel_network,network_20260823_075711,2026-08-23 07:57:42.153778
39e356bf-dfad-45c4-8f7d-05676dd67ed4,Digital Minds,,,43f06182-5eb3-4c65-a524-f723cf7ebfe9,43f06182-5eb3-4c65-a524-f723cf7ebfe9,f,,,36310203-8005-41dc-b51e-a8dc52960496,2025-12-24 23:09:51.068434-08,2025-12-24 23:54:41.695821-08,,NET-DMM,DMM,0,network,channel_network,network_20260823_075711,2026-08-23 07:57:42.153778
3bf9733d-82d6-4cef-b781-4e718adb49f5,MUSICFACTORY,,,86e0f3f2-3c06-4902-bfea-2360bfe41b9a,,f,,,448025a0-0ff7-4ed0-a917-399a73decef2,2025-07-02 20:20:17.566829-07,,,NET-MF-1,NET-MF-,1,network,channel_network,network_20260823_075711,2026-08-23 07:57:42.153778
3c50d000-279c-4925-8da1-290533acfb67,Zoomin Premium Content,,5EEEAE3D-C51A-44D1-AA1F-80E354991217,83ba83df-ee0a-473e-89f3-a27168c823e0,,f,,,448025a0-0ff7-4ed0-a917-399a73decef2,2026-06-16 02:54:52.433777-07,,,NET-ZPC,ZPC,0,network,channel_network,network_20260823_075711,2026-08-23 07:57:42.153778
3e9f937c-d89b-4a89-8015-5d04062e2f99,CAT MUSIC,,,d54d395f-d027-40fb-a19c-723d01f6a380,,f,,,448025a0-0ff7-4ed0-a917-399a73decef2,2026-01-20 18:57:41.140844-08,,,NET-CAMU,CAMU,0,network,channel_network,network_20260823_075711,2026-08-23 07:57:42.153778
3f987340-1632-4364-bb95-c973a952530c,PT Suara,,,43f06182-5eb3-4c65-a524-f723cf7ebfe9,,f,,,36310203-8005-41dc-b51e-a8dc52960496,2025-12-24 23:08:39.429148-08,,,NET-PTSU,PTSU,0,network,channel_network,network_20260823_075711,2026-08-23 07:57:42.153778
3fd3b641-97bb-4e3a-b0a5-191d610ba477,Fanatik-M,3863BD72-5FD0-4760-AB3D-58C99BEBF1E1,8FBDC1E1-0CF7-4CEB-A5CA-3066538E6EED,229dc6f0-0c2f-42cc-8d32-7c3397e96194,,t,,,448025a0-0ff7-4ed0-a917-399a73decef2,2025-11-20 01:39:19.003739-08,,,FANTIK-M,FANTIK-M,0,network,channel_network,network_20260823_075711,2026-08-23 07:57:42.153778
406e6e3c-5ed4-44d1-8fe8-3268da12e012,KK CULTURE,2CFD303E-230A-40C4-A8F3-C4BFBBDCD226,C081FB41-2B90-4D5A-ADCD-3B3C3FABEEFF,86e0f3f2-3c06-4902-bfea-2360bfe41b9a,,f,,,448025a0-0ff7-4ed0-a917-399a73decef2,2025-07-02 19:59:46.203694-07,,,NET-KKC-1,NET-KKC-,1,network,channel_network,network_20260823_075711,2026-08-23 07:57:42.153778
40d73cd5-7bc6-42d1-8a8a-94df7c0f3b89,SYMPHONIC,,,86e0f3f2-3c06-4902-bfea-2360bfe41b9a,,f,,,448025a0-0ff7-4ed0-a917-399a73decef2,2025-07-02 18:50:16.104602-07,,,NET-SYM-1,NET-SYM-,1,network,channel_network,network_20260823_075711,2026-08-23 07:57:42.153778
40f9f481-410d-4e59-bcab-47c6d71e19ae,Avenirtek Digital Private Limited,,,d54d395f-d027-40fb-a19c-723d01f6a380,,f,,,448025a0-0ff7-4ed0-a917-399a73decef2,2025-07-18 00:35:34.484081-07,,,ADPL,ADPL,0,network,channel_network,network_20260823_075711,2026-08-23 07:57:42.153778
4145db39-65d6-47c5-aeb3-9c956cd82423,BPMDIGITAL,,,86e0f3f2-3c06-4902-bfea-2360bfe41b9a,,f,,,448025a0-0ff7-4ed0-a917-399a73decef2,2025-07-02 19:24:16.821854-07,,,NET-BPM-1,NET-BPM-,1,network,channel_network,network_20260823_075711,2026-08-23 07:57:42.153778
422b7fd1-17fb-4769-adb1-df262ede6a01,Zee Media Corporation Limited,2CFD303E-230A-40C4-A8F3-C4BFBBDCD226,,229dc6f0-0c2f-42cc-8d32-7c3397e96194,,t,,,448025a0-0ff7-4ed0-a917-399a73decef2,2026-01-04 19:56:05.480587-08,,,NET-ZMCL,ZMCL,0,network,channel_network,network_20260823_075711,2026-08-23 07:57:42.153778
4374fbb0-ee30-42a4-9cc6-2a6003e00458,YB Media,2CFD303E-230A-40C4-A8F3-C4BFBBDCD226,C081FB41-2B90-4D5A-ADCD-3B3C3FABEEFF,3a6d8830-8ce1-4a58-9b7b-be4f3e50bde0,3a6d8830-8ce1-4a58-9b7b-be4f3e50bde0,t,,,448025a0-0ff7-4ed0-a917-399a73decef2,2025-11-20 17:38:29.628979-08,2025-11-25 19:42:36.921323-08,,YB,YB,0,network,channel_network,network_20260823_075711,2026-08-23 07:57:42.153778
43f0a9ff-5a85-4b6b-8d31-a306c291d026,Blanco y Negro,,,43f06182-5eb3-4c65-a524-f723cf7ebfe9,,f,,,36310203-8005-41dc-b51e-a8dc52960496,2025-12-25 18:10:50.516245-08,,,NET-BYN,BYN,0,network,channel_network,network_20260823_075711,2026-08-23 07:57:42.153778
457b78eb-01e4-48da-8143-34519609d34c,HaHaHa,,,d54d395f-d027-40fb-a19c-723d01f6a380,,f,,,448025a0-0ff7-4ed0-a917-399a73decef2,2025-10-07 23:43:15.548881-07,,,NET-HAH,HAH,0,network,channel_network,network_20260823_075711,2026-08-23 07:57:42.153778
4753dd01-fcdf-4783-bb09-6ba5e84dbada,321 Media,,,d54d395f-d027-40fb-a19c-723d01f6a380,,f,,,448025a0-0ff7-4ed0-a917-399a73decef2,2025-09-15 19:23:37.766861-07,,,NET-32ME,32ME,0,network,channel_network,network_20260823_075711,2026-08-23 07:57:42.153778
4b3a7ada-648f-4f0b-b0d0-2d2c62939086,CHINA(ZHEJIANG)INTERNATIOANL COOPERATIONZONE FOR FILM & TV,,,86e0f3f2-3c06-4902-bfea-2360bfe41b9a,86e0f3f2-3c06-4902-bfea-2360bfe41b9a,t,2025-07-02 20:51:08.415776-07,86e0f3f2-3c06-4902-bfea-2360bfe41b9a,448025a0-0ff7-4ed0-a917-399a73decef2,2025-07-02 19:25:58.503599-07,2025-07-02 20:41:11.849041-07,,CCFF,CCFF,0,network,channel_network,network_20260823_075711,2026-08-23 07:57:42.153778
4bea95b6-6e84-443d-b340-a43d05710aff,Adskimo LTD,,,43f06182-5eb3-4c65-a524-f723cf7ebfe9,,f,,,36310203-8005-41dc-b51e-a8dc52960496,2025-12-24 23:10:43.849129-08,,,NET-ADLT,ADLT,0,network,channel_network,network_20260823_075711,2026-08-23 07:57:42.153778
4c1e307a-6e56-45da-9210-8c2029d548d5,e-Muzyka,,,d54d395f-d027-40fb-a19c-723d01f6a380,,f,,,448025a0-0ff7-4ed0-a917-399a73decef2,2026-01-18 18:34:34.803857-08,,,NET-EMU,EMU,0,network,channel_network,network_20260823_075711,2026-08-23 07:57:42.153778
4e723037-595d-4247-b72e-9ceb84045683,Ocean BG Media,,,a49192c4-8bb3-4976-a588-82de978a882e,,f,,,36310203-8005-41dc-b51e-a8dc52960496,2026-04-24 20:09:25.889682-07,,,NET-OBM,OBM,0,network,channel_network,network_20260823_075711,2026-08-23 07:57:42.153778
4eda41f3-3c44-4885-8ef0-5bd7e3c56aff,2BTUBE,6EDA34C3-25B8-43E3-97F2-4B7E02247DAC,3DE46E67-1F4E-43D6-BD84-28627627AA13,86e0f3f2-3c06-4902-bfea-2360bfe41b9a,,f,,,448025a0-0ff7-4ed0-a917-399a73decef2,2025-07-02 18:52:40.005914-07,,,NET-BTU-1,NET-BTU-,1,network,channel_network,network_20260823_075711,2026-08-23 07:57:42.153778
514f11a7-80ca-46a7-9a66-8443c7c62dee,pingnetwork_music,,,43f06182-5eb3-4c65-a524-f723cf7ebfe9,,t,2025-12-24 22:35:39.839487-08,43f06182-5eb3-4c65-a524-f723cf7ebfe9,36310203-8005-41dc-b51e-a8dc52960496,2025-12-24 18:50:35.656904-08,,,NET-PIN,PIN,0,network,channel_network,network_20260823_075711,2026-08-23 07:57:42.153778
53918e24-34f8-4ec8-8e3f-d2dcaff26b70,WildFire Media,,,86495fa0-1613-4cd4-a566-52bd123cf0df,86495fa0-1613-4cd4-a566-52bd123cf0df,f,,,448025a0-0ff7-4ed0-a917-399a73decef2,2026-03-16 19:55:27.162579-07,2026-05-31 18:52:59.642272-07,,NET-WIME-1,WIME,0,network,channel_network,network_20260823_075711,2026-08-23 07:57:42.153778
5437ddad-f472-4ab7-b1bb-968fa6c10e22,Zee,,,43f06182-5eb3-4c65-a524-f723cf7ebfe9,43f06182-5eb3-4c65-a524-f723cf7ebfe9,f,,,36310203-8005-41dc-b51e-a8dc52960496,2025-12-24 19:00:22.256245-08,2025-12-24 22:57:03.857485-08,,NET-ZMCL,ZMCL,0,network,channel_network,network_20260823_075711,2026-08-23 07:57:42.153778
5449db45-b197-47a3-a6b6-c5c581ade02f,VISTA INDIA,2CFD303E-230A-40C4-A8F3-C4BFBBDCD226,64E748BB-03A3-44AB-83A8-69CFD1C47C17,86495fa0-1613-4cd4-a566-52bd123cf0df,,f,,,448025a0-0ff7-4ed0-a917-399a73decef2,2025-07-04 18:50:04.426081-07,,,NET-VIS-1,NET-VIS-,1,network,channel_network,network_20260823_075711,2026-08-23 07:57:42.153778
57a6bca3-c704-4096-83b4-d0ff58e94ce0,Symphonic Distribution,BFAB679C-A663-468D-8A41-0C2153489A54,ED82D03E-6CF3-4A3C-BEBD-E6BDAB4AB183,3a6d8830-8ce1-4a58-9b7b-be4f3e50bde0,3a6d8830-8ce1-4a58-9b7b-be4f3e50bde0,t,,,448025a0-0ff7-4ed0-a917-399a73decef2,2025-11-20 17:40:58.034795-08,2025-11-25 19:39:58.456624-08,,SYMPHONIC,SYMPHONIC,0,network,channel_network,network_20260823_075711,2026-08-23 07:57:42.153778
59b5cd51-9881-47fa-bf73-74597cfda100,KIDS TOYS,,,d54d395f-d027-40fb-a19c-723d01f6a380,,f,,,448025a0-0ff7-4ed0-a917-399a73decef2,2025-09-15 19:14:50.424929-07,,,NET-KITO,KITO,0,network,channel_network,network_20260823_075711,2026-08-23 07:57:42.153778
5b2ea93e-d3d5-4017-87e8-7bcdc1931ff8,YOOLA,,,86e0f3f2-3c06-4902-bfea-2360bfe41b9a,,f,,,448025a0-0ff7-4ed0-a917-399a73decef2,2025-07-02 20:39:56.768639-07,,,NET-YOO-1,NET-YOO-,1,network,channel_network,network_20260823_075711,2026-08-23 07:57:42.153778
5bf5dce7-4915-4d5c-a08b-5e1c5ff1fe6c,WMNNSL,,,43f06182-5eb3-4c65-a524-f723cf7ebfe9,,t,2025-12-24 22:35:57.649688-08,43f06182-5eb3-4c65-a524-f723cf7ebfe9,36310203-8005-41dc-b51e-a8dc52960496,2025-12-24 18:50:00.631282-08,,,NET-WMN,WMN,0,network,channel_network,network_20260823_075711,2026-08-23 07:57:42.153778
5c125fed-0395-4b85-a2f4-e33454484043,AcidSpain,6EDA34C3-25B8-43E3-97F2-4B7E02247DAC,3DE46E67-1F4E-43D6-BD84-28627627AA13,229dc6f0-0c2f-42cc-8d32-7c3397e96194,,f,,,448025a0-0ff7-4ed0-a917-399a73decef2,2025-12-11 23:57:36.191798-08,,,ACIDSPAIN,ACIDSPAIN,0,network,channel_network,network_20260823_075711,2026-08-23 07:57:42.153778
5cda109b-e3eb-46a9-aabf-aaee674a63de,BEIJING SIZHIJULI,2CFD303E-230A-40C4-A8F3-C4BFBBDCD226,C081FB41-2B90-4D5A-ADCD-3B3C3FABEEFF,d54d395f-d027-40fb-a19c-723d01f6a380,d54d395f-d027-40fb-a19c-723d01f6a380,f,,,448025a0-0ff7-4ed0-a917-399a73decef2,2025-11-29 02:27:44.682523-08,2025-11-29 02:41:31.19367-08,,NET-BESI,BESI,0,network,channel_network,network_20260823_075711,2026-08-23 07:57:42.153778
5d1acf60-dad0-4fcf-bddb-29f75f54b788,VMG,2CFD303E-230A-40C4-A8F3-C4BFBBDCD226,7A469C59-54C1-4E27-9D4A-965CFBA55847,86e0f3f2-3c06-4902-bfea-2360bfe41b9a,86e0f3f2-3c06-4902-bfea-2360bfe41b9a,t,2025-07-02 20:51:52.378197-07,86e0f3f2-3c06-4902-bfea-2360bfe41b9a,448025a0-0ff7-4ed0-a917-399a73decef2,2025-07-02 02:51:47.731478-07,2025-07-02 20:41:11.84912-07,,NET VMG 1,NET VMG ,1,network,channel_network,network_20260823_075711,2026-08-23 07:57:42.153778
5d6b5930-b7d4-411b-8df5-c4954a66c18d,Công Ty Cổ Phần Truyền Thông Và Giải Trí VMG (VMG Entertainment),2CFD303E-230A-40C4-A8F3-C4BFBBDCD226,7A469C59-54C1-4E27-9D4A-965CFBA55847,3a6d8830-8ce1-4a58-9b7b-be4f3e50bde0,,f,,,448025a0-0ff7-4ed0-a917-399a73decef2,2025-11-26 00:43:44.493349-08,,,VMG ENTER,VMG ENTER,0,network,channel_network,network_20260823_075711,2026-08-23 07:57:42.153778
5dcb5dfb-d943-4bca-ab1d-45c8f01460d4,All Content Music,2CFD303E-230A-40C4-A8F3-C4BFBBDCD226,,3a6d8830-8ce1-4a58-9b7b-be4f3e50bde0,229dc6f0-0c2f-42cc-8d32-7c3397e96194,t,,,448025a0-0ff7-4ed0-a917-399a73decef2,2025-11-20 17:56:39.939878-08,2025-11-25 17:55:49.05305-08,,ALL CONTENT,ALL CONTENT,0,network,channel_network,network_20260823_075711,2026-08-23 07:57:42.153778
5e7eb9b7-1abb-4f3e-979c-e06b6ab60d75,CHINA(ZHEJIANG)INTERNATIOANL COOPERATIONZONE FOR FILM & TV,,,86e0f3f2-3c06-4902-bfea-2360bfe41b9a,86e0f3f2-3c06-4902-bfea-2360bfe41b9a,f,,,448025a0-0ff7-4ed0-a917-399a73decef2,2025-07-02 20:45:10.3241-07,2025-07-02 20:52:16.468691-07,,NET-CHI-1,NET-CHI-,1,network,channel_network,network_20260823_075711,2026-08-23 07:57:42.153778
5ef26f9e-5a0c-4190-a76a-9c55136eb76f,Kiyoshi Entertainment,,,a49192c4-8bb3-4976-a588-82de978a882e,,f,,,36310203-8005-41dc-b51e-a8dc52960496,2026-07-19 18:15:38.913197-07,,,NET-KIEN,KIEN,0,network,channel_network,network_20260823_075711,2026-08-23 07:57:42.153778
5f1f76d2-9f53-4430-91ae-09c5cc1b95bf,Menta Music,2CFD303E-230A-40C4-A8F3-C4BFBBDCD226,F792EC6D-17DF-45B6-8A26-5A29AA4AADEE,3a6d8830-8ce1-4a58-9b7b-be4f3e50bde0,3a6d8830-8ce1-4a58-9b7b-be4f3e50bde0,t,,,448025a0-0ff7-4ed0-a917-399a73decef2,2025-11-20 17:40:18.571323-08,2025-11-25 19:41:04.232622-08,,MENTA,MENTA,0,network,channel_network,network_20260823_075711,2026-08-23 07:57:42.153778
60b6bfe0-ff51-4a95-aa12-c28758919306,GT Channel Inc,,,d54d395f-d027-40fb-a19c-723d01f6a380,,f,,,448025a0-0ff7-4ed0-a917-399a73decef2,2025-11-05 02:38:58.736306-08,,,NET-GCI,GCI,0,network,channel_network,network_20260823_075711,2026-08-23 07:57:42.153778
6305a687-052d-487d-860b-56ef8c340001,WMCN_Managed,,,43f06182-5eb3-4c65-a524-f723cf7ebfe9,,t,2025-12-24 22:35:52.101395-08,43f06182-5eb3-4c65-a524-f723cf7ebfe9,36310203-8005-41dc-b51e-a8dc52960496,2025-12-24 18:50:12.41471-08,,,NET-WMC,WMC,0,network,channel_network,network_20260823_075711,2026-08-23 07:57:42.153778
636bb0ed-dfea-4da2-8116-57e2872ac958,THE STATE51 CONSPIRACY,6EDA34C3-25B8-43E3-97F2-4B7E02247DAC,F327A54B-894D-4EAE-BCBC-7F824CF94323,86e0f3f2-3c06-4902-bfea-2360bfe41b9a,,f,,,448025a0-0ff7-4ed0-a917-399a73decef2,2025-07-02 19:41:28.59192-07,,,NET-THE2-1,NET-THE2-,1,network,channel_network,network_20260823_075711,2026-08-23 07:57:42.153778
64519ae3-9957-4c0b-b28a-0cb5263f8fce,POST FOR RENT,,,86e0f3f2-3c06-4902-bfea-2360bfe41b9a,,f,,,448025a0-0ff7-4ed0-a917-399a73decef2,2025-07-02 20:22:09.499331-07,,,NET-POS-1,NET-POS-,1,network,channel_network,network_20260823_075711,2026-08-23 07:57:42.153778
64e0c880-f214-4d70-a7e7-908b791b29a3,Tubrr,,,a49192c4-8bb3-4976-a588-82de978a882e,a49192c4-8bb3-4976-a588-82de978a882e,f,,,36310203-8005-41dc-b51e-a8dc52960496,2026-07-19 18:15:53.684376-07,2026-08-04 21:15:27.739776-07,,NET-TUEN,TUEN,0,network,channel_network,network_20260823_075711,2026-08-23 07:57:42.153778
65399dfa-8d34-4627-946d-462b96f15550,The District,,,43f06182-5eb3-4c65-a524-f723cf7ebfe9,,f,,,36310203-8005-41dc-b51e-a8dc52960496,2025-12-24 23:07:42.703428-08,,,NET-THDI,THDI,0,network,channel_network,network_20260823_075711,2026-08-23 07:57:42.153778
65b4be4a-40de-4453-a0f1-20b930fb0255,IZO,,,86e0f3f2-3c06-4902-bfea-2360bfe41b9a,,f,,,448025a0-0ff7-4ed0-a917-399a73decef2,2025-07-02 19:38:45.579747-07,,,NET-IZO-1,NET-IZO-,1,network,channel_network,network_20260823_075711,2026-08-23 07:57:42.153778
664d9f15-fba2-481f-b87d-0322457f088e,Bquate,,,86495fa0-1613-4cd4-a566-52bd123cf0df,,f,,,448025a0-0ff7-4ed0-a917-399a73decef2,2026-08-18 02:06:54.279536-07,,,NET-BQU-1,BQU-,1,network,channel_network,network_20260823_075711,2026-08-23 07:57:42.153778
666263ab-9896-4cf0-89e2-5b374dd484f3,DUGHERO PAOLO ED. MUSICALI,6EDA34C3-25B8-43E3-97F2-4B7E02247DAC,4FE5BE6D-B7E7-4797-A806-C29A8BB500CE,229dc6f0-0c2f-42cc-8d32-7c3397e96194,,f,,,448025a0-0ff7-4ed0-a917-399a73decef2,2025-11-25 17:46:29.28808-08,,,DUGHERO,DUGHERO,0,network,channel_network,network_20260823_075711,2026-08-23 07:57:42.153778
671dcc2b-1e57-4ae8-b214-ff0d26569eea,United Ad,,,43f06182-5eb3-4c65-a524-f723cf7ebfe9,,f,,,36310203-8005-41dc-b51e-a8dc52960496,2026-02-12 01:53:06.372645-08,,,NET-UNAD,UNAD,0,network,channel_network,network_20260823_075711,2026-08-23 07:57:42.153778
67f7532a-a6d6-4748-a900-01f4a54462a1,WMG,,,43f06182-5eb3-4c65-a524-f723cf7ebfe9,,t,2025-12-24 22:35:55.032297-08,43f06182-5eb3-4c65-a524-f723cf7ebfe9,36310203-8005-41dc-b51e-a8dc52960496,2025-12-24 18:50:06.710817-08,,,NET-WMG,WMG,0,network,channel_network,network_20260823_075711,2026-08-23 07:57:42.153778
68c95c98-51e6-449b-9767-10c59a1446ee,DH One Records,2CFD303E-230A-40C4-A8F3-C4BFBBDCD226,64E748BB-03A3-44AB-83A8-69CFD1C47C17,86495fa0-1613-4cd4-a566-52bd123cf0df,,f,,,448025a0-0ff7-4ed0-a917-399a73decef2,2026-04-21 02:39:04.751161-07,,,NET-DOR-1,DOR-,1,network,channel_network,network_20260823_075711,2026-08-23 07:57:42.153778
6ac4a40f-9037-4cd7-9bcc-c84cf2f7f63a,NIKITA MUSIC,,,86e0f3f2-3c06-4902-bfea-2360bfe41b9a,,f,,,448025a0-0ff7-4ed0-a917-399a73decef2,2025-07-02 20:20:33.602993-07,,,NET-NIK-1,NET-NIK-,1,network,channel_network,network_20260823_075711,2026-08-23 07:57:42.153778
6affc83e-8805-4edb-8b1b-e8f7066813dc,BZZZ Entertainment,6EDA34C3-25B8-43E3-97F2-4B7E02247DAC,4AED9B7C-D55B-42C6-A2B9-8E0F3AB304BD,3a6d8830-8ce1-4a58-9b7b-be4f3e50bde0,3a6d8830-8ce1-4a58-9b7b-be4f3e50bde0,t,,,448025a0-0ff7-4ed0-a917-399a73decef2,2025-11-20 17:48:07.027016-08,2025-11-25 19:21:58.055571-08,,BZZZ,BZZZ,0,network,channel_network,network_20260823_075711,2026-08-23 07:57:42.153778
6caad13a-b7cc-4c13-966d-8042dc80f9a8,BLANCO Y NEGRO MUSIC,,,86e0f3f2-3c06-4902-bfea-2360bfe41b9a,,f,,,448025a0-0ff7-4ed0-a917-399a73decef2,2025-07-02 19:18:40.879489-07,,,NET-BLA-1,NET-BLA-,1,network,channel_network,network_20260823_075711,2026-08-23 07:57:42.153778
6e950e07-5081-4583-9c35-087701e3ce1f,Warrior Media,BFAB679C-A663-468D-8A41-0C2153489A54,ED82D03E-6CF3-4A3C-BEBD-E6BDAB4AB183,3a6d8830-8ce1-4a58-9b7b-be4f3e50bde0,3a6d8830-8ce1-4a58-9b7b-be4f3e50bde0,f,,,448025a0-0ff7-4ed0-a917-399a73decef2,2025-11-20 17:54:58.710777-08,2025-11-25 19:13:37.070528-08,,WARRIOR,WARRIOR,0,network,channel_network,network_20260823_075711,2026-08-23 07:57:42.153778
6e9b8fa9-022f-488f-967e-79731fba525a,北京思执聚力网络科技有限公司,,,43f06182-5eb3-4c65-a524-f723cf7ebfe9,,f,,,36310203-8005-41dc-b51e-a8dc52960496,2025-12-25 18:31:49.796649-08,,,NET-,"",0,network,channel_network,network_20260823_075711,2026-08-23 07:57:42.153778
6f6999fb-f910-409b-a8f8-23d7a86c7724,2BTUBE,6EDA34C3-25B8-43E3-97F2-4B7E02247DAC,3DE46E67-1F4E-43D6-BD84-28627627AA13,3a6d8830-8ce1-4a58-9b7b-be4f3e50bde0,,t,,,448025a0-0ff7-4ed0-a917-399a73decef2,2026-01-21 02:11:02.077057-08,,,2BTUBE,2BTUBE,0,network,channel_network,network_20260823_075711,2026-08-23 07:57:42.153778
6fa313fd-b214-4de3-a010-e0798e7137b0,Famous ID,,,43f06182-5eb3-4c65-a524-f723cf7ebfe9,,t,2025-12-24 22:35:24.910347-08,43f06182-5eb3-4c65-a524-f723cf7ebfe9,36310203-8005-41dc-b51e-a8dc52960496,2025-12-24 18:51:00.448839-08,,,NET-FAID,FAID,0,network,channel_network,network_20260823_075711,2026-08-23 07:57:42.153778
706679c0-e730-4b08-97a7-94727efb1c1a,Warrior Media,,,86495fa0-1613-4cd4-a566-52bd123cf0df,86495fa0-1613-4cd4-a566-52bd123cf0df,f,,,448025a0-0ff7-4ed0-a917-399a73decef2,2025-07-22 22:02:51.735643-07,2026-01-09 18:37:18.26776-08,,NET-WAME-1,WAME,0,network,channel_network,network_20260823_075711,2026-08-23 07:57:42.153778
7164d75a-bfe9-4842-bce2-c02dee708daa,HT MOBILE,,,d54d395f-d027-40fb-a19c-723d01f6a380,,f,,,448025a0-0ff7-4ed0-a917-399a73decef2,2025-12-04 22:47:04.397445-08,,,NET-HTMO,HTMO,0,network,channel_network,network_20260823_075711,2026-08-23 07:57:42.153778
cc7faa7b-bd7c-45ed-b2f5-151521c5787c,MAD TV,,,86e0f3f2-3c06-4902-bfea-2360bfe41b9a,,f,,,448025a0-0ff7-4ed0-a917-399a73decef2,2025-07-02 20:04:07.179061-07,,,NET-MAD-1,NET-MAD-,1,network,channel_network,network_20260823_075711,2026-08-23 07:57:42.153778
724f454a-7f9b-41e8-b1a9-efa49145a88a,WE ARE ERA,6EDA34C3-25B8-43E3-97F2-4B7E02247DAC,3DE46E67-1F4E-43D6-BD84-28627627AA13,86e0f3f2-3c06-4902-bfea-2360bfe41b9a,,f,,,448025a0-0ff7-4ed0-a917-399a73decef2,2025-07-02 20:38:54.615493-07,,,NET-WEA-1,NET-WEA-,1,network,channel_network,network_20260823_075711,2026-08-23 07:57:42.153778
738cd161-86f1-4e31-8cde-22165756e58b,WMG,,,43f06182-5eb3-4c65-a524-f723cf7ebfe9,,f,,,36310203-8005-41dc-b51e-a8dc52960496,2025-12-24 22:58:15.496079-08,,,NET-WMG,WMG,0,network,channel_network,network_20260823_075711,2026-08-23 07:57:42.153778
75279eb5-7f78-4e15-9246-45d005b25cc6,IT Test,,,86e0f3f2-3c06-4902-bfea-2360bfe41b9a,,t,2025-12-23 20:27:06.082888-08,86e0f3f2-3c06-4902-bfea-2360bfe41b9a,36310203-8005-41dc-b51e-a8dc52960496,2025-12-23 20:27:02.479341-08,,,NET-ITTE,ITTE,0,network,channel_network,network_20260823_075711,2026-08-23 07:57:42.153778
759b30de-0ecf-48d5-9d12-03b9c7556ec6,CAT TIEN SA,2CFD303E-230A-40C4-A8F3-C4BFBBDCD226,7A469C59-54C1-4E27-9D4A-965CFBA55847,86e0f3f2-3c06-4902-bfea-2360bfe41b9a,,f,,,448025a0-0ff7-4ed0-a917-399a73decef2,2025-07-02 19:25:10.30336-07,,,NET-CAT-1,NET-CAT-,1,network,channel_network,network_20260823_075711,2026-08-23 07:57:42.153778
75fcb97d-71c3-4f1e-8cf5-75360b7f7d8e,PING,2CFD303E-230A-40C4-A8F3-C4BFBBDCD226,64E748BB-03A3-44AB-83A8-69CFD1C47C17,86495fa0-1613-4cd4-a566-52bd123cf0df,,f,,,448025a0-0ff7-4ed0-a917-399a73decef2,2025-11-16 19:15:00.254524-08,,,NET-PIN-1,PIN-,1,network,channel_network,network_20260823_075711,2026-08-23 07:57:42.153778
77fdec76-e844-42a1-8ef4-1a787fa57166,Zwarejongenz,,,86495fa0-1613-4cd4-a566-52bd123cf0df,,f,,,448025a0-0ff7-4ed0-a917-399a73decef2,2025-07-23 23:52:36.79879-07,,,NET-ZWA-1,NET-ZWA-,1,network,channel_network,network_20260823_075711,2026-08-23 07:57:42.153778
79124d27-1eb8-4c8d-86c9-c09ae42ceb6e,Muse Network,,,229dc6f0-0c2f-42cc-8d32-7c3397e96194,,t,,,448025a0-0ff7-4ed0-a917-399a73decef2,2025-12-24 01:27:59.98741-08,,,MUSE NETWORK,MUSE NETWORK,0,network,channel_network,network_20260823_075711,2026-08-23 07:57:42.153778
79ff62d4-2cd5-422d-a427-9d6f7c9c938c,Dwaem Media Group,,,43f06182-5eb3-4c65-a524-f723cf7ebfe9,,f,,,36310203-8005-41dc-b51e-a8dc52960496,2025-12-24 23:09:32.831639-08,,,NET-DMG,DMG,0,network,channel_network,network_20260823_075711,2026-08-23 07:57:42.153778
7c01f313-0d09-41db-afc1-a1f3e2c4ac85,Genesis,,,43f06182-5eb3-4c65-a524-f723cf7ebfe9,,f,,,36310203-8005-41dc-b51e-a8dc52960496,2026-02-12 01:38:24.781875-08,,,NET-GEN,GEN,0,network,channel_network,network_20260823_075711,2026-08-23 07:57:42.153778
7d84f664-cf08-43f9-b3fa-1d7b34207786,HaHaHa,,,43f06182-5eb3-4c65-a524-f723cf7ebfe9,,t,2025-12-24 22:35:31.728597-08,43f06182-5eb3-4c65-a524-f723cf7ebfe9,36310203-8005-41dc-b51e-a8dc52960496,2025-12-24 18:50:48.279813-08,,,NET-HAH,HAH,0,network,channel_network,network_20260823_075711,2026-08-23 07:57:42.153778
7f11932a-5d0c-4b07-9175-ea6c44ae863a,DAT VIET,2CFD303E-230A-40C4-A8F3-C4BFBBDCD226,7A469C59-54C1-4E27-9D4A-965CFBA55847,86495fa0-1613-4cd4-a566-52bd123cf0df,d54d395f-d027-40fb-a19c-723d01f6a380,f,,,448025a0-0ff7-4ed0-a917-399a73decef2,2025-07-22 21:52:41.659026-07,2026-01-08 18:13:01.266313-08,,DAT,DAT,0,network,channel_network,network_20260823_075711,2026-08-23 07:57:42.153778
8276e2e3-2447-4902-8874-2fa47eea557b,PT. Kokiku Media Indonesia,,,86495fa0-1613-4cd4-a566-52bd123cf0df,86495fa0-1613-4cd4-a566-52bd123cf0df,f,,,448025a0-0ff7-4ed0-a917-399a73decef2,2026-05-31 18:43:56.353692-07,2026-05-31 18:52:29.29574-07,,NET-PKMI-1,PKMI,0,network,channel_network,network_20260823_075711,2026-08-23 07:57:42.153778
839cf1ce-8e53-48a3-983e-3bfafc5929a0,Merlin,,,43f06182-5eb3-4c65-a524-f723cf7ebfe9,,f,,,36310203-8005-41dc-b51e-a8dc52960496,2025-12-25 18:11:06.714534-08,,,NET-MER,MER,0,network,channel_network,network_20260823_075711,2026-08-23 07:57:42.153778
8417142b-0c69-4469-9ab0-3eeba4f6139e,MAARSS DIGITAL,,,a49192c4-8bb3-4976-a588-82de978a882e,,f,,,36310203-8005-41dc-b51e-a8dc52960496,2026-04-24 21:44:17.494112-07,,,NET-MADI,MADI,0,network,channel_network,network_20260823_075711,2026-08-23 07:57:42.153778
842cfe82-6d9c-45a0-b258-ba1ccdc843e0,ALLCONTENT MUSIC,,,86e0f3f2-3c06-4902-bfea-2360bfe41b9a,,f,,,448025a0-0ff7-4ed0-a917-399a73decef2,2025-07-02 19:13:21.919186-07,,,NET-ALL-1,NET-ALL-,1,network,channel_network,network_20260823_075711,2026-08-23 07:57:42.153778
85a94d48-8323-478a-96f4-0b23dab55d89,VTC Corporation Network (MCST),2CFD303E-230A-40C4-A8F3-C4BFBBDCD226,7A469C59-54C1-4E27-9D4A-965CFBA55847,ed86db9a-4911-4264-bef0-4fdde9c14e85,,f,,,448025a0-0ff7-4ed0-a917-399a73decef2,2026-03-18 01:10:21.093334-07,,,NET-VTC,VTC,0,network,channel_network,network_20260823_075711,2026-08-23 07:57:42.153778
85e329e6-de7c-4e1e-97f4-38d704d8c59a,EMVN,2CFD303E-230A-40C4-A8F3-C4BFBBDCD226,7A469C59-54C1-4E27-9D4A-965CFBA55847,86e0f3f2-3c06-4902-bfea-2360bfe41b9a,,f,,,448025a0-0ff7-4ed0-a917-399a73decef2,2025-07-02 19:35:50.459134-07,,,NET-EMV-1,NET-EMV-,1,network,channel_network,network_20260823_075711,2026-08-23 07:57:42.153778
875b7d51-cc3a-4841-8919-d64224e58570,Landvogel TV,,,a49192c4-8bb3-4976-a588-82de978a882e,,f,,,36310203-8005-41dc-b51e-a8dc52960496,2026-08-06 02:37:39.961971-07,,,NET-LATV,LATV,0,network,channel_network,network_20260823_075711,2026-08-23 07:57:42.153778
8791f79b-0e5a-4132-b076-e1b050451096,DigiVox CSP,,,43f06182-5eb3-4c65-a524-f723cf7ebfe9,,f,,,36310203-8005-41dc-b51e-a8dc52960496,2025-12-24 22:44:37.908505-08,,,NET-DICS,DICS,0,network,channel_network,network_20260823_075711,2026-08-23 07:57:42.153778
887d12f9-6424-40b1-94b3-29ef280470da,Hitech Entertainment,,,2cd51d46-fd75-4248-bcbe-1641ada95366,,f,,,448025a0-0ff7-4ed0-a917-399a73decef2,2026-06-08 21:47:13.786009-07,,,NET-HIEN,HIEN,0,network,channel_network,network_20260823_075711,2026-08-23 07:57:42.153778
88c85415-1a0e-4ca1-990a-b5502eae4036,1,,,43f06182-5eb3-4c65-a524-f723cf7ebfe9,43f06182-5eb3-4c65-a524-f723cf7ebfe9,f,,,36310203-8005-41dc-b51e-a8dc52960496,2025-12-24 23:09:12.148276-08,2025-12-24 23:32:43.114479-08,,NET-FAFI,FAFI,0,network,channel_network,network_20260823_075711,2026-08-23 07:57:42.153778
88ccb273-4296-4866-b6a2-f696521fa696,The District,BFAB679C-A663-468D-8A41-0C2153489A54,ED82D03E-6CF3-4A3C-BEBD-E6BDAB4AB183,3a6d8830-8ce1-4a58-9b7b-be4f3e50bde0,3a6d8830-8ce1-4a58-9b7b-be4f3e50bde0,t,,,448025a0-0ff7-4ed0-a917-399a73decef2,2025-11-20 17:45:54.870311-08,2025-11-25 19:26:35.486016-08,,THE DISTRICT,THE DISTRICT,0,network,channel_network,network_20260823_075711,2026-08-23 07:57:42.153778
899e18ac-b059-44cb-86af-a1a626d95e89,MENTA,2CFD303E-230A-40C4-A8F3-C4BFBBDCD226,F792EC6D-17DF-45B6-8A26-5A29AA4AADEE,86e0f3f2-3c06-4902-bfea-2360bfe41b9a,86e0f3f2-3c06-4902-bfea-2360bfe41b9a,f,,,448025a0-0ff7-4ed0-a917-399a73decef2,2025-07-02 18:57:05.096643-07,2025-07-04 02:14:27.378987-07,,NET-MEN-1,NET-MEN-,1,network,channel_network,network_20260823_075711,2026-08-23 07:57:42.153778
8a262599-8e89-4d09-ac7e-ffb796e9c389,METUB Network,,,43f06182-5eb3-4c65-a524-f723cf7ebfe9,,f,,,36310203-8005-41dc-b51e-a8dc52960496,2026-02-12 01:52:45.400354-08,,,NET-MENE,MENE,0,network,channel_network,network_20260823_075711,2026-08-23 07:57:42.153778
8a39f4a6-e215-458c-b435-febfa520a13b,ARTI PROJECT,,,86e0f3f2-3c06-4902-bfea-2360bfe41b9a,,f,,,448025a0-0ff7-4ed0-a917-399a73decef2,2025-07-02 19:13:40.369327-07,,,NET-ART-1,NET-ART-,1,network,channel_network,network_20260823_075711,2026-08-23 07:57:42.153778
8b5e6d7d-65eb-4e53-8fe2-94aa2bacc32a,Muse Network - E,,,43f06182-5eb3-4c65-a524-f723cf7ebfe9,,t,2025-12-24 22:52:46.296708-08,43f06182-5eb3-4c65-a524-f723cf7ebfe9,36310203-8005-41dc-b51e-a8dc52960496,2025-12-24 22:52:25.59999-08,,,NET-MNE,MNE,0,network,channel_network,network_20260823_075711,2026-08-23 07:57:42.153778
8bf0ed1b-7b26-41db-a020-26c8fb5a8572,DashGo,,,3a6d8830-8ce1-4a58-9b7b-be4f3e50bde0,,t,,,448025a0-0ff7-4ed0-a917-399a73decef2,2025-11-20 17:44:08.311648-08,,,DASHGO,DASHGO,0,network,channel_network,network_20260823_075711,2026-08-23 07:57:42.153778
8c65ff3b-e821-4baf-85dc-88a830dd7301,JONNEYETV,,,86e0f3f2-3c06-4902-bfea-2360bfe41b9a,,f,,,448025a0-0ff7-4ed0-a917-399a73decef2,2025-07-02 19:56:57.706736-07,,,NET-JON-1,NET-JON-,1,network,channel_network,network_20260823_075711,2026-08-23 07:57:42.153778
8c8cdd91-93bf-4266-a5e8-7603666754e7,SPIRIT STUDIO,,,d54d395f-d027-40fb-a19c-723d01f6a380,d54d395f-d027-40fb-a19c-723d01f6a380,f,,,448025a0-0ff7-4ed0-a917-399a73decef2,2025-07-18 00:33:47.327477-07,2025-07-18 00:34:03.700554-07,,SPST,SPST,0,network,channel_network,network_20260823_075711,2026-08-23 07:57:42.153778
8db8de24-a52d-4375-b940-31ef105d90f1,321 Media,,,43f06182-5eb3-4c65-a524-f723cf7ebfe9,,t,2025-12-24 22:35:03.113131-08,43f06182-5eb3-4c65-a524-f723cf7ebfe9,36310203-8005-41dc-b51e-a8dc52960496,2025-12-24 18:51:34.818825-08,,,NET-32ME,32ME,0,network,channel_network,network_20260823_075711,2026-08-23 07:57:42.153778
8ddeadd1-55d1-4a9d-83fa-2fa921eccc9d,BH MEDIA,2CFD303E-230A-40C4-A8F3-C4BFBBDCD226,7A469C59-54C1-4E27-9D4A-965CFBA55847,86e0f3f2-3c06-4902-bfea-2360bfe41b9a,,f,,,448025a0-0ff7-4ed0-a917-399a73decef2,2025-07-02 18:42:17.750157-07,,,NET-BHM-1,NET-BHM-,1,network,channel_network,network_20260823_075711,2026-08-23 07:57:42.153778
8f686d3a-36ea-4533-958b-e70e82ed33b0,ZEE MEDIA,,,d54d395f-d027-40fb-a19c-723d01f6a380,,f,,,448025a0-0ff7-4ed0-a917-399a73decef2,2025-07-17 23:51:07.927522-07,,,ZEME,ZEME,0,network,channel_network,network_20260823_075711,2026-08-23 07:57:42.153778
8fd72cd2-7e04-4952-8b44-ca4354b7c70b,PingNetwork,2CFD303E-230A-40C4-A8F3-C4BFBBDCD226,64E748BB-03A3-44AB-83A8-69CFD1C47C17,3a6d8830-8ce1-4a58-9b7b-be4f3e50bde0,229dc6f0-0c2f-42cc-8d32-7c3397e96194,t,,,448025a0-0ff7-4ed0-a917-399a73decef2,2025-11-20 17:57:04.283531-08,2025-11-25 17:52:32.779931-08,,PINGNETWORK,PINGNETWORK,0,network,channel_network,network_20260823_075711,2026-08-23 07:57:42.153778
90fed1f1-65ed-474c-9c10-39c677da6f63,Menta Music,,,43f06182-5eb3-4c65-a524-f723cf7ebfe9,,f,,,36310203-8005-41dc-b51e-a8dc52960496,2025-12-25 18:09:18.265853-08,,,NET-MEMU,MEMU,0,network,channel_network,network_20260823_075711,2026-08-23 07:57:42.153778
924a1b2c-46ad-47ca-9401-0b10d76e508f,Bongo Studio,2CFD303E-230A-40C4-A8F3-C4BFBBDCD226,,229dc6f0-0c2f-42cc-8d32-7c3397e96194,,t,,,448025a0-0ff7-4ed0-a917-399a73decef2,2026-02-08 23:28:51.199051-08,,,NET-BOST,BOST,0,network,channel_network,network_20260823_075711,2026-08-23 07:57:42.153778
927cecda-6bfe-4b34-995a-22c17d2e9795,MUSE NETWORK,6EDA34C3-25B8-43E3-97F2-4B7E02247DAC,8FBDC1E1-0CF7-4CEB-A5CA-3066538E6EED,86e0f3f2-3c06-4902-bfea-2360bfe41b9a,,f,,,448025a0-0ff7-4ed0-a917-399a73decef2,2025-07-02 20:19:59.445721-07,,,NET-MUS-1,NET-MUS-,1,network,channel_network,network_20260823_075711,2026-08-23 07:57:42.153778
92dd5c49-b032-4bb9-8ac8-32d93668a7de,AIR PREMIUM,,,86e0f3f2-3c06-4902-bfea-2360bfe41b9a,,f,,,448025a0-0ff7-4ed0-a917-399a73decef2,2025-07-02 19:13:01.346533-07,,,NET-AIR-1,NET-AIR-,1,network,channel_network,network_20260823_075711,2026-08-23 07:57:42.153778
937fb94f-f988-4671-b54d-b591a1e72ab7,In-sane Managed,,,86495fa0-1613-4cd4-a566-52bd123cf0df,,f,,,448025a0-0ff7-4ed0-a917-399a73decef2,2025-10-09 01:25:01.786088-07,,,NET-INMA-1,INMA-,1,network,channel_network,network_20260823_075711,2026-08-23 07:57:42.153778
96a42cc3-08dc-42a4-9ffb-e6a4c9e33e21,THINKBIG,6EDA34C3-25B8-43E3-97F2-4B7E02247DAC,8FBDC1E1-0CF7-4CEB-A5CA-3066538E6EED,86e0f3f2-3c06-4902-bfea-2360bfe41b9a,,f,,,448025a0-0ff7-4ed0-a917-399a73decef2,2025-07-02 20:25:34.381048-07,,,NET-THI-1,NET-THI-,1,network,channel_network,network_20260823_075711,2026-08-23 07:57:42.153778
995748e2-a2cf-4e30-a8a7-56f74336ca74,LeTV - Le Shi Internet,,,a49192c4-8bb3-4976-a588-82de978a882e,,f,,,36310203-8005-41dc-b51e-a8dc52960496,2026-04-24 21:39:19.789544-07,,,NET-LLSI,LLSI,0,network,channel_network,network_20260823_075711,2026-08-23 07:57:42.153778
9a3805f9-8d80-42f5-9e4f-93c8e118e31c,UMAG,,,43f06182-5eb3-4c65-a524-f723cf7ebfe9,,f,,,36310203-8005-41dc-b51e-a8dc52960496,2025-12-24 23:06:17.852635-08,,,NET-UMA,UMA,0,network,channel_network,network_20260823_075711,2026-08-23 07:57:42.153778
9a57d3e3-e67c-441e-8d47-d405ae1170e6,ODE,,,43f06182-5eb3-4c65-a524-f723cf7ebfe9,,f,,,36310203-8005-41dc-b51e-a8dc52960496,2026-02-12 19:29:33.287618-08,,,NET-ODE,ODE,0,network,channel_network,network_20260823_075711,2026-08-23 07:57:42.153778
9c33ab4b-de46-484c-ae24-b90b6df2826a,Assane Mbengue,,,d54d395f-d027-40fb-a19c-723d01f6a380,,f,,,448025a0-0ff7-4ed0-a917-399a73decef2,2025-07-18 00:35:22.753881-07,,,ASMB,ASMB,0,network,channel_network,network_20260823_075711,2026-08-23 07:57:42.153778
9d114833-dfe7-4159-aab9-39ad299670ba,Hashtag 2,,,a49192c4-8bb3-4976-a588-82de978a882e,,f,,,36310203-8005-41dc-b51e-a8dc52960496,2026-08-19 21:34:13.90692-07,,,NET-HA2,HA,2,network,channel_network,network_20260823_075711,2026-08-23 07:57:42.153778
9e2f0fed-0075-4020-be08-a4fe46ccc764,Ohene Media,,,43f06182-5eb3-4c65-a524-f723cf7ebfe9,,f,,,36310203-8005-41dc-b51e-a8dc52960496,2026-03-30 02:20:51.56011-07,,,NET-OHME,OHME,0,network,channel_network,network_20260823_075711,2026-08-23 07:57:42.153778
a00e7ec4-3861-43cc-8489-b09d31a96672,北京默吉文化传媒有限公司,,,43f06182-5eb3-4c65-a524-f723cf7ebfe9,,f,,,36310203-8005-41dc-b51e-a8dc52960496,2025-12-25 18:32:00.763685-08,,,NET--1,-,1,network,channel_network,network_20260823_075711,2026-08-23 07:57:42.153778
a0abd27b-9d69-4a9a-96ed-a2f2a76808d0,UMAG Music,,,43f06182-5eb3-4c65-a524-f723cf7ebfe9,,t,2025-12-24 22:35:47.900665-08,43f06182-5eb3-4c65-a524-f723cf7ebfe9,36310203-8005-41dc-b51e-a8dc52960496,2025-12-24 18:50:17.920042-08,,,NET-UMMU,UMMU,0,network,channel_network,network_20260823_075711,2026-08-23 07:57:42.153778
a17da0e9-3182-45b0-b25f-3d9622375ca9,香港世纪优优数字科技有限公司,,,43f06182-5eb3-4c65-a524-f723cf7ebfe9,,f,,,36310203-8005-41dc-b51e-a8dc52960496,2026-01-14 18:27:21.434832-08,,,NET--12,-,12,network,channel_network,network_20260823_075711,2026-08-23 07:57:42.153778
a34812c9-7d8f-495d-80c6-29aa701e7a07,GABI,,,86e0f3f2-3c06-4902-bfea-2360bfe41b9a,,f,,,448025a0-0ff7-4ed0-a917-399a73decef2,2025-07-02 19:50:49.05476-07,,,NET-GAB-1,NET-GAB-,1,network,channel_network,network_20260823_075711,2026-08-23 07:57:42.153778
a560cffe-3b5b-48b0-9693-5e3508adcf0a,BAB Media,,,86495fa0-1613-4cd4-a566-52bd123cf0df,86495fa0-1613-4cd4-a566-52bd123cf0df,f,,,448025a0-0ff7-4ed0-a917-399a73decef2,2026-01-09 18:34:08.178049-08,2026-01-09 18:36:35.003445-08,,NET-BAME-1,BAME,0,network,channel_network,network_20260823_075711,2026-08-23 07:57:42.153778
a66f58c3-b06b-405e-bad5-2ef32e32b4c1,Music StarHits,2CFD303E-230A-40C4-A8F3-C4BFBBDCD226,70CECC10-D3F5-4B1A-B6EF-8A576B7EFBF7,126f3d0d-5541-468f-ae80-1cef9ea1a8da,,f,,,448025a0-0ff7-4ed0-a917-399a73decef2,2026-07-30 02:52:30.599338-07,,,NET-MUST,MUST,0,network,channel_network,network_20260823_075711,2026-08-23 07:57:42.153778
a9054532-0687-40d7-832e-88475d556346,AllContent,,,43f06182-5eb3-4c65-a524-f723cf7ebfe9,,f,,,36310203-8005-41dc-b51e-a8dc52960496,2025-12-25 18:10:26.313781-08,,,NET-ALL,ALL,0,network,channel_network,network_20260823_075711,2026-08-23 07:57:42.153778
aa9a84a3-2b65-4dd3-8e80-7dcadef6983a,DigiVox CSP,,,43f06182-5eb3-4c65-a524-f723cf7ebfe9,,t,2025-12-24 22:35:17.993285-08,43f06182-5eb3-4c65-a524-f723cf7ebfe9,36310203-8005-41dc-b51e-a8dc52960496,2025-12-24 18:51:11.783641-08,,,NET-DICS,DICS,0,network,channel_network,network_20260823_075711,2026-08-23 07:57:42.153778
aafd8ebf-bd03-453f-9186-063f82271e06,SEEEN_Managed,,,43f06182-5eb3-4c65-a524-f723cf7ebfe9,,f,,,36310203-8005-41dc-b51e-a8dc52960496,2025-12-24 23:08:06.599764-08,,,NET-SEE,SEE,0,network,channel_network,network_20260823_075711,2026-08-23 07:57:42.153778
aafeb636-e14a-46f2-a206-8bf1a6c6f897,Time SpA - Sounday,,,43f06182-5eb3-4c65-a524-f723cf7ebfe9,,f,,,36310203-8005-41dc-b51e-a8dc52960496,2026-02-12 01:40:12.616706-08,,,NET-TSS,TSS,0,network,channel_network,network_20260823_075711,2026-08-23 07:57:42.153778
ac597b42-5974-4947-89c3-b7a64c149116,RHEI MUSIC,BFAB679C-A663-468D-8A41-0C2153489A54,ED82D03E-6CF3-4A3C-BEBD-E6BDAB4AB183,86e0f3f2-3c06-4902-bfea-2360bfe41b9a,,f,,,448025a0-0ff7-4ed0-a917-399a73decef2,2025-07-02 19:19:41.328585-07,,,NET-RHE-1,NET-RHE-,1,network,channel_network,network_20260823_075711,2026-08-23 07:57:42.153778
aeb625ce-5087-45b5-96c4-d15a819850c5,Pepper Media,2CFD303E-230A-40C4-A8F3-C4BFBBDCD226,64E748BB-03A3-44AB-83A8-69CFD1C47C17,3a6d8830-8ce1-4a58-9b7b-be4f3e50bde0,3a6d8830-8ce1-4a58-9b7b-be4f3e50bde0,t,,,448025a0-0ff7-4ed0-a917-399a73decef2,2025-11-20 17:45:09.89182-08,2025-11-25 19:29:25.370977-08,,PEPPER,PEPPER,0,network,channel_network,network_20260823_075711,2026-08-23 07:57:42.153778
aff98977-baa0-41e7-9f7d-49d58da05020,THINKBIG,3863BD72-5FD0-4760-AB3D-58C99BEBF1E1,8FBDC1E1-0CF7-4CEB-A5CA-3066538E6EED,229dc6f0-0c2f-42cc-8d32-7c3397e96194,,t,,,448025a0-0ff7-4ed0-a917-399a73decef2,2025-11-20 01:03:45.656717-08,,,THINKBIG,THINKBIG,0,network,channel_network,network_20260823_075711,2026-08-23 07:57:42.153778
b0f9af9c-0e01-4c56-bbd5-1da5bbcabb95,THINKBIG,,,43f06182-5eb3-4c65-a524-f723cf7ebfe9,,f,,,36310203-8005-41dc-b51e-a8dc52960496,2025-12-24 23:07:23.475411-08,,,NET-THI,THI,0,network,channel_network,network_20260823_075711,2026-08-23 07:57:42.153778
b22b8a4a-d455-4ccb-92cf-833f8c1b2cf1,HT Mobile,,,43f06182-5eb3-4c65-a524-f723cf7ebfe9,,f,,,36310203-8005-41dc-b51e-a8dc52960496,2025-12-25 18:09:29.434354-08,,,NET-HTMO,HTMO,0,network,channel_network,network_20260823_075711,2026-08-23 07:57:42.153778
b2f86f34-327b-4d49-827e-8c6cfd698a22,Ninova Entertainment LTD,,,43f06182-5eb3-4c65-a524-f723cf7ebfe9,,f,,,36310203-8005-41dc-b51e-a8dc52960496,2026-03-22 19:58:22.532422-07,,,NET-NEL,NEL,0,network,channel_network,network_20260823_075711,2026-08-23 07:57:42.153778
b519157e-22ac-4e96-ac94-cc970e84a019,EMDC,6EDA34C3-25B8-43E3-97F2-4B7E02247DAC,04E26E62-905A-4FCA-BCA4-F03B46877775,86e0f3f2-3c06-4902-bfea-2360bfe41b9a,,f,,,448025a0-0ff7-4ed0-a917-399a73decef2,2025-07-02 19:35:01.897859-07,,,NET-EMD-1,NET-EMD-,1,network,channel_network,network_20260823_075711,2026-08-23 07:57:42.153778
b5be41d0-bc85-4f2b-9245-e2fb44bc469e,QMG,,,83ba83df-ee0a-473e-89f3-a27168c823e0,,f,,,448025a0-0ff7-4ed0-a917-399a73decef2,2026-07-30 01:17:41.556569-07,,,NET-QMG,QMG,0,network,channel_network,network_20260823_075711,2026-08-23 07:57:42.153778
bacfcd2d-a7ce-47a8-9e1d-7dbc987f3a1b,Không xác định,,,86e0f3f2-3c06-4902-bfea-2360bfe41b9a,,f,,,448025a0-0ff7-4ed0-a917-399a73decef2,2025-07-22 19:41:20.123637-07,,,KXD,KXD,0,network,channel_network,network_20260823_075711,2026-08-23 07:57:42.153778
bbda8f68-61c0-4c4d-890a-49dcadb53a5b,"VIMOBI CO., LTD",2CFD303E-230A-40C4-A8F3-C4BFBBDCD226,7A469C59-54C1-4E27-9D4A-965CFBA55847,86e0f3f2-3c06-4902-bfea-2360bfe41b9a,,f,,,448025a0-0ff7-4ed0-a917-399a73decef2,2025-07-02 20:38:22.052072-07,,,NET-VIM-1,NET-VIM-,1,network,channel_network,network_20260823_075711,2026-08-23 07:57:42.153778
bcd3609e-f892-4ea4-b3f0-d158fbd07f42,pingnetwork_music,,,43f06182-5eb3-4c65-a524-f723cf7ebfe9,,f,,,36310203-8005-41dc-b51e-a8dc52960496,2025-12-25 18:09:09.161005-08,,,NET-PIN,PIN,0,network,channel_network,network_20260823_075711,2026-08-23 07:57:42.153778
bcefa921-ff00-4521-9f7e-65bb927c44ba,SEEEN_Managed (FM),2CFD303E-230A-40C4-A8F3-C4BFBBDCD226,,229dc6f0-0c2f-42cc-8d32-7c3397e96194,,t,,,448025a0-0ff7-4ed0-a917-399a73decef2,2026-02-08 23:28:03.14411-08,,,NET-SEFM,SEFM,0,network,channel_network,network_20260823_075711,2026-08-23 07:57:42.153778
bd443c21-bb21-4010-9f82-97ea277f84e0,TELLYTUNE ENT,2CFD303E-230A-40C4-A8F3-C4BFBBDCD226,64E748BB-03A3-44AB-83A8-69CFD1C47C17,86e0f3f2-3c06-4902-bfea-2360bfe41b9a,86495fa0-1613-4cd4-a566-52bd123cf0df,f,,,448025a0-0ff7-4ed0-a917-399a73decef2,2025-07-02 20:24:40.18318-07,2025-07-17 23:58:16.47733-07,,NET-TEL-1,NET-TEL-,1,network,channel_network,network_20260823_075711,2026-08-23 07:57:42.153778
be381c96-66a7-471b-be3f-badebf5162cd,Bab Media,,,43f06182-5eb3-4c65-a524-f723cf7ebfe9,,f,,,36310203-8005-41dc-b51e-a8dc52960496,2025-12-24 23:10:26.446986-08,,,NET-BAME,BAME,0,network,channel_network,network_20260823_075711,2026-08-23 07:57:42.153778
bfeb8e83-31f0-4401-be79-2e93c626388d,JAZZEEBLUERECORDS,,,86e0f3f2-3c06-4902-bfea-2360bfe41b9a,,f,,,448025a0-0ff7-4ed0-a917-399a73decef2,2025-07-02 19:53:37.663214-07,,,NET-JAZ-1,NET-JAZ-,1,network,channel_network,network_20260823_075711,2026-08-23 07:57:42.153778
c00b5f3b-dcde-48ed-bc77-ac9cfab7ec97,Shebbyx,,,2cd51d46-fd75-4248-bcbe-1641ada95366,,f,,,448025a0-0ff7-4ed0-a917-399a73decef2,2026-07-15 23:58:56.026575-07,,,NET-SHE,SHE,0,network,channel_network,network_20260823_075711,2026-08-23 07:57:42.153778
c0568020-d1f8-4f8f-84d7-e4e955ca4cd1,ascoltalamusicavideo,,,43f06182-5eb3-4c65-a524-f723cf7ebfe9,,f,,,36310203-8005-41dc-b51e-a8dc52960496,2025-12-25 18:10:06.428239-08,,,NET-ASC,ASC,0,network,channel_network,network_20260823_075711,2026-08-23 07:57:42.153778
c3412026-9714-4fde-8e82-e5b7d1c0cb76,Dwaem Media Group,,,43f06182-5eb3-4c65-a524-f723cf7ebfe9,,t,2025-12-24 22:35:20.237595-08,43f06182-5eb3-4c65-a524-f723cf7ebfe9,36310203-8005-41dc-b51e-a8dc52960496,2025-12-24 18:51:05.229847-08,,,NET-DMG,DMG,0,network,channel_network,network_20260823_075711,2026-08-23 07:57:42.153778
c489028d-80e2-402c-bb16-e63694c6445e,SVG Sports & Entertainment,,,a49192c4-8bb3-4976-a588-82de978a882e,,f,,,36310203-8005-41dc-b51e-a8dc52960496,2026-07-19 18:15:20.816278-07,,,NET-SVSP,SVSP,0,network,channel_network,network_20260823_075711,2026-08-23 07:57:42.153778
c69ccc09-e31b-4785-9d5c-fdc157b88b27,Muse Network - M,BFAB679C-A663-468D-8A41-0C2153489A54,ED82D03E-6CF3-4A3C-BEBD-E6BDAB4AB183,43f06182-5eb3-4c65-a524-f723cf7ebfe9,43f06182-5eb3-4c65-a524-f723cf7ebfe9,t,2025-12-24 22:35:34.996069-08,43f06182-5eb3-4c65-a524-f723cf7ebfe9,36310203-8005-41dc-b51e-a8dc52960496,2025-12-23 20:19:51.775662-08,2025-12-24 18:49:52.074579-08,,NET-MNMB,MNMB,0,network,channel_network,network_20260823_075711,2026-08-23 07:57:42.153778
c6d42901-14eb-4485-9aff-caf84bb4ea77,"Beijing Hanqi Culture Communication Co., Ltd",2CFD303E-230A-40C4-A8F3-C4BFBBDCD226,C081FB41-2B90-4D5A-ADCD-3B3C3FABEEFF,3a6d8830-8ce1-4a58-9b7b-be4f3e50bde0,3a6d8830-8ce1-4a58-9b7b-be4f3e50bde0,t,,,448025a0-0ff7-4ed0-a917-399a73decef2,2025-11-20 17:42:39.501953-08,2025-11-25 19:31:26.11272-08,,BHCD,BHCD,0,network,channel_network,network_20260823_075711,2026-08-23 07:57:42.153778
c6e95e3e-b803-4a2f-b642-c3906212abed,SYSTEMRECORDINGS,,,86e0f3f2-3c06-4902-bfea-2360bfe41b9a,,f,,,448025a0-0ff7-4ed0-a917-399a73decef2,2025-07-02 19:40:29.705966-07,,,NET-SYS-1,NET-SYS-,1,network,channel_network,network_20260823_075711,2026-08-23 07:57:42.153778
c704d4b9-3751-41f3-b0ec-f684d052ef66,The District,,,43f06182-5eb3-4c65-a524-f723cf7ebfe9,,t,2025-12-24 22:35:45.438555-08,43f06182-5eb3-4c65-a524-f723cf7ebfe9,36310203-8005-41dc-b51e-a8dc52960496,2025-12-24 18:50:22.877419-08,,,NET-THDI,THDI,0,network,channel_network,network_20260823_075711,2026-08-23 07:57:42.153778
c740e31b-3623-4a4f-9b35-a8db911f0282,ABC DIGITAL,6EDA34C3-25B8-43E3-97F2-4B7E02247DAC,F327A54B-894D-4EAE-BCBC-7F824CF94323,86e0f3f2-3c06-4902-bfea-2360bfe41b9a,,f,,,448025a0-0ff7-4ed0-a917-399a73decef2,2025-07-02 18:41:27.033221-07,,,NET-ABC-1,NET-ABC-,1,network,channel_network,network_20260823_075711,2026-08-23 07:57:42.153778
c7607071-e862-4b9c-9930-227a168e5382,Frederator Allied Affiliate,2CFD303E-230A-40C4-A8F3-C4BFBBDCD226,,229dc6f0-0c2f-42cc-8d32-7c3397e96194,,t,,,448025a0-0ff7-4ed0-a917-399a73decef2,2026-02-08 23:29:13.299673-08,,,NET-FAA,FAA,0,network,channel_network,network_20260823_075711,2026-08-23 07:57:42.153778
c9351bef-c0cf-4e57-b934-09a233c2f261,FamiLeague,,,a49192c4-8bb3-4976-a588-82de978a882e,,f,,,36310203-8005-41dc-b51e-a8dc52960496,2026-07-19 18:17:01.489979-07,,,NET-FAM,FAM,0,network,channel_network,network_20260823_075711,2026-08-23 07:57:42.153778
cb7804c0-7553-46ea-8590-a57e030336bf,Zee Media Corporation Limited,,,43f06182-5eb3-4c65-a524-f723cf7ebfe9,,t,2025-12-24 18:59:53.700965-08,43f06182-5eb3-4c65-a524-f723cf7ebfe9,36310203-8005-41dc-b51e-a8dc52960496,2025-12-24 18:49:45.437456-08,,,NET-ZMCL,ZMCL,0,network,channel_network,network_20260823_075711,2026-08-23 07:57:42.153778
cbd55485-580a-4665-a0ca-f5601a59af10,Qyuki_Music,,,a49192c4-8bb3-4976-a588-82de978a882e,,f,,,36310203-8005-41dc-b51e-a8dc52960496,2026-05-20 18:43:40.294814-07,,,NET-QYU,QYU,0,network,channel_network,network_20260823_075711,2026-08-23 07:57:42.153778
ccf4644f-e4ec-476c-b651-8608d37bf511,Digital Minds Music,6EDA34C3-25B8-43E3-97F2-4B7E02247DAC,217F5AEC-2ECE-48D6-B9DC-0E17F287594D,3a6d8830-8ce1-4a58-9b7b-be4f3e50bde0,3a6d8830-8ce1-4a58-9b7b-be4f3e50bde0,t,,,448025a0-0ff7-4ed0-a917-399a73decef2,2025-11-20 17:39:34.553218-08,2025-11-25 19:42:12.571872-08,,DIGITALMINDS,DIGITALMINDS,0,network,channel_network,network_20260823_075711,2026-08-23 07:57:42.153778
cd0ebc3a-b2af-4aab-a572-d75c2298dd3b,Mobile 1 Music,,,d54d395f-d027-40fb-a19c-723d01f6a380,,f,,,448025a0-0ff7-4ed0-a917-399a73decef2,2025-12-09 23:27:51.332956-08,,,NET-M1M,M1M,0,network,channel_network,network_20260823_075711,2026-08-23 07:57:42.153778
cd9f408d-b451-4b74-b250-cca17d693703,PT Kokiku Media Indonesia,,,a49192c4-8bb3-4976-a588-82de978a882e,,f,,,36310203-8005-41dc-b51e-a8dc52960496,2026-06-11 18:28:18.60758-07,,,NET-PKMI,PKMI,0,network,channel_network,network_20260823_075711,2026-08-23 07:57:42.153778
cdcc5715-e140-4df5-8bb9-9fa84bb02f8c,Cat Music,,,43f06182-5eb3-4c65-a524-f723cf7ebfe9,,f,,,36310203-8005-41dc-b51e-a8dc52960496,2025-12-24 23:10:08.196802-08,,,NET-CAMU,CAMU,0,network,channel_network,network_20260823_075711,2026-08-23 07:57:42.153778
cde775ff-be63-48cd-8775-24fcc62f7041,ONIRACOM,,,86e0f3f2-3c06-4902-bfea-2360bfe41b9a,,f,,,448025a0-0ff7-4ed0-a917-399a73decef2,2025-07-02 20:21:30.808798-07,,,NET-ONI-1,NET-ONI-,1,network,channel_network,network_20260823_075711,2026-08-23 07:57:42.153778
ceb8bf48-2428-48a8-a975-b6afa379d7e7,BPMDigital,,,3a6d8830-8ce1-4a58-9b7b-be4f3e50bde0,,t,,,448025a0-0ff7-4ed0-a917-399a73decef2,2025-11-20 17:47:15.364008-08,,,BPMDIGITAL,BPMDIGITAL,0,network,channel_network,network_20260823_075711,2026-08-23 07:57:42.153778
cffc4701-fc4d-4f90-985c-0f4fa1ed71fa,OPA Record x,,,a49192c4-8bb3-4976-a588-82de978a882e,,f,,,36310203-8005-41dc-b51e-a8dc52960496,2026-04-24 20:46:10.447792-07,,,NET-ORX,ORX,0,network,channel_network,network_20260823_075711,2026-08-23 07:57:42.153778
d0bf61bf-acb4-40eb-b264-5d409db2f918,[Merlin] Euphoria Media Group,2CFD303E-230A-40C4-A8F3-C4BFBBDCD226,1042EFD6-5451-4AC7-9252-08DECF9BCAAC,3a6d8830-8ce1-4a58-9b7b-be4f3e50bde0,3a6d8830-8ce1-4a58-9b7b-be4f3e50bde0,f,,,448025a0-0ff7-4ed0-a917-399a73decef2,2025-11-20 02:33:55.764075-08,2025-11-25 19:43:22.929919-08,,EUPHORIA,EUPHORIA,0,network,channel_network,network_20260823_075711,2026-08-23 07:57:42.153778
d1c069b5-806f-4447-8c84-031b66dc6a70,WMG,6EDA34C3-25B8-43E3-97F2-4B7E02247DAC,F327A54B-894D-4EAE-BCBC-7F824CF94323,ed86db9a-4911-4264-bef0-4fdde9c14e85,,f,,,448025a0-0ff7-4ed0-a917-399a73decef2,2026-03-10 04:09:10.685189-07,,,NET-WMG,WMG,0,network,channel_network,network_20260823_075711,2026-08-23 07:57:42.153778
d320cfca-1fbe-4a8e-8399-9fd5f674eca6,MediaQuiz,,,d54d395f-d027-40fb-a19c-723d01f6a380,,f,,,448025a0-0ff7-4ed0-a917-399a73decef2,2025-09-09 19:12:17.538124-07,,,NET-MED,MED,0,network,channel_network,network_20260823_075711,2026-08-23 07:57:42.153778
d4174f76-ae98-4620-8024-71efa5fc69b5,Adskimo LTD,2CFD303E-230A-40C4-A8F3-C4BFBBDCD226,F792EC6D-17DF-45B6-8A26-5A29AA4AADEE,3a6d8830-8ce1-4a58-9b7b-be4f3e50bde0,,f,,,448025a0-0ff7-4ed0-a917-399a73decef2,2026-03-24 18:59:10.407417-07,,,ADSKIMO,ADSKIMO,0,network,channel_network,network_20260823_075711,2026-08-23 07:57:42.153778
d5a8714b-4654-46d0-82c9-01841376c5d2,ROUTENOTE,,,86e0f3f2-3c06-4902-bfea-2360bfe41b9a,,f,,,448025a0-0ff7-4ed0-a917-399a73decef2,2025-07-02 20:23:43.095057-07,,,NET-ROU-1,NET-ROU-,1,network,channel_network,network_20260823_075711,2026-08-23 07:57:42.153778
d6548d4b-3b00-4682-a4df-92245612d458,BANIJAY IBERIA MUSIC,,,86e0f3f2-3c06-4902-bfea-2360bfe41b9a,,f,,,448025a0-0ff7-4ed0-a917-399a73decef2,2025-07-02 19:14:00.164384-07,,,NET-BAN-1,NET-BAN-,1,network,channel_network,network_20260823_075711,2026-08-23 07:57:42.153778
d6869263-9b2c-42a9-98f4-98f81b824612,ZOOMIN AFFILIATE,,,86e0f3f2-3c06-4902-bfea-2360bfe41b9a,,f,,,448025a0-0ff7-4ed0-a917-399a73decef2,2025-07-02 20:52:48.530498-07,,,NET-ZOO-1,NET-ZOO-,1,network,channel_network,network_20260823_075711,2026-08-23 07:57:42.153778
d84e5a35-45d5-4b5b-9829-97264547b4c5,PT Suara Mas Abadi,,,43f06182-5eb3-4c65-a524-f723cf7ebfe9,,t,2025-12-24 22:35:42.948194-08,43f06182-5eb3-4c65-a524-f723cf7ebfe9,36310203-8005-41dc-b51e-a8dc52960496,2025-12-24 18:50:29.663598-08,,,NET-PSMA,PSMA,0,network,channel_network,network_20260823_075711,2026-08-23 07:57:42.153778
d90ac5e8-b4a0-4b5f-bd8d-dbbe5fa50011,Thoughtful Global,,,a49192c4-8bb3-4976-a588-82de978a882e,,f,,,36310203-8005-41dc-b51e-a8dc52960496,2026-05-18 17:54:03.825537-07,,,NET-THGL,THGL,0,network,channel_network,network_20260823_075711,2026-08-23 07:57:42.153778
da115fb3-73a8-4734-ba6e-df4e901c2f08,Scale Lab,,,43f06182-5eb3-4c65-a524-f723cf7ebfe9,,f,,,36310203-8005-41dc-b51e-a8dc52960496,2025-12-25 18:08:47.06846-08,,,NET-SCLA,SCLA,0,network,channel_network,network_20260823_075711,2026-08-23 07:57:42.153778
da1b607b-7b1c-43b2-bc00-eb36280aac01,MAD TV,BFAB679C-A663-468D-8A41-0C2153489A54,ED82D03E-6CF3-4A3C-BEBD-E6BDAB4AB183,3a6d8830-8ce1-4a58-9b7b-be4f3e50bde0,3a6d8830-8ce1-4a58-9b7b-be4f3e50bde0,t,,,448025a0-0ff7-4ed0-a917-399a73decef2,2025-11-20 17:43:06.159641-08,2025-11-25 19:30:52.252492-08,,MAD TV,MAD TV,0,network,channel_network,network_20260823_075711,2026-08-23 07:57:42.153778
da613c5a-37bc-4e78-9d9d-7c4998e2214e,China (Zhejiang)Internatioanl Cooperation Zone For Film & TV,,,a49192c4-8bb3-4976-a588-82de978a882e,,f,,,36310203-8005-41dc-b51e-a8dc52960496,2026-05-25 18:13:05.094265-07,,,NET-CZCZFF,CZCZFF,0,network,channel_network,network_20260823_075711,2026-08-23 07:57:42.153778
dbb6deec-f785-4032-be04-2063d5812168,Brothers And Sons SRAV,,,43f06182-5eb3-4c65-a524-f723cf7ebfe9,,f,,,36310203-8005-41dc-b51e-a8dc52960496,2026-01-14 18:17:24.882909-08,,,NET-BASS,BASS,0,network,channel_network,network_20260823_075711,2026-08-23 07:57:42.153778
dc686b7e-5bdd-4319-a6bb-210d162fea38,Cat Music,,,43f06182-5eb3-4c65-a524-f723cf7ebfe9,,t,2025-12-24 22:35:08.8872-08,43f06182-5eb3-4c65-a524-f723cf7ebfe9,36310203-8005-41dc-b51e-a8dc52960496,2025-12-24 18:51:24.396085-08,,,NET-CAMU,CAMU,0,network,channel_network,network_20260823_075711,2026-08-23 07:57:42.153778
dd5d28fb-7988-42e1-8443-40cfc4585b75,Special Effects Media,,,43f06182-5eb3-4c65-a524-f723cf7ebfe9,,f,,,36310203-8005-41dc-b51e-a8dc52960496,2026-03-29 02:08:17.313794-07,,,NET-SEM,SEM,0,network,channel_network,network_20260823_075711,2026-08-23 07:57:42.153778
e019aa69-9d26-43ee-ae58-8de39e32a63f,YB MEDIA,2CFD303E-230A-40C4-A8F3-C4BFBBDCD226,C081FB41-2B90-4D5A-ADCD-3B3C3FABEEFF,86e0f3f2-3c06-4902-bfea-2360bfe41b9a,,f,,,448025a0-0ff7-4ed0-a917-399a73decef2,2025-07-02 20:39:41.782143-07,,,NET-YBM-1,NET-YBM-,1,network,channel_network,network_20260823_075711,2026-08-23 07:57:42.153778
e1c4ec1c-b16a-499e-aabf-621df96a69d6,BusinessOfCinema,,,43f06182-5eb3-4c65-a524-f723cf7ebfe9,,f,,,36310203-8005-41dc-b51e-a8dc52960496,2026-02-12 23:24:15.653172-08,,,NET-BUS,BUS,0,network,channel_network,network_20260823_075711,2026-08-23 07:57:42.153778
e25134fa-8497-4cac-98fe-f2094f619431,MayavinRecordsSRL,,,ed86db9a-4911-4264-bef0-4fdde9c14e85,,f,,,448025a0-0ff7-4ed0-a917-399a73decef2,2026-08-12 20:28:54.003644-07,,,NET-MAY,MAY,0,network,channel_network,network_20260823_075711,2026-08-23 07:57:42.153778
e4314a2e-872e-478a-a2a1-c2c3af4f416b,VIEENT,2CFD303E-230A-40C4-A8F3-C4BFBBDCD226,7A469C59-54C1-4E27-9D4A-965CFBA55847,86e0f3f2-3c06-4902-bfea-2360bfe41b9a,,f,,,448025a0-0ff7-4ed0-a917-399a73decef2,2025-07-02 18:50:53.170233-07,,,NET-VIE-1,NET-VIE-,1,network,channel_network,network_20260823_075711,2026-08-23 07:57:42.153778
e4676702-f5b9-45b0-8f87-cf51665c321a,ACIFIN,,,86e0f3f2-3c06-4902-bfea-2360bfe41b9a,,f,,,448025a0-0ff7-4ed0-a917-399a73decef2,2025-07-02 18:53:42.751448-07,,,NET-ACI-1,NET-ACI-,1,network,channel_network,network_20260823_075711,2026-08-23 07:57:42.153778
e5674692-3a3d-4afe-98f8-a2287dd946cb,SCALE LAB,BFAB679C-A663-468D-8A41-0C2153489A54,ED82D03E-6CF3-4A3C-BEBD-E6BDAB4AB183,86e0f3f2-3c06-4902-bfea-2360bfe41b9a,,f,,,448025a0-0ff7-4ed0-a917-399a73decef2,2025-07-02 20:24:10.536507-07,,,NET-SCA-1,NET-SCA-,1,network,channel_network,network_20260823_075711,2026-08-23 07:57:42.153778
e6922f2e-fd0f-4dcb-8152-24b0f32b26b8,Spirit Digital Media,,,43f06182-5eb3-4c65-a524-f723cf7ebfe9,,f,,,36310203-8005-41dc-b51e-a8dc52960496,2025-12-24 23:27:36.897031-08,,,NET-SDM,SDM,0,network,channel_network,network_20260823_075711,2026-08-23 07:57:42.153778
e7ff2a40-7387-435d-8e4f-c1646949d488,DANMARK MUSIC,,,86e0f3f2-3c06-4902-bfea-2360bfe41b9a,,f,,,448025a0-0ff7-4ed0-a917-399a73decef2,2025-07-02 18:42:44.149755-07,,,NET-DAN-1,NET-DAN-,1,network,channel_network,network_20260823_075711,2026-08-23 07:57:42.153778
eb6c2ea2-df58-4139-a083-c772c04840fe,FMC MUSIC SDN BHD MALAYSIA,2CFD303E-230A-40C4-A8F3-C4BFBBDCD226,ED8A2C4C-F699-4A35-97E9-03C7CD3E8BF2,86e0f3f2-3c06-4902-bfea-2360bfe41b9a,,f,,,448025a0-0ff7-4ed0-a917-399a73decef2,2025-07-02 19:49:40.54585-07,,,NET-FMC-1,NET-FMC-,1,network,channel_network,network_20260823_075711,2026-08-23 07:57:42.153778
ee9c2ef5-5be6-4662-aa6e-0b7cecda5d92,Grand Technology,,,86495fa0-1613-4cd4-a566-52bd123cf0df,,f,,,448025a0-0ff7-4ed0-a917-399a73decef2,2025-09-16 21:14:13.094777-07,,,NET-GRTE,GRTE,0,network,channel_network,network_20260823_075711,2026-08-23 07:57:42.153778
f09850e3-8725-4ca6-9c48-d36a594ffeaf,THE DISTRICT,,,86e0f3f2-3c06-4902-bfea-2360bfe41b9a,,f,,,448025a0-0ff7-4ed0-a917-399a73decef2,2025-07-02 19:20:12.448168-07,,,NET-THE-1,NET-THE-,1,network,channel_network,network_20260823_075711,2026-08-23 07:57:42.153778
f1d07761-b3be-4d05-a61c-5693210be69e,Eager Media,,,43f06182-5eb3-4c65-a524-f723cf7ebfe9,,f,,,36310203-8005-41dc-b51e-a8dc52960496,2026-03-22 19:58:33.739676-07,,,NET-EAME,EAME,0,network,channel_network,network_20260823_075711,2026-08-23 07:57:42.153778
f2535cde-b227-4773-86c8-0f7d133ec863,NetD Channels,6EDA34C3-25B8-43E3-97F2-4B7E02247DAC,8FBDC1E1-0CF7-4CEB-A5CA-3066538E6EED,229dc6f0-0c2f-42cc-8d32-7c3397e96194,,f,,,448025a0-0ff7-4ed0-a917-399a73decef2,2026-07-27 09:24:27.016685-07,,,NETD,NETD,0,network,channel_network,network_20260823_075711,2026-08-23 07:57:42.153778
f4255664-32ca-44c3-9a53-42d9f5fca949,Landvogel TV,,,86495fa0-1613-4cd4-a566-52bd123cf0df,,f,,,448025a0-0ff7-4ed0-a917-399a73decef2,2026-04-12 21:18:26.79901-07,,,NET-LATV-1,LATV-,1,network,channel_network,network_20260823_075711,2026-08-23 07:57:42.153778
f4bf0e84-8a3b-4674-9911-0dca5698f088,PT Suara Mas Abadi (FM),2CFD303E-230A-40C4-A8F3-C4BFBBDCD226,70CECC10-D3F5-4B1A-B6EF-8A576B7EFBF7,229dc6f0-0c2f-42cc-8d32-7c3397e96194,,t,,,448025a0-0ff7-4ed0-a917-399a73decef2,2025-11-20 02:09:45.337492-08,,,STARHIT,STARHIT,0,network,channel_network,network_20260823_075711,2026-08-23 07:57:42.153778
f5aa1ec9-08f0-4d97-943a-23e69cfd0b67,MusicFactory,6EDA34C3-25B8-43E3-97F2-4B7E02247DAC,F327A54B-894D-4EAE-BCBC-7F824CF94323,3a6d8830-8ce1-4a58-9b7b-be4f3e50bde0,3a6d8830-8ce1-4a58-9b7b-be4f3e50bde0,t,,,448025a0-0ff7-4ed0-a917-399a73decef2,2025-11-20 17:48:29.04444-08,2025-11-25 19:17:16.752394-08,,MUSICFACTORY,MUSICFACTORY,0,network,channel_network,network_20260823_075711,2026-08-23 07:57:42.153778
f675e58a-48c2-4bcc-9a83-5fcdf36cf272,Mova,,,6a34ddae-be72-471a-ad45-7e226c3a141f,,t,2026-02-04 17:44:41.455055-08,6a34ddae-be72-471a-ad45-7e226c3a141f,448025a0-0ff7-4ed0-a917-399a73decef2,2026-02-04 17:43:19.476352-08,,,NET-MOV,MOV,0,network,channel_network,network_20260823_075711,2026-08-23 07:57:42.153778
f7a6fefb-e432-43f7-ad04-12f196e5d757,WMNNSL,,,43f06182-5eb3-4c65-a524-f723cf7ebfe9,,f,,,36310203-8005-41dc-b51e-a8dc52960496,2025-12-24 23:27:16.818683-08,,,NET-WMN,WMN,0,network,channel_network,network_20260823_075711,2026-08-23 07:57:42.153778
f7c75fe6-98bd-49c0-9429-0450730c5d22,Menta Music,,,43f06182-5eb3-4c65-a524-f723cf7ebfe9,,t,2025-12-24 22:35:27.60975-08,43f06182-5eb3-4c65-a524-f723cf7ebfe9,36310203-8005-41dc-b51e-a8dc52960496,2025-12-24 18:50:53.637744-08,,,NET-MEMU,MEMU,0,network,channel_network,network_20260823_075711,2026-08-23 07:57:42.153778
f88ea7db-8d78-4e5d-8374-db7f189e1ff1,The S&D Music Group,6EDA34C3-25B8-43E3-97F2-4B7E02247DAC,F327A54B-894D-4EAE-BCBC-7F824CF94323,3a6d8830-8ce1-4a58-9b7b-be4f3e50bde0,3a6d8830-8ce1-4a58-9b7b-be4f3e50bde0,f,,,448025a0-0ff7-4ed0-a917-399a73decef2,2025-11-20 17:46:44.284259-08,2025-11-25 19:25:13.189107-08,,THE SD,THE SD,0,network,channel_network,network_20260823_075711,2026-08-23 07:57:42.153778
fa4c3af3-54e3-4b49-afff-3d1c690cda75,WMCN_Managed,,,43f06182-5eb3-4c65-a524-f723cf7ebfe9,,f,,,36310203-8005-41dc-b51e-a8dc52960496,2025-12-25 18:31:14.268114-08,,,NET-WMC,WMC,0,network,channel_network,network_20260823_075711,2026-08-23 07:57:42.153778
fc8b6368-4656-4cb2-8598-932701bae264,UNICORN BLACK,2CFD303E-230A-40C4-A8F3-C4BFBBDCD226,64E748BB-03A3-44AB-83A8-69CFD1C47C17,86e0f3f2-3c06-4902-bfea-2360bfe41b9a,,f,,,448025a0-0ff7-4ed0-a917-399a73decef2,2025-07-02 20:37:59.021271-07,,,NET-UNI-1,NET-UNI-,1,network,channel_network,network_20260823_075711,2026-08-23 07:57:42.153778
fccc0591-e959-43cb-a2d8-62ca16075b08,HTB,,,86e0f3f2-3c06-4902-bfea-2360bfe41b9a,,f,,,448025a0-0ff7-4ed0-a917-399a73decef2,2025-07-02 19:53:08.097923-07,,,NET-HTB-1,NET-HTB-,1,network,channel_network,network_20260823_075711,2026-08-23 07:57:42.153778
fcd68df4-0f48-41b1-bf48-7635223ee31c,SVG,,,86495fa0-1613-4cd4-a566-52bd123cf0df,,f,,,448025a0-0ff7-4ed0-a917-399a73decef2,2026-05-21 19:03:52.166415-07,,,NET-SVG-1,SVG-,1,network,channel_network,network_20260823_075711,2026-08-23 07:57:42.153778
fdf3dd8d-68df-40be-aa84-7a90e25325b2,PT SUARA MAS ABADI,,,d54d395f-d027-40fb-a19c-723d01f6a380,,f,,,448025a0-0ff7-4ed0-a917-399a73decef2,2025-07-18 00:41:01.015327-07,,,PSMA,PSMA,0,network,channel_network,network_20260823_075711,2026-08-23 07:57:42.153778
fe0263dd-3a01-45d2-95e2-cc8fde1719b0,Famous ID,,,43f06182-5eb3-4c65-a524-f723cf7ebfe9,,f,,,36310203-8005-41dc-b51e-a8dc52960496,2025-12-25 18:09:39.066678-08,,,NET-FAID,FAID,0,network,channel_network,network_20260823_075711,2026-08-23 07:57:42.153778
fe8e6b33-141c-4736-935b-fcbc495c8b85,EUPHORIA,2CFD303E-230A-40C4-A8F3-C4BFBBDCD226,,86e0f3f2-3c06-4902-bfea-2360bfe41b9a,,f,,,448025a0-0ff7-4ed0-a917-399a73decef2,2025-07-02 18:45:26.952591-07,,,NET-EUP-1,NET-EUP-,1,network,channel_network,network_20260823_075711,2026-08-23 07:57:42.153778
ff01efe8-cfbe-4d09-86c6-ae98777db044,Special Effects Media,,BBCD1EAD-48F7-430D-8BA8-A625340AF14E,86495fa0-1613-4cd4-a566-52bd123cf0df,,f,,,448025a0-0ff7-4ed0-a917-399a73decef2,2026-02-09 19:14:19.511965-08,,,NET-SEM-1,SEM-,1,network,channel_network,network_20260823_075711,2026-08-23 07:57:42.153778
ff94319d-64dc-4d24-aec6-41cf687c138d,Bzzz Entertainment,,,d54d395f-d027-40fb-a19c-723d01f6a380,,f,,,448025a0-0ff7-4ed0-a917-399a73decef2,2025-07-18 00:45:08.687237-07,,,BZEN,BZEN,0,network,channel_network,network_20260823_075711,2026-08-23 07:57:42.153778
fff0071d-5c7b-423a-a3a1-805c857c1ae5,Muse Network - E,,,43f06182-5eb3-4c65-a524-f723cf7ebfe9,,t,2025-12-24 22:35:37.298141-08,43f06182-5eb3-4c65-a524-f723cf7ebfe9,36310203-8005-41dc-b51e-a8dc52960496,2025-12-24 18:50:43.033826-08,,,NET-MNE,MNE,0,network,channel_network,network_20260823_075711,2026-08-23 07:57:42.153778
fff5b751-07cd-401f-9cb2-a52a110c113b,Ohenemedia - Entertainment,6EDA34C3-25B8-43E3-97F2-4B7E02247DAC,F327A54B-894D-4EAE-BCBC-7F824CF94323,3a6d8830-8ce1-4a58-9b7b-be4f3e50bde0,3a6d8830-8ce1-4a58-9b7b-be4f3e50bde0,t,,,448025a0-0ff7-4ed0-a917-399a73decef2,2025-11-25 20:47:55.244703-08,2025-11-25 20:48:06.930466-08,,OHEENTERTAIN,OHEENTERTAIN,0,network,channel_network,network_20260823_075711,2026-08-23 07:57:42.153778
