Tên đối tác,Dòng nhạc,Team sử dụng,Số bài hát,Đơn vị tiền tệ,CP tháng 1,CP tháng 2,CP tháng 3,CP tháng 4,CP tháng 5,CP tháng 6,CP tháng 7,CP tháng 8,CP tháng 9,CP tháng 10,CP tháng 11,CP tháng 12,Total năm,_year,_source_id,_source_sheet,_batch_id,_loaded_at
Ardie Son,Relax,An Tuệ & Vibe,28,"",4.199.760,4.199.760,4.199.760,4.549.740,4.549.740,0,0,0,0,0,0,0,21.698.760,2026,purchase_cost,,purchase_cost_20260701_082202,2026-07-01 08:22:02.444688
Selah Instrumental Music,Phúc Âm,An Tuệ & Vibe,54,"",7.319.760,7.319.760,7.319.760,7.929.740,7.929.740,0,0,0,0,0,0,0,37.818.760,2026,purchase_cost,,purchase_cost_20260701_082202,2026-07-01 08:22:02.444688
Breath Of Heaven,Phúc Âm,An Tuệ,72,"",18.119.760,0,18.119.760,0,19.629.740,0,0,0,0,0,0,0,55.869.260,2026,purchase_cost,,purchase_cost_20260701_082202,2026-07-01 08:22:02.444688
Road Story Records,Deep House,"Red One, An Tuệ, Vibe, Forest","","",9.804.960,9.804.960,9.804.960,10.622.040,0,0,0,0,0,0,0,0,40.036.920,2026,purchase_cost,,purchase_cost_20260701_082202,2026-07-01 08:22:02.444688
Natural Deep (RA music),Deep House,"Red One, An Tuệ, Vibe, Forest","","",8.604.960,8.604.960,8.604.960,9.322.040,0,0,0,0,0,0,0,0,35.136.920,2026,purchase_cost,,purchase_cost_20260701_082202,2026-07-01 08:22:02.444688
Pofiqist,Deep House,Forest,"","",57.804.960,57.804.960,57.804.960,62.622.040,0,0,0,0,0,0,0,0,236.036.920,2026,purchase_cost,,purchase_cost_20260701_082202,2026-07-01 08:22:02.444688
Day dose of house,Deep House,"Red One, An Tuệ, Vibe, Forest","","",0,16.919.760,0,18.329.740,0,0,0,0,0,0,0,0,35.249.500,2026,purchase_cost,,purchase_cost_20260701_082202,2026-07-01 08:22:02.444688
Ardie Son,Relax,An Tuệ & Vibe,28,VND,4.549.740,4.549.740,0,0,0,0,0,4.549.740,4.549.740,4.549.740,4.549.740,4.549.740,31.848.180,2025,purchase_cost,,purchase_cost_20260701_082202,2026-07-01 08:22:02.444688
Selah Instrumental Music,Phúc Âm,An Tuệ & Vibe,54,VND,0,0,0,0,0,0,0,0,0,0,0,0,0,2025,purchase_cost,,purchase_cost_20260701_082202,2026-07-01 08:22:02.444688
Breath Of Heaven,Phúc Âm,An Tuệ,72,VND,0,0,0,0,0,0,0,0,0,0,0,0,0,2025,purchase_cost,,purchase_cost_20260701_082202,2026-07-01 08:22:02.444688
Road Story Records,Deep House,"Red One, An Tuệ, Vibe, Bình Hào, Forest music","",VND,10.660.000,10.660.000,10.660.000,10.660.000,10.660.000,11.216.920,11.147.500,10.622.040,10.622.040,10.622.040,10.622.040,10.622.040,128.774.620,2025,purchase_cost,,purchase_cost_20260701_082202,2026-07-01 08:22:02.444688
Natural Deep (RA music),Deep House,"Red One, An Tuệ, Vibe, Bình Hào, Forest music","",VND,9.490.000,9.490.000,9.490.000,9.490.000,9.490.000,9.423.180,9.322.040,9.322.040,9.322.040,9.322.040,9.322.040,9.322.040,112.805.420,2025,purchase_cost,,purchase_cost_20260701_082202,2026-07-01 08:22:02.444688
Pofiqist,Deep House,Forest music,"",VND,63.673.480,63.673.480,63.673.480,63.673.480,63.673.480,62.723.180,62.622.040,62.622.040,62.622.040,62.622.040,62.622.040,62.622.040,756.822.820,2025,purchase_cost,,purchase_cost_20260701_082202,2026-07-01 08:22:02.444688
Day dose of house,Deep House,"Red One, An Tuệ, Vibe, Bình Hào, Forest music","",VND,0,18.329.740,0,18.329.740,0,18.329.740,0,18.329.740,0,18.329.740,0,18.329.740,109.978.440,2025,purchase_cost,,purchase_cost_20260701_082202,2026-07-01 08:22:02.444688
Different Twins,DEEP HOUSE,"Red One, An Tuệ, Vibe, Bình Hào, MKT 4","",VND,10.529.740,10.529.740,10.529.740,0,0,0,0,0,0,0,0,0,31.589.220,2025,purchase_cost,,purchase_cost_20260701_082202,2026-07-01 08:22:02.444688
Spectrum Recordings,DEEP HOUSE,"Red One, An Tuệ, Vibe, Bình Hào, Forest music","",VND,15.600.000,15.600.000,15.600.000,15.600.000,15.600.000,15.600.000,15.600.000,15.600.000,0,0,0,0,124.800.000,2025,purchase_cost,,purchase_cost_20260701_082202,2026-07-01 08:22:02.444688
Three Dot House,DEEP HOUSE,"Red One, An Tuệ, Vibe, Bình Hào, Forest music","",VND,11.700.000,11.700.000,11.700.000,11.700.000,11.700.000,11.700.000,11.700.000,11.700.000,0,0,0,0,93.600.000,2025,purchase_cost,,purchase_cost_20260701_082202,2026-07-01 08:22:02.444688
Zero claim records,DEEP HOUSE,"","",VND,0,0,0,0,0,0,0,0,0,0,0,0,0,2025,purchase_cost,,purchase_cost_20260701_082202,2026-07-01 08:22:02.444688
Deep strip,DEEP HOUSE,"Red One, An Tuệ, Vibe, Bình Hào, Forest music","",VND,0,13.129.740,0,13.129.740,0,13.129.740,0,0,0,0,0,0,39.389.220,2025,purchase_cost,,purchase_cost_20260701_082202,2026-07-01 08:22:02.444688
Wame record,DEEP HOUSE,"All Team HG, Bình Hào","",VND,9.360.000,0,0,9.360.000,0,0,9.360.000,0,0,9.360.000,0,0,37.440.000,2025,purchase_cost,,purchase_cost_20260701_082202,2026-07-01 08:22:02.444688
Lucid Plain,DEEP HOUSE,"","",VND,0,0,0,0,0,0,0,0,0,0,0,0,0,2025,purchase_cost,,purchase_cost_20260701_082202,2026-07-01 08:22:02.444688
Frequency,DEEP HOUSE,"Red One, An Tuệ, Vibe, Bình Hào, MKT 4","",VND,0,15.729.740,0,0,0,0,0,0,0,0,0,0,15.729.740,2025,purchase_cost,,purchase_cost_20260701_082202,2026-07-01 08:22:02.444688
Tipsy,DEEP HOUSE,"","",VND,0,0,0,0,0,0,0,0,0,0,0,0,0,2025,purchase_cost,,purchase_cost_20260701_082202,2026-07-01 08:22:02.444688
Mark Music Records,DEEP HOUSE,"","",VND,0,0,0,0,0,0,0,0,0,0,0,0,0,2025,purchase_cost,,purchase_cost_20260701_082202,2026-07-01 08:22:02.444688
Denys Demchuk,Relax chung,MKT 4,"",VND,1.591.720,0,0,0,0,0,0,0,0,0,0,0,1.591.720,2025,purchase_cost,,purchase_cost_20260701_082202,2026-07-01 08:22:02.444688
TunePocket,Relax chung,Red One,"",VND,0,0,0,0,0,0,0,0,0,0,0,4.524.000,4.524.000,2025,purchase_cost,,purchase_cost_20260701_082202,2026-07-01 08:22:02.444688
Lopills,Lofi,"","",VND,0,0,0,0,0,0,0,0,0,0,0,0,0,2025,purchase_cost,,purchase_cost_20260701_082202,2026-07-01 08:22:02.444688
PVMM,Lofi,"","",VND,0,0,0,0,0,0,0,0,0,0,0,0,0,2025,purchase_cost,,purchase_cost_20260701_082202,2026-07-01 08:22:02.444688
Lofi Jazz Records,Lofi,"","",VND,0,0,0,0,0,0,0,0,0,0,0,0,0,2025,purchase_cost,,purchase_cost_20260701_082202,2026-07-01 08:22:02.444688
Street Phonk' Records,Phonk,"","",VND,0,0,0,0,0,0,0,0,0,0,0,0,0,2025,purchase_cost,,purchase_cost_20260701_082202,2026-07-01 08:22:02.444688
Aurorian ' Records,Phonk,"","",VND,0,0,0,0,0,0,0,0,0,0,0,0,0,2025,purchase_cost,,purchase_cost_20260701_082202,2026-07-01 08:22:02.444688
Ardie Son,Relax,An Tuệ & Vibe,28,VND,0,0,0,4.549.740,4.549.740,4.549.740,4.549.740,4.549.740,4.549.740,4.549.740,4.549.740,4.549.740,40.947.660,2024,purchase_cost,,purchase_cost_20260701_082202,2026-07-01 08:22:02.444688
Selah Instrumental Music,Phúc Âm,An Tuệ & Vibe,54,"",0,0,0,0,0,0,0,0,0,0,0,0,0,2024,purchase_cost,,purchase_cost_20260701_082202,2026-07-01 08:22:02.444688
Breath Of Heaven,Phúc Âm,An Tuệ,72,"",0,0,0,0,0,0,0,0,0,0,0,0,0,2024,purchase_cost,,purchase_cost_20260701_082202,2026-07-01 08:22:02.444688
Road Story Records,Deep House,"Red One, An Tuệ, Vibe, Bình Hào, Forest music","",VND,10.400.000,10.400.000,10.400.000,10.400.000,10.400.000,10.400.000,10.660.000,10.660.000,10.660.000,10.660.000,10.660.000,10.660.000,126.360.000,2024,purchase_cost,,purchase_cost_20260701_082202,2026-07-01 08:22:02.444688
Natural Deep (RA music),Deep House,"Red One, An Tuệ, Vibe, Bình Hào, Forest music","",VND,9.100.000,9.100.000,9.100.000,9.100.000,9.100.000,9.100.000,9.490.000,9.490.000,9.490.000,9.490.000,9.490.000,9.490.000,111.540.000,2024,purchase_cost,,purchase_cost_20260701_082202,2026-07-01 08:22:02.444688
Pofiqist,Deep House,Forest music,"",VND,0,0,18.590.000,18.590.000,18.590.000,18.590.000,45.101.940,45.101.940,45.101.940,45.101.940,45.101.940,63.673.480,363.543.180,2024,purchase_cost,,purchase_cost_20260701_082202,2026-07-01 08:22:02.444688
Day dose of house,Deep House,"Red One, An Tuệ, Vibe, Bình Hào, Forest music","",VND,0,18.200.000,0,18.200.000,0,18.200.000,0,18.329.740,0,18.329.740,0,18.329.740,109.589.220,2024,purchase_cost,,purchase_cost_20260701_082202,2026-07-01 08:22:02.444688
Different Twins,DEEP HOUSE,"Red One, An Tuệ, Vibe, Bình Hào, MKT 4","",VND,10.400.000,10.400.000,10.400.000,10.400.000,10.400.000,10.400.000,10.529.740,10.529.740,10.529.740,10.529.740,10.529.740,10.529.740,125.578.440,2024,purchase_cost,,purchase_cost_20260701_082202,2026-07-01 08:22:02.444688
Spectrum Recordings,DEEP HOUSE,"Red One, An Tuệ, Vibe, Bình Hào, Forest music","",VND,15.600.000,15.600.000,15.600.000,15.600.000,15.600.000,15.600.000,16.029.000,16.029.000,16.029.000,15.600.000,15.600.000,15.600.000,188.487.000,2024,purchase_cost,,purchase_cost_20260701_082202,2026-07-01 08:22:02.444688
Three Dot House,DEEP HOUSE,"Red One, An Tuệ, Vibe, Bình Hào, Forest music","",VND,11.700.000,11.700.000,11.700.000,11.700.000,11.700.000,11.700.000,11.700.000,11.700.000,11.700.000,11.700.000,11.700.000,11.700.000,140.400.000,2024,purchase_cost,,purchase_cost_20260701_082202,2026-07-01 08:22:02.444688
Zero claim records,DEEP HOUSE,"","","",0,0,0,0,0,0,0,0,0,0,0,0,0,2024,purchase_cost,,purchase_cost_20260701_082202,2026-07-01 08:22:02.444688
Deep strip,DEEP HOUSE,"Red One, An Tuệ, Vibe, Bình Hào, Forest music","",VND,0,13.000.000,0,13.000.000,0,13.000.000,0,13.129.740,0,13.129.740,0,13.129.740,78.389.220,2024,purchase_cost,,purchase_cost_20260701_082202,2026-07-01 08:22:02.444688
Wame record,DEEP HOUSE,"All Team HG, Bình Hào","",VND,9.100.000,0,0,9.100.000,0,0,9.100.000,0,0,9.100.000,0,0,36.400.000,2024,purchase_cost,,purchase_cost_20260701_082202,2026-07-01 08:22:02.444688
Lucid Plain,DEEP HOUSE,"","","",0,0,0,0,0,0,0,0,0,0,0,0,0,2024,purchase_cost,,purchase_cost_20260701_082202,2026-07-01 08:22:02.444688
HalidonMusic,Classical,"","",VND,0,0,0,0,0,0,0,0,0,0,0,0,0,2025,purchase_cost,,purchase_cost_20260701_082202,2026-07-01 08:22:02.444688
Frequency,DEEP HOUSE,"Red One, An Tuệ, Vibe, Bình Hào, MKT 4","",VND,0,15.600.000,0,0,0,0,0,15.729.740,0,0,0,0,31.329.740,2024,purchase_cost,,purchase_cost_20260701_082202,2026-07-01 08:22:02.444688
Tipsy,DEEP HOUSE,"","","",0,0,0,0,0,0,0,0,0,0,0,0,0,2024,purchase_cost,,purchase_cost_20260701_082202,2026-07-01 08:22:02.444688
Mark Music Records,DEEP HOUSE,"","",VND,13.000.000,13.000.000,13.000.000,13.000.000,13.000.000,13.000.000,0,0,0,0,0,0,78.000.000,2024,purchase_cost,,purchase_cost_20260701_082202,2026-07-01 08:22:02.444688
Denys Demchuk,Relax chung,MKT 4,"",VND,0,0,0,0,0,1.560.000,0,0,0,1.560.000,0,0,3.120.000,2024,purchase_cost,,purchase_cost_20260701_082202,2026-07-01 08:22:02.444688
TunePocket,Relax chung,"","","",0,0,0,0,0,0,0,0,0,0,0,0,0,2024,purchase_cost,,purchase_cost_20260701_082202,2026-07-01 08:22:02.444688
Lopills,Lofi,"","","",0,0,0,0,0,0,0,0,0,0,0,0,0,2024,purchase_cost,,purchase_cost_20260701_082202,2026-07-01 08:22:02.444688
PVMM,Lofi,"","","",0,0,0,0,0,0,0,0,0,0,0,0,0,2024,purchase_cost,,purchase_cost_20260701_082202,2026-07-01 08:22:02.444688
Lofi Jazz Records,Lofi,"","","",0,0,0,0,0,0,0,0,0,0,0,0,0,2024,purchase_cost,,purchase_cost_20260701_082202,2026-07-01 08:22:02.444688
Street Phonk' Records,Phonk,"","","",0,0,0,0,0,0,0,0,0,0,0,0,0,2024,purchase_cost,,purchase_cost_20260701_082202,2026-07-01 08:22:02.444688
Aurorian ' Records,Phonk,"","",VND,7.800.000,7.800.000,7.800.000,7.800.000,7.800.000,11.700.000,0,0,0,0,0,0,50.700.000,2024,purchase_cost,,purchase_cost_20260701_082202,2026-07-01 08:22:02.444688
Ardie Son,Relax,An Tuệ & Vibe,28,VND,0,0,0,0,0,0,0,0,0,0,0,0,0,2023,purchase_cost,,purchase_cost_20260701_082202,2026-07-01 08:22:02.444688
Selah Instrumental Music,Phúc Âm,An Tuệ & Vibe,54,VND,0,0,0,0,0,0,0,0,0,0,0,0,0,2023,purchase_cost,,purchase_cost_20260701_082202,2026-07-01 08:22:02.444688
Breath Of Heaven,Phúc Âm,An Tuệ,72,VND,0,0,0,0,0,0,0,0,0,0,0,0,0,2023,purchase_cost,,purchase_cost_20260701_082202,2026-07-01 08:22:02.444688
Road Story Records,Deep House,"Red One, An Tuệ, Vibe, Bình Hào, Forest music","",VND,10.400.000,10.400.000,10.400.000,10.400.000,10.400.000,10.400.000,10.400.000,10.400.000,10.400.000,10.400.000,10.400.000,10.400.000,124.800.000,2023,purchase_cost,,purchase_cost_20260701_082202,2026-07-01 08:22:02.444688
Natural Deep (RA music),Deep House,"Red One, An Tuệ, Vibe, Bình Hào, Forest music","",VND,9.100.000,9.100.000,9.100.000,9.100.000,9.100.000,9.100.000,9.100.000,9.100.000,9.100.000,9.100.000,9.100.000,9.100.000,109.200.000,2023,purchase_cost,,purchase_cost_20260701_082202,2026-07-01 08:22:02.444688
Pofiqist,Deep House,Forest music,"",VND,0,0,0,0,0,0,0,0,0,0,0,0,0,2023,purchase_cost,,purchase_cost_20260701_082202,2026-07-01 08:22:02.444688
Day dose of house,Deep House,"Red One, An Tuệ, Vibe, Bình Hào, Forest music","",VND,0,18.200.000,0,18.200.000,0,18.200.000,0,18.200.000,0,18.200.000,0,18.200.000,109.200.000,2023,purchase_cost,,purchase_cost_20260701_082202,2026-07-01 08:22:02.444688
Different Twins,DEEP HOUSE,"Red One, An Tuệ, Vibe, Bình Hào, MKT 4","",VND,10.400.000,10.400.000,10.400.000,10.400.000,10.400.000,10.400.000,10.400.000,10.400.000,10.400.000,10.400.000,10.400.000,10.400.000,124.800.000,2023,purchase_cost,,purchase_cost_20260701_082202,2026-07-01 08:22:02.444688
Spectrum Recordings,DEEP HOUSE,"Red One, An Tuệ, Vibe, Bình Hào, Forest music","",VND,15.600.000,15.600.000,15.600.000,15.600.000,15.600.000,15.600.000,15.600.000,15.600.000,15.600.000,15.600.000,15.600.000,15.600.000,187.200.000,2023,purchase_cost,,purchase_cost_20260701_082202,2026-07-01 08:22:02.444688
Three Dot House,DEEP HOUSE,"Red One, An Tuệ, Vibe, Bình Hào, Forest music","",VND,11.700.000,11.700.000,11.700.000,11.700.000,11.700.000,11.700.000,11.700.000,11.700.000,11.700.000,11.700.000,11.700.000,11.700.000,140.400.000,2023,purchase_cost,,purchase_cost_20260701_082202,2026-07-01 08:22:02.444688
Zero claim records,DEEP HOUSE,"","",VND,15.600.000,15.600.000,0,0,0,0,0,0,0,0,0,0,31.200.000,2023,purchase_cost,,purchase_cost_20260701_082202,2026-07-01 08:22:02.444688
Deep strip,DEEP HOUSE,"Red One, An Tuệ, Vibe, Bình Hào, Forest music","",VND,0,13.000.000,0,13.000.000,0,13.000.000,0,13.000.000,0,13.000.000,0,13.000.000,78.000.000,2023,purchase_cost,,purchase_cost_20260701_082202,2026-07-01 08:22:02.444688
Wame record,DEEP HOUSE,"All Team HG, Bình Hào","",VND,9.100.000,0,0,9.100.000,0,0,9.100.000,0,0,9.100.000,0,0,36.400.000,2023,purchase_cost,,purchase_cost_20260701_082202,2026-07-01 08:22:02.444688
Lucid Plain,DEEP HOUSE,"","",VND,0,0,0,0,0,0,0,0,0,0,0,0,0,2023,purchase_cost,,purchase_cost_20260701_082202,2026-07-01 08:22:02.444688
Frequency,DEEP HOUSE,"Red One, An Tuệ, Vibe, Bình Hào, MKT 4","",VND,0,15.600.000,0,0,0,0,0,15.600.000,0,0,0,0,31.200.000,2023,purchase_cost,,purchase_cost_20260701_082202,2026-07-01 08:22:02.444688
Tipsy,DEEP HOUSE,"","",VND,0,0,15.600.000,0,0,0,0,0,0,0,0,0,15.600.000,2023,purchase_cost,,purchase_cost_20260701_082202,2026-07-01 08:22:02.444688
Mark Music Records,DEEP HOUSE,"","",VND,0,0,0,0,0,5.200.000,20.800.000,13.000.000,13.000.000,13.000.000,13.000.000,13.000.000,91.000.000,2023,purchase_cost,,purchase_cost_20260701_082202,2026-07-01 08:22:02.444688
Denys Demchuk,Relax chung,MKT 4,"",VND,0,0,0,0,0,0,0,0,0,0,0,0,0,2023,purchase_cost,,purchase_cost_20260701_082202,2026-07-01 08:22:02.444688
TunePocket,Relax chung,Red One,"",VND,0,0,0,0,0,0,0,0,0,0,0,0,0,2023,purchase_cost,,purchase_cost_20260701_082202,2026-07-01 08:22:02.444688
Lopills,Lofi,"","",VND,10.400.000,0,0,0,0,0,0,0,0,0,0,0,10.400.000,2023,purchase_cost,,purchase_cost_20260701_082202,2026-07-01 08:22:02.444688
PVMM,Lofi,"","",VND,0,0,0,0,0,0,0,0,0,0,0,0,0,2023,purchase_cost,,purchase_cost_20260701_082202,2026-07-01 08:22:02.444688
Lofi Jazz Records,Lofi,"","",VND,0,0,0,0,0,0,0,0,0,0,0,0,0,2023,purchase_cost,,purchase_cost_20260701_082202,2026-07-01 08:22:02.444688
Street Phonk' Records,Phonk,"","",VND,0,26.000.000,26.000.000,0,19.500.000,13.000.000,13.000.000,13.000.000,13.000.000,13.000.000,0,0,136.500.000,2023,purchase_cost,,purchase_cost_20260701_082202,2026-07-01 08:22:02.444688
Aurorian ' Records,Phonk,"","",VND,0,0,0,0,7.800.000,0,7.800.000,7.800.000,7.800.000,7.800.000,7.800.000,7.800.000,54.600.000,2023,purchase_cost,,purchase_cost_20260701_082202,2026-07-01 08:22:02.444688
Ardie Son,Relax,An Tuệ & Vibe,28,VND,0,0,0,0,0,0,0,0,0,0,0,0,0,2022,purchase_cost,,purchase_cost_20260701_082202,2026-07-01 08:22:02.444688
Selah Instrumental Music,Phúc Âm,An Tuệ & Vibe,54,VND,0,0,0,0,0,0,0,0,0,0,0,0,0,2022,purchase_cost,,purchase_cost_20260701_082202,2026-07-01 08:22:02.444688
Breath Of Heaven,Phúc Âm,An Tuệ,72,VND,0,0,0,0,0,0,0,0,0,0,0,0,0,2022,purchase_cost,,purchase_cost_20260701_082202,2026-07-01 08:22:02.444688
Road Story Records,Deep House,"Red One, An Tuệ, Vibe, Bình Hào, Forest music","",VND,0,0,0,0,0,0,0,10.400.000,10.400.000,10.400.000,10.400.000,10.400.000,52.000.000,2022,purchase_cost,,purchase_cost_20260701_082202,2026-07-01 08:22:02.444688
Natural Deep (RA music),Deep House,"Red One, An Tuệ, Vibe, Bình Hào, Forest music","",VND,0,0,0,0,0,0,0,9.100.000,9.100.000,9.100.000,9.100.000,9.100.000,45.500.000,2022,purchase_cost,,purchase_cost_20260701_082202,2026-07-01 08:22:02.444688
Pofiqist,Deep House,Forest music,"",VND,0,0,0,0,0,0,0,0,0,0,0,0,0,2022,purchase_cost,,purchase_cost_20260701_082202,2026-07-01 08:22:02.444688
Day dose of house,Deep House,"Red One, An Tuệ, Vibe, Bình Hào, Forest music","",VND,0,0,0,0,0,0,0,18.200.000,0,18.200.000,0,18.200.000,54.600.000,2022,purchase_cost,,purchase_cost_20260701_082202,2026-07-01 08:22:02.444688
Different Twins,DEEP HOUSE,"Red One, An Tuệ, Vibe, Bình Hào, MKT 4","",VND,0,0,0,0,0,0,0,20.800.000,0,10.400.000,10.400.000,10.400.000,52.000.000,2022,purchase_cost,,purchase_cost_20260701_082202,2026-07-01 08:22:02.444688
Spectrum Recordings,DEEP HOUSE,"Red One, An Tuệ, Vibe, Bình Hào, Forest music","",VND,0,0,0,0,0,0,0,13.000.000,13.000.000,13.000.000,13.000.000,15.600.000,67.600.000,2022,purchase_cost,,purchase_cost_20260701_082202,2026-07-01 08:22:02.444688
Three Dot House,DEEP HOUSE,"Red One, An Tuệ, Vibe, Bình Hào, Forest music","",VND,0,0,0,0,0,0,0,11.700.000,11.700.000,11.700.000,11.700.000,11.700.000,58.500.000,2022,purchase_cost,,purchase_cost_20260701_082202,2026-07-01 08:22:02.444688
Zero claim records,DEEP HOUSE,"","",VND,0,0,0,0,0,0,0,37.440.000,0,18.720.000,18.720.000,15.600.000,90.480.000,2022,purchase_cost,,purchase_cost_20260701_082202,2026-07-01 08:22:02.444688
Deep strip,DEEP HOUSE,"Red One, An Tuệ, Vibe, Bình Hào, Forest music","",VND,0,0,0,0,0,0,0,13.000.000,0,13.000.000,0,13.000.000,39.000.000,2022,purchase_cost,,purchase_cost_20260701_082202,2026-07-01 08:22:02.444688
Wame record,DEEP HOUSE,"All Team HG, Bình Hào","",VND,0,0,0,9.100.000,0,0,0,0,0,9.100.000,0,0,18.200.000,2022,purchase_cost,,purchase_cost_20260701_082202,2026-07-01 08:22:02.444688
Lucid Plain,DEEP HOUSE,"","",VND,0,0,0,0,15.600.000,0,0,0,0,0,0,0,15.600.000,2022,purchase_cost,,purchase_cost_20260701_082202,2026-07-01 08:22:02.444688
Frequency,DEEP HOUSE,"Red One, An Tuệ, Vibe, Bình Hào, MKT 4","",VND,0,0,0,0,0,0,0,15.600.000,0,0,0,0,15.600.000,2022,purchase_cost,,purchase_cost_20260701_082202,2026-07-01 08:22:02.444688
Tipsy,DEEP HOUSE,"","",VND,0,0,15.600.000,0,0,0,0,15.600.000,0,0,0,0,31.200.000,2022,purchase_cost,,purchase_cost_20260701_082202,2026-07-01 08:22:02.444688
Mark Music Records,DEEP HOUSE,"","",VND,0,0,0,0,0,0,0,0,0,0,0,0,0,2022,purchase_cost,,purchase_cost_20260701_082202,2026-07-01 08:22:02.444688
Denys Demchuk,Relax chung,MKT 4,"",VND,0,0,0,0,0,0,0,0,0,0,0,0,0,2022,purchase_cost,,purchase_cost_20260701_082202,2026-07-01 08:22:02.444688
TunePocket,Relax chung,Red One,"",VND,0,0,0,0,0,0,0,0,0,0,0,0,0,2022,purchase_cost,,purchase_cost_20260701_082202,2026-07-01 08:22:02.444688
Lopills,Lofi,"","",VND,0,0,0,0,0,0,10.400.000,10.400.000,0,0,10.400.000,0,31.200.000,2022,purchase_cost,,purchase_cost_20260701_082202,2026-07-01 08:22:02.444688
PVMM,Lofi,"","",VND,0,0,0,0,0,0,0,14.976.000,14.976.000,0,0,0,29.952.000,2022,purchase_cost,,purchase_cost_20260701_082202,2026-07-01 08:22:02.444688
Lofi Jazz Records,Lofi,"","",VND,0,0,0,0,0,0,0,10.400.000,0,10.400.000,0,10.400.000,31.200.000,2022,purchase_cost,,purchase_cost_20260701_082202,2026-07-01 08:22:02.444688
Street Phonk' Records,Phonk,"","",VND,0,0,0,0,0,0,0,0,0,0,0,44.200.000,44.200.000,2022,purchase_cost,,purchase_cost_20260701_082202,2026-07-01 08:22:02.444688
Aurorian ' Records,Phonk,"","",VND,0,0,0,0,0,0,0,0,0,0,0,0,0,2022,purchase_cost,,purchase_cost_20260701_082202,2026-07-01 08:22:02.444688
Deep Disco,Deep House,"Red One, An Tuệ & Vibe",565,"",225.646.800,183.666.000,120.391.200,104.688.000,115.530.800,0,0,0,0,0,0,0,749.922.800,2026,purchase_cost,,purchase_cost_20260701_082202,2026-07-01 08:22:02.444688
Deep Disco,Deep House,"Red One, An Tuệ & Vibe",565,VND,309.920.260,314.236.260,223.600.000,218.400.000,218.400.000,228.800.000,234.000.000,239.200.000,260.000.000,270.400.000,254.800.000,234.000.000,3.005.756.520,2025,purchase_cost,,purchase_cost_20260701_082202,2026-07-01 08:22:02.444688
Deep Disco,Deep House,"Red One, An Tuệ & Vibe",565,VND,378.976.000,378.976.000,413.504.000,344.448.000,378.976.000,387.608.000,391.924.000,396.240.000,331.500.000,378.976.000,400.556.000,396.240.260,4.577.924.260,2024,purchase_cost,,purchase_cost_20260701_082202,2026-07-01 08:22:02.444688
Deep Disco,Deep House,"Red One, An Tuệ & Vibe",565,VND,197.600.000,197.600.000,197.600.000,197.600.000,197.600.000,223.600.000,223.600.000,253.812.000,249.496.000,284.024.000,284.024.000,314.236.000,2.820.792.000,2023,purchase_cost,,purchase_cost_20260701_082202,2026-07-01 08:22:02.444688
Deep Disco,Deep House,"Red One, An Tuệ & Vibe",565,VND,0,0,0,0,0,0,0,171.600.000,171.600.000,197.600.000,197.600.000,197.600.000,936.000.000,2022,purchase_cost,,purchase_cost_20260701_082202,2026-07-01 08:22:02.444688
Das Ohr Digital,Deep House,"Red One, An Tuệ & Vibe",51,"",0,3.395.520,3.600.000,3.900.000,6.286.540,0,0,0,0,0,0,0,17.182.060,2026,purchase_cost,,purchase_cost_20260701_082202,2026-07-01 08:22:02.444688
Das Ohr Digital,Deep House,"Red One, An Tuệ & Vibe",51,VND,0,0,0,0,0,0,0,0,0,0,0,0,0,2025,purchase_cost,,purchase_cost_20260701_082202,2026-07-01 08:22:02.444688
Das Ohr Digital,Deep House,"Red One, An Tuệ & Vibe",51,"",0,0,0,0,0,0,0,0,0,0,0,0,0,2024,purchase_cost,,purchase_cost_20260701_082202,2026-07-01 08:22:02.444688
Das Ohr Digital,Deep House,"Red One, An Tuệ & Vibe",51,VND,0,0,0,0,0,0,0,0,0,0,0,0,0,2023,purchase_cost,,purchase_cost_20260701_082202,2026-07-01 08:22:02.444688
Das Ohr Digital,Deep House,"Red One, An Tuệ & Vibe",51,VND,0,0,0,0,0,0,0,0,0,0,0,0,0,2022,purchase_cost,,purchase_cost_20260701_082202,2026-07-01 08:22:02.444688
Martynas Laurinavicius Whitesand,Relax,"Red One, An Tuệ & Vibe, Bình Hào",134,"",21.839.760,21.839.760,21.839.760,23.659.740,23.659.740,0,0,0,0,0,0,0,112.838.760,2026,purchase_cost,,purchase_cost_20260701_082202,2026-07-01 08:22:02.444688
Martynas Laurinavicius Whitesand,Relax,"Red One, An Tuệ & Vibe, Bình Hào",134,VND,23.659.740,23.659.740,0,0,0,0,0,23.659.740,23.659.740,23.659.740,23.659.740,23.659.740,165.618.180,2025,purchase_cost,,purchase_cost_20260701_082202,2026-07-01 08:22:02.444688
Martynas Laurinavicius Whitesand,Relax,"Red One, An Tuệ & Vibe, Bình Hào",134,VND,0,0,0,16.379.740,0,23.659.740,23.659.740,0,23.659.740,23.659.740,23.659.740,23.659.740,158.338.180,2024,purchase_cost,,purchase_cost_20260701_082202,2026-07-01 08:22:02.444688
Martynas Laurinavicius Whitesand,Relax,"Red One, An Tuệ & Vibe, Bình Hào",134,VND,0,0,0,0,0,0,0,0,0,0,0,0,0,2023,purchase_cost,,purchase_cost_20260701_082202,2026-07-01 08:22:02.444688
Martynas Laurinavicius Whitesand,Relax,"Red One, An Tuệ & Vibe, Bình Hào",134,VND,0,0,0,0,0,0,0,0,0,0,0,0,0,2022,purchase_cost,,purchase_cost_20260701_082202,2026-07-01 08:22:02.444688
Martynas Laurinavicius Whitesand,Relax chung,"","",VND,0,0,0,0,0,0,0,0,0,0,0,0,0,2025,purchase_cost,,purchase_cost_20260701_082202,2026-07-01 08:22:02.444688
Martynas Laurinavicius Whitesand,Relax chung,"","","",0,0,0,0,0,0,0,0,0,0,0,0,0,2024,purchase_cost,,purchase_cost_20260701_082202,2026-07-01 08:22:02.444688
Martynas Laurinavicius Whitesand,Relax chung,"","",VND,0,0,7.800.000,7.800.000,0,7.800.000,0,0,0,0,0,0,23.400.000,2023,purchase_cost,,purchase_cost_20260701_082202,2026-07-01 08:22:02.444688
Martynas Laurinavicius Whitesand,Relax chung,"","",VND,0,0,0,0,0,0,0,0,0,0,0,0,0,2022,purchase_cost,,purchase_cost_20260701_082202,2026-07-01 08:22:02.444688
PUEBLO VISTA POLYMESA KAI MOUSIKI LP,Lofi,Red One,71,"",3.720.000,3.720.000,3.720.000,4.029.740,4.029.740,0,0,0,0,0,0,0,19.219.480,2026,purchase_cost,,purchase_cost_20260701_082202,2026-07-01 08:22:02.444688
PUEBLO VISTA POLYMESA KAI MOUSIKI LP,Lofi,Red One,71,VND,4.029.740,4.029.740,4.029.740,4.029.740,4.029.740,4.029.740,4.029.740,4.029.740,4.029.740,4.029.740,4.029.740,4.029.740,48.356.880,2025,purchase_cost,,purchase_cost_20260701_082202,2026-07-01 08:22:02.444688
PUEBLO VISTA POLYMESA KAI MOUSIKI LP,Lofi,Red One,71,VND,0,0,0,4.029.740,4.029.740,4.029.740,4.029.740,4.029.740,4.029.740,4.029.740,4.029.740,4.029.740,36.267.660,2024,purchase_cost,,purchase_cost_20260701_082202,2026-07-01 08:22:02.444688
PUEBLO VISTA POLYMESA KAI MOUSIKI LP,Lofi,Red One,71,VND,0,0,0,0,0,0,0,0,0,0,0,0,0,2023,purchase_cost,,purchase_cost_20260701_082202,2026-07-01 08:22:02.444688
PUEBLO VISTA POLYMESA KAI MOUSIKI LP,Lofi,Red One,71,VND,0,0,0,0,0,0,0,0,0,0,0,0,0,2022,purchase_cost,,purchase_cost_20260701_082202,2026-07-01 08:22:02.444688
Maniana Records,DEEP HOUSE,"Red One, An Tuệ, Vibe, Bình Hào, Forest music","",VND,17.029.740,17.029.740,17.029.740,17.029.740,17.029.740,17.029.740,17.029.740,17.029.740,0,0,0,0,136.237.920,2025,purchase_cost,,purchase_cost_20260701_082202,2026-07-01 08:22:02.444688
Maniana Records,DEEP HOUSE,"Red One, An Tuệ, Vibe, Bình Hào, Forest music","",VND,13.000.000,13.000.000,13.000.000,13.000.000,13.000.000,13.000.000,13.129.740,13.129.740,17.029.740,17.029.740,17.029.740,17.029.740,172.378.440,2024,purchase_cost,,purchase_cost_20260701_082202,2026-07-01 08:22:02.444688
Maniana Records,DEEP HOUSE,"Red One, An Tuệ, Vibe, Bình Hào, Forest music","",VND,13.000.000,13.000.000,13.000.000,13.000.000,13.000.000,13.000.000,13.000.000,13.000.000,13.000.000,13.000.000,13.000.000,13.000.000,156.000.000,2023,purchase_cost,,purchase_cost_20260701_082202,2026-07-01 08:22:02.444688
Maniana Records,DEEP HOUSE,"Red One, An Tuệ, Vibe, Bình Hào, Forest music","",VND,0,0,0,0,0,0,0,26.000.000,0,13.000.000,13.000.000,13.000.000,65.000.000,2022,purchase_cost,,purchase_cost_20260701_082202,2026-07-01 08:22:02.444688
Inside records,Deep House,"Red One, An Tuệ, Vibe, Forest","","",14.039.760,14.039.760,14.039.760,15.209.740,0,0,0,0,0,0,0,0,57.329.020,2026,purchase_cost,,purchase_cost_20260701_082202,2026-07-01 08:22:02.444688
Inside records,Deep House,"Red One, An Tuệ, Vibe, Bình Hào, Forest music","",VND,15.209.740,15.209.740,15.209.740,15.209.740,15.209.740,15.209.740,15.209.740,15.209.740,15.209.740,15.209.740,15.209.740,15.209.740,182.516.880,2025,purchase_cost,,purchase_cost_20260701_082202,2026-07-01 08:22:02.444688
Inside records,Deep House,"Red One, An Tuệ, Vibe, Bình Hào, Forest music","",VND,15.080.000,15.080.000,15.080.000,15.080.000,15.080.000,15.080.000,15.209.740,15.209.740,15.209.740,15.209.740,15.209.740,15.209.740,181.738.440,2024,purchase_cost,,purchase_cost_20260701_082202,2026-07-01 08:22:02.444688
Inside records,Deep House,"Red One, An Tuệ, Vibe, Bình Hào, Forest music","",VND,15.080.000,15.080.000,15.080.000,15.080.000,15.080.000,15.080.000,15.080.000,15.080.000,15.080.000,15.080.000,15.080.000,15.080.000,180.960.000,2023,purchase_cost,,purchase_cost_20260701_082202,2026-07-01 08:22:02.444688
Inside records,Deep House,"Red One, An Tuệ, Vibe, Bình Hào, Forest music","",VND,0,0,0,0,0,0,0,15.080.000,15.080.000,15.080.000,15.080.000,15.080.000,75.400.000,2022,purchase_cost,,purchase_cost_20260701_082202,2026-07-01 08:22:02.444688
TFB records,Deep House,"Red One, An Tuệ, Vibe","","",28.919.760,0,0,31.329.740,0,0,0,0,0,0,0,0,60.249.500,2026,purchase_cost,,purchase_cost_20260701_082202,2026-07-01 08:22:02.444688
TFB records,Deep House,"All Team HG, Bình Hào","",VND,31.836.740,0,0,31.836.740,0,0,31.329.740,0,0,31.329.740,0,0,126.332.960,2025,purchase_cost,,purchase_cost_20260701_082202,2026-07-01 08:22:02.444688
TFB records,Deep House,"All Team HG, Bình Hào","",VND,28.600.000,0,0,28.600.000,0,0,31.200.000,0,0,31.200.000,0,0,119.600.000,2024,purchase_cost,,purchase_cost_20260701_082202,2026-07-01 08:22:02.444688
TFB records,Deep House,"All Team HG, Bình Hào","",VND,23.400.000,0,0,28.600.000,0,0,28.600.000,0,0,28.600.000,0,0,109.200.000,2023,purchase_cost,,purchase_cost_20260701_082202,2026-07-01 08:22:02.444688
TFB records,Deep House,"All Team HG, Bình Hào","",VND,0,0,0,0,0,0,23.400.000,0,0,23.400.000,0,0,46.800.000,2022,purchase_cost,,purchase_cost_20260701_082202,2026-07-01 08:22:02.444688
Extra Sound Records,Deep House,"Red One, An Tuệ, Vibe, Forest","","",0,12.119.760,0,0,0,0,0,0,0,0,0,0,12.119.760,2026,purchase_cost,,purchase_cost_20260701_082202,2026-07-01 08:22:02.444688
Extra Sound Records,Deep House,"Red One, An Tuệ, Vibe, Bình Hào, Forest music","",VND,0,13.129.740,0,0,0,0,0,13.129.740,0,0,0,0,26.259.480,2025,purchase_cost,,purchase_cost_20260701_082202,2026-07-01 08:22:02.444688
Extra Sound Records,Deep House,"Red One, An Tuệ, Vibe, Bình Hào, Forest music","",VND,0,13.000.000,0,0,0,0,0,13.129.740,0,0,0,0,26.129.740,2024,purchase_cost,,purchase_cost_20260701_082202,2026-07-01 08:22:02.444688
Extra Sound Records,Deep House,"Red One, An Tuệ, Vibe, Bình Hào, Forest music","",VND,0,13.000.000,0,0,0,0,0,13.000.000,0,0,0,0,26.000.000,2023,purchase_cost,,purchase_cost_20260701_082202,2026-07-01 08:22:02.444688
Extra Sound Records,Deep House,"Red One, An Tuệ, Vibe, Bình Hào, Forest music","",VND,0,0,0,0,0,0,0,13.000.000,0,0,0,0,13.000.000,2022,purchase_cost,,purchase_cost_20260701_082202,2026-07-01 08:22:02.444688
Million Records,DEEP HOUSE,MKT 4,"",VND,0,10.400.000,0,0,0,0,0,0,0,0,0,0,10.400.000,2025,purchase_cost,,purchase_cost_20260701_082202,2026-07-01 08:22:02.444688
Million Records,DEEP HOUSE,MKT 4,"",VND,0,10.400.000,0,10.400.000,0,10.400.000,0,10.400.000,0,10.400.000,0,10.400.000,62.400.000,2024,purchase_cost,,purchase_cost_20260701_082202,2026-07-01 08:22:02.444688
Million Records,DEEP HOUSE,MKT 4,"",VND,0,10.400.000,0,10.400.000,0,10.400.000,0,10.400.000,0,10.400.000,0,10.400.000,62.400.000,2023,purchase_cost,,purchase_cost_20260701_082202,2026-07-01 08:22:02.444688
Million Records,DEEP HOUSE,MKT 4,"",VND,0,0,0,0,0,0,0,10.400.000,0,10.400.000,0,10.400.000,31.200.000,2022,purchase_cost,,purchase_cost_20260701_082202,2026-07-01 08:22:02.444688
HalidonMusic,Classical,"","",VND,0,0,0,0,0,298.771.460,0,0,0,0,0,0,298.771.460,2024,purchase_cost,,purchase_cost_20260701_082202,2026-07-01 08:22:02.444688
HalidonMusic,Classical,"","",VND,0,0,0,0,273.000.000,0,0,0,0,0,0,0,273.000.000,2023,purchase_cost,,purchase_cost_20260701_082202,2026-07-01 08:22:02.444688
HalidonMusic,Classical,"","",VND,0,0,0,0,0,0,0,0,0,0,0,0,0,2022,purchase_cost,,purchase_cost_20260701_082202,2026-07-01 08:22:02.444688
