STT,Tên đối tác,Tên kho trên HG Stock,Link kho,Dự án,Số HĐ,Link HĐ,Ngày ký HĐ,Ngày cần review HĐ,Link kho HG Stock,Team khai thác,Cách tính giá,Kỳ thanh toán,Đơn giá (theo bài hát/kênh/tháng),Thực trả (cho các kho trả tiền 1 lần) (VND),Số tiền thanh toán theo tháng (real-time),Số bài hát (real-time),Số kênh whitelist hiện tại (real-time),DS bài hát (real-time),DS kênh WL (real-time),Chi phí/ tháng - update realtime,Note,_year,_source_id,_source_sheet,_batch_id,_loaded_at
1,Deep Disco,Blink - BD - Deep House (Deep Disco),https://stock-admin.hgmedia.app/admin/resource/details/712d4446-7b15-47b2-be4e-3232321cc86d/video/grid/grid/1/1/folder ,Deep House,03/2025/MUSIC/HG MEDIA - DEEP DISCO MUSIC & MEDIA,"https://drive.google.com/file/d/1ohwn1UiC0wlN7FfPLZ06_UdRwJd8BT3U/view?usp=drive_link 
https://drive.google.com/file/d/1EM8-oxUqv-Yg9Dwy_zI5D2wYA49U2Xbb/view?usp=drive_link 
https://drive.google.com/file/d/16JSBGIVtsjYVwKKJYsEOOeL83Ln8JbPT/view?usp=drive_link  
https://drive.google.com/file/d/1K6yVoeKfrvJr3m5ecfDVWNknPjEeO5H3/view?usp=drive_link",7/3/2025,6/9/2026,https://stock-admin.hgmedia.app/admin/resource/details/d986bbe1-8684-4610-83e1-401c287f5735/video/grid/grid/1/1/folder,"Red One, An Tuệ & Vibe",Theo số kênh được whitelist,2 tháng 1 lần,200$/kênh,"",4.200,565,21,https://docs.google.com/spreadsheets/d/14160tb_UrXT4LzkjYpPyQ_qp6f72jqc-UEWq5Ghu0sA/edit?gid=1225230074#gid=1225230074,https://docs.google.com/spreadsheets/d/14160tb_UrXT4LzkjYpPyQ_qp6f72jqc-UEWq5Ghu0sA/edit?gid=731690257#gid=731690257,4.200,Số lượng kênh thay đổi thường xuyên,"",partners,,partners_20260820_232000,2026-08-20 23:20:01.01133
2,Das Ohr Digital,TECH HOUSE,https://stock-admin.hgmedia.app/admin/resource/details/59ec06ea-efef-4876-a933-11755da29b9d/audio/grid/grid/1/1/folder,Deep House, TH-123-1/HDTM1-HG-DOD/0,"https://drive.google.com/file/d/1P06HzCoB4BeX_wwD4uzLLSmsQJB96HX2/view
https://drive.google.com/file/d/1TAuGYyGAcOwwIXULdDJLoxyCbyQscel7/view
",16/1/2026,15/1/2027,https://stock-admin.hgmedia.app/admin/resource/details/59ec06ea-efef-4876-a933-11755da29b9d/audio/grid/grid/1/1/folder,"Red One, An Tuệ & Vibe",Theo tháng,Hàng tháng,"3 tháng đầu: $150/T 
3 tháng tiếp theo: $200/T 
6 tháng còn lại: $350/T","",200,51,7,https://docs.google.com/spreadsheets/d/14160tb_UrXT4LzkjYpPyQ_qp6f72jqc-UEWq5Ghu0sA/edit?gid=1528397068#gid=1528397068,https://docs.google.com/spreadsheets/d/14160tb_UrXT4LzkjYpPyQ_qp6f72jqc-UEWq5Ghu0sA/edit?gid=923449024#gid=923449024,"3 tháng đầu: $150/T 
3 tháng tiếp theo: $200/T 
6 tháng còn lại: $350/T","","",partners,,partners_20260820_232000,2026-08-20 23:20:01.01133
3,Martynas Laurinavicius Whitesand,Whitesand,https://stock-admin.hgmedia.app/admin/resource/details/641bcdba-8d62-4cf5-93ff-6bf247cd5330/audio/list/grid/1/1/folder,Relax,No: 2023/02/03/MSL,1. Music License Agreement - Whitesand.pdf APPENDIX 01 - MUSIC LICENSE AGREEMENT 01 - Relax - Whitesand (1.2024).pdf MUSIC LICENSE AGREEMENT 01 - Relax - Whitesand (1.2024).pdf APPENDIX 02 - MUSIC LICENSE AGREEMENT 01 - Relax - Whitesand (1.2024).pdf,2/3/2023,Tự động gia hạn sau mỗi 6 tháng,https://stock-admin.hgmedia.app/admin/resource/details/641bcdba-8d62-4cf5-93ff-6bf247cd5330/audio/list/grid/1/1/folder,"Red One, An Tuệ & Vibe, Bình Hào",Theo tháng,Hàng tháng,905$/tháng,"",905,134,28,https://docs.google.com/spreadsheets/d/14160tb_UrXT4LzkjYpPyQ_qp6f72jqc-UEWq5Ghu0sA/edit?gid=1577243891#gid=1577243891,"
https://docs.google.com/spreadsheets/d/14160tb_UrXT4LzkjYpPyQ_qp6f72jqc-UEWq5Ghu0sA/edit?gid=590246888#gid=590246888
",905$/tháng,"","",partners,,partners_20260820_232000,2026-08-20 23:20:01.01133
4,Ardie Son,Chung (MKT3 cũ),https://stock-admin.hgmedia.app/admin/resource/details/0e047303-12d4-412d-8b40-135af9e24a72/audio/list/grid/1/1/folder,Relax,14032024/MUSIC/HG-ARDIE,"[non-exclusive] MUSIC LICENSE AGREEMENT 01 - Relax - Ardie Son (3.2024).pdf
MINUTES OF ACCEPTANCE 01 - Relax - Ardie Son - 14032024.pdf",14/3/2024,Tự động gia hạn sau mỗi 6 tháng,https://stock-admin.hgmedia.app/admin/resource/details/0e047303-12d4-412d-8b40-135af9e24a72/audio/list/grid/1/1/folder,An Tuệ & Vibe,Theo tháng,Hàng tháng,170$/tháng,"",170,28,2,https://docs.google.com/spreadsheets/d/14160tb_UrXT4LzkjYpPyQ_qp6f72jqc-UEWq5Ghu0sA/edit?gid=1758878205#gid=1758878205,https://docs.google.com/spreadsheets/d/14160tb_UrXT4LzkjYpPyQ_qp6f72jqc-UEWq5Ghu0sA/edit?gid=335071725#gid=335071725,170$/tháng,"","",partners,,partners_20260820_232000,2026-08-20 23:20:01.01133
5,PUEBLO VISTA POLYMESA KAI MOUSIKI LP,PVMM,https://stock-admin.hgmedia.app/admin/resource/details/245803b2-dcad-46aa-ade3-737f78f6fee9/audio/list/grid/1/1/folder,Lofi,02042024/MUSIC/HG-PUEBLO,"[non- exclusive] MUSIC LICENSE AGREEMENT 01 - Lofi - Pueblo (32024).pdf
MINUTES OF ACCEPTANCE 01 - Lofi - Pueblo - 02042024.pdf",2/4/2024,2/4/2026,https://stock-admin.hgmedia.app/admin/resource/details/245803b2-dcad-46aa-ade3-737f78f6fee9/audio/list/grid/1/1/folder,Red One,Theo tháng,Hàng tháng,150$/tháng,"",150,71,3,https://docs.google.com/spreadsheets/d/14160tb_UrXT4LzkjYpPyQ_qp6f72jqc-UEWq5Ghu0sA/edit?gid=711891476#gid=711891476,https://docs.google.com/spreadsheets/d/14160tb_UrXT4LzkjYpPyQ_qp6f72jqc-UEWq5Ghu0sA/edit?gid=1406934101#gid=1406934101,150$/tháng,"","",partners,,partners_20260820_232000,2026-08-20 23:20:01.01133
6,Selah Instrumental Music,Thu mua đối tác,https://stock-admin.hgmedia.app/admin/resource/details/0c0cc5bb-c196-4591-a3b2-886cb5e68b5f/audio/list/grid/1/1/folder,Phúc âm, 0908/2023/MUSIC/HG-SELAH INSTRUMENTAL MUSIC,Scan_HĐ Selah Instrumental Music.pdf,9/8/2023,9/8/2026,https://stock-admin.hgmedia.app/admin/resource/details/0c0cc5bb-c196-4591-a3b2-886cb5e68b5f/audio/list/grid/1/1/folder,An Tuệ & Vibe,Theo tháng,Hàng tháng,300$/tháng,"",300,54,"Không list, chỉ cần thông báo cho đối tác trước 24h để whitelist",https://docs.google.com/spreadsheets/d/14160tb_UrXT4LzkjYpPyQ_qp6f72jqc-UEWq5Ghu0sA/edit?gid=711891476#gid=711891476,-,300$/tháng,"","",partners,,partners_20260820_232000,2026-08-20 23:20:01.01133
7,Breath Of Heaven,Thu mua đối tác,https://stock-admin.hgmedia.app/admin/resource/details/0c0cc5bb-c196-4591-a3b2-886cb5e68b5f/audio/list/grid/1/1/folder,Phúc âm,0909/2023/MUSIC/HG-BREATH OF HEAVEN,"Scan_Appen 01_ Breath of heaven.pdf
Scan_Appen 02_ Breath of heaven.pdf
Scan_Appen 03_ Breath of heaven.pdf
Scan_HĐ Breath of heaven.pdf",9/9/2023,9/9/2026,https://stock-admin.hgmedia.app/admin/resource/details/0c0cc5bb-c196-4591-a3b2-886cb5e68b5f/audio/list/grid/1/1/folder,An Tuệ,Theo tháng,2 tháng 1 lần,750$/2 tháng,"",375,72,"Ko giới hạn SL kênh, được transfer cho bên thứ ba",https://docs.google.com/spreadsheets/d/14160tb_UrXT4LzkjYpPyQ_qp6f72jqc-UEWq5Ghu0sA/edit?gid=863319237#gid=863319237,-,750$/2 tháng,"","",partners,,partners_20260820_232000,2026-08-20 23:20:01.01133
8,Sergei Grishuk (Сергей Грищук) Relax Nga,Relax Nga - MKT1,https://stock-admin.hgmedia.app/admin/resource/details/1a632124-2a89-4a31-a3ad-64508f935422/audio/list/grid/1/1/folder,Relax,"","","","","",Red One,"",5 năm,1800$/5 năm,"","","","","","","","","",partners,,partners_20260820_232000,2026-08-20 23:20:01.01133
9,Sergei Grishuk (Сергей Грищук) Relax Nga,Relax Nga - MKT1,https://stock-admin.hgmedia.app/admin/resource/details/1a632124-2a89-4a31-a3ad-64508f935422/audio/list/grid/1/1/folder,Relax,"","","","","",Red One,"",5 năm,348.33$/5 năm,"","","","","","","","","",partners,,partners_20260820_232000,2026-08-20 23:20:01.01133
10,Sergei Grishuk (Сергей Грищук) Relax Nga,Relax Nga - MKT1,https://stock-admin.hgmedia.app/admin/resource/details/1a632124-2a89-4a31-a3ad-64508f935422/audio/list/grid/1/1/folder,Relax,"","","","","","Red One, MKT4","",5 năm,1551.67/5 năm,"","","","","","","","","",partners,,partners_20260820_232000,2026-08-20 23:20:01.01133
11,Sergei Grishuk (Сергей Грищук) Relax Nga,"","",Relax,27022024/MUSIC/HG-SERGEY,[exclusive] MUSIC LICENSE AGREEMENT 01 - Relax - Сергей Грищук (Sergey Grischuk) (2.2024).pdf,04/03/2024,"","","Red One, MKT4","Mua độc quyền, thanh toán 1 lần","",6000$,"78.000.000,00","","","","","","","Mới thanh toán lần 1, ngày trc BD ko báo ttoan nốt lần 2","",partners,,partners_20260820_232000,2026-08-20 23:20:01.01133
12,Oleg Gorbonosov,"",Không có thông tin,Relax,22122023/MUSIC/HG-OLEH,MUSIC LICENSE AGREEMENT 01 - Relax - OLEG (12.2023).pdf,28/12/2023,"","","Red One, An Tuệ & Vibe, An Tuệ, MKT4","Mua độc quyền, thanh toán 1 lần","",450$/bài,"46.800.000,00",1800,4,"","","","","","",partners,,partners_20260820_232000,2026-08-20 23:20:01.01133
13,Melnyk Ihor Olegovich,"",Không có thông tin,Relax,21122023/MUSIC/HG-MELNYK,MUSIC LICENSE AGREEMENT 01 - Relax - Melnyk Ihor Olegovich (12.2023).pdf,25/12/2023,"","",MKT4,"Mua độc quyền, thanh toán 1 lần","",50$/bài,"5.200.000,00",200,4,"","","","","","",partners,,partners_20260820_232000,2026-08-20 23:20:01.01133
14,Tymur Khakimov		,"",Không có thông tin,Relax,18012024/MUSIC/HG-TYMUR,MUSIC LICENSE AGREEMENT 01 - Relax - Tymur Khakimov (1.2024).pdf,23/01/2024,"","",MKT4,"Mua độc quyền, thanh toán 1 lần","",100$/bài,"5.200.000,00",200,2,"","","","","","",partners,,partners_20260820_232000,2026-08-20 23:20:01.01133
15,Palash Sunvaiya,"",Không có thông tin,Relax,24012024/MUSIC/HG-PALASH,[EXCLUSIVE] MUSIC LICENSE AGREEMENT 01 - Relax - Palash Sunvaiya (1.2024).pdf,28/01/2024,"","",MKT4,"Mua độc quyền, thanh toán 1 lần","",60$/bài,"3.120.000,00",120,2,"","","","","","",partners,,partners_20260820_232000,2026-08-20 23:20:01.01133
16,Nikolay Statilko,"",Không có thông tin,Relax,25012024/MUSIC/HG- NIKOLAY,[exclusive] MUSIC LICENSE AGREEMENT 01 - Relax - Nikolay Statilko (1.2024).pdf,01/02/2024,"","",MKT4,"Mua độc quyền, thanh toán 1 lần","",142.5$/bài,"7.410.000,00",285,2,"","","","","","",partners,,partners_20260820_232000,2026-08-20 23:20:01.01133
17,Tymur Khakimov		,"",Không có thông tin,Relax,23022024/MUSIC/HG-TYMUR,[exclusive] MUSIC LICENSE AGREEMENT 02 - Relax - Tymur Khakimov (2.2024).pdf,29/02/2024,"","","An Tuệ & Vibe, MKT4","Mua độc quyền, thanh toán 1 lần","",100$/bài ,"13.000.000,00",500,5,"","","","","","",partners,,partners_20260820_232000,2026-08-20 23:20:01.01133
18,Tymur Khakimov		,"",Không có thông tin,Relax,19042024/MUSIC/HG-TYMUR,[exclusive] MUSIC LICENSE AGREEMENT 03 - Relax - Tymur Khakimov (4.2024).pdf,23/04/2024,"","",MKT4,"Mua độc quyền, thanh toán 1 lần","",100$/bài,"15.600.000,00",600,6,"","","","","","",partners,,partners_20260820_232000,2026-08-20 23:20:01.01133
19,Tymur Khakimov		,"",Không có thông tin,Relax,02072024/MUSIC/HG-TYMUR,[exclusive] MUSIC LICENSE AGREEMENT 04 - Relax - Tymur Khakimov (6.2024).pdf,03/07/2024,"","","Red One, An Tuệ & Vibe, An Tuệ, MKT4","Mua độc quyền, thanh toán 1 lần","",100$/ bài,"26.000.000,00",1000,10,"","","","","","",partners,,partners_20260820_232000,2026-08-20 23:20:01.01133
20,Tymur Khakimov		,"",Không có thông tin,Relax,26092024/HDSX05-14-R/HG-Tymur,[exclusive]26092024HDTM05-14-RelaxHG-Tymur.pdf,26/09/2024,"","","Red One, An Tuệ & Vibe, An Tuệ, MKT4","Mua độc quyền, thanh toán 1 lần","",100$/ bài,"13.000.000,00",500,5,"","","","","","",partners,,partners_20260820_232000,2026-08-20 23:20:01.01133
21,Tymur Khakimov		,"",Không có thông tin,Relax,060125/HDSX06-15-R/HG-Tymur,[exclusive]060125HDTM06-15-RelaxHG-Tymur.pdf,10/01/2025,"","","Red One, MKT4","Mua độc quyền, thanh toán 1 lần","",100$/ bài,"23.400.000,00",900,9,"","","","","","",partners,,partners_20260820_232000,2026-08-20 23:20:01.01133
22,Orangery,"",Không có thông tin,Relax,"","",24/05/2023,"","","Red One, An Tuệ & Vibe, An Tuệ, MKT4",Thanh toán 1 lần,"","3.900.000,00","3.900.000,00",150,"","","","","","","",partners,,partners_20260820_232000,2026-08-20 23:20:01.01133
23,Aron van Selm,"",Không có thông tin,Relax,"","",07/03/2023,"","","Red One, An Tuệ & Vibe, An Tuệ, MKT4",Thanh toán 1 lần,"","3.249.740,00","3.249.740,00","124,99","","","","","","","",partners,,partners_20260820_232000,2026-08-20 23:20:01.01133
24,Sensoria,"",Kho đã dừng sử dụng từ lâu -> Không có thông tin kho,Deep House,05/2022/MUSIC/HG- SENSORIA RECORDS,Music License Agreement 01 - Deephouse - SENSORIA RECORDS (T4/2022).pdf,04/05/2022,"","","Red One, An Tuệ & Vibe, An Tuệ, MKT4, Bình Hào",Thanh toán 1 lần,"","10.400.000,00","10.400.000,00",400,"","","","","",Dừng thanh toán,"",partners,,partners_20260820_232000,2026-08-20 23:20:01.01133
25,Maniana Records,Maniana Records,https://stock-admin.hgmedia.app/admin/resource/details/4b3db0c3-76ed-4dab-beb3-e41c294ae6ef/video/grid/grid/1/1/folder ,Deep House,23082024/HDSX01-3-DH/HG-Maniana,"MUSIC LICENSE AGREEMENT 01 - DEEPHOUSE - Maniana Records (T4/2020).pdf
230824HDTM01-3-DeephouseHG-Maniana Records.pdf",04/04/2020,"","","An Tuệ & Vibe, Red One, FM, Bình Hào, MKT4",Theo tháng,Hàng tháng,"T8/2022-T8/2024: 500$/Tháng
T9/2024-T8/2025: 650$/ Tháng","",650,69,"","","","",Dừng thanh toán,"",partners,,partners_20260820_232000,2026-08-20 23:20:01.01133
26,Different Twins,Different Twins,https://stock-admin.hgmedia.app/admin/resource/details/1a6d1584-69cc-49c3-af47-79c8722e44c6/video/grid/grid/1/1/folder,Deep House,"",Music License Agreement 01 - Deephouse - Different Twins Records (T3/2020).pdf,31/03/2020,"","","An Tuệ & Vibe, Red One, FM, Bình Hào, MKT4",Theo tháng,Hàng tháng,400$/ Tháng,"",400,21,"","","","",Dừng thanh toán,"",partners,,partners_20260820_232000,2026-08-20 23:20:01.01133
27,Road Story Records,Road Story Records,https://stock-admin.hgmedia.app/admin/resource/details/ecf6342f-f61f-41d2-a239-a1cdf1896638/video/grid/grid/1/1/folder,Deep House,03 /2022/MUSIC/HG- ROAD STORY RECORDS,Music License Agreemnet 01 - Deephouse - ROAD STORY RECORDS (T2/2022).pdf,28/02/2022,"","","An Tuệ & Vibe, Red One, FM, Bình Hào, MKT4",Theo tháng,Hàng tháng,400$/ Tháng,"",400,30,"","","","",Dừng thanh toán bắt đầu từ t5/2026,"",partners,,partners_20260820_232000,2026-08-20 23:20:01.01133
28,Spectrum Recordings,Spectrum Recordings,https://stock-admin.hgmedia.app/admin/resource/details/258ba6a2-8aed-4db2-ae6d-79512920a522/video/grid/grid/1/1/folder,Deep House,03/2022/MUSIC/HG- SPECTRUM RECORDINGS,Music License Agreement 01 - Deephouse - SPECTRUM RECORDINGS (T3/2022).pdf,16/03/2022,"","","An Tuệ & Vibe, Red One, FM, Bình Hào, MKT4",Theo tháng,Hàng tháng,600$/tháng,"",600,40,"","","","",Dừng thanh toán,"",partners,,partners_20260820_232000,2026-08-20 23:20:01.01133
29,Three Dot House,"",Kho đã dừng sử dụng từ lâu -> Không có thông tin kho,Deep House,03/2022/MUSIC/HG- THREE DOT HOUSE RECORDS,Music license contract 01 - Deephouse - THREE DOT HOUSE RECORDS (T3_2022).pdf,23/03/2022,"","","An Tuệ & Vibe, Red One, FM, Bình Hào, MKT4",Theo tháng,Hàng tháng,450$/tháng,"",450,38,"","","","",Dừng thanh toán,"",partners,,partners_20260820_232000,2026-08-20 23:20:01.01133
30,Zero claim records,"",Kho đã dừng sử dụng từ lâu -> Không có thông tin kho,Deep House,"",MUSIC LICENSE AGREEMENT 01 - DEEPHOUSE - Zero Claim Record (T9/2020).pdf,16/09/2020,"","","An Tuệ & Vibe, Red One, FM, Bình Hào, MKT4",Theo tháng,Hàng tháng,600 Euro/ tháng,"",600,"","","","","",Dừng thanh toán,"",partners,,partners_20260820_232000,2026-08-20 23:20:01.01133
31,Inside records,Inside Record,https://stock-admin.hgmedia.app/admin/resource/details/49017247-37d9-4282-8a77-eea27ae9c98d/video/grid/grid/1/1/folder,Deep House,03 /2022/MUSIC/HG- BEYOND AND INSIDE RECORDS,Music License Agreement 01 - Deephouse - BEYOND AND INSIDE RECORDS (T2/2022).pdf,10/02/2022,"","","An Tuệ & Vibe, Red One, FM, Bình Hào, MKT4",Theo tháng,Hàng tháng,580$/ tháng,"",580,14,"","","","","","",partners,,partners_20260820_232000,2026-08-20 23:20:01.01133
32,Natural Deep (RA music),Natural Deep (RA music),https://stock-admin.hgmedia.app/admin/resource/details/6fbfe752-0fbc-4585-b836-8af8e2f808b2/video/grid/grid/1/1/folder,Deep House,04/2022/MUSIC/HG- RA MUSIC (NATURAL DEEP),Music License Agreement 01 - Deephouse - RA MUSIC (NATURAL DEEP) (T4/2022) .pdf,05/04/2022,"","","An Tuệ & Vibe, Red One, FM, Bình Hào, MKT4",Theo tháng,Hàng tháng,350$/ tháng,"",350,"","","","","","","",partners,,partners_20260820_232000,2026-08-20 23:20:01.01133
33,Day dose of house,Day dose of house,https://stock-admin.hgmedia.app/admin/resource/details/b36a6561-8bef-4538-9960-c019398315b1/video/grid/grid/1/1/folder,Deep House,06/2022/MUSIC/HG- DAY DOSE OF HOUSE RECORDS,Music License Agreement 01 - Deephouse - DAY DOSE OF HOUSE (T6/2022).pdf,22/06/2022,"","","An Tuệ & Vibe, Red One, FM, Bình Hào, MKT4",Theo tháng,2 tháng 1 lần,700$/ 2 tháng,"",350,"","","","","","","",partners,,partners_20260820_232000,2026-08-20 23:20:01.01133
34,Deep strip,Deep strip Record,https://stock-admin.hgmedia.app/admin/resource/details/9501a7ec-5674-49e1-80e3-fa7aae538a90/video/grid/grid/1/1/folder,Deep House,"",Music License Agreement 01 - Deephouse - Deep Strip Records (T8/2021).pdf,09/08/2021,"","","An Tuệ & Vibe, Red One, FM, Bình Hào, MKT4",Theo tháng,2 tháng 1 lần,500$/ 2 tháng,"",250,"","","","","","","",partners,,partners_20260820_232000,2026-08-20 23:20:01.01133
35,TFB records,TFB,https://stock-admin.hgmedia.app/admin/resource/details/1f0d7295-2117-4abb-b6d3-55b0ee6f8ff1/video/grid/grid/1/1/folder,Deep House,03072024/MUSIC/HG-TFB,"Music License Agreement 01 - Deephouse - TFB (T3/2020).pdf
MUSIC LICENSE AGREEMENT 01 - Deephouse - TFB Records (7.2024).pdf","24/03/2020
03/07/2024","","","An Tuệ & Vibe, Red One, FM, Bình Hào, MKT4",Theo tháng,3 tháng 1 lần,"T7/2022-T1/2023: 900$
T4/2023-T4/2024: 1100$
T7/2024-T1/2024: 1200$","",400,54,"","","","","","",partners,,partners_20260820_232000,2026-08-20 23:20:01.01133
36,Wame record,"",Kho đã dừng sử dụng từ lâu -> Không có thông tin kho,Deep House,"",MUSIC LICENSE AGREEMENT 01 - DEEPHOUSE - WAME RECORDS (T10/2021).pdf,04/10/2021,"","","An Tuệ & Vibe, Red One, FM, Bình Hào, MKT4",Theo tháng,3 tháng 1 lần,350$/3 tháng,"",150,7,"","","","","","",partners,,partners_20260820_232000,2026-08-20 23:20:01.01133
37,Lucid Plain,"",Kho đã dừng sử dụng từ lâu -> Không có thông tin kho,Deep House,"",MUSIC LICENSE AGREEMENT 01 - DEEPHOUSE - LUCID PLAIN RECORDS (T5/2021).pdf,06/05/2021,"","","An Tuệ & Vibe, Red One, FM, Bình Hào, MKT4",Theo tháng,6 tháng 1 lần,600$/6 tháng,"",100,"","","","","",Dừng hợp tác,"",partners,,partners_20260820_232000,2026-08-20 23:20:01.01133
38,Frequency,Frequency,https://stock-admin.hgmedia.app/admin/resource/details/75704768-fe56-4bab-8a4d-3d26513127a2/video/grid/grid/1/1/folder,Deep House,08 /2022 /MUSIC/HG- FREQUENCY,Music License Agreement 01 - Deephouse - Frequency (T7/2022).pdf,25/07/2022,"","","An Tuệ & Vibe, Red One, FM, Bình Hào, MKT4",Theo tháng,6 tháng 1 lần,600$/6 tháng,"",100,"","","","","",Dừng hợp tác,"",partners,,partners_20260820_232000,2026-08-20 23:20:01.01133
39,Extra Sound Records,Extra sound,https://stock-admin.hgmedia.app/admin/resource/details/39585ca6-799d-4b73-85a3-a5df3dd33621/video/grid/grid/1/1/folder,Deep House,"",MUSIC LICENSE AGREEMENT 02 - DEEPHOUSE -  EXTRA SOUND RECORDINGS (T8/2021).pdf,02/08/2021,"","","An Tuệ & Vibe, Red One, FM, Bình Hào, MKT4",Theo tháng,6 tháng 1 lần,500$/6 tháng,"",833.334,"","","","","","","",partners,,partners_20260820_232000,2026-08-20 23:20:01.01133
40,Tipsy,"",Kho đã dừng sử dụng từ lâu -> Không có thông tin kho,Deep House,"",MUSIC LICENSE AGREEMENT 01 - DEEPHOUSE - TIPSY RECORDS (T9/2021).pdf,21/09/2021,"","","An Tuệ & Vibe, Red One, FM, Bình Hào, MKT4",Theo tháng,6 tháng 1 lần,600$/6 tháng,"",100,"","","","","",Dừng hợp tác,"",partners,,partners_20260820_232000,2026-08-20 23:20:01.01133
41,Million Records,Million records,https://stock-admin.hgmedia.app/admin/resource/details/b68f1a16-c47e-420e-aac1-e2a8fcbfb750/video/grid/grid/1/1/folder,Deep House,"",Music License Agreement 01 - Deephouse - Million Records (T3/2022).pdf,23/03/2022,"","","An Tuệ & Vibe, Red One, FM, Bình Hào, MKT4",Theo tháng,2 tháng 1 lần,200$/ 2 tháng,"",100,10,"","","","",Dừng hợp tác,"",partners,,partners_20260820_232000,2026-08-20 23:20:01.01133
42,Million records,Million records,https://stock-admin.hgmedia.app/admin/resource/details/b9968a60-3ddb-405c-86ec-c20c19f48e45/video/list/list/1/1/folder,Deep House,"",Music License Agreement 01 - Deephouse - Million Records (T3/2022).pdf,23/03/2022,"","",MKT4,Theo tháng,2 tháng 1 lần,200$/ 2 tháng,"",100,10,"","","","",Dừng hợp tác,"",partners,,partners_20260820_232000,2026-08-20 23:20:01.01133
43,Mark Music Records,Mark Music Records,https://stock-admin.hgmedia.app/admin/resource/details/ec3bd4d9-5dc4-45ab-af25-4613429121d2/video/grid/grid/1/1/folder,Deep House,06/2023/MUSIC/HG-MARK MUSIC RECORDS,MUSIC LICENSE AGREEMENT 01 - Deep house - MARK MUSIC RECORDS (T6/2023) .pdf,08/06/2023,"","","An Tuệ & Vibe, Red One, FM, Bình Hào, MKT4",Theo tháng,Hàng tháng,500$/ tháng,"",500,"","","","","",Dừng hợp tác,"",partners,,partners_20260820_232000,2026-08-20 23:20:01.01133
44,Pofiqist,Pofiqist,https://stock-admin.forestmusicgroup.net/admin/resource/details/524567ae-32cd-4529-8cf6-c65765f8182b/video/list/list/1/1/folder,Deep House,04012024/MUSIC/HG-POFIQIST,"[non-exclusive] MUSIC LICENSE AGREEMENT 01 - Deephouse - Pofiqist (1.2024).pdf
(Appendix03) MUSIC LICENSE AGREEMENT 01 - Deephouse - Pofiqist (1.2024).pdf 
(Appendix04)-040124.MLA01-1-Deephouse-Pofiqist.pdf",05/03/2024,"","","FM, MKT4",Theo tháng,Hàng tháng,"T4/2024-T6/2024: 700$/tháng
T7/2024-T11/2024: 1700$/tháng
T12/2024-T4/2026: 2400$/tháng","",2400,135,"","","","",Dừng hợp tác,"",partners,,partners_20260820_232000,2026-08-20 23:20:01.01133
45,Lopills,"","Kho từ lâu dừng sử dụng, đổi tool và không còn thông tin",Lofi,"",YOUTUBE MUSIC LICENSE AGREEMENTS 01 - LOFI - LOPILLS RECORDS (T11/2021).pdf,15/11/2021,"","","An Tuệ & Vibe, Red One, FM, Bình Hào, MKT4",Theo tháng,2 tháng 1 lần,400$/ 2 tháng,"",200,"","","","","",Dừng hợp tác,"",partners,,partners_20260820_232000,2026-08-20 23:20:01.01133
46,PVMM,"",Trùng với kho trên: PUEBLO VISTA POLYMESA KAI MOUSIKI LP,Lofi,2305/2022/MUSIC/HG-PVMM,MUSIC LICENSE AGREEMENT 01 - LOFI - PVMM (T5/2022).pdf,23/05/2022,"","","Red One, An Tuệ & Vibe, Bình Hào",Theo tháng,Hàng tháng,480 Euro/ tháng,"",480,"","","","","",Dừng hợp tác,"",partners,,partners_20260820_232000,2026-08-20 23:20:01.01133
47,Lofi Jazz Records,"","Kho từ lâu dừng sử dụng, đổi tool và không còn thông tin",Lofi,"",YOUTUBE MUSIC LICENSE AGREEMENT 01 - LOFI - Lofi Jazz Records (T8/2021).pdf,13/08/2021,"","","An Tuệ & Vibe, Red One, FM, Bình Hào, MKT4",Theo tháng,2 tháng 1 lần,400$/ 2 tháng,"",200,"","","","","",Dừng hợp tác,"",partners,,partners_20260820_232000,2026-08-20 23:20:01.01133
48,Street Phonk' Records,NHẠC DỪNG SỬ DỤNG,https://stock-admin.hgmedia.app/admin/resource/details/cecb4d42-38fc-4e1d-a21f-50cc6e76eac8/audio/list/grid/1/1/folder,Phonk,11/2022/MUSIC/HG- STREET PHONK' RECORDS,Composing Order Contract 01 - Phonk - Street Phonk' Records (T11/2022).pdf,28/11/2022,"","",An Tuệ,Theo tháng,Hàng tháng,"T12/2022-T3/2023: 1000 Euro/ tháng
T5/2023: 750 Euro/tháng
T6/2023-T10/2023: 500 Euro/tháng","",500,"","","","","",Dừng hợp tác,"",partners,,partners_20260820_232000,2026-08-20 23:20:01.01133
49,Aurorian ' Records,AURORIAN' RECORD,https://stock-admin.hgmedia.app/admin/resource/details/5bbc78f2-d1b6-4242-8a86-f0c823bac3cd/audio/grid/grid/1/1/folder,Phonk,11/2022/MUSIC/HG- AURORIAN’ RECORD,Music Licence Agreement 01 - Phonk - Aurorian Records (T5/2023) -.pdf,23/05/2023,"","",An Tuệ,Theo tháng,Hàng tháng,T5/2023-T5/2024: 300$/tháng,"",300,92,"","","","",Dừng hợp tác,"",partners,,partners_20260820_232000,2026-08-20 23:20:01.01133
50,HalidonMusic,HalidonMusic,https://stock-admin.hgmedia.app/admin/resource/details/36d646ff-6bfe-4fce-bb40-cf60761328ea/audio/grid/grid/1/1/folder,Classical,16/05/2023/MUSIC/HG-HALIDONMUSIC,"Non-exclusive Music license contract 01 - Classical - HALIDON (T5/2023).pdf
",19/05/2023,"","","Red One, An Tuệ & Vibe, MKT4",Theo tháng,2 tháng 1 lần,10500 euro/3 tháng,"",3500,"","","","","",Dừng hợp tác,"",partners,,partners_20260820_232000,2026-08-20 23:20:01.01133
51,ALEX INSOURATSELOU,Thu mua nền tảng,https://stock-admin.hgmedia.app/admin/resource/details/c5526206-57b8-417f-bc54-031500d45809/audio/grid/grid/1/1/folder,Hangdrum,2508/2023/MUSIC/HG- ALEX INSOURATSELOU,MUSIC LICENSE AGREEMENT - Hangdrum - ALEX INSOURATSELOU (82023) (1).pdf,25/08/2023,"","",An Tuệ,Thanh toán 1 lần,"",120$/tháng,"3.120.000,00",120,5,"","","","",Dừng hợp tác,"",partners,,partners_20260820_232000,2026-08-20 23:20:01.01133
