Id,Name,Description,CompanyId,CreatedTimeUtc,UpdatedTimeUtc,CreatedByUserId,UpdatedByUserId,IsDeleted,DeletedTimeUtc,DeletedByUserId,IsFixed,_source_id,_source_connection,_batch_id,_loaded_at
04af77f2-a879-4ba0-9dfc-c3a2b19ff9e4,Trợ lý phòng,,36310203-8005-41dc-b51e-a8dc52960496,2025-12-16 22:35:59.188342-08,2025-12-16 22:35:59.188343-08,43f06182-5eb3-4c65-a524-f723cf7ebfe9,43f06182-5eb3-4c65-a524-f723cf7ebfe9,f,,,f,position,channel_organization,,
091cce53-5e38-4db8-a66d-d4e9413effa9,Red One - SEO Youtube,Nhân sự SEO,448025a0-0ff7-4ed0-a917-399a73decef2,2026-05-08 19:08:54.073533-07,2026-05-08 19:08:54.073535-07,4cc9d7bf-fc7a-4381-a611-35b43914459f,4cc9d7bf-fc7a-4381-a611-35b43914459f,f,,,f,position,channel_organization,,
0a32791a-a46a-43a1-af2b-4972a82c367d,Red One - Video Editor,Nhân sự phòng sáng tạo edit video,448025a0-0ff7-4ed0-a917-399a73decef2,2026-05-08 19:08:46.935811-07,2026-05-08 19:08:46.935813-07,4cc9d7bf-fc7a-4381-a611-35b43914459f,4cc9d7bf-fc7a-4381-a611-35b43914459f,f,,,f,position,channel_organization,,
0a49760b-58a0-454f-9688-48a4536dcfb3,AI Visual Designer,,448025a0-0ff7-4ed0-a917-399a73decef2,2025-05-03 23:21:21.693346-07,2025-05-03 23:21:21.693348-07,358dceb1-c1b0-46b9-a24f-c1b6a7fdb2dd,358dceb1-c1b0-46b9-a24f-c1b6a7fdb2dd,t,2026-05-09 00:29:45.147291-07,,f,position,channel_organization,,
0a4d70dd-99e4-481c-89a6-700243af62ce,Trợ Lý Quản lý SEO,,448025a0-0ff7-4ed0-a917-399a73decef2,2025-07-05 02:49:36.406494-07,2025-07-05 02:49:49.982394-07,86e0f3f2-3c06-4902-bfea-2360bfe41b9a,86e0f3f2-3c06-4902-bfea-2360bfe41b9a,t,2026-05-09 00:51:34.979175-07,,f,position,channel_organization,,
0aa87237-c1af-4aa1-a15b-c5c17def9c4a,Marketing Leader,,c0b92fe8-a4af-4d8b-966e-1ba531c67325,2026-03-25 01:09:24.167022-07,2026-03-25 01:10:41.919798-07,2cd51d46-fd75-4248-bcbe-1641ada95366,2cd51d46-fd75-4248-bcbe-1641ada95366,t,2026-06-09 19:47:26.443558-07,2cd51d46-fd75-4248-bcbe-1641ada95366,f,position,channel_organization,,
0af54da2-7909-4b2f-a2e7-cbfd0860ef1d,An Tuệ - 3D Artist,,448025a0-0ff7-4ed0-a917-399a73decef2,2025-04-28 22:53:02.712048-07,2026-05-08 23:48:38.431992-07,358dceb1-c1b0-46b9-a24f-c1b6a7fdb2dd,4cc9d7bf-fc7a-4381-a611-35b43914459f,f,,,f,position,channel_organization,,
0cabbbc0-a956-4aa8-a4e1-9149f688840e,3D Architecture,,448025a0-0ff7-4ed0-a917-399a73decef2,2025-05-03 18:22:00.490564-07,2025-05-03 18:22:00.490567-07,358dceb1-c1b0-46b9-a24f-c1b6a7fdb2dd,358dceb1-c1b0-46b9-a24f-c1b6a7fdb2dd,t,2026-05-09 00:22:20.755434-07,,f,position,channel_organization,,
0f990659-f62c-4e38-8e3a-36893ed1cfb8,Trợ lý CEO,,22c44f4d-b6e8-4dd2-928d-86ff1119f05a,2025-09-03 19:05:44.254991-07,2025-09-03 19:05:44.255096-07,86e0f3f2-3c06-4902-bfea-2360bfe41b9a,86e0f3f2-3c06-4902-bfea-2360bfe41b9a,t,2025-09-11 02:45:12.446304-07,86e0f3f2-3c06-4902-bfea-2360bfe41b9a,f,position,channel_organization,,
0fe75c59-a153-453a-a4e6-4ad9744ac8fe,Tester,,448025a0-0ff7-4ed0-a917-399a73decef2,2025-10-09 02:31:04.874876-07,2025-10-09 02:31:04.874877-07,86e0f3f2-3c06-4902-bfea-2360bfe41b9a,86e0f3f2-3c06-4902-bfea-2360bfe41b9a,t,2026-05-09 01:02:39.131276-07,,f,position,channel_organization,,
1652eabe-d9fb-49e6-b040-312b94286315,HG - Trưởng Phòng,,448025a0-0ff7-4ed0-a917-399a73decef2,2025-04-28 22:55:26.355928-07,2026-05-09 00:00:32.267831-07,358dceb1-c1b0-46b9-a24f-c1b6a7fdb2dd,4cc9d7bf-fc7a-4381-a611-35b43914459f,f,,,f,position,channel_organization,,
17c4e819-ddda-42d6-b3e2-c29e49cee82b,L&D,,448025a0-0ff7-4ed0-a917-399a73decef2,2025-10-24 02:50:29.644888-07,2025-10-24 02:50:29.644957-07,86e0f3f2-3c06-4902-bfea-2360bfe41b9a,86e0f3f2-3c06-4902-bfea-2360bfe41b9a,f,,,f,position,channel_organization,,
1b07e779-3858-41f3-8c2f-f5b164642b0a,Designer Senior,,448025a0-0ff7-4ed0-a917-399a73decef2,2025-05-03 23:22:22.817172-07,2025-05-03 23:22:22.817174-07,358dceb1-c1b0-46b9-a24f-c1b6a7fdb2dd,358dceb1-c1b0-46b9-a24f-c1b6a7fdb2dd,t,2026-05-09 00:42:01.943318-07,,f,position,channel_organization,,
1b2e9f69-71a1-4223-bb2d-4e7ceca5a265,Color Grading Specialist,,448025a0-0ff7-4ed0-a917-399a73decef2,2025-05-03 18:14:03.325405-07,2025-05-03 18:14:03.325407-07,358dceb1-c1b0-46b9-a24f-c1b6a7fdb2dd,358dceb1-c1b0-46b9-a24f-c1b6a7fdb2dd,t,2026-05-09 00:20:31.525561-07,,f,position,channel_organization,,
1f879be6-f67a-4417-973b-5855beac22fd,Leader VHLB,,448025a0-0ff7-4ed0-a917-399a73decef2,2025-11-04 23:03:58.798886-08,2025-11-04 23:03:58.798889-08,86e0f3f2-3c06-4902-bfea-2360bfe41b9a,86e0f3f2-3c06-4902-bfea-2360bfe41b9a,f,,,f,position,channel_organization,,
21afd156-110a-43f4-b65c-ab28f8ef3af3,Phó Giám Đốc,,448025a0-0ff7-4ed0-a917-399a73decef2,2025-05-03 23:23:08.786054-07,2025-05-03 23:23:08.786056-07,358dceb1-c1b0-46b9-a24f-c1b6a7fdb2dd,358dceb1-c1b0-46b9-a24f-c1b6a7fdb2dd,t,2026-05-08 23:41:38.941005-07,,f,position,channel_organization,,
23e0a760-0e7b-47a7-82b0-89d0bba560f1,Leader,,36310203-8005-41dc-b51e-a8dc52960496,2025-12-16 18:14:01.703568-08,2025-12-25 17:48:28.526081-08,86e0f3f2-3c06-4902-bfea-2360bfe41b9a,43f06182-5eb3-4c65-a524-f723cf7ebfe9,f,,,f,position,channel_organization,,
25699390-778b-43dd-a1fe-ad5cbf8a8e27,Red One - Lead AI Designer,"",448025a0-0ff7-4ed0-a917-399a73decef2,2025-04-28 22:55:06.048618-07,2026-05-08 23:55:01.92243-07,358dceb1-c1b0-46b9-a24f-c1b6a7fdb2dd,4cc9d7bf-fc7a-4381-a611-35b43914459f,f,,,f,position,channel_organization,,
25d69eb6-9f80-427a-9bad-165c76afb062,AI Visual Designer,,448025a0-0ff7-4ed0-a917-399a73decef2,2025-04-28 22:55:15.60581-07,2025-04-28 22:55:15.605813-07,358dceb1-c1b0-46b9-a24f-c1b6a7fdb2dd,358dceb1-c1b0-46b9-a24f-c1b6a7fdb2dd,t,2026-05-08 23:55:06.016287-07,,f,position,channel_organization,,
28e769cb-8b00-4950-acc4-fee1babfcf48,Forest Music - Trưởng nhóm RnD,Trưởng nhóm RnD,448025a0-0ff7-4ed0-a917-399a73decef2,2026-05-08 19:11:22.576181-07,2026-05-08 19:11:22.576183-07,4cc9d7bf-fc7a-4381-a611-35b43914459f,4cc9d7bf-fc7a-4381-a611-35b43914459f,f,,,f,position,channel_organization,,
2ba3869f-2c34-407f-9550-db79c129ea40,Red One - AI Visual Designer,Nhân sự phòng sáng tạo làm AI Visual,448025a0-0ff7-4ed0-a917-399a73decef2,2026-05-08 19:07:57.851814-07,2026-05-08 19:07:57.851816-07,4cc9d7bf-fc7a-4381-a611-35b43914459f,4cc9d7bf-fc7a-4381-a611-35b43914459f,f,,,f,position,channel_organization,,
2c1d0854-17e5-46b5-8770-ad8626ae049b,Kế Toán,,448025a0-0ff7-4ed0-a917-399a73decef2,2026-03-03 18:16:29.784391-08,2026-03-03 18:16:29.784443-08,358dceb1-c1b0-46b9-a24f-c1b6a7fdb2dd,358dceb1-c1b0-46b9-a24f-c1b6a7fdb2dd,f,,,f,position,channel_organization,,
30693556-8d19-43ad-9621-7faaba8f35ab,Tổ trưởng,,36310203-8005-41dc-b51e-a8dc52960496,2025-12-25 17:48:37.814932-08,2025-12-25 17:48:37.814934-08,43f06182-5eb3-4c65-a524-f723cf7ebfe9,43f06182-5eb3-4c65-a524-f723cf7ebfe9,f,,,f,position,channel_organization,,
3350548a-add2-433e-800c-033a378706a1,Trưởng phòng Sản Xuất,,448025a0-0ff7-4ed0-a917-399a73decef2,2025-10-06 00:11:23.038527-07,2025-10-06 00:11:23.038647-07,229dc6f0-0c2f-42cc-8d32-7c3397e96194,229dc6f0-0c2f-42cc-8d32-7c3397e96194,t,2026-05-09 01:02:04.890551-07,,f,position,channel_organization,,
338a0c25-92a3-4ac2-b34f-ab06cb84f974,Kế Toán Nội Bộ,,448025a0-0ff7-4ed0-a917-399a73decef2,2025-07-04 20:53:03.426951-07,2025-07-04 20:53:25.023086-07,86e0f3f2-3c06-4902-bfea-2360bfe41b9a,86e0f3f2-3c06-4902-bfea-2360bfe41b9a,f,,,f,position,channel_organization,,
33f357ef-64f0-4cfb-ba79-86275ede6bc2,Trưởng Nhóm,,448025a0-0ff7-4ed0-a917-399a73decef2,2025-05-05 19:17:02.963356-07,2025-05-05 19:17:02.963381-07,358dceb1-c1b0-46b9-a24f-c1b6a7fdb2dd,358dceb1-c1b0-46b9-a24f-c1b6a7fdb2dd,f,,,f,position,channel_organization,,
34277a7f-6fd8-4766-a55f-207013c08063,QLSX,,448025a0-0ff7-4ed0-a917-399a73decef2,2025-11-04 23:04:11.094994-08,2025-11-04 23:04:11.094997-08,86e0f3f2-3c06-4902-bfea-2360bfe41b9a,86e0f3f2-3c06-4902-bfea-2360bfe41b9a,f,,,f,position,channel_organization,,
35601da0-83de-4190-bc91-bf9ee938be27,Leader Perf,,448025a0-0ff7-4ed0-a917-399a73decef2,2025-12-26 20:37:19.483465-08,2025-12-26 20:37:19.483467-08,86e0f3f2-3c06-4902-bfea-2360bfe41b9a,86e0f3f2-3c06-4902-bfea-2360bfe41b9a,f,,,f,position,channel_organization,,
371892db-f55d-4fda-a02c-c7ed5185d916,An Tuệ - Marketing Leader,,448025a0-0ff7-4ed0-a917-399a73decef2,2026-05-08 19:22:14.510804-07,2026-05-08 19:22:14.510806-07,4cc9d7bf-fc7a-4381-a611-35b43914459f,4cc9d7bf-fc7a-4381-a611-35b43914459f,f,,,f,position,channel_organization,,
381516e1-5725-42bf-af66-3bad87bdf978,Forest Music - AI Visual Designer,Nhân viên Designer,448025a0-0ff7-4ed0-a917-399a73decef2,2026-05-08 19:11:47.580879-07,2026-05-08 19:11:47.580881-07,4cc9d7bf-fc7a-4381-a611-35b43914459f,4cc9d7bf-fc7a-4381-a611-35b43914459f,f,,,f,position,channel_organization,,
397d5456-b998-496d-9db3-ff47cae1d2ad,IC,,448025a0-0ff7-4ed0-a917-399a73decef2,2025-11-04 23:03:21.252235-08,2025-11-04 23:03:21.252239-08,86e0f3f2-3c06-4902-bfea-2360bfe41b9a,86e0f3f2-3c06-4902-bfea-2360bfe41b9a,f,,,f,position,channel_organization,,
3c31c41b-a24a-4db2-8663-6f3614ad1120,SEO Youtube,,448025a0-0ff7-4ed0-a917-399a73decef2,2025-04-29 00:53:56.01314-07,2025-04-29 00:53:56.013144-07,358dceb1-c1b0-46b9-a24f-c1b6a7fdb2dd,358dceb1-c1b0-46b9-a24f-c1b6a7fdb2dd,f,,,f,position,channel_organization,,
4317aa2f-11cf-4399-84f6-a8c0ad976bcc,Interior Designer,,448025a0-0ff7-4ed0-a917-399a73decef2,2025-05-03 18:22:14.789864-07,2025-05-03 18:22:14.789867-07,358dceb1-c1b0-46b9-a24f-c1b6a7fdb2dd,358dceb1-c1b0-46b9-a24f-c1b6a7fdb2dd,t,2026-05-09 00:23:00.783583-07,,f,position,channel_organization,,
445513d1-0194-4cf8-a37e-50c3235b99a8,SEO,,36310203-8005-41dc-b51e-a8dc52960496,2025-11-19 20:00:23.761579-08,2025-12-23 18:09:03.249229-08,86e0f3f2-3c06-4902-bfea-2360bfe41b9a,43f06182-5eb3-4c65-a524-f723cf7ebfe9,f,,,f,position,channel_organization,,
44bb4216-ec73-43a8-8a6e-c07e29caafcc,CEO,,36310203-8005-41dc-b51e-a8dc52960496,2025-12-23 18:09:21.647579-08,2025-12-23 18:09:21.647625-08,43f06182-5eb3-4c65-a524-f723cf7ebfe9,43f06182-5eb3-4c65-a524-f723cf7ebfe9,f,,,f,position,channel_organization,,
44eee97c-f730-45d8-acad-ce85c8638d18,Forest Music - Video Editor,Nhân viên Editor,448025a0-0ff7-4ed0-a917-399a73decef2,2026-05-08 19:12:01.44564-07,2026-05-08 19:12:01.445642-07,4cc9d7bf-fc7a-4381-a611-35b43914459f,4cc9d7bf-fc7a-4381-a611-35b43914459f,f,,,f,position,channel_organization,,
46c9f3d6-a1bb-497c-a9b4-3ec4285535bf,An Tuệ - HGGPT User,user của HGGPT,448025a0-0ff7-4ed0-a917-399a73decef2,2026-05-19 20:14:46.409906-07,2026-05-19 20:14:46.409974-07,4cc9d7bf-fc7a-4381-a611-35b43914459f,4cc9d7bf-fc7a-4381-a611-35b43914459f,f,,,f,position,channel_organization,,
496eb351-fd59-464d-9198-858ea8f4c034,HG-CEO,,448025a0-0ff7-4ed0-a917-399a73decef2,2025-04-21 21:59:34.056878-07,2026-05-09 00:00:51.306217-07,358dceb1-c1b0-46b9-a24f-c1b6a7fdb2dd,4cc9d7bf-fc7a-4381-a611-35b43914459f,f,,,f,position,channel_organization,,
4979054c-119c-4422-881e-2173af6109e1,HG - Vận Hành,,448025a0-0ff7-4ed0-a917-399a73decef2,2025-05-05 19:16:43.081047-07,2026-05-09 00:47:04.908089-07,358dceb1-c1b0-46b9-a24f-c1b6a7fdb2dd,4cc9d7bf-fc7a-4381-a611-35b43914459f,f,,,f,position,channel_organization,,
4d7524b2-e599-44ac-8053-9bb390b9acbe,An Tuệ - Digital Marketing,,448025a0-0ff7-4ed0-a917-399a73decef2,2026-05-08 19:22:18.310857-07,2026-05-08 19:22:18.310858-07,4cc9d7bf-fc7a-4381-a611-35b43914459f,4cc9d7bf-fc7a-4381-a611-35b43914459f,f,,,f,position,channel_organization,,
4e31f307-7eee-4b27-9010-8afd59ffbf44,An Tuệ - Trợ lý CEO,,448025a0-0ff7-4ed0-a917-399a73decef2,2026-05-08 19:22:04.240715-07,2026-05-08 19:22:04.240716-07,4cc9d7bf-fc7a-4381-a611-35b43914459f,4cc9d7bf-fc7a-4381-a611-35b43914459f,f,,,f,position,channel_organization,,
50f267fc-aa9b-419e-a15f-786d66f1aaad,Videographer,,448025a0-0ff7-4ed0-a917-399a73decef2,2025-05-03 23:25:28.852307-07,2025-05-03 23:25:28.85231-07,358dceb1-c1b0-46b9-a24f-c1b6a7fdb2dd,358dceb1-c1b0-46b9-a24f-c1b6a7fdb2dd,f,,,f,position,channel_organization,,
51d14913-b986-44ff-89a6-917876f0e3b0,Resources Development,,448025a0-0ff7-4ed0-a917-399a73decef2,2025-05-03 18:13:31.786381-07,2025-05-03 18:13:31.786383-07,358dceb1-c1b0-46b9-a24f-c1b6a7fdb2dd,358dceb1-c1b0-46b9-a24f-c1b6a7fdb2dd,t,2026-05-09 00:18:53.531952-07,,f,position,channel_organization,,
54772e99-d757-4a76-afbe-a91824dd7422,An Tuệ - Postproduction Audio Specialist,,448025a0-0ff7-4ed0-a917-399a73decef2,2025-05-03 18:14:23.345093-07,2026-05-09 00:19:44.732229-07,358dceb1-c1b0-46b9-a24f-c1b6a7fdb2dd,4cc9d7bf-fc7a-4381-a611-35b43914459f,f,,,f,position,channel_organization,,
54e2b7e9-594a-4c94-ac27-951dc130ef4d,Social Marketing Leader,,448025a0-0ff7-4ed0-a917-399a73decef2,2025-11-04 23:04:18.641418-08,2025-11-04 23:04:18.64142-08,86e0f3f2-3c06-4902-bfea-2360bfe41b9a,86e0f3f2-3c06-4902-bfea-2360bfe41b9a,f,,,f,position,channel_organization,,
54f5adda-88ab-43dd-acbc-f03e55aaf2bc,Forest Music - Trưởng phòng Hậu kỳ,Trưởng phòng Hậu kỳ,448025a0-0ff7-4ed0-a917-399a73decef2,2026-05-08 19:11:54.819983-07,2026-05-08 19:11:54.819984-07,4cc9d7bf-fc7a-4381-a611-35b43914459f,4cc9d7bf-fc7a-4381-a611-35b43914459f,f,,,f,position,channel_organization,,
5d3bbef3-5193-48dc-8376-98424933465b,Creative Leader,,448025a0-0ff7-4ed0-a917-399a73decef2,2025-10-05 21:47:28.051469-07,2025-10-05 21:47:28.051472-07,229dc6f0-0c2f-42cc-8d32-7c3397e96194,229dc6f0-0c2f-42cc-8d32-7c3397e96194,f,,,f,position,channel_organization,,
6317a18e-13a8-4158-95c9-9ec960fa9ec0,Forest Music - Trưởng nhóm Design,Trưởng nhóm Design,448025a0-0ff7-4ed0-a917-399a73decef2,2026-05-08 19:21:45.503713-07,2026-05-08 19:21:45.503714-07,4cc9d7bf-fc7a-4381-a611-35b43914459f,4cc9d7bf-fc7a-4381-a611-35b43914459f,f,,,f,position,channel_organization,,
63e86ee7-b80a-4e27-b184-ff069598229a,Trợ Lý BOD,,448025a0-0ff7-4ed0-a917-399a73decef2,2025-05-03 23:23:46.418439-07,2025-05-03 23:23:46.418441-07,358dceb1-c1b0-46b9-a24f-c1b6a7fdb2dd,358dceb1-c1b0-46b9-a24f-c1b6a7fdb2dd,t,2026-05-09 00:45:47.968632-07,,f,position,channel_organization,,
65040157-2203-4403-af4c-a05dae9e76fb,An Tuệ - Designer,,448025a0-0ff7-4ed0-a917-399a73decef2,2025-04-29 00:50:56.113372-07,2026-05-08 23:57:27.244152-07,358dceb1-c1b0-46b9-a24f-c1b6a7fdb2dd,4cc9d7bf-fc7a-4381-a611-35b43914459f,f,,,f,position,channel_organization,,
654033d6-4b2a-40e0-bcc7-3ccfca79b990,3D Artist Executive,,448025a0-0ff7-4ed0-a917-399a73decef2,2025-07-03 01:31:36.009787-07,2025-07-03 01:31:36.009856-07,358dceb1-c1b0-46b9-a24f-c1b6a7fdb2dd,358dceb1-c1b0-46b9-a24f-c1b6a7fdb2dd,t,2026-05-09 00:51:23.780205-07,,f,position,channel_organization,,
66794327-7b6e-4037-822a-2eb580a7e3ce,Kế Toán Tổng Hợp,,448025a0-0ff7-4ed0-a917-399a73decef2,2025-07-04 20:52:48.249037-07,2025-07-04 20:53:34.72199-07,86e0f3f2-3c06-4902-bfea-2360bfe41b9a,86e0f3f2-3c06-4902-bfea-2360bfe41b9a,f,,,f,position,channel_organization,,
668c36c8-ec92-4a05-9943-8c84a64ff5eb,Trưởng Phòng,,448025a0-0ff7-4ed0-a917-399a73decef2,2025-05-03 23:24:47.919295-07,2025-05-03 23:24:47.919297-07,358dceb1-c1b0-46b9-a24f-c1b6a7fdb2dd,358dceb1-c1b0-46b9-a24f-c1b6a7fdb2dd,t,2025-10-06 00:30:28.122344-07,,f,position,channel_organization,,
668e3e85-828d-4497-8a81-e8649dd628b8,Chuyên Viên Digital Marketing,,448025a0-0ff7-4ed0-a917-399a73decef2,2025-05-03 23:22:06.587697-07,2025-10-05 22:05:20.79084-07,358dceb1-c1b0-46b9-a24f-c1b6a7fdb2dd,229dc6f0-0c2f-42cc-8d32-7c3397e96194,t,2026-05-09 00:40:49.297781-07,,f,position,channel_organization,,
68b86aa1-ae8f-44c6-b817-03c5e8fad1b1,Đối ngoại,,36310203-8005-41dc-b51e-a8dc52960496,2025-12-16 18:13:53.177201-08,2025-12-16 18:13:53.177252-08,86e0f3f2-3c06-4902-bfea-2360bfe41b9a,86e0f3f2-3c06-4902-bfea-2360bfe41b9a,f,,,f,position,channel_organization,,
6af82bc8-a474-4b13-a0db-1fd854f7ca30,Trợ lý CEO,,cb34a599-24a8-44a2-bbd0-b89ababe4bae,2025-11-05 02:34:55.685491-08,2025-11-05 02:34:55.685493-08,86e0f3f2-3c06-4902-bfea-2360bfe41b9a,86e0f3f2-3c06-4902-bfea-2360bfe41b9a,t,2025-11-19 19:59:04.4118-08,86e0f3f2-3c06-4902-bfea-2360bfe41b9a,f,position,channel_organization,,
6beea855-4b09-43fb-86a3-2d0527d93803,Dev,,448025a0-0ff7-4ed0-a917-399a73decef2,2025-04-29 01:11:26.246631-07,2025-04-29 01:11:26.246634-07,358dceb1-c1b0-46b9-a24f-c1b6a7fdb2dd,358dceb1-c1b0-46b9-a24f-c1b6a7fdb2dd,f,,,f,position,channel_organization,,
6e130aa1-a7b4-44ae-b298-db21b4d15e4c,dev-test,,501e409b-2168-4f0c-8d46-b0f17c71796d,2026-03-06 02:03:48.554079-08,2026-03-06 02:03:48.554171-08,4ff18538-9423-48a5-bcab-1c3032c1cb27,4ff18538-9423-48a5-bcab-1c3032c1cb27,f,,,f,position,channel_organization,,
6ef9b292-45ea-484a-84be-2a0ac92e5d53,IT,,cb34a599-24a8-44a2-bbd0-b89ababe4bae,2025-11-05 02:46:07.16809-08,2025-11-05 02:46:07.168092-08,86e0f3f2-3c06-4902-bfea-2360bfe41b9a,86e0f3f2-3c06-4902-bfea-2360bfe41b9a,t,2025-11-19 19:59:04.411883-08,86e0f3f2-3c06-4902-bfea-2360bfe41b9a,f,position,channel_organization,,
6f013501-21df-42d9-b92a-79fbcc806121,Generalist,,448025a0-0ff7-4ed0-a917-399a73decef2,2025-11-04 23:03:40.076652-08,2025-11-04 23:03:40.076656-08,86e0f3f2-3c06-4902-bfea-2360bfe41b9a,86e0f3f2-3c06-4902-bfea-2360bfe41b9a,f,,,f,position,channel_organization,,
706fe2ce-dc76-496d-b606-2299d58c5916,RedOne - Trưởng nhóm,"Trưởng nhóm dưới quyền TP trong các phòng MKT, Sáng tạo",448025a0-0ff7-4ed0-a917-399a73decef2,2026-05-08 19:07:41.602182-07,2026-05-08 19:07:41.602183-07,4cc9d7bf-fc7a-4381-a611-35b43914459f,4cc9d7bf-fc7a-4381-a611-35b43914459f,f,,,f,position,channel_organization,,
72a7db4c-e6bf-4a41-8779-a5420bc8daca,Retoucher - nhân sự đang xóa,,448025a0-0ff7-4ed0-a917-399a73decef2,2025-05-03 23:23:34.340131-07,2026-05-09 00:43:15.523714-07,358dceb1-c1b0-46b9-a24f-c1b6a7fdb2dd,4cc9d7bf-fc7a-4381-a611-35b43914459f,f,,,f,position,channel_organization,,
72b8f93a-1870-4865-aef9-dde85ddb83c5,Nhân Viên Digital Marketing,,448025a0-0ff7-4ed0-a917-399a73decef2,2025-05-03 23:22:50.697415-07,2025-10-05 22:05:10.120555-07,358dceb1-c1b0-46b9-a24f-c1b6a7fdb2dd,229dc6f0-0c2f-42cc-8d32-7c3397e96194,f,,,f,position,channel_organization,,
73f0c7b1-212a-4cd1-9b8d-875485db9c9b,Giám Đốc HG Ent,,448025a0-0ff7-4ed0-a917-399a73decef2,2025-05-03 23:22:36.477565-07,2026-05-08 23:42:33.878922-07,358dceb1-c1b0-46b9-a24f-c1b6a7fdb2dd,4cc9d7bf-fc7a-4381-a611-35b43914459f,f,,,f,position,channel_organization,,
7425db2e-9c74-43cc-abef-1ac4911fce9f,HG - Trợ Lý CEO,,448025a0-0ff7-4ed0-a917-399a73decef2,2025-04-24 01:07:38.047884-07,2026-05-08 23:45:18.752323-07,358dceb1-c1b0-46b9-a24f-c1b6a7fdb2dd,4cc9d7bf-fc7a-4381-a611-35b43914459f,f,,,f,position,channel_organization,,
74ab60b0-a90e-4da9-b0b5-2e1eca4bac29,An Tuệ - Reasearch & Development,,448025a0-0ff7-4ed0-a917-399a73decef2,2026-05-08 19:22:07.658199-07,2026-05-08 19:22:07.658201-07,4cc9d7bf-fc7a-4381-a611-35b43914459f,4cc9d7bf-fc7a-4381-a611-35b43914459f,f,,,f,position,channel_organization,,
76b7d95d-19fd-4a11-ad5b-c00173da4383,Admin,,36310203-8005-41dc-b51e-a8dc52960496,2025-12-16 18:13:46.219973-08,2025-12-16 18:13:46.220046-08,86e0f3f2-3c06-4902-bfea-2360bfe41b9a,86e0f3f2-3c06-4902-bfea-2360bfe41b9a,f,,,f,position,channel_organization,,
76ce2c2e-e9d0-4ce8-9f29-eaad0da6611d,IT,,36310203-8005-41dc-b51e-a8dc52960496,2025-11-19 20:00:19.119167-08,2025-11-19 20:00:19.119227-08,86e0f3f2-3c06-4902-bfea-2360bfe41b9a,86e0f3f2-3c06-4902-bfea-2360bfe41b9a,f,,,f,position,channel_organization,,
76d6922c-727c-4902-a32b-d4366910810d,Pháp chế,,448025a0-0ff7-4ed0-a917-399a73decef2,2025-11-04 23:00:41.601691-08,2025-11-04 23:00:41.601761-08,86e0f3f2-3c06-4902-bfea-2360bfe41b9a,86e0f3f2-3c06-4902-bfea-2360bfe41b9a,f,,,f,position,channel_organization,,
7977b558-09e8-4004-983e-16dc1d380632,An Tuệ - Marketing Manager,,448025a0-0ff7-4ed0-a917-399a73decef2,2026-05-08 19:22:11.130091-07,2026-05-08 19:22:11.130092-07,4cc9d7bf-fc7a-4381-a611-35b43914459f,4cc9d7bf-fc7a-4381-a611-35b43914459f,f,,,f,position,channel_organization,,
7c35f021-95e9-4fc5-8454-e2c8b4df691a,Quản Trị Kênh Youtube,,448025a0-0ff7-4ed0-a917-399a73decef2,2025-05-03 23:23:23.366763-07,2025-05-03 23:23:23.366766-07,358dceb1-c1b0-46b9-a24f-c1b6a7fdb2dd,358dceb1-c1b0-46b9-a24f-c1b6a7fdb2dd,f,,,f,position,channel_organization,,
7cdf52b0-5c15-4ab3-821d-53e5e3d32102,An Tuệ - R&D,,448025a0-0ff7-4ed0-a917-399a73decef2,2025-05-03 18:13:23.840013-07,2026-05-09 00:16:55.239943-07,358dceb1-c1b0-46b9-a24f-c1b6a7fdb2dd,4cc9d7bf-fc7a-4381-a611-35b43914459f,t,2026-05-09 00:18:49.493832-07,,f,position,channel_organization,,
81c5c4b8-ec09-471a-a59b-c92c4f5e3bf6,Forest Music - Chuyên viên Digital Marketing,Chuyên viên Digital Marketing,448025a0-0ff7-4ed0-a917-399a73decef2,2026-05-08 19:11:34.44853-07,2026-05-08 19:11:34.448532-07,4cc9d7bf-fc7a-4381-a611-35b43914459f,4cc9d7bf-fc7a-4381-a611-35b43914459f,f,,,f,position,channel_organization,,
85603310-ebde-4f95-9180-0b8fa7078e1b,Nhân viên Đối ngoại,,448025a0-0ff7-4ed0-a917-399a73decef2,2025-10-05 21:48:50.327033-07,2025-10-05 21:48:50.327036-07,229dc6f0-0c2f-42cc-8d32-7c3397e96194,229dc6f0-0c2f-42cc-8d32-7c3397e96194,f,,,f,position,channel_organization,,
85947cae-a368-47d5-ae06-f0994fc36d2e,RedOne - CEO,Giám đốc công ty,448025a0-0ff7-4ed0-a917-399a73decef2,2026-05-08 19:07:19.495702-07,2026-05-08 19:07:19.49577-07,4cc9d7bf-fc7a-4381-a611-35b43914459f,4cc9d7bf-fc7a-4381-a611-35b43914459f,f,,,f,position,channel_organization,,
85eb0045-fcc9-4949-b32d-ff7e096d96c5,Red One - 3D Artist,Nhân sự phòng sáng tạo làm 3D,448025a0-0ff7-4ed0-a917-399a73decef2,2026-05-08 19:08:05.966635-07,2026-05-08 19:08:05.966637-07,4cc9d7bf-fc7a-4381-a611-35b43914459f,4cc9d7bf-fc7a-4381-a611-35b43914459f,f,,,f,position,channel_organization,,
85fe0c1b-a84e-40ba-bf8f-770a951b8b4f,An Tuệ - Video Editor,,448025a0-0ff7-4ed0-a917-399a73decef2,2025-05-03 18:22:31.615271-07,2026-05-09 00:25:14.259447-07,358dceb1-c1b0-46b9-a24f-c1b6a7fdb2dd,4cc9d7bf-fc7a-4381-a611-35b43914459f,f,,,f,position,channel_organization,,
863ec571-bff0-4c1d-8998-e3dd91ae67e8,Phó phòng Đối ngoại,,448025a0-0ff7-4ed0-a917-399a73decef2,2025-10-05 21:49:07.070986-07,2025-10-05 21:49:07.07099-07,229dc6f0-0c2f-42cc-8d32-7c3397e96194,229dc6f0-0c2f-42cc-8d32-7c3397e96194,f,,,f,position,channel_organization,,
8aab2afd-7d25-4d9d-8af4-ad7f7cfefe48,Production Assistant,,448025a0-0ff7-4ed0-a917-399a73decef2,2025-05-03 18:13:56.151143-07,2025-05-03 18:13:56.151145-07,358dceb1-c1b0-46b9-a24f-c1b6a7fdb2dd,358dceb1-c1b0-46b9-a24f-c1b6a7fdb2dd,t,2026-05-09 00:20:28.35599-07,,f,position,channel_organization,,
8adcdfbe-6835-4f0a-8208-ebd423effe71,Trợ lý CEO,,36310203-8005-41dc-b51e-a8dc52960496,2025-11-19 20:00:32.22978-08,2025-11-19 20:00:32.229783-08,86e0f3f2-3c06-4902-bfea-2360bfe41b9a,86e0f3f2-3c06-4902-bfea-2360bfe41b9a,f,,,f,position,channel_organization,,
907fec9f-6322-4eeb-af64-f7097d5cbc23,Nhân sự RnD,,448025a0-0ff7-4ed0-a917-399a73decef2,2025-08-07 00:22:04.578174-07,2025-08-07 00:22:04.578231-07,229dc6f0-0c2f-42cc-8d32-7c3397e96194,229dc6f0-0c2f-42cc-8d32-7c3397e96194,t,2025-10-06 00:10:06.466283-07,,f,position,channel_organization,,
913bd5ee-ca93-45cf-bb65-c880cd75542c,Giám Đốc Tài Chính,,448025a0-0ff7-4ed0-a917-399a73decef2,2026-03-18 03:32:57.646618-07,2026-03-18 03:32:57.646692-07,4cc9d7bf-fc7a-4381-a611-35b43914459f,4cc9d7bf-fc7a-4381-a611-35b43914459f,f,,,f,position,channel_organization,,
91afdd8c-1c72-43b7-a1ea-67a2c8ab5b97,TA & EB,,448025a0-0ff7-4ed0-a917-399a73decef2,2025-11-04 23:03:12.476012-08,2025-11-04 23:03:12.476015-08,86e0f3f2-3c06-4902-bfea-2360bfe41b9a,86e0f3f2-3c06-4902-bfea-2360bfe41b9a,f,,,f,position,channel_organization,,
94614eac-be51-45ca-b9c6-1e8e89859f1e,Forest Music - Nhân viên RnD kiêm QC,Nhân viên RnD kiêm QC,448025a0-0ff7-4ed0-a917-399a73decef2,2026-05-08 19:11:28.468183-07,2026-05-08 19:11:28.468185-07,4cc9d7bf-fc7a-4381-a611-35b43914459f,4cc9d7bf-fc7a-4381-a611-35b43914459f,f,,,f,position,channel_organization,,
95181c3a-0dd7-4f5f-8949-04d5a7429924,Video Editor,,448025a0-0ff7-4ed0-a917-399a73decef2,2025-05-03 23:22:29.584907-07,2025-10-05 21:55:03.301927-07,358dceb1-c1b0-46b9-a24f-c1b6a7fdb2dd,229dc6f0-0c2f-42cc-8d32-7c3397e96194,t,2026-05-09 00:40:53.625655-07,,f,position,channel_organization,,
951f0cfd-b97f-41d7-b9f0-79d251b235d4,Nam Dương Production,,448025a0-0ff7-4ed0-a917-399a73decef2,2025-10-06 00:06:58.314023-07,2025-10-06 00:06:58.314025-07,229dc6f0-0c2f-42cc-8d32-7c3397e96194,229dc6f0-0c2f-42cc-8d32-7c3397e96194,f,,,f,position,channel_organization,,
957f77aa-2d39-4858-b71d-e9705d67352f,An Tuệ - 2D Artist,,448025a0-0ff7-4ed0-a917-399a73decef2,2025-04-28 22:52:55.631051-07,2026-05-08 23:47:53.408067-07,358dceb1-c1b0-46b9-a24f-c1b6a7fdb2dd,4cc9d7bf-fc7a-4381-a611-35b43914459f,f,,,f,position,channel_organization,,
9c1ce3cc-c19e-41b6-941e-360cd145b87a,Nhân viên RnD kiêm QC,,448025a0-0ff7-4ed0-a917-399a73decef2,2025-10-05 21:57:18.070951-07,2025-10-05 21:57:18.070954-07,229dc6f0-0c2f-42cc-8d32-7c3397e96194,229dc6f0-0c2f-42cc-8d32-7c3397e96194,t,2026-05-09 00:57:12.653474-07,,f,position,channel_organization,,
9c4463b9-cf07-4f28-bde6-50707797b47d,Forest Music - General Account,Kế toán Tổng hợp,448025a0-0ff7-4ed0-a917-399a73decef2,2026-05-08 19:12:17.754208-07,2026-05-08 19:12:17.754209-07,4cc9d7bf-fc7a-4381-a611-35b43914459f,4cc9d7bf-fc7a-4381-a611-35b43914459f,f,,,f,position,channel_organization,,
9fd14180-a683-4170-9248-e4a81f90db21,Red One - Motion Effect Designer,Nhân sự phòng sáng tạo làm Motion,448025a0-0ff7-4ed0-a917-399a73decef2,2026-05-08 19:08:28.786298-07,2026-05-08 19:08:28.7863-07,4cc9d7bf-fc7a-4381-a611-35b43914459f,4cc9d7bf-fc7a-4381-a611-35b43914459f,f,,,f,position,channel_organization,,
abee40f5-3509-4a6b-bffa-7c931fe93472,An Tuệ - CEO,,448025a0-0ff7-4ed0-a917-399a73decef2,2026-05-08 19:21:58.731792-07,2026-05-08 19:21:58.731793-07,4cc9d7bf-fc7a-4381-a611-35b43914459f,4cc9d7bf-fc7a-4381-a611-35b43914459f,f,,,f,position,channel_organization,,
adcae178-cfd5-4613-bb03-a8c25a33dc03,CEO,,cb34a599-24a8-44a2-bbd0-b89ababe4bae,2025-11-05 02:34:49.612687-08,2025-11-05 02:34:49.612689-08,86e0f3f2-3c06-4902-bfea-2360bfe41b9a,86e0f3f2-3c06-4902-bfea-2360bfe41b9a,t,2025-11-19 19:59:04.411905-08,86e0f3f2-3c06-4902-bfea-2360bfe41b9a,f,position,channel_organization,,
b11f6b17-82a0-4c03-a5dd-3472b8015ab0,Trợ lý CEO,,448025a0-0ff7-4ed0-a917-399a73decef2,2026-01-09 00:25:49.736152-08,2026-01-09 00:25:49.736245-08,6a34ddae-be72-471a-ad45-7e226c3a141f,6a34ddae-be72-471a-ad45-7e226c3a141f,f,,,f,position,channel_organization,,
bbab64f2-265a-4256-9521-ccf3ded3e5a9,# Marketing Leader,,448025a0-0ff7-4ed0-a917-399a73decef2,2025-04-29 00:53:30.533557-07,2026-05-09 00:56:09.14293-07,358dceb1-c1b0-46b9-a24f-c1b6a7fdb2dd,4cc9d7bf-fc7a-4381-a611-35b43914459f,f,,,f,position,channel_organization,,
bca0cefc-181e-4d68-8804-7c07905175dc,MKT Label - Trợ Lý TP,,448025a0-0ff7-4ed0-a917-399a73decef2,2025-04-28 22:53:37.686677-07,2026-05-09 00:00:05.558165-07,358dceb1-c1b0-46b9-a24f-c1b6a7fdb2dd,4cc9d7bf-fc7a-4381-a611-35b43914459f,f,,,f,position,channel_organization,,
bd029ccc-eb38-459f-b27b-09856a0e3d0c,3D Lighting/Compositing Artist,,448025a0-0ff7-4ed0-a917-399a73decef2,2025-06-27 18:49:54.233402-07,2025-06-27 18:49:54.233535-07,358dceb1-c1b0-46b9-a24f-c1b6a7fdb2dd,358dceb1-c1b0-46b9-a24f-c1b6a7fdb2dd,f,,,f,position,channel_organization,,
bf1d9d7b-d820-42df-9fd1-5241ba1dd62f,Kế Toán Mới,Training User,448025a0-0ff7-4ed0-a917-399a73decef2,2026-08-19 18:45:24.155963-07,2026-08-19 18:45:24.156065-07,4cc9d7bf-fc7a-4381-a611-35b43914459f,4cc9d7bf-fc7a-4381-a611-35b43914459f,f,,,f,position,channel_organization,,
c135f356-5763-412c-bdef-a02a6dc55cf0,Admin,admin Công ty,c0b92fe8-a4af-4d8b-966e-1ba531c67325,2026-03-25 01:42:17.266715-07,2026-03-25 01:42:17.266766-07,4cc9d7bf-fc7a-4381-a611-35b43914459f,4cc9d7bf-fc7a-4381-a611-35b43914459f,t,2026-06-09 19:47:26.443662-07,2cd51d46-fd75-4248-bcbe-1641ada95366,f,position,channel_organization,,
c1d36c36-7c69-43b2-a84b-df3813c083d2,Red One - Trợ lý Trưởng phòng,Trợ lý trưởng phòng MKT,448025a0-0ff7-4ed0-a917-399a73decef2,2026-05-08 19:07:49.922434-07,2026-05-08 19:07:49.922435-07,4cc9d7bf-fc7a-4381-a611-35b43914459f,4cc9d7bf-fc7a-4381-a611-35b43914459f,f,,,f,position,channel_organization,,
c30733b3-e77a-46e7-8476-0273afd5cfdf,Trợ lý Sản xuất,,448025a0-0ff7-4ed0-a917-399a73decef2,2025-10-05 21:58:10.547105-07,2025-10-05 21:58:10.547108-07,229dc6f0-0c2f-42cc-8d32-7c3397e96194,229dc6f0-0c2f-42cc-8d32-7c3397e96194,t,2026-05-09 00:58:34.710497-07,,f,position,channel_organization,,
c4bfebf3-54b2-4423-a53a-a2ae6fb52e09,Vận hành HGholding,Thuộc bạn vận hành và công nghẹ HG Holding,448025a0-0ff7-4ed0-a917-399a73decef2,2026-02-09 00:52:43.234643-08,2026-02-09 00:52:43.234749-08,4cc9d7bf-fc7a-4381-a611-35b43914459f,4cc9d7bf-fc7a-4381-a611-35b43914459f,f,,,f,position,channel_organization,,
c58286c8-f842-4208-b06e-7b4e033e4eaf,Trưởng phòng Hậu Kỳ,,448025a0-0ff7-4ed0-a917-399a73decef2,2025-10-05 21:55:46.304892-07,2025-10-05 21:55:46.304895-07,229dc6f0-0c2f-42cc-8d32-7c3397e96194,229dc6f0-0c2f-42cc-8d32-7c3397e96194,t,2026-05-09 00:57:09.452697-07,,f,position,channel_organization,,
c5ef8507-29e1-4f63-bf23-bc3bf28958ee,Forest Music - Trưởng nhóm Khai thác,Trưởng nhóm Khai thác,448025a0-0ff7-4ed0-a917-399a73decef2,2026-05-08 19:12:26.696786-07,2026-05-08 19:12:26.696788-07,4cc9d7bf-fc7a-4381-a611-35b43914459f,4cc9d7bf-fc7a-4381-a611-35b43914459f,f,,,f,position,channel_organization,,
cdbf7006-5d56-45fe-8184-c0ddd97e9726,Forest Music - Giám đốc,Giám đốc công ty,448025a0-0ff7-4ed0-a917-399a73decef2,2026-05-08 19:11:07.413051-07,2026-05-08 19:11:07.413052-07,4cc9d7bf-fc7a-4381-a611-35b43914459f,4cc9d7bf-fc7a-4381-a611-35b43914459f,f,,,f,position,channel_organization,,
d07b5b27-777e-4daf-b288-532e889d28b4,Video Producer,,448025a0-0ff7-4ed0-a917-399a73decef2,2025-05-03 23:25:09.401246-07,2025-05-03 23:25:09.401248-07,358dceb1-c1b0-46b9-a24f-c1b6a7fdb2dd,358dceb1-c1b0-46b9-a24f-c1b6a7fdb2dd,f,,,f,position,channel_organization,,
d0da276f-b296-4fff-82ac-8744fceae9b0,An Tuệ - SEO YouTube,,448025a0-0ff7-4ed0-a917-399a73decef2,2026-05-08 19:22:21.928158-07,2026-05-08 19:22:21.928159-07,4cc9d7bf-fc7a-4381-a611-35b43914459f,4cc9d7bf-fc7a-4381-a611-35b43914459f,f,,,f,position,channel_organization,,
d34be4fa-2835-4e4e-b64d-edd66992db34,An Tuệ - Design Leader,,448025a0-0ff7-4ed0-a917-399a73decef2,2025-04-29 00:51:29.792697-07,2026-05-09 00:06:30.514837-07,358dceb1-c1b0-46b9-a24f-c1b6a7fdb2dd,4cc9d7bf-fc7a-4381-a611-35b43914459f,f,,,f,position,channel_organization,,
d9846918-4bcb-4da2-9846-e2862c84602f,RedOne - Trưởng phòng,"Trưởng phòng các phòng MKT 1,2,3, Sáng tạo",448025a0-0ff7-4ed0-a917-399a73decef2,2026-05-08 19:07:33.146716-07,2026-05-08 19:07:33.146798-07,4cc9d7bf-fc7a-4381-a611-35b43914459f,4cc9d7bf-fc7a-4381-a611-35b43914459f,f,,,f,position,channel_organization,,
d9ad8ee9-7ed4-4305-af30-d24cdb175dd0,Forest Music - Nhân viên Digital Marketing,Nhân viên Digital Marketing,448025a0-0ff7-4ed0-a917-399a73decef2,2026-05-08 19:11:41.566274-07,2026-05-08 19:11:41.566276-07,4cc9d7bf-fc7a-4381-a611-35b43914459f,4cc9d7bf-fc7a-4381-a611-35b43914459f,f,,,f,position,channel_organization,,
da00f8d3-6cc2-4659-a19b-1ec550c6fb3d,Chuyên viên IT,,448025a0-0ff7-4ed0-a917-399a73decef2,2025-12-17 00:01:57.646439-08,2025-12-17 00:01:57.646441-08,229dc6f0-0c2f-42cc-8d32-7c3397e96194,229dc6f0-0c2f-42cc-8d32-7c3397e96194,f,,,f,position,channel_organization,,
da8937a1-b406-46f7-8cc7-3cc56c04e16f,Audio Engineer,,448025a0-0ff7-4ed0-a917-399a73decef2,2025-05-03 23:21:35.419642-07,2025-05-03 23:21:35.419644-07,358dceb1-c1b0-46b9-a24f-c1b6a7fdb2dd,358dceb1-c1b0-46b9-a24f-c1b6a7fdb2dd,t,2026-05-09 00:29:47.959416-07,,f,position,channel_organization,,
dbb927d3-2d21-4903-9a4c-53f313f26781,Creator Strategist,,448025a0-0ff7-4ed0-a917-399a73decef2,2025-10-05 21:47:10.624473-07,2025-10-05 21:47:10.624499-07,229dc6f0-0c2f-42cc-8d32-7c3397e96194,229dc6f0-0c2f-42cc-8d32-7c3397e96194,t,2026-05-09 00:53:21.138267-07,,f,position,channel_organization,,
dcf64339-7913-4a9e-b117-256fafedf179,Trưởng Nhóm,,448025a0-0ff7-4ed0-a917-399a73decef2,2025-05-03 23:24:11.667899-07,2025-05-03 23:24:55.224328-07,358dceb1-c1b0-46b9-a24f-c1b6a7fdb2dd,358dceb1-c1b0-46b9-a24f-c1b6a7fdb2dd,t,2025-10-06 00:30:38.226153-07,,f,position,channel_organization,,
dfd50f83-a15c-42d3-aa10-82f73f998000,Trưởng Nhóm Vận Hành,,448025a0-0ff7-4ed0-a917-399a73decef2,2026-01-06 00:23:49.89234-08,2026-01-06 00:23:49.892496-08,86e0f3f2-3c06-4902-bfea-2360bfe41b9a,86e0f3f2-3c06-4902-bfea-2360bfe41b9a,f,,,f,position,channel_organization,,
e049ae9b-abc7-4547-b72e-44934db38825,MKT Label - Content,,448025a0-0ff7-4ed0-a917-399a73decef2,2025-12-26 20:37:26.416685-08,2026-05-09 01:04:23.741802-07,86e0f3f2-3c06-4902-bfea-2360bfe41b9a,4cc9d7bf-fc7a-4381-a611-35b43914459f,f,,,f,position,channel_organization,,
e2a3c73b-2a45-47dd-a897-2fb73a256663,2D Artist - nhân sự đang xóa,"",448025a0-0ff7-4ed0-a917-399a73decef2,2025-05-03 23:21:09.081775-07,2026-05-09 00:29:40.856427-07,358dceb1-c1b0-46b9-a24f-c1b6a7fdb2dd,4cc9d7bf-fc7a-4381-a611-35b43914459f,f,,,f,position,channel_organization,,
e3c4695b-596e-4bf4-9f76-5b19aca2a466,Trưởng phòng Design,,448025a0-0ff7-4ed0-a917-399a73decef2,2025-10-05 21:46:24.143998-07,2025-10-05 21:46:24.144074-07,229dc6f0-0c2f-42cc-8d32-7c3397e96194,229dc6f0-0c2f-42cc-8d32-7c3397e96194,f,,,f,position,channel_organization,,
e49488ac-91e5-4f5a-a7d5-be4a8afddacd,Phó phòng,,448025a0-0ff7-4ed0-a917-399a73decef2,2025-12-28 17:52:07.310184-08,2025-12-28 17:52:07.310186-08,86e0f3f2-3c06-4902-bfea-2360bfe41b9a,86e0f3f2-3c06-4902-bfea-2360bfe41b9a,t,2026-05-09 01:04:29.153686-07,,f,position,channel_organization,,
e4ecfa60-56cd-4c15-8113-cb39128a4c57,MKT Label - Digital Marketing,,448025a0-0ff7-4ed0-a917-399a73decef2,2025-04-29 00:51:07.503773-07,2026-05-09 00:00:13.387246-07,358dceb1-c1b0-46b9-a24f-c1b6a7fdb2dd,4cc9d7bf-fc7a-4381-a611-35b43914459f,f,,,f,position,channel_organization,,
e5aa55aa-29b7-4c69-9b9d-951ea00bd7e9,Red One - 2D Artist,Nhân sự phòng sáng tạo làm 2D,448025a0-0ff7-4ed0-a917-399a73decef2,2026-05-08 19:08:39.631703-07,2026-05-08 19:08:39.631704-07,4cc9d7bf-fc7a-4381-a611-35b43914459f,4cc9d7bf-fc7a-4381-a611-35b43914459f,f,,,f,position,channel_organization,,
e8c84586-07f3-4ded-857e-3ed8b54596fd,Forest Music - Trợ lý BOD,Trợ lý Ban Giám đốc,448025a0-0ff7-4ed0-a917-399a73decef2,2026-05-08 19:11:16.152764-07,2026-05-08 19:11:16.152765-07,4cc9d7bf-fc7a-4381-a611-35b43914459f,4cc9d7bf-fc7a-4381-a611-35b43914459f,f,,,f,position,channel_organization,,
ec12689d-ab06-4b06-b9ff-0cedc3426d86,Kế toán,,36310203-8005-41dc-b51e-a8dc52960496,2025-12-16 18:14:10.450616-08,2025-12-16 18:14:10.45062-08,86e0f3f2-3c06-4902-bfea-2360bfe41b9a,86e0f3f2-3c06-4902-bfea-2360bfe41b9a,f,,,f,position,channel_organization,,
ed54b5db-13ff-44e3-86b8-8a226d44d009,Trợ Lý Cấp Cao BOD,,448025a0-0ff7-4ed0-a917-399a73decef2,2025-05-03 23:23:59.718944-07,2025-05-03 23:23:59.718946-07,358dceb1-c1b0-46b9-a24f-c1b6a7fdb2dd,358dceb1-c1b0-46b9-a24f-c1b6a7fdb2dd,t,2026-05-09 00:44:53.080138-07,,f,position,channel_organization,,
efe6e176-4666-421c-b5e3-ec0e4bd4c612,Trưởng phòng MKT,,36310203-8005-41dc-b51e-a8dc52960496,2025-12-24 19:44:11.827163-08,2025-12-24 19:44:11.827176-08,43f06182-5eb3-4c65-a524-f723cf7ebfe9,43f06182-5eb3-4c65-a524-f723cf7ebfe9,f,,,f,position,channel_organization,,
f04693dc-2332-4c85-9d1c-86fa48164868,2D Animation,,448025a0-0ff7-4ed0-a917-399a73decef2,2025-04-28 22:52:47.368648-07,2025-04-28 22:52:47.36876-07,358dceb1-c1b0-46b9-a24f-c1b6a7fdb2dd,358dceb1-c1b0-46b9-a24f-c1b6a7fdb2dd,t,2026-05-08 23:46:46.380514-07,,f,position,channel_organization,,
f3322d27-b826-4a97-a771-9f9103cdd1e5,General Accounting,,448025a0-0ff7-4ed0-a917-399a73decef2,2025-09-24 01:43:53.419932-07,2025-10-06 00:04:41.334299-07,229dc6f0-0c2f-42cc-8d32-7c3397e96194,229dc6f0-0c2f-42cc-8d32-7c3397e96194,t,2026-05-09 00:51:41.562338-07,,f,position,channel_organization,,
f494756f-6584-44f6-b0f6-0555838c30cd,BD Executive,,448025a0-0ff7-4ed0-a917-399a73decef2,2025-07-02 23:57:58.644296-07,2025-07-02 23:57:58.644403-07,86e0f3f2-3c06-4902-bfea-2360bfe41b9a,86e0f3f2-3c06-4902-bfea-2360bfe41b9a,f,,,f,position,channel_organization,,
f894921c-761b-4ea1-b3c8-5b77553bb74a,Graphic Designer,,448025a0-0ff7-4ed0-a917-399a73decef2,2025-04-29 00:51:16.385344-07,2025-04-29 00:51:16.385347-07,358dceb1-c1b0-46b9-a24f-c1b6a7fdb2dd,358dceb1-c1b0-46b9-a24f-c1b6a7fdb2dd,t,2026-05-09 00:03:08.018268-07,,f,position,channel_organization,,
f955af88-a7fa-4b84-ac51-9db58216c9cf,BI Studio,,448025a0-0ff7-4ed0-a917-399a73decef2,2025-10-06 00:05:42.434602-07,2025-10-06 00:05:42.434605-07,229dc6f0-0c2f-42cc-8d32-7c3397e96194,229dc6f0-0c2f-42cc-8d32-7c3397e96194,t,2026-05-09 01:00:57.334443-07,,f,position,channel_organization,,
f9f50e5d-1179-4ca5-b2d4-710ceb0eb63d,HR Lead,,448025a0-0ff7-4ed0-a917-399a73decef2,2026-01-19 18:49:57.714238-08,2026-01-19 18:49:57.71424-08,86e0f3f2-3c06-4902-bfea-2360bfe41b9a,86e0f3f2-3c06-4902-bfea-2360bfe41b9a,f,,,f,position,channel_organization,,
fa586cbe-068c-4f73-a1ed-869cfec35100,Bussiness Developer,,448025a0-0ff7-4ed0-a917-399a73decef2,2025-05-03 23:21:47.20097-07,2025-05-03 23:21:47.200973-07,358dceb1-c1b0-46b9-a24f-c1b6a7fdb2dd,358dceb1-c1b0-46b9-a24f-c1b6a7fdb2dd,t,2026-05-09 00:40:44.018955-07,,f,position,channel_organization,,
fa9edde1-214b-40a5-9ff7-9610355b204f,IT Helpdesk,,448025a0-0ff7-4ed0-a917-399a73decef2,2025-10-09 02:24:27.551006-07,2025-10-09 02:24:27.551007-07,86e0f3f2-3c06-4902-bfea-2360bfe41b9a,86e0f3f2-3c06-4902-bfea-2360bfe41b9a,f,,,f,position,channel_organization,,
fb542d80-a742-41de-9db8-adbcd2c86415,Trưởng nhóm RnD,,448025a0-0ff7-4ed0-a917-399a73decef2,2025-08-07 00:22:19.685841-07,2025-09-03 00:41:02.4363-07,229dc6f0-0c2f-42cc-8d32-7c3397e96194,6a34ddae-be72-471a-ad45-7e226c3a141f,t,2026-05-09 00:51:38.811715-07,,f,position,channel_organization,,
fbdb59c0-67b2-4a44-bc7d-8833fc24761e,Forest Music - Nhân viên BD,Nhân viên BD,448025a0-0ff7-4ed0-a917-399a73decef2,2026-05-08 19:12:08.91097-07,2026-05-08 19:12:08.910972-07,4cc9d7bf-fc7a-4381-a611-35b43914459f,4cc9d7bf-fc7a-4381-a611-35b43914459f,f,,,f,position,channel_organization,,
fc059788-7b49-4a50-8c2e-ca7ce8fc4c74,RedOne - Trợ Lý CEO,Trợ lý CEO của công ty Redone,448025a0-0ff7-4ed0-a917-399a73decef2,2026-04-24 02:12:30.66276-07,2026-05-08 19:26:36.521175-07,4cc9d7bf-fc7a-4381-a611-35b43914459f,4cc9d7bf-fc7a-4381-a611-35b43914459f,f,,,f,position,channel_organization,,
fe8ab169-c688-479c-b954-0238f160a212,Motion Effect Designer,,448025a0-0ff7-4ed0-a917-399a73decef2,2025-04-29 00:53:47.340057-07,2025-04-29 00:53:47.34006-07,358dceb1-c1b0-46b9-a24f-c1b6a7fdb2dd,358dceb1-c1b0-46b9-a24f-c1b6a7fdb2dd,t,2026-05-09 00:12:36.85585-07,,f,position,channel_organization,,
feb96aeb-c50b-4dd8-b5ba-427abba0aef2,Trường nhóm Khai thác,,448025a0-0ff7-4ed0-a917-399a73decef2,2025-10-05 23:53:35.457985-07,2025-10-05 23:53:35.457988-07,229dc6f0-0c2f-42cc-8d32-7c3397e96194,229dc6f0-0c2f-42cc-8d32-7c3397e96194,t,2026-05-09 01:00:09.174704-07,,f,position,channel_organization,,
